 * Serving Flask app 'api.app'
 * Debug mode: off
System loaded from: cleanify_system_20251007_130200.json
Starting simulation...
============================================================
CLUSTERING DEBUG START
============================================================
Input validation:
  bins_data type: <class 'list'>
  bins_data length: 10
  depot_data type: <class 'NoneType'>
  depot_data: None
  First bin structure: {'capacity': 500, 'fillLevel': 24, 'fillRate': 3.1, 'id': 'BIN_1', 'lat': 33.60920455921576, 'lng': 73.0824710401013, 'threshold': 80}
  All bin IDs: ['BIN_1', 'BIN_2', 'BIN_3', 'BIN_4', 'BIN_5', 'BIN_6', 'BIN_7', 'BIN_8', 'BIN_9', 'BIN_10']

CALCULATING BIN SERVICE RADIUS:
BIN RADIUS CALCULATION DEBUG:
  depot_data: None
  bins_data length: 10
  No depot data, using default bin radius: 1400m
Final bin service radius: 1400.0m

STARTING PROXIMITY CLUSTERING:
PROXIMITY CLUSTERING DEBUG:
  Bin service radius: 1400.0m
  Processing 10 bins
  All pairwise distances:
    BIN_1 to BIN_2: 932.8m ✓
    BIN_1 to BIN_3: 1158.9m ✓
    BIN_1 to BIN_4: 874.4m ✓
    BIN_1 to BIN_5: 6313.0m ✗
    BIN_1 to BIN_6: 5773.9m ✗
    BIN_1 to BIN_7: 4874.6m ✗
    BIN_1 to BIN_8: 6278.6m ✗
    BIN_1 to BIN_9: 5771.8m ✗
    BIN_1 to BIN_10: 5677.1m ✗
    BIN_2 to BIN_3: 1401.8m ✗
    BIN_2 to BIN_4: 1746.8m ✗
    BIN_2 to BIN_5: 6251.1m ✗
    BIN_2 to BIN_6: 5818.2m ✗
    BIN_2 to BIN_7: 4768.2m ✗
    BIN_2 to BIN_8: 7031.0m ✗
    BIN_2 to BIN_9: 6443.1m ✗
    BIN_2 to BIN_10: 6404.5m ✗
    BIN_3 to BIN_4: 1145.1m ✓
    BIN_3 to BIN_5: 7440.1m ✗
    BIN_3 to BIN_6: 6922.2m ✗
    BIN_3 to BIN_7: 5984.3m ✗
    BIN_3 to BIN_8: 7148.7m ✗
    BIN_3 to BIN_9: 6740.6m ✗
    BIN_3 to BIN_10: 6586.6m ✗
    BIN_4 to BIN_5: 6883.3m ✗
    BIN_4 to BIN_6: 6276.7m ✗
    BIN_4 to BIN_7: 5495.9m ✗
    BIN_4 to BIN_8: 6012.1m ✗
    BIN_4 to BIN_9: 5637.1m ✗
    BIN_4 to BIN_10: 5460.6m ✗
    BIN_5 to BIN_6: 842.3m ✓
    BIN_5 to BIN_7: 1489.4m ✗
    BIN_5 to BIN_8: 6234.7m ✗
    BIN_5 to BIN_9: 5220.5m ✗
    BIN_5 to BIN_10: 5695.6m ✗
    BIN_6 to BIN_7: 1299.1m ✓
    BIN_6 to BIN_8: 5416.7m ✗
    BIN_6 to BIN_9: 4399.9m ✗
    BIN_6 to BIN_10: 4865.3m ✗
    BIN_7 to BIN_8: 5977.3m ✗
    BIN_7 to BIN_9: 4975.2m ✗
    BIN_7 to BIN_10: 5354.1m ✗
    BIN_8 to BIN_9: 1018.0m ✓
    BIN_8 to BIN_10: 674.8m ✓
    BIN_9 to BIN_10: 554.9m ✓
  Processing bins sequentially:
  
  Processing bin BIN_1 (index 0):
    Finding nearby bins within 1400.0m:
      BIN_2: 932.8m (NEARBY)
      BIN_3: 1158.9m (NEARBY)
      BIN_4: 874.4m (NEARBY)
      BIN_5: 6313.0m (too far)
      BIN_6: 5773.9m (too far)
      BIN_7: 4874.6m (too far)
      BIN_8: 6278.6m (too far)
      BIN_9: 5771.8m (too far)
      BIN_10: 5677.1m (too far)
    Found 3 nearby bins
    Nearby cluster IDs: set()
    Creating new cluster 0 with current bin + nearby bins
      Added BIN_1 to cluster 0
      Added BIN_2 to cluster 0
      Added BIN_3 to cluster 0
      Added BIN_4 to cluster 0
  
  Processing bin BIN_2 (index 1):
    Finding nearby bins within 1400.0m:
      BIN_1: 932.8m (NEARBY)
        └─ Already in cluster 0
      BIN_3: 1401.8m (too far)
      BIN_4: 1746.8m (too far)
      BIN_5: 6251.1m (too far)
      BIN_6: 5818.2m (too far)
      BIN_7: 4768.2m (too far)
      BIN_8: 7031.0m (too far)
      BIN_9: 6443.1m (too far)
      BIN_10: 6404.5m (too far)
    Found 1 nearby bins
    Nearby cluster IDs: {0}
    Already in cluster 0
  
  Processing bin BIN_3 (index 2):
    Finding nearby bins within 1400.0m:
      BIN_1: 1158.9m (NEARBY)
        └─ Already in cluster 0
      BIN_2: 1401.8m (too far)
      BIN_4: 1145.1m (NEARBY)
        └─ Already in cluster 0
      BIN_5: 7440.1m (too far)
      BIN_6: 6922.2m (too far)
      BIN_7: 5984.3m (too far)
      BIN_8: 7148.7m (too far)
      BIN_9: 6740.6m (too far)
      BIN_10: 6586.6m (too far)
    Found 2 nearby bins
    Nearby cluster IDs: {0}
    Already in cluster 0
  
  Processing bin BIN_4 (index 3):
    Finding nearby bins within 1400.0m:
      BIN_1: 874.4m (NEARBY)
        └─ Already in cluster 0
      BIN_2: 1746.8m (too far)
      BIN_3: 1145.1m (NEARBY)
        └─ Already in cluster 0
      BIN_5: 6883.3m (too far)
      BIN_6: 6276.7m (too far)
      BIN_7: 5495.9m (too far)
      BIN_8: 6012.1m (too far)
      BIN_9: 5637.1m (too far)
      BIN_10: 5460.6m (too far)
    Found 2 nearby bins
    Nearby cluster IDs: {0}
    Already in cluster 0
  
  Processing bin BIN_5 (index 4):
    Finding nearby bins within 1400.0m:
      BIN_1: 6313.0m (too far)
      BIN_2: 6251.1m (too far)
      BIN_3: 7440.1m (too far)
      BIN_4: 6883.3m (too far)
      BIN_6: 842.3m (NEARBY)
      BIN_7: 1489.4m (too far)
      BIN_8: 6234.7m (too far)
      BIN_9: 5220.5m (too far)
      BIN_10: 5695.6m (too far)
    Found 1 nearby bins
    Nearby cluster IDs: set()
    Creating new cluster 1 with current bin + nearby bins
      Added BIN_5 to cluster 1
      Added BIN_6 to cluster 1
  
  Processing bin BIN_6 (index 5):
    Finding nearby bins within 1400.0m:
      BIN_1: 5773.9m (too far)
      BIN_2: 5818.2m (too far)
      BIN_3: 6922.2m (too far)
      BIN_4: 6276.7m (too far)
      BIN_5: 842.3m (NEARBY)
        └─ Already in cluster 1
      BIN_7: 1299.1m (NEARBY)
      BIN_8: 5416.7m (too far)
      BIN_9: 4399.9m (too far)
      BIN_10: 4865.3m (too far)
    Found 2 nearby bins
    Nearby cluster IDs: {1}
    Already in cluster 1
  
  Processing bin BIN_7 (index 6):
    Finding nearby bins within 1400.0m:
      BIN_1: 4874.6m (too far)
      BIN_2: 4768.2m (too far)
      BIN_3: 5984.3m (too far)
      BIN_4: 5495.9m (too far)
      BIN_5: 1489.4m (too far)
      BIN_6: 1299.1m (NEARBY)
        └─ Already in cluster 1
      BIN_8: 5977.3m (too far)
      BIN_9: 4975.2m (too far)
      BIN_10: 5354.1m (too far)
    Found 1 nearby bins
    Nearby cluster IDs: {1}
    Joined existing cluster 1
  
  Processing bin BIN_8 (index 7):
    Finding nearby bins within 1400.0m:
      BIN_1: 6278.6m (too far)
      BIN_2: 7031.0m (too far)
      BIN_3: 7148.7m (too far)
      BIN_4: 6012.1m (too far)
      BIN_5: 6234.7m (too far)
      BIN_6: 5416.7m (too far)
      BIN_7: 5977.3m (too far)
      BIN_9: 1018.0m (NEARBY)
      BIN_10: 674.8m (NEARBY)
    Found 2 nearby bins
    Nearby cluster IDs: set()
    Creating new cluster 2 with current bin + nearby bins
      Added BIN_8 to cluster 2
      Added BIN_9 to cluster 2
      Added BIN_10 to cluster 2
  
  Processing bin BIN_9 (index 8):
    Finding nearby bins within 1400.0m:
      BIN_1: 5771.8m (too far)
      BIN_2: 6443.1m (too far)
      BIN_3: 6740.6m (too far)
      BIN_4: 5637.1m (too far)
      BIN_5: 5220.5m (too far)
      BIN_6: 4399.9m (too far)
      BIN_7: 4975.2m (too far)
      BIN_8: 1018.0m (NEARBY)
        └─ Already in cluster 2
      BIN_10: 554.9m (NEARBY)
        └─ Already in cluster 2
    Found 2 nearby bins
    Nearby cluster IDs: {2}
    Already in cluster 2
  
  Processing bin BIN_10 (index 9):
    Finding nearby bins within 1400.0m:
      BIN_1: 5677.1m (too far)
      BIN_2: 6404.5m (too far)
      BIN_3: 6586.6m (too far)
      BIN_4: 5460.6m (too far)
      BIN_5: 5695.6m (too far)
      BIN_6: 4865.3m (too far)
      BIN_7: 5354.1m (too far)
      BIN_8: 674.8m (NEARBY)
        └─ Already in cluster 2
      BIN_9: 554.9m (NEARBY)
        └─ Already in cluster 2
    Found 2 nearby bins
    Nearby cluster IDs: {2}
    Already in cluster 2
  Cleaning up duplicate bins:
  Final clustering results: 3 clusters, sizes: [4, 3, 3]
    Final Cluster 0: ['BIN_1', 'BIN_2', 'BIN_3', 'BIN_4']
    Final Cluster 1: ['BIN_5', 'BIN_6', 'BIN_7']
    Final Cluster 2: ['BIN_8', 'BIN_9', 'BIN_10']

CLUSTERING RESULTS:
  Created 3 clusters
  Cluster 0: 4 bins - ['BIN_1', 'BIN_2', 'BIN_3', 'BIN_4']
    Internal distances:
      BIN_1 to BIN_2: 932.8m
      BIN_1 to BIN_3: 1158.9m
      BIN_1 to BIN_4: 874.4m
      BIN_2 to BIN_3: 1401.8m
      BIN_2 to BIN_4: 1746.8m
      BIN_3 to BIN_4: 1145.1m
    Max internal distance: 1746.8m
  Cluster 1: 3 bins - ['BIN_5', 'BIN_6', 'BIN_7']
    Internal distances:
      BIN_5 to BIN_6: 842.3m
      BIN_5 to BIN_7: 1489.4m
      BIN_6 to BIN_7: 1299.1m
    Max internal distance: 1489.4m
  Cluster 2: 3 bins - ['BIN_8', 'BIN_9', 'BIN_10']
    Internal distances:
      BIN_8 to BIN_9: 1018.0m
      BIN_8 to BIN_10: 674.8m
      BIN_9 to BIN_10: 554.9m
    Max internal distance: 1018.0m
============================================================
CLUSTERING DEBUG END
============================================================
============================================================
CLUSTERING DEBUG START
============================================================
Input validation:
  bins_data type: <class 'list'>
  bins_data length: 10
  depot_data type: <class 'NoneType'>
  depot_data: None
  First bin structure: {'capacity': 500, 'fillLevel': 24.00086111111111, 'fillRate': 3.1, 'id': 'BIN_1', 'lat': 33.60920455921576, 'lng': 73.0824710401013, 'threshold': 80, 'near_threshold_count': 0, 'dynamic_threshold': 50}
  All bin IDs: ['BIN_1', 'BIN_2', 'BIN_3', 'BIN_4', 'BIN_5', 'BIN_6', 'BIN_7', 'BIN_8', 'BIN_9', 'BIN_10']

CALCULATING BIN SERVICE RADIUS:
BIN RADIUS CALCULATION DEBUG:
  depot_data: None
  bins_data length: 10
  No depot data, using default bin radius: 1400m
Final bin service radius: 1400.0m

STARTING PROXIMITY CLUSTERING:
PROXIMITY CLUSTERING DEBUG:
  Bin service radius: 1400.0m
  Processing 10 bins
  All pairwise distances:
    BIN_1 to BIN_2: 932.8m ✓
    BIN_1 to BIN_3: 1158.9m ✓
    BIN_1 to BIN_4: 874.4m ✓
    BIN_1 to BIN_5: 6313.0m ✗
    BIN_1 to BIN_6: 5773.9m ✗
    BIN_1 to BIN_7: 4874.6m ✗
    BIN_1 to BIN_8: 6278.6m ✗
    BIN_1 to BIN_9: 5771.8m ✗
    BIN_1 to BIN_10: 5677.1m ✗
    BIN_2 to BIN_3: 1401.8m ✗
    BIN_2 to BIN_4: 1746.8m ✗
    BIN_2 to BIN_5: 6251.1m ✗
    BIN_2 to BIN_6: 5818.2m ✗
    BIN_2 to BIN_7: 4768.2m ✗
    BIN_2 to BIN_8: 7031.0m ✗
    BIN_2 to BIN_9: 6443.1m ✗
    BIN_2 to BIN_10: 6404.5m ✗
    BIN_3 to BIN_4: 1145.1m ✓
    BIN_3 to BIN_5: 7440.1m ✗
    BIN_3 to BIN_6: 6922.2m ✗
    BIN_3 to BIN_7: 5984.3m ✗
    BIN_3 to BIN_8: 7148.7m ✗
    BIN_3 to BIN_9: 6740.6m ✗
    BIN_3 to BIN_10: 6586.6m ✗
    BIN_4 to BIN_5: 6883.3m ✗
    BIN_4 to BIN_6: 6276.7m ✗
    BIN_4 to BIN_7: 5495.9m ✗
    BIN_4 to BIN_8: 6012.1m ✗
    BIN_4 to BIN_9: 5637.1m ✗
    BIN_4 to BIN_10: 5460.6m ✗
    BIN_5 to BIN_6: 842.3m ✓
    BIN_5 to BIN_7: 1489.4m ✗
    BIN_5 to BIN_8: 6234.7m ✗
    BIN_5 to BIN_9: 5220.5m ✗
    BIN_5 to BIN_10: 5695.6m ✗
    BIN_6 to BIN_7: 1299.1m ✓
    BIN_6 to BIN_8: 5416.7m ✗
    BIN_6 to BIN_9: 4399.9m ✗
    BIN_6 to BIN_10: 4865.3m ✗
    BIN_7 to BIN_8: 5977.3m ✗
    BIN_7 to BIN_9: 4975.2m ✗
    BIN_7 to BIN_10: 5354.1m ✗
    BIN_8 to BIN_9: 1018.0m ✓
    BIN_8 to BIN_10: 674.8m ✓
    BIN_9 to BIN_10: 554.9m ✓
  Processing bins sequentially:
  
  Processing bin BIN_1 (index 0):
    Finding nearby bins within 1400.0m:
      BIN_2: 932.8m (NEARBY)
      BIN_3: 1158.9m (NEARBY)
      BIN_4: 874.4m (NEARBY)
      BIN_5: 6313.0m (too far)
      BIN_6: 5773.9m (too far)
      BIN_7: 4874.6m (too far)
      BIN_8: 6278.6m (too far)
      BIN_9: 5771.8m (too far)
      BIN_10: 5677.1m (too far)
    Found 3 nearby bins
    Nearby cluster IDs: set()
    Creating new cluster 0 with current bin + nearby bins
      Added BIN_1 to cluster 0
      Added BIN_2 to cluster 0
      Added BIN_3 to cluster 0
      Added BIN_4 to cluster 0
  
  Processing bin BIN_2 (index 1):
    Finding nearby bins within 1400.0m:
      BIN_1: 932.8m (NEARBY)
        └─ Already in cluster 0
      BIN_3: 1401.8m (too far)
      BIN_4: 1746.8m (too far)
      BIN_5: 6251.1m (too far)
      BIN_6: 5818.2m (too far)
      BIN_7: 4768.2m (too far)
      BIN_8: 7031.0m (too far)
      BIN_9: 6443.1m (too far)
      BIN_10: 6404.5m (too far)
    Found 1 nearby bins
    Nearby cluster IDs: {0}
    Already in cluster 0
  
  Processing bin BIN_3 (index 2):
    Finding nearby bins within 1400.0m:
      BIN_1: 1158.9m (NEARBY)
        └─ Already in cluster 0
      BIN_2: 1401.8m (too far)
      BIN_4: 1145.1m (NEARBY)
        └─ Already in cluster 0
      BIN_5: 7440.1m (too far)
      BIN_6: 6922.2m (too far)
      BIN_7: 5984.3m (too far)
      BIN_8: 7148.7m (too far)
      BIN_9: 6740.6m (too far)
      BIN_10: 6586.6m (too far)
    Found 2 nearby bins
    Nearby cluster IDs: {0}
    Already in cluster 0
  
  Processing bin BIN_4 (index 3):
    Finding nearby bins within 1400.0m:
      BIN_1: 874.4m (NEARBY)
        └─ Already in cluster 0
      BIN_2: 1746.8m (too far)
      BIN_3: 1145.1m (NEARBY)
        └─ Already in cluster 0
      BIN_5: 6883.3m (too far)
      BIN_6: 6276.7m (too far)
      BIN_7: 5495.9m (too far)
      BIN_8: 6012.1m (too far)
      BIN_9: 5637.1m (too far)
      BIN_10: 5460.6m (too far)
    Found 2 nearby bins
    Nearby cluster IDs: {0}
    Already in cluster 0
  
  Processing bin BIN_5 (index 4):
    Finding nearby bins within 1400.0m:
      BIN_1: 6313.0m (too far)
      BIN_2: 6251.1m (too far)
      BIN_3: 7440.1m (too far)
      BIN_4: 6883.3m (too far)
      BIN_6: 842.3m (NEARBY)
      BIN_7: 1489.4m (too far)
      BIN_8: 6234.7m (too far)
      BIN_9: 5220.5m (too far)
      BIN_10: 5695.6m (too far)
    Found 1 nearby bins
    Nearby cluster IDs: set()
    Creating new cluster 1 with current bin + nearby bins
      Added BIN_5 to cluster 1
      Added BIN_6 to cluster 1
  
  Processing bin BIN_6 (index 5):
    Finding nearby bins within 1400.0m:
      BIN_1: 5773.9m (too far)
      BIN_2: 5818.2m (too far)
      BIN_3: 6922.2m (too far)
      BIN_4: 6276.7m (too far)
      BIN_5: 842.3m (NEARBY)
        └─ Already in cluster 1
      BIN_7: 1299.1m (NEARBY)
      BIN_8: 5416.7m (too far)
      BIN_9: 4399.9m (too far)
      BIN_10: 4865.3m (too far)
    Found 2 nearby bins
    Nearby cluster IDs: {1}
    Already in cluster 1
  
  Processing bin BIN_7 (index 6):
    Finding nearby bins within 1400.0m:
      BIN_1: 4874.6m (too far)
      BIN_2: 4768.2m (too far)
      BIN_3: 5984.3m (too far)
      BIN_4: 5495.9m (too far)
      BIN_5: 1489.4m (too far)
      BIN_6: 1299.1m (NEARBY)
        └─ Already in cluster 1
      BIN_8: 5977.3m (too far)
      BIN_9: 4975.2m (too far)
      BIN_10: 5354.1m (too far)
    Found 1 nearby bins
    Nearby cluster IDs: {1}
    Joined existing cluster 1
  
  Processing bin BIN_8 (index 7):
    Finding nearby bins within 1400.0m:
      BIN_1: 6278.6m (too far)
      BIN_2: 7031.0m (too far)
      BIN_3: 7148.7m (too far)
      BIN_4: 6012.1m (too far)
      BIN_5: 6234.7m (too far)
      BIN_6: 5416.7m (too far)
      BIN_7: 5977.3m (too far)
      BIN_9: 1018.0m (NEARBY)
      BIN_10: 674.8m (NEARBY)
    Found 2 nearby bins
    Nearby cluster IDs: set()
    Creating new cluster 2 with current bin + nearby bins
      Added BIN_8 to cluster 2
      Added BIN_9 to cluster 2
      Added BIN_10 to cluster 2
  
  Processing bin BIN_9 (index 8):
    Finding nearby bins within 1400.0m:
      BIN_1: 5771.8m (too far)
      BIN_2: 6443.1m (too far)
      BIN_3: 6740.6m (too far)
      BIN_4: 5637.1m (too far)
      BIN_5: 5220.5m (too far)
      BIN_6: 4399.9m (too far)
      BIN_7: 4975.2m (too far)
      BIN_8: 1018.0m (NEARBY)
        └─ Already in cluster 2
      BIN_10: 554.9m (NEARBY)
        └─ Already in cluster 2
    Found 2 nearby bins
    Nearby cluster IDs: {2}
    Already in cluster 2
  
  Processing bin BIN_10 (index 9):
    Finding nearby bins within 1400.0m:
      BIN_1: 5677.1m (too far)
      BIN_2: 6404.5m (too far)
      BIN_3: 6586.6m (too far)
      BIN_4: 5460.6m (too far)
      BIN_5: 5695.6m (too far)
      BIN_6: 4865.3m (too far)
      BIN_7: 5354.1m (too far)
      BIN_8: 674.8m (NEARBY)
        └─ Already in cluster 2
      BIN_9: 554.9m (NEARBY)
        └─ Already in cluster 2
    Found 2 nearby bins
    Nearby cluster IDs: {2}
    Already in cluster 2
  Cleaning up duplicate bins:
  Final clustering results: 3 clusters, sizes: [4, 3, 3]
    Final Cluster 0: ['BIN_1', 'BIN_2', 'BIN_3', 'BIN_4']
    Final Cluster 1: ['BIN_5', 'BIN_6', 'BIN_7']
    Final Cluster 2: ['BIN_8', 'BIN_9', 'BIN_10']

CLUSTERING RESULTS:
  Created 3 clusters
  Cluster 0: 4 bins - ['BIN_1', 'BIN_2', 'BIN_3', 'BIN_4']
    Internal distances:
      BIN_1 to BIN_2: 932.8m
      BIN_1 to BIN_3: 1158.9m
      BIN_1 to BIN_4: 874.4m
      BIN_2 to BIN_3: 1401.8m
      BIN_2 to BIN_4: 1746.8m
      BIN_3 to BIN_4: 1145.1m
    Max internal distance: 1746.8m
  Cluster 1: 3 bins - ['BIN_5', 'BIN_6', 'BIN_7']
    Internal distances:
      BIN_5 to BIN_6: 842.3m
      BIN_5 to BIN_7: 1489.4m
      BIN_6 to BIN_7: 1299.1m
    Max internal distance: 1489.4m
  Cluster 2: 3 bins - ['BIN_8', 'BIN_9', 'BIN_10']
    Internal distances:
      BIN_8 to BIN_9: 1018.0m
      BIN_8 to BIN_10: 674.8m
      BIN_9 to BIN_10: 554.9m
    Max internal distance: 1018.0m
============================================================
CLUSTERING DEBUG END
============================================================
============================================================
CLUSTERING DEBUG START
============================================================
Input validation:
  bins_data type: <class 'list'>
  bins_data length: 10
  depot_data type: <class 'NoneType'>
  depot_data: None
  First bin structure: {'capacity': 500, 'fillLevel': 24.00086111111111, 'fillRate': 3.1, 'id': 'BIN_1', 'lat': 33.60920455921576, 'lng': 73.0824710401013, 'threshold': 80, 'near_threshold_count': 0, 'dynamic_threshold': 50}
  All bin IDs: ['BIN_1', 'BIN_2', 'BIN_3', 'BIN_4', 'BIN_5', 'BIN_6', 'BIN_7', 'BIN_8', 'BIN_9', 'BIN_10']

CALCULATING BIN SERVICE RADIUS:
BIN RADIUS CALCULATION DEBUG:
  depot_data: None
  bins_data length: 10
  No depot data, using default bin radius: 1400m
Final bin service radius: 1400.0m

STARTING PROXIMITY CLUSTERING:
PROXIMITY CLUSTERING DEBUG:
  Bin service radius: 1400.0m
  Processing 10 bins
  All pairwise distances:
    BIN_1 to BIN_2: 932.8m ✓
    BIN_1 to BIN_3: 1158.9m ✓
    BIN_1 to BIN_4: 874.4m ✓
    BIN_1 to BIN_5: 6313.0m ✗
    BIN_1 to BIN_6: 5773.9m ✗
    BIN_1 to BIN_7: 4874.6m ✗
    BIN_1 to BIN_8: 6278.6m ✗
    BIN_1 to BIN_9: 5771.8m ✗
    BIN_1 to BIN_10: 5677.1m ✗
    BIN_2 to BIN_3: 1401.8m ✗
    BIN_2 to BIN_4: 1746.8m ✗
    BIN_2 to BIN_5: 6251.1m ✗
    BIN_2 to BIN_6: 5818.2m ✗
    BIN_2 to BIN_7: 4768.2m ✗
    BIN_2 to BIN_8: 7031.0m ✗
    BIN_2 to BIN_9: 6443.1m ✗
    BIN_2 to BIN_10: 6404.5m ✗
    BIN_3 to BIN_4: 1145.1m ✓
    BIN_3 to BIN_5: 7440.1m ✗
    BIN_3 to BIN_6: 6922.2m ✗
    BIN_3 to BIN_7: 5984.3m ✗
    BIN_3 to BIN_8: 7148.7m ✗
    BIN_3 to BIN_9: 6740.6m ✗
    BIN_3 to BIN_10: 6586.6m ✗
    BIN_4 to BIN_5: 6883.3m ✗
    BIN_4 to BIN_6: 6276.7m ✗
    BIN_4 to BIN_7: 5495.9m ✗
    BIN_4 to BIN_8: 6012.1m ✗
    BIN_4 to BIN_9: 5637.1m ✗
    BIN_4 to BIN_10: 5460.6m ✗
    BIN_5 to BIN_6: 842.3m ✓
    BIN_5 to BIN_7: 1489.4m ✗
    BIN_5 to BIN_8: 6234.7m ✗
    BIN_5 to BIN_9: 5220.5m ✗
    BIN_5 to BIN_10: 5695.6m ✗
    BIN_6 to BIN_7: 1299.1m ✓
    BIN_6 to BIN_8: 5416.7m ✗
    BIN_6 to BIN_9: 4399.9m ✗
    BIN_6 to BIN_10: 4865.3m ✗
    BIN_7 to BIN_8: 5977.3m ✗
    BIN_7 to BIN_9: 4975.2m ✗
    BIN_7 to BIN_10: 5354.1m ✗
    BIN_8 to BIN_9: 1018.0m ✓
    BIN_8 to BIN_10: 674.8m ✓
    BIN_9 to BIN_10: 554.9m ✓
  Processing bins sequentially:
  
  Processing bin BIN_1 (index 0):
    Finding nearby bins within 1400.0m:
      BIN_2: 932.8m (NEARBY)
      BIN_3: 1158.9m (NEARBY)
      BIN_4: 874.4m (NEARBY)
      BIN_5: 6313.0m (too far)
      BIN_6: 5773.9m (too far)
      BIN_7: 4874.6m (too far)
      BIN_8: 6278.6m (too far)
      BIN_9: 5771.8m (too far)
      BIN_10: 5677.1m (too far)
    Found 3 nearby bins
    Nearby cluster IDs: set()
    Creating new cluster 0 with current bin + nearby bins
      Added BIN_1 to cluster 0
      Added BIN_2 to cluster 0
      Added BIN_3 to cluster 0
      Added BIN_4 to cluster 0
  
  Processing bin BIN_2 (index 1):
    Finding nearby bins within 1400.0m:
      BIN_1: 932.8m (NEARBY)
        └─ Already in cluster 0
      BIN_3: 1401.8m (too far)
      BIN_4: 1746.8m (too far)
      BIN_5: 6251.1m (too far)
      BIN_6: 5818.2m (too far)
      BIN_7: 4768.2m (too far)
      BIN_8: 7031.0m (too far)
      BIN_9: 6443.1m (too far)
      BIN_10: 6404.5m (too far)
    Found 1 nearby bins
    Nearby cluster IDs: {0}
    Already in cluster 0
  
  Processing bin BIN_3 (index 2):
    Finding nearby bins within 1400.0m:
      BIN_1: 1158.9m (NEARBY)
        └─ Already in cluster 0
      BIN_2: 1401.8m (too far)
      BIN_4: 1145.1m (NEARBY)
        └─ Already in cluster 0
      BIN_5: 7440.1m (too far)
      BIN_6: 6922.2m (too far)
      BIN_7: 5984.3m (too far)
      BIN_8: 7148.7m (too far)
      BIN_9: 6740.6m (too far)
      BIN_10: 6586.6m (too far)
    Found 2 nearby bins
    Nearby cluster IDs: {0}
    Already in cluster 0
  
  Processing bin BIN_4 (index 3):
    Finding nearby bins within 1400.0m:
      BIN_1: 874.4m (NEARBY)
        └─ Already in cluster 0
      BIN_2: 1746.8m (too far)
      BIN_3: 1145.1m (NEARBY)
        └─ Already in cluster 0
      BIN_5: 6883.3m (too far)
      BIN_6: 6276.7m (too far)
      BIN_7: 5495.9m (too far)
      BIN_8: 6012.1m (too far)
      BIN_9: 5637.1m (too far)
      BIN_10: 5460.6m (too far)
    Found 2 nearby bins
    Nearby cluster IDs: {0}
    Already in cluster 0
  
  Processing bin BIN_5 (index 4):
    Finding nearby bins within 1400.0m:
      BIN_1: 6313.0m (too far)
      BIN_2: 6251.1m (too far)
      BIN_3: 7440.1m (too far)
      BIN_4: 6883.3m (too far)
      BIN_6: 842.3m (NEARBY)
      BIN_7: 1489.4m (too far)
      BIN_8: 6234.7m (too far)
      BIN_9: 5220.5m (too far)
      BIN_10: 5695.6m (too far)
    Found 1 nearby bins
    Nearby cluster IDs: set()
    Creating new cluster 1 with current bin + nearby bins
      Added BIN_5 to cluster 1
      Added BIN_6 to cluster 1
  
  Processing bin BIN_6 (index 5):
    Finding nearby bins within 1400.0m:
      BIN_1: 5773.9m (too far)
      BIN_2: 5818.2m (too far)
      BIN_3: 6922.2m (too far)
      BIN_4: 6276.7m (too far)
      BIN_5: 842.3m (NEARBY)
        └─ Already in cluster 1
      BIN_7: 1299.1m (NEARBY)
      BIN_8: 5416.7m (too far)
      BIN_9: 4399.9m (too far)
      BIN_10: 4865.3m (too far)
    Found 2 nearby bins
    Nearby cluster IDs: {1}
    Already in cluster 1
  
  Processing bin BIN_7 (index 6):
    Finding nearby bins within 1400.0m:
      BIN_1: 4874.6m (too far)
      BIN_2: 4768.2m (too far)
      BIN_3: 5984.3m (too far)
      BIN_4: 5495.9m (too far)
      BIN_5: 1489.4m (too far)
      BIN_6: 1299.1m (NEARBY)
        └─ Already in cluster 1
      BIN_8: 5977.3m (too far)
      BIN_9: 4975.2m (too far)
      BIN_10: 5354.1m (too far)
    Found 1 nearby bins
    Nearby cluster IDs: {1}
    Joined existing cluster 1
  
  Processing bin BIN_8 (index 7):
    Finding nearby bins within 1400.0m:
      BIN_1: 6278.6m (too far)
      BIN_2: 7031.0m (too far)
      BIN_3: 7148.7m (too far)
      BIN_4: 6012.1m (too far)
      BIN_5: 6234.7m (too far)
      BIN_6: 5416.7m (too far)
      BIN_7: 5977.3m (too far)
      BIN_9: 1018.0m (NEARBY)
      BIN_10: 674.8m (NEARBY)
    Found 2 nearby bins
    Nearby cluster IDs: set()
    Creating new cluster 2 with current bin + nearby bins
      Added BIN_8 to cluster 2
      Added BIN_9 to cluster 2
      Added BIN_10 to cluster 2
  
  Processing bin BIN_9 (index 8):
    Finding nearby bins within 1400.0m:
      BIN_1: 5771.8m (too far)
      BIN_2: 6443.1m (too far)
      BIN_3: 6740.6m (too far)
      BIN_4: 5637.1m (too far)
      BIN_5: 5220.5m (too far)
      BIN_6: 4399.9m (too far)
      BIN_7: 4975.2m (too far)
      BIN_8: 1018.0m (NEARBY)
        └─ Already in cluster 2
      BIN_10: 554.9m (NEARBY)
        └─ Already in cluster 2
    Found 2 nearby bins
    Nearby cluster IDs: {2}
    Already in cluster 2
  
  Processing bin BIN_10 (index 9):
    Finding nearby bins within 1400.0m:
      BIN_1: 5677.1m (too far)
      BIN_2: 6404.5m (too far)
      BIN_3: 6586.6m (too far)
      BIN_4: 5460.6m (too far)
      BIN_5: 5695.6m (too far)
      BIN_6: 4865.3m (too far)
      BIN_7: 5354.1m (too far)
      BIN_8: 674.8m (NEARBY)
        └─ Already in cluster 2
      BIN_9: 554.9m (NEARBY)
        └─ Already in cluster 2
    Found 2 nearby bins
    Nearby cluster IDs: {2}
    Already in cluster 2
  Cleaning up duplicate bins:
  Final clustering results: 3 clusters, sizes: [4, 3, 3]
    Final Cluster 0: ['BIN_1', 'BIN_2', 'BIN_3', 'BIN_4']
    Final Cluster 1: ['BIN_5', 'BIN_6', 'BIN_7']
    Final Cluster 2: ['BIN_8', 'BIN_9', 'BIN_10']

CLUSTERING RESULTS:
  Created 3 clusters
  Cluster 0: 4 bins - ['BIN_1', 'BIN_2', 'BIN_3', 'BIN_4']
    Internal distances:
      BIN_1 to BIN_2: 932.8m
      BIN_1 to BIN_3: 1158.9m
      BIN_1 to BIN_4: 874.4m
      BIN_2 to BIN_3: 1401.8m
      BIN_2 to BIN_4: 1746.8m
      BIN_3 to BIN_4: 1145.1m
    Max internal distance: 1746.8m
  Cluster 1: 3 bins - ['BIN_5', 'BIN_6', 'BIN_7']
    Internal distances:
      BIN_5 to BIN_6: 842.3m
      BIN_5 to BIN_7: 1489.4m
      BIN_6 to BIN_7: 1299.1m
    Max internal distance: 1489.4m
  Cluster 2: 3 bins - ['BIN_8', 'BIN_9', 'BIN_10']
    Internal distances:
      BIN_8 to BIN_9: 1018.0m
      BIN_8 to BIN_10: 674.8m
      BIN_9 to BIN_10: 554.9m
    Max internal distance: 1018.0m
============================================================
CLUSTERING DEBUG END
============================================================
============================================================
CLUSTERING DEBUG START
============================================================
Input validation:
  bins_data type: <class 'list'>
  bins_data length: 10
  depot_data type: <class 'NoneType'>
  depot_data: None
  First bin structure: {'capacity': 500, 'fillLevel': 24.00172222222222, 'fillRate': 3.1, 'id': 'BIN_1', 'lat': 33.60920455921576, 'lng': 73.0824710401013, 'threshold': 80, 'near_threshold_count': 0, 'dynamic_threshold': 50}
  All bin IDs: ['BIN_1', 'BIN_2', 'BIN_3', 'BIN_4', 'BIN_5', 'BIN_6', 'BIN_7', 'BIN_8', 'BIN_9', 'BIN_10']

CALCULATING BIN SERVICE RADIUS:
BIN RADIUS CALCULATION DEBUG:
  depot_data: None
  bins_data length: 10
  No depot data, using default bin radius: 1400m
Final bin service radius: 1400.0m

STARTING PROXIMITY CLUSTERING:
PROXIMITY CLUSTERING DEBUG:
  Bin service radius: 1400.0m
  Processing 10 bins
  All pairwise distances:
    BIN_1 to BIN_2: 932.8m ✓
    BIN_1 to BIN_3: 1158.9m ✓
    BIN_1 to BIN_4: 874.4m ✓
    BIN_1 to BIN_5: 6313.0m ✗
    BIN_1 to BIN_6: 5773.9m ✗
    BIN_1 to BIN_7: 4874.6m ✗
    BIN_1 to BIN_8: 6278.6m ✗
    BIN_1 to BIN_9: 5771.8m ✗
    BIN_1 to BIN_10: 5677.1m ✗
    BIN_2 to BIN_3: 1401.8m ✗
    BIN_2 to BIN_4: 1746.8m ✗
    BIN_2 to BIN_5: 6251.1m ✗
    BIN_2 to BIN_6: 5818.2m ✗
    BIN_2 to BIN_7: 4768.2m ✗
    BIN_2 to BIN_8: 7031.0m ✗
    BIN_2 to BIN_9: 6443.1m ✗
    BIN_2 to BIN_10: 6404.5m ✗
    BIN_3 to BIN_4: 1145.1m ✓
    BIN_3 to BIN_5: 7440.1m ✗
    BIN_3 to BIN_6: 6922.2m ✗
    BIN_3 to BIN_7: 5984.3m ✗
    BIN_3 to BIN_8: 7148.7m ✗
    BIN_3 to BIN_9: 6740.6m ✗
    BIN_3 to BIN_10: 6586.6m ✗
    BIN_4 to BIN_5: 6883.3m ✗
    BIN_4 to BIN_6: 6276.7m ✗
    BIN_4 to BIN_7: 5495.9m ✗
    BIN_4 to BIN_8: 6012.1m ✗
    BIN_4 to BIN_9: 5637.1m ✗
    BIN_4 to BIN_10: 5460.6m ✗
    BIN_5 to BIN_6: 842.3m ✓
    BIN_5 to BIN_7: 1489.4m ✗
    BIN_5 to BIN_8: 6234.7m ✗
    BIN_5 to BIN_9: 5220.5m ✗
    BIN_5 to BIN_10: 5695.6m ✗
    BIN_6 to BIN_7: 1299.1m ✓
    BIN_6 to BIN_8: 5416.7m ✗
    BIN_6 to BIN_9: 4399.9m ✗
    BIN_6 to BIN_10: 4865.3m ✗
    BIN_7 to BIN_8: 5977.3m ✗
    BIN_7 to BIN_9: 4975.2m ✗
    BIN_7 to BIN_10: 5354.1m ✗
    BIN_8 to BIN_9: 1018.0m ✓
    BIN_8 to BIN_10: 674.8m ✓
    BIN_9 to BIN_10: 554.9m ✓
  Processing bins sequentially:
  
  Processing bin BIN_1 (index 0):
    Finding nearby bins within 1400.0m:
      BIN_2: 932.8m (NEARBY)
      BIN_3: 1158.9m (NEARBY)
      BIN_4: 874.4m (NEARBY)
      BIN_5: 6313.0m (too far)
      BIN_6: 5773.9m (too far)
      BIN_7: 4874.6m (too far)
      BIN_8: 6278.6m (too far)
      BIN_9: 5771.8m (too far)
      BIN_10: 5677.1m (too far)
    Found 3 nearby bins
    Nearby cluster IDs: set()
    Creating new cluster 0 with current bin + nearby bins
      Added BIN_1 to cluster 0
      Added BIN_2 to cluster 0
      Added BIN_3 to cluster 0
      Added BIN_4 to cluster 0
  
  Processing bin BIN_2 (index 1):
    Finding nearby bins within 1400.0m:
      BIN_1: 932.8m (NEARBY)
        └─ Already in cluster 0
      BIN_3: 1401.8m (too far)
      BIN_4: 1746.8m (too far)
      BIN_5: 6251.1m (too far)
      BIN_6: 5818.2m (too far)
      BIN_7: 4768.2m (too far)
      BIN_8: 7031.0m (too far)
      BIN_9: 6443.1m (too far)
      BIN_10: 6404.5m (too far)
    Found 1 nearby bins
    Nearby cluster IDs: {0}
    Already in cluster 0
  
  Processing bin BIN_3 (index 2):
    Finding nearby bins within 1400.0m:
      BIN_1: 1158.9m (NEARBY)
        └─ Already in cluster 0
      BIN_2: 1401.8m (too far)
      BIN_4: 1145.1m (NEARBY)
        └─ Already in cluster 0
      BIN_5: 7440.1m (too far)
      BIN_6: 6922.2m (too far)
      BIN_7: 5984.3m (too far)
      BIN_8: 7148.7m (too far)
      BIN_9: 6740.6m (too far)
      BIN_10: 6586.6m (too far)
    Found 2 nearby bins
    Nearby cluster IDs: {0}
    Already in cluster 0
  
  Processing bin BIN_4 (index 3):
    Finding nearby bins within 1400.0m:
      BIN_1: 874.4m (NEARBY)
        └─ Already in cluster 0
      BIN_2: 1746.8m (too far)
      BIN_3: 1145.1m (NEARBY)
        └─ Already in cluster 0
      BIN_5: 6883.3m (too far)
      BIN_6: 6276.7m (too far)
      BIN_7: 5495.9m (too far)
      BIN_8: 6012.1m (too far)
      BIN_9: 5637.1m (too far)
      BIN_10: 5460.6m (too far)
    Found 2 nearby bins
    Nearby cluster IDs: {0}
    Already in cluster 0
  
  Processing bin BIN_5 (index 4):
    Finding nearby bins within 1400.0m:
      BIN_1: 6313.0m (too far)
      BIN_2: 6251.1m (too far)
      BIN_3: 7440.1m (too far)
      BIN_4: 6883.3m (too far)
      BIN_6: 842.3m (NEARBY)
      BIN_7: 1489.4m (too far)
      BIN_8: 6234.7m (too far)
      BIN_9: 5220.5m (too far)
      BIN_10: 5695.6m (too far)
    Found 1 nearby bins
    Nearby cluster IDs: set()
    Creating new cluster 1 with current bin + nearby bins
      Added BIN_5 to cluster 1
      Added BIN_6 to cluster 1
  
  Processing bin BIN_6 (index 5):
    Finding nearby bins within 1400.0m:
      BIN_1: 5773.9m (too far)
      BIN_2: 5818.2m (too far)
      BIN_3: 6922.2m (too far)
      BIN_4: 6276.7m (too far)
      BIN_5: 842.3m (NEARBY)
        └─ Already in cluster 1
      BIN_7: 1299.1m (NEARBY)
      BIN_8: 5416.7m (too far)
      BIN_9: 4399.9m (too far)
      BIN_10: 4865.3m (too far)
    Found 2 nearby bins
    Nearby cluster IDs: {1}
    Already in cluster 1
  
  Processing bin BIN_7 (index 6):
    Finding nearby bins within 1400.0m:
      BIN_1: 4874.6m (too far)
      BIN_2: 4768.2m (too far)
      BIN_3: 5984.3m (too far)
      BIN_4: 5495.9m (too far)
      BIN_5: 1489.4m (too far)
      BIN_6: 1299.1m (NEARBY)
        └─ Already in cluster 1
      BIN_8: 5977.3m (too far)
      BIN_9: 4975.2m (too far)
      BIN_10: 5354.1m (too far)
    Found 1 nearby bins
    Nearby cluster IDs: {1}
    Joined existing cluster 1
  
  Processing bin BIN_8 (index 7):
    Finding nearby bins within 1400.0m:
      BIN_1: 6278.6m (too far)
      BIN_2: 7031.0m (too far)
      BIN_3: 7148.7m (too far)
      BIN_4: 6012.1m (too far)
      BIN_5: 6234.7m (too far)
      BIN_6: 5416.7m (too far)
      BIN_7: 5977.3m (too far)
      BIN_9: 1018.0m (NEARBY)
      BIN_10: 674.8m (NEARBY)
    Found 2 nearby bins
    Nearby cluster IDs: set()
    Creating new cluster 2 with current bin + nearby bins
      Added BIN_8 to cluster 2
      Added BIN_9 to cluster 2
      Added BIN_10 to cluster 2
  
  Processing bin BIN_9 (index 8):
    Finding nearby bins within 1400.0m:
      BIN_1: 5771.8m (too far)
      BIN_2: 6443.1m (too far)
      BIN_3: 6740.6m (too far)
      BIN_4: 5637.1m (too far)
      BIN_5: 5220.5m (too far)
      BIN_6: 4399.9m (too far)
      BIN_7: 4975.2m (too far)
      BIN_8: 1018.0m (NEARBY)
        └─ Already in cluster 2
      BIN_10: 554.9m (NEARBY)
        └─ Already in cluster 2
    Found 2 nearby bins
    Nearby cluster IDs: {2}
    Already in cluster 2
  
  Processing bin BIN_10 (index 9):
    Finding nearby bins within 1400.0m:
      BIN_1: 5677.1m (too far)
      BIN_2: 6404.5m (too far)
      BIN_3: 6586.6m (too far)
      BIN_4: 5460.6m (too far)
      BIN_5: 5695.6m (too far)
      BIN_6: 4865.3m (too far)
      BIN_7: 5354.1m (too far)
      BIN_8: 674.8m (NEARBY)
        └─ Already in cluster 2
      BIN_9: 554.9m (NEARBY)
        └─ Already in cluster 2
    Found 2 nearby bins
    Nearby cluster IDs: {2}
    Already in cluster 2
  Cleaning up duplicate bins:
  Final clustering results: 3 clusters, sizes: [4, 3, 3]
    Final Cluster 0: ['BIN_1', 'BIN_2', 'BIN_3', 'BIN_4']
    Final Cluster 1: ['BIN_5', 'BIN_6', 'BIN_7']
    Final Cluster 2: ['BIN_8', 'BIN_9', 'BIN_10']

CLUSTERING RESULTS:
  Created 3 clusters
  Cluster 0: 4 bins - ['BIN_1', 'BIN_2', 'BIN_3', 'BIN_4']
    Internal distances:
      BIN_1 to BIN_2: 932.8m
      BIN_1 to BIN_3: 1158.9m
      BIN_1 to BIN_4: 874.4m
      BIN_2 to BIN_3: 1401.8m
      BIN_2 to BIN_4: 1746.8m
      BIN_3 to BIN_4: 1145.1m
    Max internal distance: 1746.8m
  Cluster 1: 3 bins - ['BIN_5', 'BIN_6', 'BIN_7']
    Internal distances:
      BIN_5 to BIN_6: 842.3m
      BIN_5 to BIN_7: 1489.4m
      BIN_6 to BIN_7: 1299.1m
    Max internal distance: 1489.4m
  Cluster 2: 3 bins - ['BIN_8', 'BIN_9', 'BIN_10']
    Internal distances:
      BIN_8 to BIN_9: 1018.0m
      BIN_8 to BIN_10: 674.8m
      BIN_9 to BIN_10: 554.9m
    Max internal distance: 1018.0m
============================================================
CLUSTERING DEBUG END
============================================================
============================================================
CLUSTERING DEBUG START
============================================================
Input validation:
  bins_data type: <class 'list'>
  bins_data length: 10
  depot_data type: <class 'NoneType'>
  depot_data: None
  First bin structure: {'capacity': 500, 'fillLevel': 24.00258333333333, 'fillRate': 3.1, 'id': 'BIN_1', 'lat': 33.60920455921576, 'lng': 73.0824710401013, 'threshold': 80, 'near_threshold_count': 0, 'dynamic_threshold': 50}
  All bin IDs: ['BIN_1', 'BIN_2', 'BIN_3', 'BIN_4', 'BIN_5', 'BIN_6', 'BIN_7', 'BIN_8', 'BIN_9', 'BIN_10']

CALCULATING BIN SERVICE RADIUS:
BIN RADIUS CALCULATION DEBUG:
  depot_data: None
  bins_data length: 10
  No depot data, using default bin radius: 1400m
Final bin service radius: 1400.0m

STARTING PROXIMITY CLUSTERING:
PROXIMITY CLUSTERING DEBUG:
  Bin service radius: 1400.0m
  Processing 10 bins
  All pairwise distances:
    BIN_1 to BIN_2: 932.8m ✓
    BIN_1 to BIN_3: 1158.9m ✓
    BIN_1 to BIN_4: 874.4m ✓
    BIN_1 to BIN_5: 6313.0m ✗
    BIN_1 to BIN_6: 5773.9m ✗
    BIN_1 to BIN_7: 4874.6m ✗
    BIN_1 to BIN_8: 6278.6m ✗
    BIN_1 to BIN_9: 5771.8m ✗
    BIN_1 to BIN_10: 5677.1m ✗
    BIN_2 to BIN_3: 1401.8m ✗
    BIN_2 to BIN_4: 1746.8m ✗
    BIN_2 to BIN_5: 6251.1m ✗
    BIN_2 to BIN_6: 5818.2m ✗
    BIN_2 to BIN_7: 4768.2m ✗
    BIN_2 to BIN_8: 7031.0m ✗
    BIN_2 to BIN_9: 6443.1m ✗
    BIN_2 to BIN_10: 6404.5m ✗
    BIN_3 to BIN_4: 1145.1m ✓
    BIN_3 to BIN_5: 7440.1m ✗
    BIN_3 to BIN_6: 6922.2m ✗
    BIN_3 to BIN_7: 5984.3m ✗
    BIN_3 to BIN_8: 7148.7m ✗
    BIN_3 to BIN_9: 6740.6m ✗
    BIN_3 to BIN_10: 6586.6m ✗
    BIN_4 to BIN_5: 6883.3m ✗
    BIN_4 to BIN_6: 6276.7m ✗
    BIN_4 to BIN_7: 5495.9m ✗
    BIN_4 to BIN_8: 6012.1m ✗
    BIN_4 to BIN_9: 5637.1m ✗
    BIN_4 to BIN_10: 5460.6m ✗
    BIN_5 to BIN_6: 842.3m ✓
    BIN_5 to BIN_7: 1489.4m ✗
    BIN_5 to BIN_8: 6234.7m ✗
    BIN_5 to BIN_9: 5220.5m ✗
    BIN_5 to BIN_10: 5695.6m ✗
    BIN_6 to BIN_7: 1299.1m ✓
    BIN_6 to BIN_8: 5416.7m ✗
    BIN_6 to BIN_9: 4399.9m ✗
    BIN_6 to BIN_10: 4865.3m ✗
    BIN_7 to BIN_8: 5977.3m ✗
    BIN_7 to BIN_9: 4975.2m ✗
    BIN_7 to BIN_10: 5354.1m ✗
    BIN_8 to BIN_9: 1018.0m ✓
    BIN_8 to BIN_10: 674.8m ✓
    BIN_9 to BIN_10: 554.9m ✓
  Processing bins sequentially:
  
  Processing bin BIN_1 (index 0):
    Finding nearby bins within 1400.0m:
      BIN_2: 932.8m (NEARBY)
      BIN_3: 1158.9m (NEARBY)
      BIN_4: 874.4m (NEARBY)
      BIN_5: 6313.0m (too far)
      BIN_6: 5773.9m (too far)
      BIN_7: 4874.6m (too far)
      BIN_8: 6278.6m (too far)
      BIN_9: 5771.8m (too far)
      BIN_10: 5677.1m (too far)
    Found 3 nearby bins
    Nearby cluster IDs: set()
    Creating new cluster 0 with current bin + nearby bins
      Added BIN_1 to cluster 0
      Added BIN_2 to cluster 0
      Added BIN_3 to cluster 0
      Added BIN_4 to cluster 0
  
  Processing bin BIN_2 (index 1):
    Finding nearby bins within 1400.0m:
      BIN_1: 932.8m (NEARBY)
        └─ Already in cluster 0
      BIN_3: 1401.8m (too far)
      BIN_4: 1746.8m (too far)
      BIN_5: 6251.1m (too far)
      BIN_6: 5818.2m (too far)
      BIN_7: 4768.2m (too far)
      BIN_8: 7031.0m (too far)
      BIN_9: 6443.1m (too far)
      BIN_10: 6404.5m (too far)
    Found 1 nearby bins
    Nearby cluster IDs: {0}
    Already in cluster 0
  
  Processing bin BIN_3 (index 2):
    Finding nearby bins within 1400.0m:
      BIN_1: 1158.9m (NEARBY)
        └─ Already in cluster 0
      BIN_2: 1401.8m (too far)
      BIN_4: 1145.1m (NEARBY)
        └─ Already in cluster 0
      BIN_5: 7440.1m (too far)
      BIN_6: 6922.2m (too far)
      BIN_7: 5984.3m (too far)
      BIN_8: 7148.7m (too far)
      BIN_9: 6740.6m (too far)
      BIN_10: 6586.6m (too far)
    Found 2 nearby bins
    Nearby cluster IDs: {0}
    Already in cluster 0
  
  Processing bin BIN_4 (index 3):
    Finding nearby bins within 1400.0m:
      BIN_1: 874.4m (NEARBY)
        └─ Already in cluster 0
      BIN_2: 1746.8m (too far)
      BIN_3: 1145.1m (NEARBY)
        └─ Already in cluster 0
      BIN_5: 6883.3m (too far)
      BIN_6: 6276.7m (too far)
      BIN_7: 5495.9m (too far)
      BIN_8: 6012.1m (too far)
      BIN_9: 5637.1m (too far)
      BIN_10: 5460.6m (too far)
    Found 2 nearby bins
    Nearby cluster IDs: {0}
    Already in cluster 0
  
  Processing bin BIN_5 (index 4):
    Finding nearby bins within 1400.0m:
      BIN_1: 6313.0m (too far)
      BIN_2: 6251.1m (too far)
      BIN_3: 7440.1m (too far)
      BIN_4: 6883.3m (too far)
      BIN_6: 842.3m (NEARBY)
      BIN_7: 1489.4m (too far)
      BIN_8: 6234.7m (too far)
      BIN_9: 5220.5m (too far)
      BIN_10: 5695.6m (too far)
    Found 1 nearby bins
    Nearby cluster IDs: set()
    Creating new cluster 1 with current bin + nearby bins
      Added BIN_5 to cluster 1
      Added BIN_6 to cluster 1
  
  Processing bin BIN_6 (index 5):
    Finding nearby bins within 1400.0m:
      BIN_1: 5773.9m (too far)
      BIN_2: 5818.2m (too far)
      BIN_3: 6922.2m (too far)
      BIN_4: 6276.7m (too far)
      BIN_5: 842.3m (NEARBY)
        └─ Already in cluster 1
      BIN_7: 1299.1m (NEARBY)
      BIN_8: 5416.7m (too far)
      BIN_9: 4399.9m (too far)
      BIN_10: 4865.3m (too far)
    Found 2 nearby bins
    Nearby cluster IDs: {1}
    Already in cluster 1
  
  Processing bin BIN_7 (index 6):
    Finding nearby bins within 1400.0m:
      BIN_1: 4874.6m (too far)
      BIN_2: 4768.2m (too far)
      BIN_3: 5984.3m (too far)
      BIN_4: 5495.9m (too far)
      BIN_5: 1489.4m (too far)
      BIN_6: 1299.1m (NEARBY)
        └─ Already in cluster 1
      BIN_8: 5977.3m (too far)
      BIN_9: 4975.2m (too far)
      BIN_10: 5354.1m (too far)
    Found 1 nearby bins
    Nearby cluster IDs: {1}
    Joined existing cluster 1
  
  Processing bin BIN_8 (index 7):
    Finding nearby bins within 1400.0m:
      BIN_1: 6278.6m (too far)
      BIN_2: 7031.0m (too far)
      BIN_3: 7148.7m (too far)
      BIN_4: 6012.1m (too far)
      BIN_5: 6234.7m (too far)
      BIN_6: 5416.7m (too far)
      BIN_7: 5977.3m (too far)
      BIN_9: 1018.0m (NEARBY)
      BIN_10: 674.8m (NEARBY)
    Found 2 nearby bins
    Nearby cluster IDs: set()
    Creating new cluster 2 with current bin + nearby bins
      Added BIN_8 to cluster 2
      Added BIN_9 to cluster 2
      Added BIN_10 to cluster 2
  
  Processing bin BIN_9 (index 8):
    Finding nearby bins within 1400.0m:
      BIN_1: 5771.8m (too far)
      BIN_2: 6443.1m (too far)
      BIN_3: 6740.6m (too far)
      BIN_4: 5637.1m (too far)
      BIN_5: 5220.5m (too far)
      BIN_6: 4399.9m (too far)
      BIN_7: 4975.2m (too far)
      BIN_8: 1018.0m (NEARBY)
        └─ Already in cluster 2
      BIN_10: 554.9m (NEARBY)
        └─ Already in cluster 2
    Found 2 nearby bins
    Nearby cluster IDs: {2}
    Already in cluster 2
  
  Processing bin BIN_10 (index 9):
    Finding nearby bins within 1400.0m:
      BIN_1: 5677.1m (too far)
      BIN_2: 6404.5m (too far)
      BIN_3: 6586.6m (too far)
      BIN_4: 5460.6m (too far)
      BIN_5: 5695.6m (too far)
      BIN_6: 4865.3m (too far)
      BIN_7: 5354.1m (too far)
      BIN_8: 674.8m (NEARBY)
        └─ Already in cluster 2
      BIN_9: 554.9m (NEARBY)
        └─ Already in cluster 2
    Found 2 nearby bins
    Nearby cluster IDs: {2}
    Already in cluster 2
  Cleaning up duplicate bins:
  Final clustering results: 3 clusters, sizes: [4, 3, 3]
    Final Cluster 0: ['BIN_1', 'BIN_2', 'BIN_3', 'BIN_4']
    Final Cluster 1: ['BIN_5', 'BIN_6', 'BIN_7']
    Final Cluster 2: ['BIN_8', 'BIN_9', 'BIN_10']

CLUSTERING RESULTS:
  Created 3 clusters
  Cluster 0: 4 bins - ['BIN_1', 'BIN_2', 'BIN_3', 'BIN_4']
    Internal distances:
      BIN_1 to BIN_2: 932.8m
      BIN_1 to BIN_3: 1158.9m
      BIN_1 to BIN_4: 874.4m
      BIN_2 to BIN_3: 1401.8m
      BIN_2 to BIN_4: 1746.8m
      BIN_3 to BIN_4: 1145.1m
    Max internal distance: 1746.8m
  Cluster 1: 3 bins - ['BIN_5', 'BIN_6', 'BIN_7']
    Internal distances:
      BIN_5 to BIN_6: 842.3m
      BIN_5 to BIN_7: 1489.4m
      BIN_6 to BIN_7: 1299.1m
    Max internal distance: 1489.4m
  Cluster 2: 3 bins - ['BIN_8', 'BIN_9', 'BIN_10']
    Internal distances:
      BIN_8 to BIN_9: 1018.0m
      BIN_8 to BIN_10: 674.8m
      BIN_9 to BIN_10: 554.9m
    Max internal distance: 1018.0m
============================================================
CLUSTERING DEBUG END
============================================================
============================================================
CLUSTERING DEBUG START
============================================================
Input validation:
  bins_data type: <class 'list'>
  bins_data length: 10
  depot_data type: <class 'NoneType'>
  depot_data: None
  First bin structure: {'capacity': 500, 'fillLevel': 24.00344444444444, 'fillRate': 3.1, 'id': 'BIN_1', 'lat': 33.60920455921576, 'lng': 73.0824710401013, 'threshold': 80, 'near_threshold_count': 0, 'dynamic_threshold': 50}
  All bin IDs: ['BIN_1', 'BIN_2', 'BIN_3', 'BIN_4', 'BIN_5', 'BIN_6', 'BIN_7', 'BIN_8', 'BIN_9', 'BIN_10']

CALCULATING BIN SERVICE RADIUS:
BIN RADIUS CALCULATION DEBUG:
  depot_data: None
  bins_data length: 10
  No depot data, using default bin radius: 1400m
Final bin service radius: 1400.0m

STARTING PROXIMITY CLUSTERING:
PROXIMITY CLUSTERING DEBUG:
  Bin service radius: 1400.0m
  Processing 10 bins
  All pairwise distances:
    BIN_1 to BIN_2: 932.8m ✓
    BIN_1 to BIN_3: 1158.9m ✓
    BIN_1 to BIN_4: 874.4m ✓
    BIN_1 to BIN_5: 6313.0m ✗
    BIN_1 to BIN_6: 5773.9m ✗
    BIN_1 to BIN_7: 4874.6m ✗
    BIN_1 to BIN_8: 6278.6m ✗
    BIN_1 to BIN_9: 5771.8m ✗
    BIN_1 to BIN_10: 5677.1m ✗
    BIN_2 to BIN_3: 1401.8m ✗
    BIN_2 to BIN_4: 1746.8m ✗
    BIN_2 to BIN_5: 6251.1m ✗
    BIN_2 to BIN_6: 5818.2m ✗
    BIN_2 to BIN_7: 4768.2m ✗
    BIN_2 to BIN_8: 7031.0m ✗
    BIN_2 to BIN_9: 6443.1m ✗
    BIN_2 to BIN_10: 6404.5m ✗
    BIN_3 to BIN_4: 1145.1m ✓
    BIN_3 to BIN_5: 7440.1m ✗
    BIN_3 to BIN_6: 6922.2m ✗
    BIN_3 to BIN_7: 5984.3m ✗
    BIN_3 to BIN_8: 7148.7m ✗
    BIN_3 to BIN_9: 6740.6m ✗
    BIN_3 to BIN_10: 6586.6m ✗
    BIN_4 to BIN_5: 6883.3m ✗
    BIN_4 to BIN_6: 6276.7m ✗
    BIN_4 to BIN_7: 5495.9m ✗
    BIN_4 to BIN_8: 6012.1m ✗
    BIN_4 to BIN_9: 5637.1m ✗
    BIN_4 to BIN_10: 5460.6m ✗
    BIN_5 to BIN_6: 842.3m ✓
    BIN_5 to BIN_7: 1489.4m ✗
    BIN_5 to BIN_8: 6234.7m ✗
    BIN_5 to BIN_9: 5220.5m ✗
    BIN_5 to BIN_10: 5695.6m ✗
    BIN_6 to BIN_7: 1299.1m ✓
    BIN_6 to BIN_8: 5416.7m ✗
    BIN_6 to BIN_9: 4399.9m ✗
    BIN_6 to BIN_10: 4865.3m ✗
    BIN_7 to BIN_8: 5977.3m ✗
    BIN_7 to BIN_9: 4975.2m ✗
    BIN_7 to BIN_10: 5354.1m ✗
    BIN_8 to BIN_9: 1018.0m ✓
    BIN_8 to BIN_10: 674.8m ✓
    BIN_9 to BIN_10: 554.9m ✓
  Processing bins sequentially:
  
  Processing bin BIN_1 (index 0):
    Finding nearby bins within 1400.0m:
      BIN_2: 932.8m (NEARBY)
      BIN_3: 1158.9m (NEARBY)
      BIN_4: 874.4m (NEARBY)
      BIN_5: 6313.0m (too far)
      BIN_6: 5773.9m (too far)
      BIN_7: 4874.6m (too far)
      BIN_8: 6278.6m (too far)
      BIN_9: 5771.8m (too far)
      BIN_10: 5677.1m (too far)
    Found 3 nearby bins
    Nearby cluster IDs: set()
    Creating new cluster 0 with current bin + nearby bins
      Added BIN_1 to cluster 0
      Added BIN_2 to cluster 0
      Added BIN_3 to cluster 0
      Added BIN_4 to cluster 0
  
  Processing bin BIN_2 (index 1):
    Finding nearby bins within 1400.0m:
      BIN_1: 932.8m (NEARBY)
        └─ Already in cluster 0
      BIN_3: 1401.8m (too far)
      BIN_4: 1746.8m (too far)
      BIN_5: 6251.1m (too far)
      BIN_6: 5818.2m (too far)
      BIN_7: 4768.2m (too far)
      BIN_8: 7031.0m (too far)
      BIN_9: 6443.1m (too far)
      BIN_10: 6404.5m (too far)
    Found 1 nearby bins
    Nearby cluster IDs: {0}
    Already in cluster 0
  
  Processing bin BIN_3 (index 2):
    Finding nearby bins within 1400.0m:
      BIN_1: 1158.9m (NEARBY)
        └─ Already in cluster 0
      BIN_2: 1401.8m (too far)
      BIN_4: 1145.1m (NEARBY)
        └─ Already in cluster 0
      BIN_5: 7440.1m (too far)
      BIN_6: 6922.2m (too far)
      BIN_7: 5984.3m (too far)
      BIN_8: 7148.7m (too far)
      BIN_9: 6740.6m (too far)
      BIN_10: 6586.6m (too far)
    Found 2 nearby bins
    Nearby cluster IDs: {0}
    Already in cluster 0
  
  Processing bin BIN_4 (index 3):
    Finding nearby bins within 1400.0m:
      BIN_1: 874.4m (NEARBY)
        └─ Already in cluster 0
      BIN_2: 1746.8m (too far)
      BIN_3: 1145.1m (NEARBY)
        └─ Already in cluster 0
      BIN_5: 6883.3m (too far)
      BIN_6: 6276.7m (too far)
      BIN_7: 5495.9m (too far)
      BIN_8: 6012.1m (too far)
      BIN_9: 5637.1m (too far)
      BIN_10: 5460.6m (too far)
    Found 2 nearby bins
    Nearby cluster IDs: {0}
    Already in cluster 0
  
  Processing bin BIN_5 (index 4):
    Finding nearby bins within 1400.0m:
      BIN_1: 6313.0m (too far)
      BIN_2: 6251.1m (too far)
      BIN_3: 7440.1m (too far)
      BIN_4: 6883.3m (too far)
      BIN_6: 842.3m (NEARBY)
      BIN_7: 1489.4m (too far)
      BIN_8: 6234.7m (too far)
      BIN_9: 5220.5m (too far)
      BIN_10: 5695.6m (too far)
    Found 1 nearby bins
    Nearby cluster IDs: set()
    Creating new cluster 1 with current bin + nearby bins
      Added BIN_5 to cluster 1
      Added BIN_6 to cluster 1
  
  Processing bin BIN_6 (index 5):
    Finding nearby bins within 1400.0m:
      BIN_1: 5773.9m (too far)
      BIN_2: 5818.2m (too far)
      BIN_3: 6922.2m (too far)
      BIN_4: 6276.7m (too far)
      BIN_5: 842.3m (NEARBY)
        └─ Already in cluster 1
      BIN_7: 1299.1m (NEARBY)
      BIN_8: 5416.7m (too far)
      BIN_9: 4399.9m (too far)
      BIN_10: 4865.3m (too far)
    Found 2 nearby bins
    Nearby cluster IDs: {1}
    Already in cluster 1
  
  Processing bin BIN_7 (index 6):
    Finding nearby bins within 1400.0m:
      BIN_1: 4874.6m (too far)
      BIN_2: 4768.2m (too far)
      BIN_3: 5984.3m (too far)
      BIN_4: 5495.9m (too far)
      BIN_5: 1489.4m (too far)
      BIN_6: 1299.1m (NEARBY)
        └─ Already in cluster 1
      BIN_8: 5977.3m (too far)
      BIN_9: 4975.2m (too far)
      BIN_10: 5354.1m (too far)
    Found 1 nearby bins
    Nearby cluster IDs: {1}
    Joined existing cluster 1
  
  Processing bin BIN_8 (index 7):
    Finding nearby bins within 1400.0m:
      BIN_1: 6278.6m (too far)
      BIN_2: 7031.0m (too far)
      BIN_3: 7148.7m (too far)
      BIN_4: 6012.1m (too far)
      BIN_5: 6234.7m (too far)
      BIN_6: 5416.7m (too far)
      BIN_7: 5977.3m (too far)
      BIN_9: 1018.0m (NEARBY)
      BIN_10: 674.8m (NEARBY)
    Found 2 nearby bins
    Nearby cluster IDs: set()
    Creating new cluster 2 with current bin + nearby bins
      Added BIN_8 to cluster 2
      Added BIN_9 to cluster 2
      Added BIN_10 to cluster 2
  
  Processing bin BIN_9 (index 8):
    Finding nearby bins within 1400.0m:
      BIN_1: 5771.8m (too far)
      BIN_2: 6443.1m (too far)
      BIN_3: 6740.6m (too far)
      BIN_4: 5637.1m (too far)
      BIN_5: 5220.5m (too far)
      BIN_6: 4399.9m (too far)
      BIN_7: 4975.2m (too far)
      BIN_8: 1018.0m (NEARBY)
        └─ Already in cluster 2
      BIN_10: 554.9m (NEARBY)
        └─ Already in cluster 2
    Found 2 nearby bins
    Nearby cluster IDs: {2}
    Already in cluster 2
  
  Processing bin BIN_10 (index 9):
    Finding nearby bins within 1400.0m:
      BIN_1: 5677.1m (too far)
      BIN_2: 6404.5m (too far)
      BIN_3: 6586.6m (too far)
      BIN_4: 5460.6m (too far)
      BIN_5: 5695.6m (too far)
      BIN_6: 4865.3m (too far)
      BIN_7: 5354.1m (too far)
      BIN_8: 674.8m (NEARBY)
        └─ Already in cluster 2
      BIN_9: 554.9m (NEARBY)
        └─ Already in cluster 2
    Found 2 nearby bins
    Nearby cluster IDs: {2}
    Already in cluster 2
  Cleaning up duplicate bins:
  Final clustering results: 3 clusters, sizes: [4, 3, 3]
    Final Cluster 0: ['BIN_1', 'BIN_2', 'BIN_3', 'BIN_4']
    Final Cluster 1: ['BIN_5', 'BIN_6', 'BIN_7']
    Final Cluster 2: ['BIN_8', 'BIN_9', 'BIN_10']

CLUSTERING RESULTS:
  Created 3 clusters
  Cluster 0: 4 bins - ['BIN_1', 'BIN_2', 'BIN_3', 'BIN_4']
    Internal distances:
      BIN_1 to BIN_2: 932.8m
      BIN_1 to BIN_3: 1158.9m
      BIN_1 to BIN_4: 874.4m
      BIN_2 to BIN_3: 1401.8m
      BIN_2 to BIN_4: 1746.8m
      BIN_3 to BIN_4: 1145.1m
    Max internal distance: 1746.8m
  Cluster 1: 3 bins - ['BIN_5', 'BIN_6', 'BIN_7']
    Internal distances:
      BIN_5 to BIN_6: 842.3m
      BIN_5 to BIN_7: 1489.4m
      BIN_6 to BIN_7: 1299.1m
    Max internal distance: 1489.4m
  Cluster 2: 3 bins - ['BIN_8', 'BIN_9', 'BIN_10']
    Internal distances:
      BIN_8 to BIN_9: 1018.0m
      BIN_8 to BIN_10: 674.8m
      BIN_9 to BIN_10: 554.9m
    Max internal distance: 1018.0m
============================================================
CLUSTERING DEBUG END
============================================================
============================================================
CLUSTERING DEBUG START
============================================================
Input validation:
  bins_data type: <class 'list'>
  bins_data length: 10
  depot_data type: <class 'NoneType'>
  depot_data: None
  First bin structure: {'capacity': 500, 'fillLevel': 24.00430555555555, 'fillRate': 3.1, 'id': 'BIN_1', 'lat': 33.60920455921576, 'lng': 73.0824710401013, 'threshold': 80, 'near_threshold_count': 0, 'dynamic_threshold': 50}
  All bin IDs: ['BIN_1', 'BIN_2', 'BIN_3', 'BIN_4', 'BIN_5', 'BIN_6', 'BIN_7', 'BIN_8', 'BIN_9', 'BIN_10']

CALCULATING BIN SERVICE RADIUS:
BIN RADIUS CALCULATION DEBUG:
  depot_data: None
  bins_data length: 10
  No depot data, using default bin radius: 1400m
Final bin service radius: 1400.0m

STARTING PROXIMITY CLUSTERING:
PROXIMITY CLUSTERING DEBUG:
  Bin service radius: 1400.0m
  Processing 10 bins
  All pairwise distances:
    BIN_1 to BIN_2: 932.8m ✓
    BIN_1 to BIN_3: 1158.9m ✓
    BIN_1 to BIN_4: 874.4m ✓
    BIN_1 to BIN_5: 6313.0m ✗
    BIN_1 to BIN_6: 5773.9m ✗
    BIN_1 to BIN_7: 4874.6m ✗
    BIN_1 to BIN_8: 6278.6m ✗
    BIN_1 to BIN_9: 5771.8m ✗
    BIN_1 to BIN_10: 5677.1m ✗
    BIN_2 to BIN_3: 1401.8m ✗
    BIN_2 to BIN_4: 1746.8m ✗
    BIN_2 to BIN_5: 6251.1m ✗
    BIN_2 to BIN_6: 5818.2m ✗
    BIN_2 to BIN_7: 4768.2m ✗
    BIN_2 to BIN_8: 7031.0m ✗
    BIN_2 to BIN_9: 6443.1m ✗
    BIN_2 to BIN_10: 6404.5m ✗
    BIN_3 to BIN_4: 1145.1m ✓
    BIN_3 to BIN_5: 7440.1m ✗
    BIN_3 to BIN_6: 6922.2m ✗
    BIN_3 to BIN_7: 5984.3m ✗
    BIN_3 to BIN_8: 7148.7m ✗
    BIN_3 to BIN_9: 6740.6m ✗
    BIN_3 to BIN_10: 6586.6m ✗
    BIN_4 to BIN_5: 6883.3m ✗
    BIN_4 to BIN_6: 6276.7m ✗
    BIN_4 to BIN_7: 5495.9m ✗
    BIN_4 to BIN_8: 6012.1m ✗
    BIN_4 to BIN_9: 5637.1m ✗
    BIN_4 to BIN_10: 5460.6m ✗
    BIN_5 to BIN_6: 842.3m ✓
    BIN_5 to BIN_7: 1489.4m ✗
    BIN_5 to BIN_8: 6234.7m ✗
    BIN_5 to BIN_9: 5220.5m ✗
    BIN_5 to BIN_10: 5695.6m ✗
    BIN_6 to BIN_7: 1299.1m ✓
    BIN_6 to BIN_8: 5416.7m ✗
    BIN_6 to BIN_9: 4399.9m ✗
    BIN_6 to BIN_10: 4865.3m ✗
    BIN_7 to BIN_8: 5977.3m ✗
    BIN_7 to BIN_9: 4975.2m ✗
    BIN_7 to BIN_10: 5354.1m ✗
    BIN_8 to BIN_9: 1018.0m ✓
    BIN_8 to BIN_10: 674.8m ✓
    BIN_9 to BIN_10: 554.9m ✓
  Processing bins sequentially:
  
  Processing bin BIN_1 (index 0):
    Finding nearby bins within 1400.0m:
      BIN_2: 932.8m (NEARBY)
      BIN_3: 1158.9m (NEARBY)
      BIN_4: 874.4m (NEARBY)
      BIN_5: 6313.0m (too far)
      BIN_6: 5773.9m (too far)
      BIN_7: 4874.6m (too far)
      BIN_8: 6278.6m (too far)
      BIN_9: 5771.8m (too far)
      BIN_10: 5677.1m (too far)
    Found 3 nearby bins
    Nearby cluster IDs: set()
    Creating new cluster 0 with current bin + nearby bins
      Added BIN_1 to cluster 0
      Added BIN_2 to cluster 0
      Added BIN_3 to cluster 0
      Added BIN_4 to cluster 0
  
  Processing bin BIN_2 (index 1):
    Finding nearby bins within 1400.0m:
      BIN_1: 932.8m (NEARBY)
        └─ Already in cluster 0
      BIN_3: 1401.8m (too far)
      BIN_4: 1746.8m (too far)
      BIN_5: 6251.1m (too far)
      BIN_6: 5818.2m (too far)
      BIN_7: 4768.2m (too far)
      BIN_8: 7031.0m (too far)
      BIN_9: 6443.1m (too far)
      BIN_10: 6404.5m (too far)
    Found 1 nearby bins
    Nearby cluster IDs: {0}
    Already in cluster 0
  
  Processing bin BIN_3 (index 2):
    Finding nearby bins within 1400.0m:
      BIN_1: 1158.9m (NEARBY)
        └─ Already in cluster 0
      BIN_2: 1401.8m (too far)
      BIN_4: 1145.1m (NEARBY)
        └─ Already in cluster 0
      BIN_5: 7440.1m (too far)
      BIN_6: 6922.2m (too far)
      BIN_7: 5984.3m (too far)
      BIN_8: 7148.7m (too far)
      BIN_9: 6740.6m (too far)
      BIN_10: 6586.6m (too far)
    Found 2 nearby bins
    Nearby cluster IDs: {0}
    Already in cluster 0
  
  Processing bin BIN_4 (index 3):
    Finding nearby bins within 1400.0m:
      BIN_1: 874.4m (NEARBY)
        └─ Already in cluster 0
      BIN_2: 1746.8m (too far)
      BIN_3: 1145.1m (NEARBY)
        └─ Already in cluster 0
      BIN_5: 6883.3m (too far)
      BIN_6: 6276.7m (too far)
      BIN_7: 5495.9m (too far)
      BIN_8: 6012.1m (too far)
      BIN_9: 5637.1m (too far)
      BIN_10: 5460.6m (too far)
    Found 2 nearby bins
    Nearby cluster IDs: {0}
    Already in cluster 0
  
  Processing bin BIN_5 (index 4):
    Finding nearby bins within 1400.0m:
      BIN_1: 6313.0m (too far)
      BIN_2: 6251.1m (too far)
      BIN_3: 7440.1m (too far)
      BIN_4: 6883.3m (too far)
      BIN_6: 842.3m (NEARBY)
      BIN_7: 1489.4m (too far)
      BIN_8: 6234.7m (too far)
      BIN_9: 5220.5m (too far)
      BIN_10: 5695.6m (too far)
    Found 1 nearby bins
    Nearby cluster IDs: set()
    Creating new cluster 1 with current bin + nearby bins
      Added BIN_5 to cluster 1
      Added BIN_6 to cluster 1
  
  Processing bin BIN_6 (index 5):
    Finding nearby bins within 1400.0m:
      BIN_1: 5773.9m (too far)
      BIN_2: 5818.2m (too far)
      BIN_3: 6922.2m (too far)
      BIN_4: 6276.7m (too far)
      BIN_5: 842.3m (NEARBY)
        └─ Already in cluster 1
      BIN_7: 1299.1m (NEARBY)
      BIN_8: 5416.7m (too far)
      BIN_9: 4399.9m (too far)
      BIN_10: 4865.3m (too far)
    Found 2 nearby bins
    Nearby cluster IDs: {1}
    Already in cluster 1
  
  Processing bin BIN_7 (index 6):
    Finding nearby bins within 1400.0m:
      BIN_1: 4874.6m (too far)
      BIN_2: 4768.2m (too far)
      BIN_3: 5984.3m (too far)
      BIN_4: 5495.9m (too far)
      BIN_5: 1489.4m (too far)
      BIN_6: 1299.1m (NEARBY)
        └─ Already in cluster 1
      BIN_8: 5977.3m (too far)
      BIN_9: 4975.2m (too far)
      BIN_10: 5354.1m (too far)
    Found 1 nearby bins
    Nearby cluster IDs: {1}
    Joined existing cluster 1
  
  Processing bin BIN_8 (index 7):
    Finding nearby bins within 1400.0m:
      BIN_1: 6278.6m (too far)
      BIN_2: 7031.0m (too far)
      BIN_3: 7148.7m (too far)
      BIN_4: 6012.1m (too far)
      BIN_5: 6234.7m (too far)
      BIN_6: 5416.7m (too far)
      BIN_7: 5977.3m (too far)
      BIN_9: 1018.0m (NEARBY)
      BIN_10: 674.8m (NEARBY)
    Found 2 nearby bins
    Nearby cluster IDs: set()
    Creating new cluster 2 with current bin + nearby bins
      Added BIN_8 to cluster 2
      Added BIN_9 to cluster 2
      Added BIN_10 to cluster 2
  
  Processing bin BIN_9 (index 8):
    Finding nearby bins within 1400.0m:
      BIN_1: 5771.8m (too far)
      BIN_2: 6443.1m (too far)
      BIN_3: 6740.6m (too far)
      BIN_4: 5637.1m (too far)
      BIN_5: 5220.5m (too far)
      BIN_6: 4399.9m (too far)
      BIN_7: 4975.2m (too far)
      BIN_8: 1018.0m (NEARBY)
        └─ Already in cluster 2
      BIN_10: 554.9m (NEARBY)
        └─ Already in cluster 2
    Found 2 nearby bins
    Nearby cluster IDs: {2}
    Already in cluster 2
  
  Processing bin BIN_10 (index 9):
    Finding nearby bins within 1400.0m:
      BIN_1: 5677.1m (too far)
      BIN_2: 6404.5m (too far)
      BIN_3: 6586.6m (too far)
      BIN_4: 5460.6m (too far)
      BIN_5: 5695.6m (too far)
      BIN_6: 4865.3m (too far)
      BIN_7: 5354.1m (too far)
      BIN_8: 674.8m (NEARBY)
        └─ Already in cluster 2
      BIN_9: 554.9m (NEARBY)
        └─ Already in cluster 2
    Found 2 nearby bins
    Nearby cluster IDs: {2}
    Already in cluster 2
  Cleaning up duplicate bins:
  Final clustering results: 3 clusters, sizes: [4, 3, 3]
    Final Cluster 0: ['BIN_1', 'BIN_2', 'BIN_3', 'BIN_4']
    Final Cluster 1: ['BIN_5', 'BIN_6', 'BIN_7']
    Final Cluster 2: ['BIN_8', 'BIN_9', 'BIN_10']

CLUSTERING RESULTS:
  Created 3 clusters
  Cluster 0: 4 bins - ['BIN_1', 'BIN_2', 'BIN_3', 'BIN_4']
    Internal distances:
      BIN_1 to BIN_2: 932.8m
      BIN_1 to BIN_3: 1158.9m
      BIN_1 to BIN_4: 874.4m
      BIN_2 to BIN_3: 1401.8m
      BIN_2 to BIN_4: 1746.8m
      BIN_3 to BIN_4: 1145.1m
    Max internal distance: 1746.8m
  Cluster 1: 3 bins - ['BIN_5', 'BIN_6', 'BIN_7']
    Internal distances:
      BIN_5 to BIN_6: 842.3m
      BIN_5 to BIN_7: 1489.4m
      BIN_6 to BIN_7: 1299.1m
    Max internal distance: 1489.4m
  Cluster 2: 3 bins - ['BIN_8', 'BIN_9', 'BIN_10']
    Internal distances:
      BIN_8 to BIN_9: 1018.0m
      BIN_8 to BIN_10: 674.8m
      BIN_9 to BIN_10: 554.9m
    Max internal distance: 1018.0m
============================================================
CLUSTERING DEBUG END
============================================================
============================================================
CLUSTERING DEBUG START
============================================================
Input validation:
  bins_data type: <class 'list'>
  bins_data length: 10
  depot_data type: <class 'NoneType'>
  depot_data: None
  First bin structure: {'capacity': 500, 'fillLevel': 24.00516666666666, 'fillRate': 3.1, 'id': 'BIN_1', 'lat': 33.60920455921576, 'lng': 73.0824710401013, 'threshold': 80, 'near_threshold_count': 0, 'dynamic_threshold': 50}
  All bin IDs: ['BIN_1', 'BIN_2', 'BIN_3', 'BIN_4', 'BIN_5', 'BIN_6', 'BIN_7', 'BIN_8', 'BIN_9', 'BIN_10']

CALCULATING BIN SERVICE RADIUS:
BIN RADIUS CALCULATION DEBUG:
  depot_data: None
  bins_data length: 10
  No depot data, using default bin radius: 1400m
Final bin service radius: 1400.0m

STARTING PROXIMITY CLUSTERING:
PROXIMITY CLUSTERING DEBUG:
  Bin service radius: 1400.0m
  Processing 10 bins
  All pairwise distances:
    BIN_1 to BIN_2: 932.8m ✓
    BIN_1 to BIN_3: 1158.9m ✓
    BIN_1 to BIN_4: 874.4m ✓
    BIN_1 to BIN_5: 6313.0m ✗
    BIN_1 to BIN_6: 5773.9m ✗
    BIN_1 to BIN_7: 4874.6m ✗
    BIN_1 to BIN_8: 6278.6m ✗
    BIN_1 to BIN_9: 5771.8m ✗
    BIN_1 to BIN_10: 5677.1m ✗
    BIN_2 to BIN_3: 1401.8m ✗
    BIN_2 to BIN_4: 1746.8m ✗
    BIN_2 to BIN_5: 6251.1m ✗
    BIN_2 to BIN_6: 5818.2m ✗
    BIN_2 to BIN_7: 4768.2m ✗
    BIN_2 to BIN_8: 7031.0m ✗
    BIN_2 to BIN_9: 6443.1m ✗
    BIN_2 to BIN_10: 6404.5m ✗
    BIN_3 to BIN_4: 1145.1m ✓
    BIN_3 to BIN_5: 7440.1m ✗
    BIN_3 to BIN_6: 6922.2m ✗
    BIN_3 to BIN_7: 5984.3m ✗
    BIN_3 to BIN_8: 7148.7m ✗
    BIN_3 to BIN_9: 6740.6m ✗
    BIN_3 to BIN_10: 6586.6m ✗
    BIN_4 to BIN_5: 6883.3m ✗
    BIN_4 to BIN_6: 6276.7m ✗
    BIN_4 to BIN_7: 5495.9m ✗
    BIN_4 to BIN_8: 6012.1m ✗
    BIN_4 to BIN_9: 5637.1m ✗
    BIN_4 to BIN_10: 5460.6m ✗
    BIN_5 to BIN_6: 842.3m ✓
    BIN_5 to BIN_7: 1489.4m ✗
    BIN_5 to BIN_8: 6234.7m ✗
    BIN_5 to BIN_9: 5220.5m ✗
    BIN_5 to BIN_10: 5695.6m ✗
    BIN_6 to BIN_7: 1299.1m ✓
    BIN_6 to BIN_8: 5416.7m ✗
    BIN_6 to BIN_9: 4399.9m ✗
    BIN_6 to BIN_10: 4865.3m ✗
    BIN_7 to BIN_8: 5977.3m ✗
    BIN_7 to BIN_9: 4975.2m ✗
    BIN_7 to BIN_10: 5354.1m ✗
    BIN_8 to BIN_9: 1018.0m ✓
    BIN_8 to BIN_10: 674.8m ✓
    BIN_9 to BIN_10: 554.9m ✓
  Processing bins sequentially:
  
  Processing bin BIN_1 (index 0):
    Finding nearby bins within 1400.0m:
      BIN_2: 932.8m (NEARBY)
      BIN_3: 1158.9m (NEARBY)
      BIN_4: 874.4m (NEARBY)
      BIN_5: 6313.0m (too far)
      BIN_6: 5773.9m (too far)
      BIN_7: 4874.6m (too far)
      BIN_8: 6278.6m (too far)
      BIN_9: 5771.8m (too far)
      BIN_10: 5677.1m (too far)
    Found 3 nearby bins
    Nearby cluster IDs: set()
    Creating new cluster 0 with current bin + nearby bins
      Added BIN_1 to cluster 0
      Added BIN_2 to cluster 0
      Added BIN_3 to cluster 0
      Added BIN_4 to cluster 0
  
  Processing bin BIN_2 (index 1):
    Finding nearby bins within 1400.0m:
      BIN_1: 932.8m (NEARBY)
        └─ Already in cluster 0
      BIN_3: 1401.8m (too far)
      BIN_4: 1746.8m (too far)
      BIN_5: 6251.1m (too far)
      BIN_6: 5818.2m (too far)
      BIN_7: 4768.2m (too far)
      BIN_8: 7031.0m (too far)
      BIN_9: 6443.1m (too far)
      BIN_10: 6404.5m (too far)
    Found 1 nearby bins
    Nearby cluster IDs: {0}
    Already in cluster 0
  
  Processing bin BIN_3 (index 2):
    Finding nearby bins within 1400.0m:
      BIN_1: 1158.9m (NEARBY)
        └─ Already in cluster 0
      BIN_2: 1401.8m (too far)
      BIN_4: 1145.1m (NEARBY)
        └─ Already in cluster 0
      BIN_5: 7440.1m (too far)
      BIN_6: 6922.2m (too far)
      BIN_7: 5984.3m (too far)
      BIN_8: 7148.7m (too far)
      BIN_9: 6740.6m (too far)
      BIN_10: 6586.6m (too far)
    Found 2 nearby bins
    Nearby cluster IDs: {0}
    Already in cluster 0
  
  Processing bin BIN_4 (index 3):
    Finding nearby bins within 1400.0m:
      BIN_1: 874.4m (NEARBY)
        └─ Already in cluster 0
      BIN_2: 1746.8m (too far)
      BIN_3: 1145.1m (NEARBY)
        └─ Already in cluster 0
      BIN_5: 6883.3m (too far)
      BIN_6: 6276.7m (too far)
      BIN_7: 5495.9m (too far)
      BIN_8: 6012.1m (too far)
      BIN_9: 5637.1m (too far)
      BIN_10: 5460.6m (too far)
    Found 2 nearby bins
    Nearby cluster IDs: {0}
    Already in cluster 0
  
  Processing bin BIN_5 (index 4):
    Finding nearby bins within 1400.0m:
      BIN_1: 6313.0m (too far)
      BIN_2: 6251.1m (too far)
      BIN_3: 7440.1m (too far)
      BIN_4: 6883.3m (too far)
      BIN_6: 842.3m (NEARBY)
      BIN_7: 1489.4m (too far)
      BIN_8: 6234.7m (too far)
      BIN_9: 5220.5m (too far)
      BIN_10: 5695.6m (too far)
    Found 1 nearby bins
    Nearby cluster IDs: set()
    Creating new cluster 1 with current bin + nearby bins
      Added BIN_5 to cluster 1
      Added BIN_6 to cluster 1
  
  Processing bin BIN_6 (index 5):
    Finding nearby bins within 1400.0m:
      BIN_1: 5773.9m (too far)
      BIN_2: 5818.2m (too far)
      BIN_3: 6922.2m (too far)
      BIN_4: 6276.7m (too far)
      BIN_5: 842.3m (NEARBY)
        └─ Already in cluster 1
      BIN_7: 1299.1m (NEARBY)
      BIN_8: 5416.7m (too far)
      BIN_9: 4399.9m (too far)
      BIN_10: 4865.3m (too far)
    Found 2 nearby bins
    Nearby cluster IDs: {1}
    Already in cluster 1
  
  Processing bin BIN_7 (index 6):
    Finding nearby bins within 1400.0m:
      BIN_1: 4874.6m (too far)
      BIN_2: 4768.2m (too far)
      BIN_3: 5984.3m (too far)
      BIN_4: 5495.9m (too far)
      BIN_5: 1489.4m (too far)
      BIN_6: 1299.1m (NEARBY)
        └─ Already in cluster 1
      BIN_8: 5977.3m (too far)
      BIN_9: 4975.2m (too far)
      BIN_10: 5354.1m (too far)
    Found 1 nearby bins
    Nearby cluster IDs: {1}
    Joined existing cluster 1
  
  Processing bin BIN_8 (index 7):
    Finding nearby bins within 1400.0m:
      BIN_1: 6278.6m (too far)
      BIN_2: 7031.0m (too far)
      BIN_3: 7148.7m (too far)
      BIN_4: 6012.1m (too far)
      BIN_5: 6234.7m (too far)
      BIN_6: 5416.7m (too far)
      BIN_7: 5977.3m (too far)
      BIN_9: 1018.0m (NEARBY)
      BIN_10: 674.8m (NEARBY)
    Found 2 nearby bins
    Nearby cluster IDs: set()
    Creating new cluster 2 with current bin + nearby bins
      Added BIN_8 to cluster 2
      Added BIN_9 to cluster 2
      Added BIN_10 to cluster 2
  
  Processing bin BIN_9 (index 8):
    Finding nearby bins within 1400.0m:
      BIN_1: 5771.8m (too far)
      BIN_2: 6443.1m (too far)
      BIN_3: 6740.6m (too far)
      BIN_4: 5637.1m (too far)
      BIN_5: 5220.5m (too far)
      BIN_6: 4399.9m (too far)
      BIN_7: 4975.2m (too far)
      BIN_8: 1018.0m (NEARBY)
        └─ Already in cluster 2
      BIN_10: 554.9m (NEARBY)
        └─ Already in cluster 2
    Found 2 nearby bins
    Nearby cluster IDs: {2}
    Already in cluster 2
  
  Processing bin BIN_10 (index 9):
    Finding nearby bins within 1400.0m:
      BIN_1: 5677.1m (too far)
      BIN_2: 6404.5m (too far)
      BIN_3: 6586.6m (too far)
      BIN_4: 5460.6m (too far)
      BIN_5: 5695.6m (too far)
      BIN_6: 4865.3m (too far)
      BIN_7: 5354.1m (too far)
      BIN_8: 674.8m (NEARBY)
        └─ Already in cluster 2
      BIN_9: 554.9m (NEARBY)
        └─ Already in cluster 2
    Found 2 nearby bins
    Nearby cluster IDs: {2}
    Already in cluster 2
  Cleaning up duplicate bins:
  Final clustering results: 3 clusters, sizes: [4, 3, 3]
    Final Cluster 0: ['BIN_1', 'BIN_2', 'BIN_3', 'BIN_4']
    Final Cluster 1: ['BIN_5', 'BIN_6', 'BIN_7']
    Final Cluster 2: ['BIN_8', 'BIN_9', 'BIN_10']

CLUSTERING RESULTS:
  Created 3 clusters
  Cluster 0: 4 bins - ['BIN_1', 'BIN_2', 'BIN_3', 'BIN_4']
    Internal distances:
      BIN_1 to BIN_2: 932.8m
      BIN_1 to BIN_3: 1158.9m
      BIN_1 to BIN_4: 874.4m
      BIN_2 to BIN_3: 1401.8m
      BIN_2 to BIN_4: 1746.8m
      BIN_3 to BIN_4: 1145.1m
    Max internal distance: 1746.8m
  Cluster 1: 3 bins - ['BIN_5', 'BIN_6', 'BIN_7']
    Internal distances:
      BIN_5 to BIN_6: 842.3m
      BIN_5 to BIN_7: 1489.4m
      BIN_6 to BIN_7: 1299.1m
    Max internal distance: 1489.4m
  Cluster 2: 3 bins - ['BIN_8', 'BIN_9', 'BIN_10']
    Internal distances:
      BIN_8 to BIN_9: 1018.0m
      BIN_8 to BIN_10: 674.8m
      BIN_9 to BIN_10: 554.9m
    Max internal distance: 1018.0m
============================================================
CLUSTERING DEBUG END
============================================================
System loaded from: cleanify_system_20250922_200521.json
System loaded from: cleanify_system_20250929_233211.json
Starting simulation...
============================================================
CLUSTERING DEBUG START
============================================================
Input validation:
  bins_data type: <class 'list'>
  bins_data length: 10
  depot_data type: <class 'NoneType'>
  depot_data: None
  First bin structure: {'capacity': 500, 'fillLevel': 0, 'fillRate': 6, 'id': 'BIN_1', 'lat': 33.613580131572526, 'lng': 73.05981561266454, 'threshold': 80}
  All bin IDs: ['BIN_1', 'BIN_2', 'BIN_3', 'BIN_4', 'BIN_5', 'BIN_6', 'BIN_7', 'BIN_8', 'BIN_9', 'BIN_10']

CALCULATING BIN SERVICE RADIUS:
BIN RADIUS CALCULATION DEBUG:
  depot_data: None
  bins_data length: 10
  No depot data, using default bin radius: 1400m
Final bin service radius: 1400.0m

STARTING PROXIMITY CLUSTERING:
PROXIMITY CLUSTERING DEBUG:
  Bin service radius: 1400.0m
  Processing 10 bins
  All pairwise distances:
    BIN_1 to BIN_2: 2066.1m ✗
    BIN_1 to BIN_3: 421.5m ✓
    BIN_1 to BIN_4: 1072.9m ✓
    BIN_1 to BIN_5: 361.9m ✓
    BIN_1 to BIN_6: 2042.5m ✗
    BIN_1 to BIN_7: 453.6m ✓
    BIN_1 to BIN_8: 2341.7m ✗
    BIN_1 to BIN_9: 1341.0m ✓
    BIN_1 to BIN_10: 2500.7m ✗
    BIN_2 to BIN_3: 1888.5m ✗
    BIN_2 to BIN_4: 2341.0m ✗
    BIN_2 to BIN_5: 1705.4m ✗
    BIN_2 to BIN_6: 301.7m ✓
    BIN_2 to BIN_7: 2216.1m ✗
    BIN_2 to BIN_8: 407.7m ✓
    BIN_2 to BIN_9: 2300.3m ✗
    BIN_2 to BIN_10: 515.6m ✓
    BIN_3 to BIN_4: 1454.5m ✗
    BIN_3 to BIN_5: 367.4m ✓
    BIN_3 to BIN_6: 1925.0m ✗
    BIN_3 to BIN_7: 327.9m ✓
    BIN_3 to BIN_8: 2107.4m ✗
    BIN_3 to BIN_9: 1691.7m ✗
    BIN_3 to BIN_10: 2365.5m ✗
    BIN_4 to BIN_5: 1162.6m ✓
    BIN_4 to BIN_6: 2177.6m ✗
    BIN_4 to BIN_7: 1516.7m ✗
    BIN_4 to BIN_8: 2718.0m ✗
    BIN_4 to BIN_9: 325.5m ✓
    BIN_4 to BIN_10: 2612.2m ✗
    BIN_5 to BIN_6: 1691.3m ✗
    BIN_5 to BIN_7: 623.6m ✓
    BIN_5 to BIN_8: 1980.6m ✗
    BIN_5 to BIN_9: 1366.3m ✓
    BIN_5 to BIN_10: 2147.1m ✗
    BIN_6 to BIN_7: 2251.1m ✗
    BIN_6 to BIN_8: 686.1m ✓
    BIN_6 to BIN_9: 2102.2m ✗
    BIN_6 to BIN_10: 461.6m ✓
    BIN_7 to BIN_8: 2428.6m ✗
    BIN_7 to BIN_9: 1793.2m ✗
    BIN_7 to BIN_10: 2693.1m ✗
    BIN_8 to BIN_9: 2694.1m ✗
    BIN_8 to BIN_10: 644.4m ✓
    BIN_9 to BIN_10: 2512.2m ✗
  Processing bins sequentially:
  
  Processing bin BIN_1 (index 0):
    Finding nearby bins within 1400.0m:
      BIN_2: 2066.1m (too far)
      BIN_3: 421.5m (NEARBY)
      BIN_4: 1072.9m (NEARBY)
      BIN_5: 361.9m (NEARBY)
      BIN_6: 2042.5m (too far)
      BIN_7: 453.6m (NEARBY)
      BIN_8: 2341.7m (too far)
      BIN_9: 1341.0m (NEARBY)
      BIN_10: 2500.7m (too far)
    Found 5 nearby bins
    Nearby cluster IDs: set()
    Creating new cluster 0 with current bin + nearby bins
      Added BIN_1 to cluster 0
      Added BIN_3 to cluster 0
      Added BIN_4 to cluster 0
      Added BIN_5 to cluster 0
      Added BIN_7 to cluster 0
      Added BIN_9 to cluster 0
  
  Processing bin BIN_2 (index 1):
    Finding nearby bins within 1400.0m:
      BIN_1: 2066.1m (too far)
      BIN_3: 1888.5m (too far)
      BIN_4: 2341.0m (too far)
      BIN_5: 1705.4m (too far)
      BIN_6: 301.7m (NEARBY)
      BIN_7: 2216.1m (too far)
      BIN_8: 407.7m (NEARBY)
      BIN_9: 2300.3m (too far)
      BIN_10: 515.6m (NEARBY)
    Found 3 nearby bins
    Nearby cluster IDs: set()
    Creating new cluster 1 with current bin + nearby bins
      Added BIN_2 to cluster 1
      Added BIN_6 to cluster 1
      Added BIN_8 to cluster 1
      Added BIN_10 to cluster 1
  
  Processing bin BIN_3 (index 2):
    Finding nearby bins within 1400.0m:
      BIN_1: 421.5m (NEARBY)
        └─ Already in cluster 0
      BIN_2: 1888.5m (too far)
      BIN_4: 1454.5m (too far)
      BIN_5: 367.4m (NEARBY)
        └─ Already in cluster 0
      BIN_6: 1925.0m (too far)
      BIN_7: 327.9m (NEARBY)
        └─ Already in cluster 0
      BIN_8: 2107.4m (too far)
      BIN_9: 1691.7m (too far)
      BIN_10: 2365.5m (too far)
    Found 3 nearby bins
    Nearby cluster IDs: {0}
    Already in cluster 0
  
  Processing bin BIN_4 (index 3):
    Finding nearby bins within 1400.0m:
      BIN_1: 1072.9m (NEARBY)
        └─ Already in cluster 0
      BIN_2: 2341.0m (too far)
      BIN_3: 1454.5m (too far)
      BIN_5: 1162.6m (NEARBY)
        └─ Already in cluster 0
      BIN_6: 2177.6m (too far)
      BIN_7: 1516.7m (too far)
      BIN_8: 2718.0m (too far)
      BIN_9: 325.5m (NEARBY)
        └─ Already in cluster 0
      BIN_10: 2612.2m (too far)
    Found 3 nearby bins
    Nearby cluster IDs: {0}
    Already in cluster 0
  
  Processing bin BIN_5 (index 4):
    Finding nearby bins within 1400.0m:
      BIN_1: 361.9m (NEARBY)
        └─ Already in cluster 0
      BIN_2: 1705.4m (too far)
      BIN_3: 367.4m (NEARBY)
        └─ Already in cluster 0
      BIN_4: 1162.6m (NEARBY)
        └─ Already in cluster 0
      BIN_6: 1691.3m (too far)
      BIN_7: 623.6m (NEARBY)
        └─ Already in cluster 0
      BIN_8: 1980.6m (too far)
      BIN_9: 1366.3m (NEARBY)
        └─ Already in cluster 0
      BIN_10: 2147.1m (too far)
    Found 5 nearby bins
    Nearby cluster IDs: {0}
    Already in cluster 0
  
  Processing bin BIN_6 (index 5):
    Finding nearby bins within 1400.0m:
      BIN_1: 2042.5m (too far)
      BIN_2: 301.7m (NEARBY)
        └─ Already in cluster 1
      BIN_3: 1925.0m (too far)
      BIN_4: 2177.6m (too far)
      BIN_5: 1691.3m (too far)
      BIN_7: 2251.1m (too far)
      BIN_8: 686.1m (NEARBY)
        └─ Already in cluster 1
      BIN_9: 2102.2m (too far)
      BIN_10: 461.6m (NEARBY)
        └─ Already in cluster 1
    Found 3 nearby bins
    Nearby cluster IDs: {1}
    Already in cluster 1
  
  Processing bin BIN_7 (index 6):
    Finding nearby bins within 1400.0m:
      BIN_1: 453.6m (NEARBY)
        └─ Already in cluster 0
      BIN_2: 2216.1m (too far)
      BIN_3: 327.9m (NEARBY)
        └─ Already in cluster 0
      BIN_4: 1516.7m (too far)
      BIN_5: 623.6m (NEARBY)
        └─ Already in cluster 0
      BIN_6: 2251.1m (too far)
      BIN_8: 2428.6m (too far)
      BIN_9: 1793.2m (too far)
      BIN_10: 2693.1m (too far)
    Found 3 nearby bins
    Nearby cluster IDs: {0}
    Already in cluster 0
  
  Processing bin BIN_8 (index 7):
    Finding nearby bins within 1400.0m:
      BIN_1: 2341.7m (too far)
      BIN_2: 407.7m (NEARBY)
        └─ Already in cluster 1
      BIN_3: 2107.4m (too far)
      BIN_4: 2718.0m (too far)
      BIN_5: 1980.6m (too far)
      BIN_6: 686.1m (NEARBY)
        └─ Already in cluster 1
      BIN_7: 2428.6m (too far)
      BIN_9: 2694.1m (too far)
      BIN_10: 644.4m (NEARBY)
        └─ Already in cluster 1
    Found 3 nearby bins
    Nearby cluster IDs: {1}
    Already in cluster 1
  
  Processing bin BIN_9 (index 8):
    Finding nearby bins within 1400.0m:
      BIN_1: 1341.0m (NEARBY)
        └─ Already in cluster 0
      BIN_2: 2300.3m (too far)
      BIN_3: 1691.7m (too far)
      BIN_4: 325.5m (NEARBY)
        └─ Already in cluster 0
      BIN_5: 1366.3m (NEARBY)
        └─ Already in cluster 0
      BIN_6: 2102.2m (too far)
      BIN_7: 1793.2m (too far)
      BIN_8: 2694.1m (too far)
      BIN_10: 2512.2m (too far)
    Found 3 nearby bins
    Nearby cluster IDs: {0}
    Already in cluster 0
  
  Processing bin BIN_10 (index 9):
    Finding nearby bins within 1400.0m:
      BIN_1: 2500.7m (too far)
      BIN_2: 515.6m (NEARBY)
        └─ Already in cluster 1
      BIN_3: 2365.5m (too far)
      BIN_4: 2612.2m (too far)
      BIN_5: 2147.1m (too far)
      BIN_6: 461.6m (NEARBY)
        └─ Already in cluster 1
      BIN_7: 2693.1m (too far)
      BIN_8: 644.4m (NEARBY)
        └─ Already in cluster 1
      BIN_9: 2512.2m (too far)
    Found 3 nearby bins
    Nearby cluster IDs: {1}
    Already in cluster 1
  Cleaning up duplicate bins:
  Final clustering results: 2 clusters, sizes: [6, 4]
    Final Cluster 0: ['BIN_1', 'BIN_3', 'BIN_4', 'BIN_5', 'BIN_7', 'BIN_9']
    Final Cluster 1: ['BIN_2', 'BIN_6', 'BIN_8', 'BIN_10']

CLUSTERING RESULTS:
  Created 2 clusters
  Cluster 0: 6 bins - ['BIN_1', 'BIN_3', 'BIN_4', 'BIN_5', 'BIN_7', 'BIN_9']
    Internal distances:
      BIN_1 to BIN_3: 421.5m
      BIN_1 to BIN_4: 1072.9m
      BIN_1 to BIN_5: 361.9m
      BIN_1 to BIN_7: 453.6m
      BIN_1 to BIN_9: 1341.0m
      BIN_3 to BIN_4: 1454.5m
      BIN_3 to BIN_5: 367.4m
      BIN_3 to BIN_7: 327.9m
      BIN_3 to BIN_9: 1691.7m
      BIN_4 to BIN_5: 1162.6m
      BIN_4 to BIN_7: 1516.7m
      BIN_4 to BIN_9: 325.5m
      BIN_5 to BIN_7: 623.6m
      BIN_5 to BIN_9: 1366.3m
      BIN_7 to BIN_9: 1793.2m
    Max internal distance: 1793.2m
  Cluster 1: 4 bins - ['BIN_2', 'BIN_6', 'BIN_8', 'BIN_10']
    Internal distances:
      BIN_2 to BIN_6: 301.7m
      BIN_2 to BIN_8: 407.7m
      BIN_2 to BIN_10: 515.6m
      BIN_6 to BIN_8: 686.1m
      BIN_6 to BIN_10: 461.6m
      BIN_8 to BIN_10: 644.4m
    Max internal distance: 686.1m
============================================================
CLUSTERING DEBUG END
============================================================
🎯 Using collection queue priority routing: 2 bins
============================================================
CLUSTERING DEBUG START
============================================================
Input validation:
  bins_data type: <class 'list'>
  bins_data length: 10
  depot_data type: <class 'NoneType'>
  depot_data: None
  First bin structure: {'capacity': 500, 'fillLevel': 0.0016666666666666666, 'fillRate': 6, 'id': 'BIN_1', 'lat': 33.613580131572526, 'lng': 73.05981561266454, 'threshold': 80, 'near_threshold_count': 0, 'dynamic_threshold': 50}
  All bin IDs: ['BIN_1', 'BIN_2', 'BIN_3', 'BIN_4', 'BIN_5', 'BIN_6', 'BIN_7', 'BIN_8', 'BIN_9', 'BIN_10']

CALCULATING BIN SERVICE RADIUS:
BIN RADIUS CALCULATION DEBUG:
  depot_data: None
  bins_data length: 10
  No depot data, using default bin radius: 1400m
Final bin service radius: 1400.0m

STARTING PROXIMITY CLUSTERING:
PROXIMITY CLUSTERING DEBUG:
  Bin service radius: 1400.0m
  Processing 10 bins
  All pairwise distances:
    BIN_1 to BIN_2: 2066.1m ✗
    BIN_1 to BIN_3: 421.5m ✓
    BIN_1 to BIN_4: 1072.9m ✓
    BIN_1 to BIN_5: 361.9m ✓
    BIN_1 to BIN_6: 2042.5m ✗
    BIN_1 to BIN_7: 453.6m ✓
    BIN_1 to BIN_8: 2341.7m ✗
    BIN_1 to BIN_9: 1341.0m ✓
    BIN_1 to BIN_10: 2500.7m ✗
    BIN_2 to BIN_3: 1888.5m ✗
    BIN_2 to BIN_4: 2341.0m ✗
    BIN_2 to BIN_5: 1705.4m ✗
    BIN_2 to BIN_6: 301.7m ✓
    BIN_2 to BIN_7: 2216.1m ✗
    BIN_2 to BIN_8: 407.7m ✓
    BIN_2 to BIN_9: 2300.3m ✗
    BIN_2 to BIN_10: 515.6m ✓
    BIN_3 to BIN_4: 1454.5m ✗
    BIN_3 to BIN_5: 367.4m ✓
    BIN_3 to BIN_6: 1925.0m ✗
    BIN_3 to BIN_7: 327.9m ✓
    BIN_3 to BIN_8: 2107.4m ✗
    BIN_3 to BIN_9: 1691.7m ✗
    BIN_3 to BIN_10: 2365.5m ✗
    BIN_4 to BIN_5: 1162.6m ✓
    BIN_4 to BIN_6: 2177.6m ✗
    BIN_4 to BIN_7: 1516.7m ✗
    BIN_4 to BIN_8: 2718.0m ✗
    BIN_4 to BIN_9: 325.5m ✓
    BIN_4 to BIN_10: 2612.2m ✗
    BIN_5 to BIN_6: 1691.3m ✗
    BIN_5 to BIN_7: 623.6m ✓
    BIN_5 to BIN_8: 1980.6m ✗
    BIN_5 to BIN_9: 1366.3m ✓
    BIN_5 to BIN_10: 2147.1m ✗
    BIN_6 to BIN_7: 2251.1m ✗
    BIN_6 to BIN_8: 686.1m ✓
    BIN_6 to BIN_9: 2102.2m ✗
    BIN_6 to BIN_10: 461.6m ✓
    BIN_7 to BIN_8: 2428.6m ✗
    BIN_7 to BIN_9: 1793.2m ✗
    BIN_7 to BIN_10: 2693.1m ✗
    BIN_8 to BIN_9: 2694.1m ✗
    BIN_8 to BIN_10: 644.4m ✓
    BIN_9 to BIN_10: 2512.2m ✗
  Processing bins sequentially:
  
  Processing bin BIN_1 (index 0):
    Finding nearby bins within 1400.0m:
      BIN_2: 2066.1m (too far)
      BIN_3: 421.5m (NEARBY)
      BIN_4: 1072.9m (NEARBY)
      BIN_5: 361.9m (NEARBY)
      BIN_6: 2042.5m (too far)
      BIN_7: 453.6m (NEARBY)
      BIN_8: 2341.7m (too far)
      BIN_9: 1341.0m (NEARBY)
      BIN_10: 2500.7m (too far)
    Found 5 nearby bins
    Nearby cluster IDs: set()
    Creating new cluster 0 with current bin + nearby bins
      Added BIN_1 to cluster 0
      Added BIN_3 to cluster 0
      Added BIN_4 to cluster 0
      Added BIN_5 to cluster 0
      Added BIN_7 to cluster 0
      Added BIN_9 to cluster 0
  
  Processing bin BIN_2 (index 1):
    Finding nearby bins within 1400.0m:
      BIN_1: 2066.1m (too far)
      BIN_3: 1888.5m (too far)
      BIN_4: 2341.0m (too far)
      BIN_5: 1705.4m (too far)
      BIN_6: 301.7m (NEARBY)
      BIN_7: 2216.1m (too far)
      BIN_8: 407.7m (NEARBY)
      BIN_9: 2300.3m (too far)
      BIN_10: 515.6m (NEARBY)
    Found 3 nearby bins
    Nearby cluster IDs: set()
    Creating new cluster 1 with current bin + nearby bins
      Added BIN_2 to cluster 1
      Added BIN_6 to cluster 1
      Added BIN_8 to cluster 1
      Added BIN_10 to cluster 1
  
  Processing bin BIN_3 (index 2):
    Finding nearby bins within 1400.0m:
      BIN_1: 421.5m (NEARBY)
        └─ Already in cluster 0
      BIN_2: 1888.5m (too far)
      BIN_4: 1454.5m (too far)
      BIN_5: 367.4m (NEARBY)
        └─ Already in cluster 0
      BIN_6: 1925.0m (too far)
      BIN_7: 327.9m (NEARBY)
        └─ Already in cluster 0
      BIN_8: 2107.4m (too far)
      BIN_9: 1691.7m (too far)
      BIN_10: 2365.5m (too far)
    Found 3 nearby bins
    Nearby cluster IDs: {0}
    Already in cluster 0
  
  Processing bin BIN_4 (index 3):
    Finding nearby bins within 1400.0m:
      BIN_1: 1072.9m (NEARBY)
        └─ Already in cluster 0
      BIN_2: 2341.0m (too far)
      BIN_3: 1454.5m (too far)
      BIN_5: 1162.6m (NEARBY)
        └─ Already in cluster 0
      BIN_6: 2177.6m (too far)
      BIN_7: 1516.7m (too far)
      BIN_8: 2718.0m (too far)
      BIN_9: 325.5m (NEARBY)
        └─ Already in cluster 0
      BIN_10: 2612.2m (too far)
    Found 3 nearby bins
    Nearby cluster IDs: {0}
    Already in cluster 0
  
  Processing bin BIN_5 (index 4):
    Finding nearby bins within 1400.0m:
      BIN_1: 361.9m (NEARBY)
        └─ Already in cluster 0
      BIN_2: 1705.4m (too far)
      BIN_3: 367.4m (NEARBY)
        └─ Already in cluster 0
      BIN_4: 1162.6m (NEARBY)
        └─ Already in cluster 0
      BIN_6: 1691.3m (too far)
      BIN_7: 623.6m (NEARBY)
        └─ Already in cluster 0
      BIN_8: 1980.6m (too far)
      BIN_9: 1366.3m (NEARBY)
        └─ Already in cluster 0
      BIN_10: 2147.1m (too far)
    Found 5 nearby bins
    Nearby cluster IDs: {0}
    Already in cluster 0
  
  Processing bin BIN_6 (index 5):
    Finding nearby bins within 1400.0m:
      BIN_1: 2042.5m (too far)
      BIN_2: 301.7m (NEARBY)
        └─ Already in cluster 1
      BIN_3: 1925.0m (too far)
      BIN_4: 2177.6m (too far)
      BIN_5: 1691.3m (too far)
      BIN_7: 2251.1m (too far)
      BIN_8: 686.1m (NEARBY)
        └─ Already in cluster 1
      BIN_9: 2102.2m (too far)
      BIN_10: 461.6m (NEARBY)
        └─ Already in cluster 1
    Found 3 nearby bins
    Nearby cluster IDs: {1}
    Already in cluster 1
  
  Processing bin BIN_7 (index 6):
    Finding nearby bins within 1400.0m:
      BIN_1: 453.6m (NEARBY)
        └─ Already in cluster 0
      BIN_2: 2216.1m (too far)
      BIN_3: 327.9m (NEARBY)
        └─ Already in cluster 0
      BIN_4: 1516.7m (too far)
      BIN_5: 623.6m (NEARBY)
        └─ Already in cluster 0
      BIN_6: 2251.1m (too far)
      BIN_8: 2428.6m (too far)
      BIN_9: 1793.2m (too far)
      BIN_10: 2693.1m (too far)
    Found 3 nearby bins
    Nearby cluster IDs: {0}
    Already in cluster 0
  
  Processing bin BIN_8 (index 7):
    Finding nearby bins within 1400.0m:
      BIN_1: 2341.7m (too far)
      BIN_2: 407.7m (NEARBY)
        └─ Already in cluster 1
      BIN_3: 2107.4m (too far)
      BIN_4: 2718.0m (too far)
      BIN_5: 1980.6m (too far)
      BIN_6: 686.1m (NEARBY)
        └─ Already in cluster 1
      BIN_7: 2428.6m (too far)
      BIN_9: 2694.1m (too far)
      BIN_10: 644.4m (NEARBY)
        └─ Already in cluster 1
    Found 3 nearby bins
    Nearby cluster IDs: {1}
    Already in cluster 1
  
  Processing bin BIN_9 (index 8):
    Finding nearby bins within 1400.0m:
      BIN_1: 1341.0m (NEARBY)
        └─ Already in cluster 0
      BIN_2: 2300.3m (too far)
      BIN_3: 1691.7m (too far)
      BIN_4: 325.5m (NEARBY)
        └─ Already in cluster 0
      BIN_5: 1366.3m (NEARBY)
        └─ Already in cluster 0
      BIN_6: 2102.2m (too far)
      BIN_7: 1793.2m (too far)
      BIN_8: 2694.1m (too far)
      BIN_10: 2512.2m (too far)
    Found 3 nearby bins
    Nearby cluster IDs: {0}
    Already in cluster 0
  
  Processing bin BIN_10 (index 9):
    Finding nearby bins within 1400.0m:
      BIN_1: 2500.7m (too far)
      BIN_2: 515.6m (NEARBY)
        └─ Already in cluster 1
      BIN_3: 2365.5m (too far)
      BIN_4: 2612.2m (too far)
      BIN_5: 2147.1m (too far)
      BIN_6: 461.6m (NEARBY)
        └─ Already in cluster 1
      BIN_7: 2693.1m (too far)
      BIN_8: 644.4m (NEARBY)
        └─ Already in cluster 1
      BIN_9: 2512.2m (too far)
    Found 3 nearby bins
    Nearby cluster IDs: {1}
    Already in cluster 1
  Cleaning up duplicate bins:
  Final clustering results: 2 clusters, sizes: [6, 4]
    Final Cluster 0: ['BIN_1', 'BIN_3', 'BIN_4', 'BIN_5', 'BIN_7', 'BIN_9']
    Final Cluster 1: ['BIN_2', 'BIN_6', 'BIN_8', 'BIN_10']

CLUSTERING RESULTS:
  Created 2 clusters
  Cluster 0: 6 bins - ['BIN_1', 'BIN_3', 'BIN_4', 'BIN_5', 'BIN_7', 'BIN_9']
    Internal distances:
      BIN_1 to BIN_3: 421.5m
      BIN_1 to BIN_4: 1072.9m
      BIN_1 to BIN_5: 361.9m
      BIN_1 to BIN_7: 453.6m
      BIN_1 to BIN_9: 1341.0m
      BIN_3 to BIN_4: 1454.5m
      BIN_3 to BIN_5: 367.4m
      BIN_3 to BIN_7: 327.9m
      BIN_3 to BIN_9: 1691.7m
      BIN_4 to BIN_5: 1162.6m
      BIN_4 to BIN_7: 1516.7m
      BIN_4 to BIN_9: 325.5m
      BIN_5 to BIN_7: 623.6m
      BIN_5 to BIN_9: 1366.3m
      BIN_7 to BIN_9: 1793.2m
    Max internal distance: 1793.2m
  Cluster 1: 4 bins - ['BIN_2', 'BIN_6', 'BIN_8', 'BIN_10']
    Internal distances:
      BIN_2 to BIN_6: 301.7m
      BIN_2 to BIN_8: 407.7m
      BIN_2 to BIN_10: 515.6m
      BIN_6 to BIN_8: 686.1m
      BIN_6 to BIN_10: 461.6m
      BIN_8 to BIN_10: 644.4m
    Max internal distance: 686.1m
============================================================
CLUSTERING DEBUG END
============================================================
🎯 Using collection queue priority routing: 2 bins
============================================================
CLUSTERING DEBUG START
============================================================
Input validation:
  bins_data type: <class 'list'>
  bins_data length: 10
  depot_data type: <class 'NoneType'>
  depot_data: None
  First bin structure: {'capacity': 500, 'fillLevel': 0.003333333333333333, 'fillRate': 6, 'id': 'BIN_1', 'lat': 33.613580131572526, 'lng': 73.05981561266454, 'threshold': 80, 'near_threshold_count': 0, 'dynamic_threshold': 50}
  All bin IDs: ['BIN_1', 'BIN_2', 'BIN_3', 'BIN_4', 'BIN_5', 'BIN_6', 'BIN_7', 'BIN_8', 'BIN_9', 'BIN_10']

CALCULATING BIN SERVICE RADIUS:
BIN RADIUS CALCULATION DEBUG:
  depot_data: None
  bins_data length: 10
  No depot data, using default bin radius: 1400m
Final bin service radius: 1400.0m

STARTING PROXIMITY CLUSTERING:
PROXIMITY CLUSTERING DEBUG:
  Bin service radius: 1400.0m
  Processing 10 bins
  All pairwise distances:
    BIN_1 to BIN_2: 2066.1m ✗
    BIN_1 to BIN_3: 421.5m ✓
    BIN_1 to BIN_4: 1072.9m ✓
    BIN_1 to BIN_5: 361.9m ✓
    BIN_1 to BIN_6: 2042.5m ✗
    BIN_1 to BIN_7: 453.6m ✓
    BIN_1 to BIN_8: 2341.7m ✗
    BIN_1 to BIN_9: 1341.0m ✓
    BIN_1 to BIN_10: 2500.7m ✗
    BIN_2 to BIN_3: 1888.5m ✗
    BIN_2 to BIN_4: 2341.0m ✗
    BIN_2 to BIN_5: 1705.4m ✗
    BIN_2 to BIN_6: 301.7m ✓
    BIN_2 to BIN_7: 2216.1m ✗
    BIN_2 to BIN_8: 407.7m ✓
    BIN_2 to BIN_9: 2300.3m ✗
    BIN_2 to BIN_10: 515.6m ✓
    BIN_3 to BIN_4: 1454.5m ✗
    BIN_3 to BIN_5: 367.4m ✓
    BIN_3 to BIN_6: 1925.0m ✗
    BIN_3 to BIN_7: 327.9m ✓
    BIN_3 to BIN_8: 2107.4m ✗
    BIN_3 to BIN_9: 1691.7m ✗
    BIN_3 to BIN_10: 2365.5m ✗
    BIN_4 to BIN_5: 1162.6m ✓
    BIN_4 to BIN_6: 2177.6m ✗
    BIN_4 to BIN_7: 1516.7m ✗
    BIN_4 to BIN_8: 2718.0m ✗
    BIN_4 to BIN_9: 325.5m ✓
    BIN_4 to BIN_10: 2612.2m ✗
    BIN_5 to BIN_6: 1691.3m ✗
    BIN_5 to BIN_7: 623.6m ✓
    BIN_5 to BIN_8: 1980.6m ✗
    BIN_5 to BIN_9: 1366.3m ✓
    BIN_5 to BIN_10: 2147.1m ✗
    BIN_6 to BIN_7: 2251.1m ✗
    BIN_6 to BIN_8: 686.1m ✓
    BIN_6 to BIN_9: 2102.2m ✗
    BIN_6 to BIN_10: 461.6m ✓
    BIN_7 to BIN_8: 2428.6m ✗
    BIN_7 to BIN_9: 1793.2m ✗
    BIN_7 to BIN_10: 2693.1m ✗
    BIN_8 to BIN_9: 2694.1m ✗
    BIN_8 to BIN_10: 644.4m ✓
    BIN_9 to BIN_10: 2512.2m ✗
  Processing bins sequentially:
  
  Processing bin BIN_1 (index 0):
    Finding nearby bins within 1400.0m:
      BIN_2: 2066.1m (too far)
      BIN_3: 421.5m (NEARBY)
      BIN_4: 1072.9m (NEARBY)
      BIN_5: 361.9m (NEARBY)
      BIN_6: 2042.5m (too far)
      BIN_7: 453.6m (NEARBY)
      BIN_8: 2341.7m (too far)
      BIN_9: 1341.0m (NEARBY)
      BIN_10: 2500.7m (too far)
    Found 5 nearby bins
    Nearby cluster IDs: set()
    Creating new cluster 0 with current bin + nearby bins
      Added BIN_1 to cluster 0
      Added BIN_3 to cluster 0
      Added BIN_4 to cluster 0
      Added BIN_5 to cluster 0
      Added BIN_7 to cluster 0
      Added BIN_9 to cluster 0
  
  Processing bin BIN_2 (index 1):
    Finding nearby bins within 1400.0m:
      BIN_1: 2066.1m (too far)
      BIN_3: 1888.5m (too far)
      BIN_4: 2341.0m (too far)
      BIN_5: 1705.4m (too far)
      BIN_6: 301.7m (NEARBY)
      BIN_7: 2216.1m (too far)
      BIN_8: 407.7m (NEARBY)
      BIN_9: 2300.3m (too far)
      BIN_10: 515.6m (NEARBY)
    Found 3 nearby bins
    Nearby cluster IDs: set()
    Creating new cluster 1 with current bin + nearby bins
      Added BIN_2 to cluster 1
      Added BIN_6 to cluster 1
      Added BIN_8 to cluster 1
      Added BIN_10 to cluster 1
  
  Processing bin BIN_3 (index 2):
    Finding nearby bins within 1400.0m:
      BIN_1: 421.5m (NEARBY)
        └─ Already in cluster 0
      BIN_2: 1888.5m (too far)
      BIN_4: 1454.5m (too far)
      BIN_5: 367.4m (NEARBY)
        └─ Already in cluster 0
      BIN_6: 1925.0m (too far)
      BIN_7: 327.9m (NEARBY)
        └─ Already in cluster 0
      BIN_8: 2107.4m (too far)
      BIN_9: 1691.7m (too far)
      BIN_10: 2365.5m (too far)
    Found 3 nearby bins
    Nearby cluster IDs: {0}
    Already in cluster 0
  
  Processing bin BIN_4 (index 3):
    Finding nearby bins within 1400.0m:
      BIN_1: 1072.9m (NEARBY)
        └─ Already in cluster 0
      BIN_2: 2341.0m (too far)
      BIN_3: 1454.5m (too far)
      BIN_5: 1162.6m (NEARBY)
        └─ Already in cluster 0
      BIN_6: 2177.6m (too far)
      BIN_7: 1516.7m (too far)
      BIN_8: 2718.0m (too far)
      BIN_9: 325.5m (NEARBY)
        └─ Already in cluster 0
      BIN_10: 2612.2m (too far)
    Found 3 nearby bins
    Nearby cluster IDs: {0}
    Already in cluster 0
  
  Processing bin BIN_5 (index 4):
    Finding nearby bins within 1400.0m:
      BIN_1: 361.9m (NEARBY)
        └─ Already in cluster 0
      BIN_2: 1705.4m (too far)
      BIN_3: 367.4m (NEARBY)
        └─ Already in cluster 0
      BIN_4: 1162.6m (NEARBY)
        └─ Already in cluster 0
      BIN_6: 1691.3m (too far)
      BIN_7: 623.6m (NEARBY)
        └─ Already in cluster 0
      BIN_8: 1980.6m (too far)
      BIN_9: 1366.3m (NEARBY)
        └─ Already in cluster 0
      BIN_10: 2147.1m (too far)
    Found 5 nearby bins
    Nearby cluster IDs: {0}
    Already in cluster 0
  
  Processing bin BIN_6 (index 5):
    Finding nearby bins within 1400.0m:
      BIN_1: 2042.5m (too far)
      BIN_2: 301.7m (NEARBY)
        └─ Already in cluster 1
      BIN_3: 1925.0m (too far)
      BIN_4: 2177.6m (too far)
      BIN_5: 1691.3m (too far)
      BIN_7: 2251.1m (too far)
      BIN_8: 686.1m (NEARBY)
        └─ Already in cluster 1
      BIN_9: 2102.2m (too far)
      BIN_10: 461.6m (NEARBY)
        └─ Already in cluster 1
    Found 3 nearby bins
    Nearby cluster IDs: {1}
    Already in cluster 1
  
  Processing bin BIN_7 (index 6):
    Finding nearby bins within 1400.0m:
      BIN_1: 453.6m (NEARBY)
        └─ Already in cluster 0
      BIN_2: 2216.1m (too far)
      BIN_3: 327.9m (NEARBY)
        └─ Already in cluster 0
      BIN_4: 1516.7m (too far)
      BIN_5: 623.6m (NEARBY)
        └─ Already in cluster 0
      BIN_6: 2251.1m (too far)
      BIN_8: 2428.6m (too far)
      BIN_9: 1793.2m (too far)
      BIN_10: 2693.1m (too far)
    Found 3 nearby bins
    Nearby cluster IDs: {0}
    Already in cluster 0
  
  Processing bin BIN_8 (index 7):
    Finding nearby bins within 1400.0m:
      BIN_1: 2341.7m (too far)
      BIN_2: 407.7m (NEARBY)
        └─ Already in cluster 1
      BIN_3: 2107.4m (too far)
      BIN_4: 2718.0m (too far)
      BIN_5: 1980.6m (too far)
      BIN_6: 686.1m (NEARBY)
        └─ Already in cluster 1
      BIN_7: 2428.6m (too far)
      BIN_9: 2694.1m (too far)
      BIN_10: 644.4m (NEARBY)
        └─ Already in cluster 1
    Found 3 nearby bins
    Nearby cluster IDs: {1}
    Already in cluster 1
  
  Processing bin BIN_9 (index 8):
    Finding nearby bins within 1400.0m:
      BIN_1: 1341.0m (NEARBY)
        └─ Already in cluster 0
      BIN_2: 2300.3m (too far)
      BIN_3: 1691.7m (too far)
      BIN_4: 325.5m (NEARBY)
        └─ Already in cluster 0
      BIN_5: 1366.3m (NEARBY)
        └─ Already in cluster 0
      BIN_6: 2102.2m (too far)
      BIN_7: 1793.2m (too far)
      BIN_8: 2694.1m (too far)
      BIN_10: 2512.2m (too far)
    Found 3 nearby bins
    Nearby cluster IDs: {0}
    Already in cluster 0
  
  Processing bin BIN_10 (index 9):
    Finding nearby bins within 1400.0m:
      BIN_1: 2500.7m (too far)
      BIN_2: 515.6m (NEARBY)
        └─ Already in cluster 1
      BIN_3: 2365.5m (too far)
      BIN_4: 2612.2m (too far)
      BIN_5: 2147.1m (too far)
      BIN_6: 461.6m (NEARBY)
        └─ Already in cluster 1
      BIN_7: 2693.1m (too far)
      BIN_8: 644.4m (NEARBY)
        └─ Already in cluster 1
      BIN_9: 2512.2m (too far)
    Found 3 nearby bins
    Nearby cluster IDs: {1}
    Already in cluster 1
  Cleaning up duplicate bins:
  Final clustering results: 2 clusters, sizes: [6, 4]
    Final Cluster 0: ['BIN_1', 'BIN_3', 'BIN_4', 'BIN_5', 'BIN_7', 'BIN_9']
    Final Cluster 1: ['BIN_2', 'BIN_6', 'BIN_8', 'BIN_10']

CLUSTERING RESULTS:
  Created 2 clusters
  Cluster 0: 6 bins - ['BIN_1', 'BIN_3', 'BIN_4', 'BIN_5', 'BIN_7', 'BIN_9']
    Internal distances:
      BIN_1 to BIN_3: 421.5m
      BIN_1 to BIN_4: 1072.9m
      BIN_1 to BIN_5: 361.9m
      BIN_1 to BIN_7: 453.6m
      BIN_1 to BIN_9: 1341.0m
      BIN_3 to BIN_4: 1454.5m
      BIN_3 to BIN_5: 367.4m
      BIN_3 to BIN_7: 327.9m
      BIN_3 to BIN_9: 1691.7m
      BIN_4 to BIN_5: 1162.6m
      BIN_4 to BIN_7: 1516.7m
      BIN_4 to BIN_9: 325.5m
      BIN_5 to BIN_7: 623.6m
      BIN_5 to BIN_9: 1366.3m
      BIN_7 to BIN_9: 1793.2m
    Max internal distance: 1793.2m
  Cluster 1: 4 bins - ['BIN_2', 'BIN_6', 'BIN_8', 'BIN_10']
    Internal distances:
      BIN_2 to BIN_6: 301.7m
      BIN_2 to BIN_8: 407.7m
      BIN_2 to BIN_10: 515.6m
      BIN_6 to BIN_8: 686.1m
      BIN_6 to BIN_10: 461.6m
      BIN_8 to BIN_10: 644.4m
    Max internal distance: 686.1m
============================================================
CLUSTERING DEBUG END
============================================================
🎯 Using collection queue priority routing: 2 bins
============================================================
CLUSTERING DEBUG START
============================================================
Input validation:
  bins_data type: <class 'list'>
  bins_data length: 10
  depot_data type: <class 'NoneType'>
  depot_data: None
  First bin structure: {'capacity': 500, 'fillLevel': 0.004999999999999999, 'fillRate': 6, 'id': 'BIN_1', 'lat': 33.613580131572526, 'lng': 73.05981561266454, 'threshold': 80, 'near_threshold_count': 0, 'dynamic_threshold': 50}
  All bin IDs: ['BIN_1', 'BIN_2', 'BIN_3', 'BIN_4', 'BIN_5', 'BIN_6', 'BIN_7', 'BIN_8', 'BIN_9', 'BIN_10']

CALCULATING BIN SERVICE RADIUS:
BIN RADIUS CALCULATION DEBUG:
  depot_data: None
  bins_data length: 10
  No depot data, using default bin radius: 1400m
Final bin service radius: 1400.0m

STARTING PROXIMITY CLUSTERING:
PROXIMITY CLUSTERING DEBUG:
  Bin service radius: 1400.0m
  Processing 10 bins
  All pairwise distances:
    BIN_1 to BIN_2: 2066.1m ✗
    BIN_1 to BIN_3: 421.5m ✓
    BIN_1 to BIN_4: 1072.9m ✓
    BIN_1 to BIN_5: 361.9m ✓
    BIN_1 to BIN_6: 2042.5m ✗
    BIN_1 to BIN_7: 453.6m ✓
    BIN_1 to BIN_8: 2341.7m ✗
    BIN_1 to BIN_9: 1341.0m ✓
    BIN_1 to BIN_10: 2500.7m ✗
    BIN_2 to BIN_3: 1888.5m ✗
    BIN_2 to BIN_4: 2341.0m ✗
    BIN_2 to BIN_5: 1705.4m ✗
    BIN_2 to BIN_6: 301.7m ✓
    BIN_2 to BIN_7: 2216.1m ✗
    BIN_2 to BIN_8: 407.7m ✓
    BIN_2 to BIN_9: 2300.3m ✗
    BIN_2 to BIN_10: 515.6m ✓
    BIN_3 to BIN_4: 1454.5m ✗
    BIN_3 to BIN_5: 367.4m ✓
    BIN_3 to BIN_6: 1925.0m ✗
    BIN_3 to BIN_7: 327.9m ✓
    BIN_3 to BIN_8: 2107.4m ✗
    BIN_3 to BIN_9: 1691.7m ✗
    BIN_3 to BIN_10: 2365.5m ✗
    BIN_4 to BIN_5: 1162.6m ✓
    BIN_4 to BIN_6: 2177.6m ✗
    BIN_4 to BIN_7: 1516.7m ✗
    BIN_4 to BIN_8: 2718.0m ✗
    BIN_4 to BIN_9: 325.5m ✓
    BIN_4 to BIN_10: 2612.2m ✗
    BIN_5 to BIN_6: 1691.3m ✗
    BIN_5 to BIN_7: 623.6m ✓
    BIN_5 to BIN_8: 1980.6m ✗
    BIN_5 to BIN_9: 1366.3m ✓
    BIN_5 to BIN_10: 2147.1m ✗
    BIN_6 to BIN_7: 2251.1m ✗
    BIN_6 to BIN_8: 686.1m ✓
    BIN_6 to BIN_9: 2102.2m ✗
    BIN_6 to BIN_10: 461.6m ✓
    BIN_7 to BIN_8: 2428.6m ✗
    BIN_7 to BIN_9: 1793.2m ✗
    BIN_7 to BIN_10: 2693.1m ✗
    BIN_8 to BIN_9: 2694.1m ✗
    BIN_8 to BIN_10: 644.4m ✓
    BIN_9 to BIN_10: 2512.2m ✗
  Processing bins sequentially:
  
  Processing bin BIN_1 (index 0):
    Finding nearby bins within 1400.0m:
      BIN_2: 2066.1m (too far)
      BIN_3: 421.5m (NEARBY)
      BIN_4: 1072.9m (NEARBY)
      BIN_5: 361.9m (NEARBY)
      BIN_6: 2042.5m (too far)
      BIN_7: 453.6m (NEARBY)
      BIN_8: 2341.7m (too far)
      BIN_9: 1341.0m (NEARBY)
      BIN_10: 2500.7m (too far)
    Found 5 nearby bins
    Nearby cluster IDs: set()
    Creating new cluster 0 with current bin + nearby bins
      Added BIN_1 to cluster 0
      Added BIN_3 to cluster 0
      Added BIN_4 to cluster 0
      Added BIN_5 to cluster 0
      Added BIN_7 to cluster 0
      Added BIN_9 to cluster 0
  
  Processing bin BIN_2 (index 1):
    Finding nearby bins within 1400.0m:
      BIN_1: 2066.1m (too far)
      BIN_3: 1888.5m (too far)
      BIN_4: 2341.0m (too far)
      BIN_5: 1705.4m (too far)
      BIN_6: 301.7m (NEARBY)
      BIN_7: 2216.1m (too far)
      BIN_8: 407.7m (NEARBY)
      BIN_9: 2300.3m (too far)
      BIN_10: 515.6m (NEARBY)
    Found 3 nearby bins
    Nearby cluster IDs: set()
    Creating new cluster 1 with current bin + nearby bins
      Added BIN_2 to cluster 1
      Added BIN_6 to cluster 1
      Added BIN_8 to cluster 1
      Added BIN_10 to cluster 1
  
  Processing bin BIN_3 (index 2):
    Finding nearby bins within 1400.0m:
      BIN_1: 421.5m (NEARBY)
        └─ Already in cluster 0
      BIN_2: 1888.5m (too far)
      BIN_4: 1454.5m (too far)
      BIN_5: 367.4m (NEARBY)
        └─ Already in cluster 0
      BIN_6: 1925.0m (too far)
      BIN_7: 327.9m (NEARBY)
        └─ Already in cluster 0
      BIN_8: 2107.4m (too far)
      BIN_9: 1691.7m (too far)
      BIN_10: 2365.5m (too far)
    Found 3 nearby bins
    Nearby cluster IDs: {0}
    Already in cluster 0
  
  Processing bin BIN_4 (index 3):
    Finding nearby bins within 1400.0m:
      BIN_1: 1072.9m (NEARBY)
        └─ Already in cluster 0
      BIN_2: 2341.0m (too far)
      BIN_3: 1454.5m (too far)
      BIN_5: 1162.6m (NEARBY)
        └─ Already in cluster 0
      BIN_6: 2177.6m (too far)
      BIN_7: 1516.7m (too far)
      BIN_8: 2718.0m (too far)
      BIN_9: 325.5m (NEARBY)
        └─ Already in cluster 0
      BIN_10: 2612.2m (too far)
    Found 3 nearby bins
    Nearby cluster IDs: {0}
    Already in cluster 0
  
  Processing bin BIN_5 (index 4):
    Finding nearby bins within 1400.0m:
      BIN_1: 361.9m (NEARBY)
        └─ Already in cluster 0
      BIN_2: 1705.4m (too far)
      BIN_3: 367.4m (NEARBY)
        └─ Already in cluster 0
      BIN_4: 1162.6m (NEARBY)
        └─ Already in cluster 0
      BIN_6: 1691.3m (too far)
      BIN_7: 623.6m (NEARBY)
        └─ Already in cluster 0
      BIN_8: 1980.6m (too far)
      BIN_9: 1366.3m (NEARBY)
        └─ Already in cluster 0
      BIN_10: 2147.1m (too far)
    Found 5 nearby bins
    Nearby cluster IDs: {0}
    Already in cluster 0
  
  Processing bin BIN_6 (index 5):
    Finding nearby bins within 1400.0m:
      BIN_1: 2042.5m (too far)
      BIN_2: 301.7m (NEARBY)
        └─ Already in cluster 1
      BIN_3: 1925.0m (too far)
      BIN_4: 2177.6m (too far)
      BIN_5: 1691.3m (too far)
      BIN_7: 2251.1m (too far)
      BIN_8: 686.1m (NEARBY)
        └─ Already in cluster 1
      BIN_9: 2102.2m (too far)
      BIN_10: 461.6m (NEARBY)
        └─ Already in cluster 1
    Found 3 nearby bins
    Nearby cluster IDs: {1}
    Already in cluster 1
  
  Processing bin BIN_7 (index 6):
    Finding nearby bins within 1400.0m:
      BIN_1: 453.6m (NEARBY)
        └─ Already in cluster 0
      BIN_2: 2216.1m (too far)
      BIN_3: 327.9m (NEARBY)
        └─ Already in cluster 0
      BIN_4: 1516.7m (too far)
      BIN_5: 623.6m (NEARBY)
        └─ Already in cluster 0
      BIN_6: 2251.1m (too far)
      BIN_8: 2428.6m (too far)
      BIN_9: 1793.2m (too far)
      BIN_10: 2693.1m (too far)
    Found 3 nearby bins
    Nearby cluster IDs: {0}
    Already in cluster 0
  
  Processing bin BIN_8 (index 7):
    Finding nearby bins within 1400.0m:
      BIN_1: 2341.7m (too far)
      BIN_2: 407.7m (NEARBY)
        └─ Already in cluster 1
      BIN_3: 2107.4m (too far)
      BIN_4: 2718.0m (too far)
      BIN_5: 1980.6m (too far)
      BIN_6: 686.1m (NEARBY)
        └─ Already in cluster 1
      BIN_7: 2428.6m (too far)
      BIN_9: 2694.1m (too far)
      BIN_10: 644.4m (NEARBY)
        └─ Already in cluster 1
    Found 3 nearby bins
    Nearby cluster IDs: {1}
    Already in cluster 1
  
  Processing bin BIN_9 (index 8):
    Finding nearby bins within 1400.0m:
      BIN_1: 1341.0m (NEARBY)
        └─ Already in cluster 0
      BIN_2: 2300.3m (too far)
      BIN_3: 1691.7m (too far)
      BIN_4: 325.5m (NEARBY)
        └─ Already in cluster 0
      BIN_5: 1366.3m (NEARBY)
        └─ Already in cluster 0
      BIN_6: 2102.2m (too far)
      BIN_7: 1793.2m (too far)
      BIN_8: 2694.1m (too far)
      BIN_10: 2512.2m (too far)
    Found 3 nearby bins
    Nearby cluster IDs: {0}
    Already in cluster 0
  
  Processing bin BIN_10 (index 9):
    Finding nearby bins within 1400.0m:
      BIN_1: 2500.7m (too far)
      BIN_2: 515.6m (NEARBY)
        └─ Already in cluster 1
      BIN_3: 2365.5m (too far)
      BIN_4: 2612.2m (too far)
      BIN_5: 2147.1m (too far)
      BIN_6: 461.6m (NEARBY)
        └─ Already in cluster 1
      BIN_7: 2693.1m (too far)
      BIN_8: 644.4m (NEARBY)
        └─ Already in cluster 1
      BIN_9: 2512.2m (too far)
    Found 3 nearby bins
    Nearby cluster IDs: {1}
    Already in cluster 1
  Cleaning up duplicate bins:
  Final clustering results: 2 clusters, sizes: [6, 4]
    Final Cluster 0: ['BIN_1', 'BIN_3', 'BIN_4', 'BIN_5', 'BIN_7', 'BIN_9']
    Final Cluster 1: ['BIN_2', 'BIN_6', 'BIN_8', 'BIN_10']

CLUSTERING RESULTS:
  Created 2 clusters
  Cluster 0: 6 bins - ['BIN_1', 'BIN_3', 'BIN_4', 'BIN_5', 'BIN_7', 'BIN_9']
    Internal distances:
      BIN_1 to BIN_3: 421.5m
      BIN_1 to BIN_4: 1072.9m
      BIN_1 to BIN_5: 361.9m
      BIN_1 to BIN_7: 453.6m
      BIN_1 to BIN_9: 1341.0m
      BIN_3 to BIN_4: 1454.5m
      BIN_3 to BIN_5: 367.4m
      BIN_3 to BIN_7: 327.9m
      BIN_3 to BIN_9: 1691.7m
      BIN_4 to BIN_5: 1162.6m
      BIN_4 to BIN_7: 1516.7m
      BIN_4 to BIN_9: 325.5m
      BIN_5 to BIN_7: 623.6m
      BIN_5 to BIN_9: 1366.3m
      BIN_7 to BIN_9: 1793.2m
    Max internal distance: 1793.2m
  Cluster 1: 4 bins - ['BIN_2', 'BIN_6', 'BIN_8', 'BIN_10']
    Internal distances:
      BIN_2 to BIN_6: 301.7m
      BIN_2 to BIN_8: 407.7m
      BIN_2 to BIN_10: 515.6m
      BIN_6 to BIN_8: 686.1m
      BIN_6 to BIN_10: 461.6m
      BIN_8 to BIN_10: 644.4m
    Max internal distance: 686.1m
============================================================
CLUSTERING DEBUG END
============================================================
🎯 Using collection queue priority routing: 2 bins
============================================================
CLUSTERING DEBUG START
============================================================
Input validation:
  bins_data type: <class 'list'>
  bins_data length: 10
  depot_data type: <class 'NoneType'>
  depot_data: None
  First bin structure: {'capacity': 500, 'fillLevel': 0.006666666666666666, 'fillRate': 6, 'id': 'BIN_1', 'lat': 33.613580131572526, 'lng': 73.05981561266454, 'threshold': 80, 'near_threshold_count': 0, 'dynamic_threshold': 50}
  All bin IDs: ['BIN_1', 'BIN_2', 'BIN_3', 'BIN_4', 'BIN_5', 'BIN_6', 'BIN_7', 'BIN_8', 'BIN_9', 'BIN_10']

CALCULATING BIN SERVICE RADIUS:
BIN RADIUS CALCULATION DEBUG:
  depot_data: None
  bins_data length: 10
  No depot data, using default bin radius: 1400m
Final bin service radius: 1400.0m

STARTING PROXIMITY CLUSTERING:
PROXIMITY CLUSTERING DEBUG:
  Bin service radius: 1400.0m
  Processing 10 bins
  All pairwise distances:
    BIN_1 to BIN_2: 2066.1m ✗
    BIN_1 to BIN_3: 421.5m ✓
    BIN_1 to BIN_4: 1072.9m ✓
    BIN_1 to BIN_5: 361.9m ✓
    BIN_1 to BIN_6: 2042.5m ✗
    BIN_1 to BIN_7: 453.6m ✓
    BIN_1 to BIN_8: 2341.7m ✗
    BIN_1 to BIN_9: 1341.0m ✓
    BIN_1 to BIN_10: 2500.7m ✗
    BIN_2 to BIN_3: 1888.5m ✗
    BIN_2 to BIN_4: 2341.0m ✗
    BIN_2 to BIN_5: 1705.4m ✗
    BIN_2 to BIN_6: 301.7m ✓
    BIN_2 to BIN_7: 2216.1m ✗
    BIN_2 to BIN_8: 407.7m ✓
    BIN_2 to BIN_9: 2300.3m ✗
    BIN_2 to BIN_10: 515.6m ✓
    BIN_3 to BIN_4: 1454.5m ✗
    BIN_3 to BIN_5: 367.4m ✓
    BIN_3 to BIN_6: 1925.0m ✗
    BIN_3 to BIN_7: 327.9m ✓
    BIN_3 to BIN_8: 2107.4m ✗
    BIN_3 to BIN_9: 1691.7m ✗
    BIN_3 to BIN_10: 2365.5m ✗
    BIN_4 to BIN_5: 1162.6m ✓
    BIN_4 to BIN_6: 2177.6m ✗
    BIN_4 to BIN_7: 1516.7m ✗
    BIN_4 to BIN_8: 2718.0m ✗
    BIN_4 to BIN_9: 325.5m ✓
    BIN_4 to BIN_10: 2612.2m ✗
    BIN_5 to BIN_6: 1691.3m ✗
    BIN_5 to BIN_7: 623.6m ✓
    BIN_5 to BIN_8: 1980.6m ✗
    BIN_5 to BIN_9: 1366.3m ✓
    BIN_5 to BIN_10: 2147.1m ✗
    BIN_6 to BIN_7: 2251.1m ✗
    BIN_6 to BIN_8: 686.1m ✓
    BIN_6 to BIN_9: 2102.2m ✗
    BIN_6 to BIN_10: 461.6m ✓
    BIN_7 to BIN_8: 2428.6m ✗
    BIN_7 to BIN_9: 1793.2m ✗
    BIN_7 to BIN_10: 2693.1m ✗
    BIN_8 to BIN_9: 2694.1m ✗
    BIN_8 to BIN_10: 644.4m ✓
    BIN_9 to BIN_10: 2512.2m ✗
  Processing bins sequentially:
  
  Processing bin BIN_1 (index 0):
    Finding nearby bins within 1400.0m:
      BIN_2: 2066.1m (too far)
      BIN_3: 421.5m (NEARBY)
      BIN_4: 1072.9m (NEARBY)
      BIN_5: 361.9m (NEARBY)
      BIN_6: 2042.5m (too far)
      BIN_7: 453.6m (NEARBY)
      BIN_8: 2341.7m (too far)
      BIN_9: 1341.0m (NEARBY)
      BIN_10: 2500.7m (too far)
    Found 5 nearby bins
    Nearby cluster IDs: set()
    Creating new cluster 0 with current bin + nearby bins
      Added BIN_1 to cluster 0
      Added BIN_3 to cluster 0
      Added BIN_4 to cluster 0
      Added BIN_5 to cluster 0
      Added BIN_7 to cluster 0
      Added BIN_9 to cluster 0
  
  Processing bin BIN_2 (index 1):
    Finding nearby bins within 1400.0m:
      BIN_1: 2066.1m (too far)
      BIN_3: 1888.5m (too far)
      BIN_4: 2341.0m (too far)
      BIN_5: 1705.4m (too far)
      BIN_6: 301.7m (NEARBY)
      BIN_7: 2216.1m (too far)
      BIN_8: 407.7m (NEARBY)
      BIN_9: 2300.3m (too far)
      BIN_10: 515.6m (NEARBY)
    Found 3 nearby bins
    Nearby cluster IDs: set()
    Creating new cluster 1 with current bin + nearby bins
      Added BIN_2 to cluster 1
      Added BIN_6 to cluster 1
      Added BIN_8 to cluster 1
      Added BIN_10 to cluster 1
  
  Processing bin BIN_3 (index 2):
    Finding nearby bins within 1400.0m:
      BIN_1: 421.5m (NEARBY)
        └─ Already in cluster 0
      BIN_2: 1888.5m (too far)
      BIN_4: 1454.5m (too far)
      BIN_5: 367.4m (NEARBY)
        └─ Already in cluster 0
      BIN_6: 1925.0m (too far)
      BIN_7: 327.9m (NEARBY)
        └─ Already in cluster 0
      BIN_8: 2107.4m (too far)
      BIN_9: 1691.7m (too far)
      BIN_10: 2365.5m (too far)
    Found 3 nearby bins
    Nearby cluster IDs: {0}
    Already in cluster 0
  
  Processing bin BIN_4 (index 3):
    Finding nearby bins within 1400.0m:
      BIN_1: 1072.9m (NEARBY)
        └─ Already in cluster 0
      BIN_2: 2341.0m (too far)
      BIN_3: 1454.5m (too far)
      BIN_5: 1162.6m (NEARBY)
        └─ Already in cluster 0
      BIN_6: 2177.6m (too far)
      BIN_7: 1516.7m (too far)
      BIN_8: 2718.0m (too far)
      BIN_9: 325.5m (NEARBY)
        └─ Already in cluster 0
      BIN_10: 2612.2m (too far)
    Found 3 nearby bins
    Nearby cluster IDs: {0}
    Already in cluster 0
  
  Processing bin BIN_5 (index 4):
    Finding nearby bins within 1400.0m:
      BIN_1: 361.9m (NEARBY)
        └─ Already in cluster 0
      BIN_2: 1705.4m (too far)
      BIN_3: 367.4m (NEARBY)
        └─ Already in cluster 0
      BIN_4: 1162.6m (NEARBY)
        └─ Already in cluster 0
      BIN_6: 1691.3m (too far)
      BIN_7: 623.6m (NEARBY)
        └─ Already in cluster 0
      BIN_8: 1980.6m (too far)
      BIN_9: 1366.3m (NEARBY)
        └─ Already in cluster 0
      BIN_10: 2147.1m (too far)
    Found 5 nearby bins
    Nearby cluster IDs: {0}
    Already in cluster 0
  
  Processing bin BIN_6 (index 5):
    Finding nearby bins within 1400.0m:
      BIN_1: 2042.5m (too far)
      BIN_2: 301.7m (NEARBY)
        └─ Already in cluster 1
      BIN_3: 1925.0m (too far)
      BIN_4: 2177.6m (too far)
      BIN_5: 1691.3m (too far)
      BIN_7: 2251.1m (too far)
      BIN_8: 686.1m (NEARBY)
        └─ Already in cluster 1
      BIN_9: 2102.2m (too far)
      BIN_10: 461.6m (NEARBY)
        └─ Already in cluster 1
    Found 3 nearby bins
    Nearby cluster IDs: {1}
    Already in cluster 1
  
  Processing bin BIN_7 (index 6):
    Finding nearby bins within 1400.0m:
      BIN_1: 453.6m (NEARBY)
        └─ Already in cluster 0
      BIN_2: 2216.1m (too far)
      BIN_3: 327.9m (NEARBY)
        └─ Already in cluster 0
      BIN_4: 1516.7m (too far)
      BIN_5: 623.6m (NEARBY)
        └─ Already in cluster 0
      BIN_6: 2251.1m (too far)
      BIN_8: 2428.6m (too far)
      BIN_9: 1793.2m (too far)
      BIN_10: 2693.1m (too far)
    Found 3 nearby bins
    Nearby cluster IDs: {0}
    Already in cluster 0
  
  Processing bin BIN_8 (index 7):
    Finding nearby bins within 1400.0m:
      BIN_1: 2341.7m (too far)
      BIN_2: 407.7m (NEARBY)
        └─ Already in cluster 1
      BIN_3: 2107.4m (too far)
      BIN_4: 2718.0m (too far)
      BIN_5: 1980.6m (too far)
      BIN_6: 686.1m (NEARBY)
        └─ Already in cluster 1
      BIN_7: 2428.6m (too far)
      BIN_9: 2694.1m (too far)
      BIN_10: 644.4m (NEARBY)
        └─ Already in cluster 1
    Found 3 nearby bins
    Nearby cluster IDs: {1}
    Already in cluster 1
  
  Processing bin BIN_9 (index 8):
    Finding nearby bins within 1400.0m:
      BIN_1: 1341.0m (NEARBY)
        └─ Already in cluster 0
      BIN_2: 2300.3m (too far)
      BIN_3: 1691.7m (too far)
      BIN_4: 325.5m (NEARBY)
        └─ Already in cluster 0
      BIN_5: 1366.3m (NEARBY)
        └─ Already in cluster 0
      BIN_6: 2102.2m (too far)
      BIN_7: 1793.2m (too far)
      BIN_8: 2694.1m (too far)
      BIN_10: 2512.2m (too far)
    Found 3 nearby bins
    Nearby cluster IDs: {0}
    Already in cluster 0
  
  Processing bin BIN_10 (index 9):
    Finding nearby bins within 1400.0m:
      BIN_1: 2500.7m (too far)
      BIN_2: 515.6m (NEARBY)
        └─ Already in cluster 1
      BIN_3: 2365.5m (too far)
      BIN_4: 2612.2m (too far)
      BIN_5: 2147.1m (too far)
      BIN_6: 461.6m (NEARBY)
        └─ Already in cluster 1
      BIN_7: 2693.1m (too far)
      BIN_8: 644.4m (NEARBY)
        └─ Already in cluster 1
      BIN_9: 2512.2m (too far)
    Found 3 nearby bins
    Nearby cluster IDs: {1}
    Already in cluster 1
  Cleaning up duplicate bins:
  Final clustering results: 2 clusters, sizes: [6, 4]
    Final Cluster 0: ['BIN_1', 'BIN_3', 'BIN_4', 'BIN_5', 'BIN_7', 'BIN_9']
    Final Cluster 1: ['BIN_2', 'BIN_6', 'BIN_8', 'BIN_10']

CLUSTERING RESULTS:
  Created 2 clusters
  Cluster 0: 6 bins - ['BIN_1', 'BIN_3', 'BIN_4', 'BIN_5', 'BIN_7', 'BIN_9']
    Internal distances:
      BIN_1 to BIN_3: 421.5m
      BIN_1 to BIN_4: 1072.9m
      BIN_1 to BIN_5: 361.9m
      BIN_1 to BIN_7: 453.6m
      BIN_1 to BIN_9: 1341.0m
      BIN_3 to BIN_4: 1454.5m
      BIN_3 to BIN_5: 367.4m
      BIN_3 to BIN_7: 327.9m
      BIN_3 to BIN_9: 1691.7m
      BIN_4 to BIN_5: 1162.6m
      BIN_4 to BIN_7: 1516.7m
      BIN_4 to BIN_9: 325.5m
      BIN_5 to BIN_7: 623.6m
      BIN_5 to BIN_9: 1366.3m
      BIN_7 to BIN_9: 1793.2m
    Max internal distance: 1793.2m
  Cluster 1: 4 bins - ['BIN_2', 'BIN_6', 'BIN_8', 'BIN_10']
    Internal distances:
      BIN_2 to BIN_6: 301.7m
      BIN_2 to BIN_8: 407.7m
      BIN_2 to BIN_10: 515.6m
      BIN_6 to BIN_8: 686.1m
      BIN_6 to BIN_10: 461.6m
      BIN_8 to BIN_10: 644.4m
    Max internal distance: 686.1m
============================================================
CLUSTERING DEBUG END
============================================================
🎯 Using collection queue priority routing: 2 bins
============================================================
CLUSTERING DEBUG START
============================================================
Input validation:
  bins_data type: <class 'list'>
  bins_data length: 10
  depot_data type: <class 'NoneType'>
  depot_data: None
  First bin structure: {'capacity': 500, 'fillLevel': 0.008333333333333333, 'fillRate': 6, 'id': 'BIN_1', 'lat': 33.613580131572526, 'lng': 73.05981561266454, 'threshold': 80, 'near_threshold_count': 0, 'dynamic_threshold': 50}
  All bin IDs: ['BIN_1', 'BIN_2', 'BIN_3', 'BIN_4', 'BIN_5', 'BIN_6', 'BIN_7', 'BIN_8', 'BIN_9', 'BIN_10']

CALCULATING BIN SERVICE RADIUS:
BIN RADIUS CALCULATION DEBUG:
  depot_data: None
  bins_data length: 10
  No depot data, using default bin radius: 1400m
Final bin service radius: 1400.0m

STARTING PROXIMITY CLUSTERING:
PROXIMITY CLUSTERING DEBUG:
  Bin service radius: 1400.0m
  Processing 10 bins
  All pairwise distances:
    BIN_1 to BIN_2: 2066.1m ✗
    BIN_1 to BIN_3: 421.5m ✓
    BIN_1 to BIN_4: 1072.9m ✓
    BIN_1 to BIN_5: 361.9m ✓
    BIN_1 to BIN_6: 2042.5m ✗
    BIN_1 to BIN_7: 453.6m ✓
    BIN_1 to BIN_8: 2341.7m ✗
    BIN_1 to BIN_9: 1341.0m ✓
    BIN_1 to BIN_10: 2500.7m ✗
    BIN_2 to BIN_3: 1888.5m ✗
    BIN_2 to BIN_4: 2341.0m ✗
    BIN_2 to BIN_5: 1705.4m ✗
    BIN_2 to BIN_6: 301.7m ✓
    BIN_2 to BIN_7: 2216.1m ✗
    BIN_2 to BIN_8: 407.7m ✓
    BIN_2 to BIN_9: 2300.3m ✗
    BIN_2 to BIN_10: 515.6m ✓
    BIN_3 to BIN_4: 1454.5m ✗
    BIN_3 to BIN_5: 367.4m ✓
    BIN_3 to BIN_6: 1925.0m ✗
    BIN_3 to BIN_7: 327.9m ✓
    BIN_3 to BIN_8: 2107.4m ✗
    BIN_3 to BIN_9: 1691.7m ✗
    BIN_3 to BIN_10: 2365.5m ✗
    BIN_4 to BIN_5: 1162.6m ✓
    BIN_4 to BIN_6: 2177.6m ✗
    BIN_4 to BIN_7: 1516.7m ✗
    BIN_4 to BIN_8: 2718.0m ✗
    BIN_4 to BIN_9: 325.5m ✓
    BIN_4 to BIN_10: 2612.2m ✗
    BIN_5 to BIN_6: 1691.3m ✗
    BIN_5 to BIN_7: 623.6m ✓
    BIN_5 to BIN_8: 1980.6m ✗
    BIN_5 to BIN_9: 1366.3m ✓
    BIN_5 to BIN_10: 2147.1m ✗
    BIN_6 to BIN_7: 2251.1m ✗
    BIN_6 to BIN_8: 686.1m ✓
    BIN_6 to BIN_9: 2102.2m ✗
    BIN_6 to BIN_10: 461.6m ✓
    BIN_7 to BIN_8: 2428.6m ✗
    BIN_7 to BIN_9: 1793.2m ✗
    BIN_7 to BIN_10: 2693.1m ✗
    BIN_8 to BIN_9: 2694.1m ✗
    BIN_8 to BIN_10: 644.4m ✓
    BIN_9 to BIN_10: 2512.2m ✗
  Processing bins sequentially:
  
  Processing bin BIN_1 (index 0):
    Finding nearby bins within 1400.0m:
      BIN_2: 2066.1m (too far)
      BIN_3: 421.5m (NEARBY)
      BIN_4: 1072.9m (NEARBY)
      BIN_5: 361.9m (NEARBY)
      BIN_6: 2042.5m (too far)
      BIN_7: 453.6m (NEARBY)
      BIN_8: 2341.7m (too far)
      BIN_9: 1341.0m (NEARBY)
      BIN_10: 2500.7m (too far)
    Found 5 nearby bins
    Nearby cluster IDs: set()
    Creating new cluster 0 with current bin + nearby bins
      Added BIN_1 to cluster 0
      Added BIN_3 to cluster 0
      Added BIN_4 to cluster 0
      Added BIN_5 to cluster 0
      Added BIN_7 to cluster 0
      Added BIN_9 to cluster 0
  
  Processing bin BIN_2 (index 1):
    Finding nearby bins within 1400.0m:
      BIN_1: 2066.1m (too far)
      BIN_3: 1888.5m (too far)
      BIN_4: 2341.0m (too far)
      BIN_5: 1705.4m (too far)
      BIN_6: 301.7m (NEARBY)
      BIN_7: 2216.1m (too far)
      BIN_8: 407.7m (NEARBY)
      BIN_9: 2300.3m (too far)
      BIN_10: 515.6m (NEARBY)
    Found 3 nearby bins
    Nearby cluster IDs: set()
    Creating new cluster 1 with current bin + nearby bins
      Added BIN_2 to cluster 1
      Added BIN_6 to cluster 1
      Added BIN_8 to cluster 1
      Added BIN_10 to cluster 1
  
  Processing bin BIN_3 (index 2):
    Finding nearby bins within 1400.0m:
      BIN_1: 421.5m (NEARBY)
        └─ Already in cluster 0
      BIN_2: 1888.5m (too far)
      BIN_4: 1454.5m (too far)
      BIN_5: 367.4m (NEARBY)
        └─ Already in cluster 0
      BIN_6: 1925.0m (too far)
      BIN_7: 327.9m (NEARBY)
        └─ Already in cluster 0
      BIN_8: 2107.4m (too far)
      BIN_9: 1691.7m (too far)
      BIN_10: 2365.5m (too far)
    Found 3 nearby bins
    Nearby cluster IDs: {0}
    Already in cluster 0
  
  Processing bin BIN_4 (index 3):
    Finding nearby bins within 1400.0m:
      BIN_1: 1072.9m (NEARBY)
        └─ Already in cluster 0
      BIN_2: 2341.0m (too far)
      BIN_3: 1454.5m (too far)
      BIN_5: 1162.6m (NEARBY)
        └─ Already in cluster 0
      BIN_6: 2177.6m (too far)
      BIN_7: 1516.7m (too far)
      BIN_8: 2718.0m (too far)
      BIN_9: 325.5m (NEARBY)
        └─ Already in cluster 0
      BIN_10: 2612.2m (too far)
    Found 3 nearby bins
    Nearby cluster IDs: {0}
    Already in cluster 0
  
  Processing bin BIN_5 (index 4):
    Finding nearby bins within 1400.0m:
      BIN_1: 361.9m (NEARBY)
        └─ Already in cluster 0
      BIN_2: 1705.4m (too far)
      BIN_3: 367.4m (NEARBY)
        └─ Already in cluster 0
      BIN_4: 1162.6m (NEARBY)
        └─ Already in cluster 0
      BIN_6: 1691.3m (too far)
      BIN_7: 623.6m (NEARBY)
        └─ Already in cluster 0
      BIN_8: 1980.6m (too far)
      BIN_9: 1366.3m (NEARBY)
        └─ Already in cluster 0
      BIN_10: 2147.1m (too far)
    Found 5 nearby bins
    Nearby cluster IDs: {0}
    Already in cluster 0
  
  Processing bin BIN_6 (index 5):
    Finding nearby bins within 1400.0m:
      BIN_1: 2042.5m (too far)
      BIN_2: 301.7m (NEARBY)
        └─ Already in cluster 1
      BIN_3: 1925.0m (too far)
      BIN_4: 2177.6m (too far)
      BIN_5: 1691.3m (too far)
      BIN_7: 2251.1m (too far)
      BIN_8: 686.1m (NEARBY)
        └─ Already in cluster 1
      BIN_9: 2102.2m (too far)
      BIN_10: 461.6m (NEARBY)
        └─ Already in cluster 1
    Found 3 nearby bins
    Nearby cluster IDs: {1}
    Already in cluster 1
  
  Processing bin BIN_7 (index 6):
    Finding nearby bins within 1400.0m:
      BIN_1: 453.6m (NEARBY)
        └─ Already in cluster 0
      BIN_2: 2216.1m (too far)
      BIN_3: 327.9m (NEARBY)
        └─ Already in cluster 0
      BIN_4: 1516.7m (too far)
      BIN_5: 623.6m (NEARBY)
        └─ Already in cluster 0
      BIN_6: 2251.1m (too far)
      BIN_8: 2428.6m (too far)
      BIN_9: 1793.2m (too far)
      BIN_10: 2693.1m (too far)
    Found 3 nearby bins
    Nearby cluster IDs: {0}
    Already in cluster 0
  
  Processing bin BIN_8 (index 7):
    Finding nearby bins within 1400.0m:
      BIN_1: 2341.7m (too far)
      BIN_2: 407.7m (NEARBY)
        └─ Already in cluster 1
      BIN_3: 2107.4m (too far)
      BIN_4: 2718.0m (too far)
      BIN_5: 1980.6m (too far)
      BIN_6: 686.1m (NEARBY)
        └─ Already in cluster 1
      BIN_7: 2428.6m (too far)
      BIN_9: 2694.1m (too far)
      BIN_10: 644.4m (NEARBY)
        └─ Already in cluster 1
    Found 3 nearby bins
    Nearby cluster IDs: {1}
    Already in cluster 1
  
  Processing bin BIN_9 (index 8):
    Finding nearby bins within 1400.0m:
      BIN_1: 1341.0m (NEARBY)
        └─ Already in cluster 0
      BIN_2: 2300.3m (too far)
      BIN_3: 1691.7m (too far)
      BIN_4: 325.5m (NEARBY)
        └─ Already in cluster 0
      BIN_5: 1366.3m (NEARBY)
        └─ Already in cluster 0
      BIN_6: 2102.2m (too far)
      BIN_7: 1793.2m (too far)
      BIN_8: 2694.1m (too far)
      BIN_10: 2512.2m (too far)
    Found 3 nearby bins
    Nearby cluster IDs: {0}
    Already in cluster 0
  
  Processing bin BIN_10 (index 9):
    Finding nearby bins within 1400.0m:
      BIN_1: 2500.7m (too far)
      BIN_2: 515.6m (NEARBY)
        └─ Already in cluster 1
      BIN_3: 2365.5m (too far)
      BIN_4: 2612.2m (too far)
      BIN_5: 2147.1m (too far)
      BIN_6: 461.6m (NEARBY)
        └─ Already in cluster 1
      BIN_7: 2693.1m (too far)
      BIN_8: 644.4m (NEARBY)
        └─ Already in cluster 1
      BIN_9: 2512.2m (too far)
    Found 3 nearby bins
    Nearby cluster IDs: {1}
    Already in cluster 1
  Cleaning up duplicate bins:
  Final clustering results: 2 clusters, sizes: [6, 4]
    Final Cluster 0: ['BIN_1', 'BIN_3', 'BIN_4', 'BIN_5', 'BIN_7', 'BIN_9']
    Final Cluster 1: ['BIN_2', 'BIN_6', 'BIN_8', 'BIN_10']

CLUSTERING RESULTS:
  Created 2 clusters
  Cluster 0: 6 bins - ['BIN_1', 'BIN_3', 'BIN_4', 'BIN_5', 'BIN_7', 'BIN_9']
    Internal distances:
      BIN_1 to BIN_3: 421.5m
      BIN_1 to BIN_4: 1072.9m
      BIN_1 to BIN_5: 361.9m
      BIN_1 to BIN_7: 453.6m
      BIN_1 to BIN_9: 1341.0m
      BIN_3 to BIN_4: 1454.5m
      BIN_3 to BIN_5: 367.4m
      BIN_3 to BIN_7: 327.9m
      BIN_3 to BIN_9: 1691.7m
      BIN_4 to BIN_5: 1162.6m
      BIN_4 to BIN_7: 1516.7m
      BIN_4 to BIN_9: 325.5m
      BIN_5 to BIN_7: 623.6m
      BIN_5 to BIN_9: 1366.3m
      BIN_7 to BIN_9: 1793.2m
    Max internal distance: 1793.2m
  Cluster 1: 4 bins - ['BIN_2', 'BIN_6', 'BIN_8', 'BIN_10']
    Internal distances:
      BIN_2 to BIN_6: 301.7m
      BIN_2 to BIN_8: 407.7m
      BIN_2 to BIN_10: 515.6m
      BIN_6 to BIN_8: 686.1m
      BIN_6 to BIN_10: 461.6m
      BIN_8 to BIN_10: 644.4m
    Max internal distance: 686.1m
============================================================
CLUSTERING DEBUG END
============================================================
🎯 Using collection queue priority routing: 2 bins
============================================================
CLUSTERING DEBUG START
============================================================
Input validation:
  bins_data type: <class 'list'>
  bins_data length: 10
  depot_data type: <class 'NoneType'>
  depot_data: None
  First bin structure: {'capacity': 500, 'fillLevel': 0.01, 'fillRate': 6, 'id': 'BIN_1', 'lat': 33.613580131572526, 'lng': 73.05981561266454, 'threshold': 80, 'near_threshold_count': 0, 'dynamic_threshold': 50}
  All bin IDs: ['BIN_1', 'BIN_2', 'BIN_3', 'BIN_4', 'BIN_5', 'BIN_6', 'BIN_7', 'BIN_8', 'BIN_9', 'BIN_10']

CALCULATING BIN SERVICE RADIUS:
BIN RADIUS CALCULATION DEBUG:
  depot_data: None
  bins_data length: 10
  No depot data, using default bin radius: 1400m
Final bin service radius: 1400.0m

STARTING PROXIMITY CLUSTERING:
PROXIMITY CLUSTERING DEBUG:
  Bin service radius: 1400.0m
  Processing 10 bins
  All pairwise distances:
    BIN_1 to BIN_2: 2066.1m ✗
    BIN_1 to BIN_3: 421.5m ✓
    BIN_1 to BIN_4: 1072.9m ✓
    BIN_1 to BIN_5: 361.9m ✓
    BIN_1 to BIN_6: 2042.5m ✗
    BIN_1 to BIN_7: 453.6m ✓
    BIN_1 to BIN_8: 2341.7m ✗
    BIN_1 to BIN_9: 1341.0m ✓
    BIN_1 to BIN_10: 2500.7m ✗
    BIN_2 to BIN_3: 1888.5m ✗
    BIN_2 to BIN_4: 2341.0m ✗
    BIN_2 to BIN_5: 1705.4m ✗
    BIN_2 to BIN_6: 301.7m ✓
    BIN_2 to BIN_7: 2216.1m ✗
    BIN_2 to BIN_8: 407.7m ✓
    BIN_2 to BIN_9: 2300.3m ✗
    BIN_2 to BIN_10: 515.6m ✓
    BIN_3 to BIN_4: 1454.5m ✗
    BIN_3 to BIN_5: 367.4m ✓
    BIN_3 to BIN_6: 1925.0m ✗
    BIN_3 to BIN_7: 327.9m ✓
    BIN_3 to BIN_8: 2107.4m ✗
    BIN_3 to BIN_9: 1691.7m ✗
    BIN_3 to BIN_10: 2365.5m ✗
    BIN_4 to BIN_5: 1162.6m ✓
    BIN_4 to BIN_6: 2177.6m ✗
    BIN_4 to BIN_7: 1516.7m ✗
    BIN_4 to BIN_8: 2718.0m ✗
    BIN_4 to BIN_9: 325.5m ✓
    BIN_4 to BIN_10: 2612.2m ✗
    BIN_5 to BIN_6: 1691.3m ✗
    BIN_5 to BIN_7: 623.6m ✓
    BIN_5 to BIN_8: 1980.6m ✗
    BIN_5 to BIN_9: 1366.3m ✓
    BIN_5 to BIN_10: 2147.1m ✗
    BIN_6 to BIN_7: 2251.1m ✗
    BIN_6 to BIN_8: 686.1m ✓
    BIN_6 to BIN_9: 2102.2m ✗
    BIN_6 to BIN_10: 461.6m ✓
    BIN_7 to BIN_8: 2428.6m ✗
    BIN_7 to BIN_9: 1793.2m ✗
    BIN_7 to BIN_10: 2693.1m ✗
    BIN_8 to BIN_9: 2694.1m ✗
    BIN_8 to BIN_10: 644.4m ✓
    BIN_9 to BIN_10: 2512.2m ✗
  Processing bins sequentially:
  
  Processing bin BIN_1 (index 0):
    Finding nearby bins within 1400.0m:
      BIN_2: 2066.1m (too far)
      BIN_3: 421.5m (NEARBY)
      BIN_4: 1072.9m (NEARBY)
      BIN_5: 361.9m (NEARBY)
      BIN_6: 2042.5m (too far)
      BIN_7: 453.6m (NEARBY)
      BIN_8: 2341.7m (too far)
      BIN_9: 1341.0m (NEARBY)
      BIN_10: 2500.7m (too far)
    Found 5 nearby bins
    Nearby cluster IDs: set()
    Creating new cluster 0 with current bin + nearby bins
      Added BIN_1 to cluster 0
      Added BIN_3 to cluster 0
      Added BIN_4 to cluster 0
      Added BIN_5 to cluster 0
      Added BIN_7 to cluster 0
      Added BIN_9 to cluster 0
  
  Processing bin BIN_2 (index 1):
    Finding nearby bins within 1400.0m:
      BIN_1: 2066.1m (too far)
      BIN_3: 1888.5m (too far)
      BIN_4: 2341.0m (too far)
      BIN_5: 1705.4m (too far)
      BIN_6: 301.7m (NEARBY)
      BIN_7: 2216.1m (too far)
      BIN_8: 407.7m (NEARBY)
      BIN_9: 2300.3m (too far)
      BIN_10: 515.6m (NEARBY)
    Found 3 nearby bins
    Nearby cluster IDs: set()
    Creating new cluster 1 with current bin + nearby bins
      Added BIN_2 to cluster 1
      Added BIN_6 to cluster 1
      Added BIN_8 to cluster 1
      Added BIN_10 to cluster 1
  
  Processing bin BIN_3 (index 2):
    Finding nearby bins within 1400.0m:
      BIN_1: 421.5m (NEARBY)
        └─ Already in cluster 0
      BIN_2: 1888.5m (too far)
      BIN_4: 1454.5m (too far)
      BIN_5: 367.4m (NEARBY)
        └─ Already in cluster 0
      BIN_6: 1925.0m (too far)
      BIN_7: 327.9m (NEARBY)
        └─ Already in cluster 0
      BIN_8: 2107.4m (too far)
      BIN_9: 1691.7m (too far)
      BIN_10: 2365.5m (too far)
    Found 3 nearby bins
    Nearby cluster IDs: {0}
    Already in cluster 0
  
  Processing bin BIN_4 (index 3):
    Finding nearby bins within 1400.0m:
      BIN_1: 1072.9m (NEARBY)
        └─ Already in cluster 0
      BIN_2: 2341.0m (too far)
      BIN_3: 1454.5m (too far)
      BIN_5: 1162.6m (NEARBY)
        └─ Already in cluster 0
      BIN_6: 2177.6m (too far)
      BIN_7: 1516.7m (too far)
      BIN_8: 2718.0m (too far)
      BIN_9: 325.5m (NEARBY)
        └─ Already in cluster 0
      BIN_10: 2612.2m (too far)
    Found 3 nearby bins
    Nearby cluster IDs: {0}
    Already in cluster 0
  
  Processing bin BIN_5 (index 4):
    Finding nearby bins within 1400.0m:
      BIN_1: 361.9m (NEARBY)
        └─ Already in cluster 0
      BIN_2: 1705.4m (too far)
      BIN_3: 367.4m (NEARBY)
        └─ Already in cluster 0
      BIN_4: 1162.6m (NEARBY)
        └─ Already in cluster 0
      BIN_6: 1691.3m (too far)
      BIN_7: 623.6m (NEARBY)
        └─ Already in cluster 0
      BIN_8: 1980.6m (too far)
      BIN_9: 1366.3m (NEARBY)
        └─ Already in cluster 0
      BIN_10: 2147.1m (too far)
    Found 5 nearby bins
    Nearby cluster IDs: {0}
    Already in cluster 0
  
  Processing bin BIN_6 (index 5):
    Finding nearby bins within 1400.0m:
      BIN_1: 2042.5m (too far)
      BIN_2: 301.7m (NEARBY)
        └─ Already in cluster 1
      BIN_3: 1925.0m (too far)
      BIN_4: 2177.6m (too far)
      BIN_5: 1691.3m (too far)
      BIN_7: 2251.1m (too far)
      BIN_8: 686.1m (NEARBY)
        └─ Already in cluster 1
      BIN_9: 2102.2m (too far)
      BIN_10: 461.6m (NEARBY)
        └─ Already in cluster 1
    Found 3 nearby bins
    Nearby cluster IDs: {1}
    Already in cluster 1
  
  Processing bin BIN_7 (index 6):
    Finding nearby bins within 1400.0m:
      BIN_1: 453.6m (NEARBY)
        └─ Already in cluster 0
      BIN_2: 2216.1m (too far)
      BIN_3: 327.9m (NEARBY)
        └─ Already in cluster 0
      BIN_4: 1516.7m (too far)
      BIN_5: 623.6m (NEARBY)
        └─ Already in cluster 0
      BIN_6: 2251.1m (too far)
      BIN_8: 2428.6m (too far)
      BIN_9: 1793.2m (too far)
      BIN_10: 2693.1m (too far)
    Found 3 nearby bins
    Nearby cluster IDs: {0}
    Already in cluster 0
  
  Processing bin BIN_8 (index 7):
    Finding nearby bins within 1400.0m:
      BIN_1: 2341.7m (too far)
      BIN_2: 407.7m (NEARBY)
        └─ Already in cluster 1
      BIN_3: 2107.4m (too far)
      BIN_4: 2718.0m (too far)
      BIN_5: 1980.6m (too far)
      BIN_6: 686.1m (NEARBY)
        └─ Already in cluster 1
      BIN_7: 2428.6m (too far)
      BIN_9: 2694.1m (too far)
      BIN_10: 644.4m (NEARBY)
        └─ Already in cluster 1
    Found 3 nearby bins
    Nearby cluster IDs: {1}
    Already in cluster 1
  
  Processing bin BIN_9 (index 8):
    Finding nearby bins within 1400.0m:
      BIN_1: 1341.0m (NEARBY)
        └─ Already in cluster 0
      BIN_2: 2300.3m (too far)
      BIN_3: 1691.7m (too far)
      BIN_4: 325.5m (NEARBY)
        └─ Already in cluster 0
      BIN_5: 1366.3m (NEARBY)
        └─ Already in cluster 0
      BIN_6: 2102.2m (too far)
      BIN_7: 1793.2m (too far)
      BIN_8: 2694.1m (too far)
      BIN_10: 2512.2m (too far)
    Found 3 nearby bins
    Nearby cluster IDs: {0}
    Already in cluster 0
  
  Processing bin BIN_10 (index 9):
    Finding nearby bins within 1400.0m:
      BIN_1: 2500.7m (too far)
      BIN_2: 515.6m (NEARBY)
        └─ Already in cluster 1
      BIN_3: 2365.5m (too far)
      BIN_4: 2612.2m (too far)
      BIN_5: 2147.1m (too far)
      BIN_6: 461.6m (NEARBY)
        └─ Already in cluster 1
      BIN_7: 2693.1m (too far)
      BIN_8: 644.4m (NEARBY)
        └─ Already in cluster 1
      BIN_9: 2512.2m (too far)
    Found 3 nearby bins
    Nearby cluster IDs: {1}
    Already in cluster 1
  Cleaning up duplicate bins:
  Final clustering results: 2 clusters, sizes: [6, 4]
    Final Cluster 0: ['BIN_1', 'BIN_3', 'BIN_4', 'BIN_5', 'BIN_7', 'BIN_9']
    Final Cluster 1: ['BIN_2', 'BIN_6', 'BIN_8', 'BIN_10']

CLUSTERING RESULTS:
  Created 2 clusters
  Cluster 0: 6 bins - ['BIN_1', 'BIN_3', 'BIN_4', 'BIN_5', 'BIN_7', 'BIN_9']
    Internal distances:
      BIN_1 to BIN_3: 421.5m
      BIN_1 to BIN_4: 1072.9m
      BIN_1 to BIN_5: 361.9m
      BIN_1 to BIN_7: 453.6m
      BIN_1 to BIN_9: 1341.0m
      BIN_3 to BIN_4: 1454.5m
      BIN_3 to BIN_5: 367.4m
      BIN_3 to BIN_7: 327.9m
      BIN_3 to BIN_9: 1691.7m
      BIN_4 to BIN_5: 1162.6m
      BIN_4 to BIN_7: 1516.7m
      BIN_4 to BIN_9: 325.5m
      BIN_5 to BIN_7: 623.6m
      BIN_5 to BIN_9: 1366.3m
      BIN_7 to BIN_9: 1793.2m
    Max internal distance: 1793.2m
  Cluster 1: 4 bins - ['BIN_2', 'BIN_6', 'BIN_8', 'BIN_10']
    Internal distances:
      BIN_2 to BIN_6: 301.7m
      BIN_2 to BIN_8: 407.7m
      BIN_2 to BIN_10: 515.6m
      BIN_6 to BIN_8: 686.1m
      BIN_6 to BIN_10: 461.6m
      BIN_8 to BIN_10: 644.4m
    Max internal distance: 686.1m
============================================================
CLUSTERING DEBUG END
============================================================
🎯 Using collection queue priority routing: 2 bins
============================================================
CLUSTERING DEBUG START
============================================================
Input validation:
  bins_data type: <class 'list'>
  bins_data length: 10
  depot_data type: <class 'NoneType'>
  depot_data: None
  First bin structure: {'capacity': 500, 'fillLevel': 0.011666666666666667, 'fillRate': 6, 'id': 'BIN_1', 'lat': 33.613580131572526, 'lng': 73.05981561266454, 'threshold': 80, 'near_threshold_count': 0, 'dynamic_threshold': 50}
  All bin IDs: ['BIN_1', 'BIN_2', 'BIN_3', 'BIN_4', 'BIN_5', 'BIN_6', 'BIN_7', 'BIN_8', 'BIN_9', 'BIN_10']

CALCULATING BIN SERVICE RADIUS:
BIN RADIUS CALCULATION DEBUG:
  depot_data: None
  bins_data length: 10
  No depot data, using default bin radius: 1400m
Final bin service radius: 1400.0m

STARTING PROXIMITY CLUSTERING:
PROXIMITY CLUSTERING DEBUG:
  Bin service radius: 1400.0m
  Processing 10 bins
  All pairwise distances:
    BIN_1 to BIN_2: 2066.1m ✗
    BIN_1 to BIN_3: 421.5m ✓
    BIN_1 to BIN_4: 1072.9m ✓
    BIN_1 to BIN_5: 361.9m ✓
    BIN_1 to BIN_6: 2042.5m ✗
    BIN_1 to BIN_7: 453.6m ✓
    BIN_1 to BIN_8: 2341.7m ✗
    BIN_1 to BIN_9: 1341.0m ✓
    BIN_1 to BIN_10: 2500.7m ✗
    BIN_2 to BIN_3: 1888.5m ✗
    BIN_2 to BIN_4: 2341.0m ✗
    BIN_2 to BIN_5: 1705.4m ✗
    BIN_2 to BIN_6: 301.7m ✓
    BIN_2 to BIN_7: 2216.1m ✗
    BIN_2 to BIN_8: 407.7m ✓
    BIN_2 to BIN_9: 2300.3m ✗
    BIN_2 to BIN_10: 515.6m ✓
    BIN_3 to BIN_4: 1454.5m ✗
    BIN_3 to BIN_5: 367.4m ✓
    BIN_3 to BIN_6: 1925.0m ✗
    BIN_3 to BIN_7: 327.9m ✓
    BIN_3 to BIN_8: 2107.4m ✗
    BIN_3 to BIN_9: 1691.7m ✗
    BIN_3 to BIN_10: 2365.5m ✗
    BIN_4 to BIN_5: 1162.6m ✓
    BIN_4 to BIN_6: 2177.6m ✗
    BIN_4 to BIN_7: 1516.7m ✗
    BIN_4 to BIN_8: 2718.0m ✗
    BIN_4 to BIN_9: 325.5m ✓
    BIN_4 to BIN_10: 2612.2m ✗
    BIN_5 to BIN_6: 1691.3m ✗
    BIN_5 to BIN_7: 623.6m ✓
    BIN_5 to BIN_8: 1980.6m ✗
    BIN_5 to BIN_9: 1366.3m ✓
    BIN_5 to BIN_10: 2147.1m ✗
    BIN_6 to BIN_7: 2251.1m ✗
    BIN_6 to BIN_8: 686.1m ✓
    BIN_6 to BIN_9: 2102.2m ✗
    BIN_6 to BIN_10: 461.6m ✓
    BIN_7 to BIN_8: 2428.6m ✗
    BIN_7 to BIN_9: 1793.2m ✗
    BIN_7 to BIN_10: 2693.1m ✗
    BIN_8 to BIN_9: 2694.1m ✗
    BIN_8 to BIN_10: 644.4m ✓
    BIN_9 to BIN_10: 2512.2m ✗
  Processing bins sequentially:
  
  Processing bin BIN_1 (index 0):
    Finding nearby bins within 1400.0m:
      BIN_2: 2066.1m (too far)
      BIN_3: 421.5m (NEARBY)
      BIN_4: 1072.9m (NEARBY)
      BIN_5: 361.9m (NEARBY)
      BIN_6: 2042.5m (too far)
      BIN_7: 453.6m (NEARBY)
      BIN_8: 2341.7m (too far)
      BIN_9: 1341.0m (NEARBY)
      BIN_10: 2500.7m (too far)
    Found 5 nearby bins
    Nearby cluster IDs: set()
    Creating new cluster 0 with current bin + nearby bins
      Added BIN_1 to cluster 0
      Added BIN_3 to cluster 0
      Added BIN_4 to cluster 0
      Added BIN_5 to cluster 0
      Added BIN_7 to cluster 0
      Added BIN_9 to cluster 0
  
  Processing bin BIN_2 (index 1):
    Finding nearby bins within 1400.0m:
      BIN_1: 2066.1m (too far)
      BIN_3: 1888.5m (too far)
      BIN_4: 2341.0m (too far)
      BIN_5: 1705.4m (too far)
      BIN_6: 301.7m (NEARBY)
      BIN_7: 2216.1m (too far)
      BIN_8: 407.7m (NEARBY)
      BIN_9: 2300.3m (too far)
      BIN_10: 515.6m (NEARBY)
    Found 3 nearby bins
    Nearby cluster IDs: set()
    Creating new cluster 1 with current bin + nearby bins
      Added BIN_2 to cluster 1
      Added BIN_6 to cluster 1
      Added BIN_8 to cluster 1
      Added BIN_10 to cluster 1
  
  Processing bin BIN_3 (index 2):
    Finding nearby bins within 1400.0m:
      BIN_1: 421.5m (NEARBY)
        └─ Already in cluster 0
      BIN_2: 1888.5m (too far)
      BIN_4: 1454.5m (too far)
      BIN_5: 367.4m (NEARBY)
        └─ Already in cluster 0
      BIN_6: 1925.0m (too far)
      BIN_7: 327.9m (NEARBY)
        └─ Already in cluster 0
      BIN_8: 2107.4m (too far)
      BIN_9: 1691.7m (too far)
      BIN_10: 2365.5m (too far)
    Found 3 nearby bins
    Nearby cluster IDs: {0}
    Already in cluster 0
  
  Processing bin BIN_4 (index 3):
    Finding nearby bins within 1400.0m:
      BIN_1: 1072.9m (NEARBY)
        └─ Already in cluster 0
      BIN_2: 2341.0m (too far)
      BIN_3: 1454.5m (too far)
      BIN_5: 1162.6m (NEARBY)
        └─ Already in cluster 0
      BIN_6: 2177.6m (too far)
      BIN_7: 1516.7m (too far)
      BIN_8: 2718.0m (too far)
      BIN_9: 325.5m (NEARBY)
        └─ Already in cluster 0
      BIN_10: 2612.2m (too far)
    Found 3 nearby bins
    Nearby cluster IDs: {0}
    Already in cluster 0
  
  Processing bin BIN_5 (index 4):
    Finding nearby bins within 1400.0m:
      BIN_1: 361.9m (NEARBY)
        └─ Already in cluster 0
      BIN_2: 1705.4m (too far)
      BIN_3: 367.4m (NEARBY)
        └─ Already in cluster 0
      BIN_4: 1162.6m (NEARBY)
        └─ Already in cluster 0
      BIN_6: 1691.3m (too far)
      BIN_7: 623.6m (NEARBY)
        └─ Already in cluster 0
      BIN_8: 1980.6m (too far)
      BIN_9: 1366.3m (NEARBY)
        └─ Already in cluster 0
      BIN_10: 2147.1m (too far)
    Found 5 nearby bins
    Nearby cluster IDs: {0}
    Already in cluster 0
  
  Processing bin BIN_6 (index 5):
    Finding nearby bins within 1400.0m:
      BIN_1: 2042.5m (too far)
      BIN_2: 301.7m (NEARBY)
        └─ Already in cluster 1
      BIN_3: 1925.0m (too far)
      BIN_4: 2177.6m (too far)
      BIN_5: 1691.3m (too far)
      BIN_7: 2251.1m (too far)
      BIN_8: 686.1m (NEARBY)
        └─ Already in cluster 1
      BIN_9: 2102.2m (too far)
      BIN_10: 461.6m (NEARBY)
        └─ Already in cluster 1
    Found 3 nearby bins
    Nearby cluster IDs: {1}
    Already in cluster 1
  
  Processing bin BIN_7 (index 6):
    Finding nearby bins within 1400.0m:
      BIN_1: 453.6m (NEARBY)
        └─ Already in cluster 0
      BIN_2: 2216.1m (too far)
      BIN_3: 327.9m (NEARBY)
        └─ Already in cluster 0
      BIN_4: 1516.7m (too far)
      BIN_5: 623.6m (NEARBY)
        └─ Already in cluster 0
      BIN_6: 2251.1m (too far)
      BIN_8: 2428.6m (too far)
      BIN_9: 1793.2m (too far)
      BIN_10: 2693.1m (too far)
    Found 3 nearby bins
    Nearby cluster IDs: {0}
    Already in cluster 0
  
  Processing bin BIN_8 (index 7):
    Finding nearby bins within 1400.0m:
      BIN_1: 2341.7m (too far)
      BIN_2: 407.7m (NEARBY)
        └─ Already in cluster 1
      BIN_3: 2107.4m (too far)
      BIN_4: 2718.0m (too far)
      BIN_5: 1980.6m (too far)
      BIN_6: 686.1m (NEARBY)
        └─ Already in cluster 1
      BIN_7: 2428.6m (too far)
      BIN_9: 2694.1m (too far)
      BIN_10: 644.4m (NEARBY)
        └─ Already in cluster 1
    Found 3 nearby bins
    Nearby cluster IDs: {1}
    Already in cluster 1
  
  Processing bin BIN_9 (index 8):
    Finding nearby bins within 1400.0m:
      BIN_1: 1341.0m (NEARBY)
        └─ Already in cluster 0
      BIN_2: 2300.3m (too far)
      BIN_3: 1691.7m (too far)
      BIN_4: 325.5m (NEARBY)
        └─ Already in cluster 0
      BIN_5: 1366.3m (NEARBY)
        └─ Already in cluster 0
      BIN_6: 2102.2m (too far)
      BIN_7: 1793.2m (too far)
      BIN_8: 2694.1m (too far)
      BIN_10: 2512.2m (too far)
    Found 3 nearby bins
    Nearby cluster IDs: {0}
    Already in cluster 0
  
  Processing bin BIN_10 (index 9):
    Finding nearby bins within 1400.0m:
      BIN_1: 2500.7m (too far)
      BIN_2: 515.6m (NEARBY)
        └─ Already in cluster 1
      BIN_3: 2365.5m (too far)
      BIN_4: 2612.2m (too far)
      BIN_5: 2147.1m (too far)
      BIN_6: 461.6m (NEARBY)
        └─ Already in cluster 1
      BIN_7: 2693.1m (too far)
      BIN_8: 644.4m (NEARBY)
        └─ Already in cluster 1
      BIN_9: 2512.2m (too far)
    Found 3 nearby bins
    Nearby cluster IDs: {1}
    Already in cluster 1
  Cleaning up duplicate bins:
  Final clustering results: 2 clusters, sizes: [6, 4]
    Final Cluster 0: ['BIN_1', 'BIN_3', 'BIN_4', 'BIN_5', 'BIN_7', 'BIN_9']
    Final Cluster 1: ['BIN_2', 'BIN_6', 'BIN_8', 'BIN_10']

CLUSTERING RESULTS:
  Created 2 clusters
  Cluster 0: 6 bins - ['BIN_1', 'BIN_3', 'BIN_4', 'BIN_5', 'BIN_7', 'BIN_9']
    Internal distances:
      BIN_1 to BIN_3: 421.5m
      BIN_1 to BIN_4: 1072.9m
      BIN_1 to BIN_5: 361.9m
      BIN_1 to BIN_7: 453.6m
      BIN_1 to BIN_9: 1341.0m
      BIN_3 to BIN_4: 1454.5m
      BIN_3 to BIN_5: 367.4m
      BIN_3 to BIN_7: 327.9m
      BIN_3 to BIN_9: 1691.7m
      BIN_4 to BIN_5: 1162.6m
      BIN_4 to BIN_7: 1516.7m
      BIN_4 to BIN_9: 325.5m
      BIN_5 to BIN_7: 623.6m
      BIN_5 to BIN_9: 1366.3m
      BIN_7 to BIN_9: 1793.2m
    Max internal distance: 1793.2m
  Cluster 1: 4 bins - ['BIN_2', 'BIN_6', 'BIN_8', 'BIN_10']
    Internal distances:
      BIN_2 to BIN_6: 301.7m
      BIN_2 to BIN_8: 407.7m
      BIN_2 to BIN_10: 515.6m
      BIN_6 to BIN_8: 686.1m
      BIN_6 to BIN_10: 461.6m
      BIN_8 to BIN_10: 644.4m
    Max internal distance: 686.1m
============================================================
CLUSTERING DEBUG END
============================================================
🎯 Using collection queue priority routing: 2 bins
System loaded from: cleanify_system_20250929_233211.json
Starting simulation...
============================================================
CLUSTERING DEBUG START
============================================================
Input validation:
  bins_data type: <class 'list'>
  bins_data length: 10
  depot_data type: <class 'NoneType'>
  depot_data: None
  First bin structure: {'capacity': 500, 'fillLevel': 0, 'fillRate': 6, 'id': 'BIN_1', 'lat': 33.613580131572526, 'lng': 73.05981561266454, 'threshold': 80}
  All bin IDs: ['BIN_1', 'BIN_2', 'BIN_3', 'BIN_4', 'BIN_5', 'BIN_6', 'BIN_7', 'BIN_8', 'BIN_9', 'BIN_10']

CALCULATING BIN SERVICE RADIUS:
BIN RADIUS CALCULATION DEBUG:
  depot_data: None
  bins_data length: 10
  No depot data, using default bin radius: 1400m
Final bin service radius: 1400.0m

STARTING PROXIMITY CLUSTERING:
PROXIMITY CLUSTERING DEBUG:
  Bin service radius: 1400.0m
  Processing 10 bins
  All pairwise distances:
    BIN_1 to BIN_2: 2066.1m ✗
    BIN_1 to BIN_3: 421.5m ✓
    BIN_1 to BIN_4: 1072.9m ✓
    BIN_1 to BIN_5: 361.9m ✓
    BIN_1 to BIN_6: 2042.5m ✗
    BIN_1 to BIN_7: 453.6m ✓
    BIN_1 to BIN_8: 2341.7m ✗
    BIN_1 to BIN_9: 1341.0m ✓
    BIN_1 to BIN_10: 2500.7m ✗
    BIN_2 to BIN_3: 1888.5m ✗
    BIN_2 to BIN_4: 2341.0m ✗
    BIN_2 to BIN_5: 1705.4m ✗
    BIN_2 to BIN_6: 301.7m ✓
    BIN_2 to BIN_7: 2216.1m ✗
    BIN_2 to BIN_8: 407.7m ✓
    BIN_2 to BIN_9: 2300.3m ✗
    BIN_2 to BIN_10: 515.6m ✓
    BIN_3 to BIN_4: 1454.5m ✗
    BIN_3 to BIN_5: 367.4m ✓
    BIN_3 to BIN_6: 1925.0m ✗
    BIN_3 to BIN_7: 327.9m ✓
    BIN_3 to BIN_8: 2107.4m ✗
    BIN_3 to BIN_9: 1691.7m ✗
    BIN_3 to BIN_10: 2365.5m ✗
    BIN_4 to BIN_5: 1162.6m ✓
    BIN_4 to BIN_6: 2177.6m ✗
    BIN_4 to BIN_7: 1516.7m ✗
    BIN_4 to BIN_8: 2718.0m ✗
    BIN_4 to BIN_9: 325.5m ✓
    BIN_4 to BIN_10: 2612.2m ✗
    BIN_5 to BIN_6: 1691.3m ✗
    BIN_5 to BIN_7: 623.6m ✓
    BIN_5 to BIN_8: 1980.6m ✗
    BIN_5 to BIN_9: 1366.3m ✓
    BIN_5 to BIN_10: 2147.1m ✗
    BIN_6 to BIN_7: 2251.1m ✗
    BIN_6 to BIN_8: 686.1m ✓
    BIN_6 to BIN_9: 2102.2m ✗
    BIN_6 to BIN_10: 461.6m ✓
    BIN_7 to BIN_8: 2428.6m ✗
    BIN_7 to BIN_9: 1793.2m ✗
    BIN_7 to BIN_10: 2693.1m ✗
    BIN_8 to BIN_9: 2694.1m ✗
    BIN_8 to BIN_10: 644.4m ✓
    BIN_9 to BIN_10: 2512.2m ✗
  Processing bins sequentially:
  
  Processing bin BIN_1 (index 0):
    Finding nearby bins within 1400.0m:
      BIN_2: 2066.1m (too far)
      BIN_3: 421.5m (NEARBY)
      BIN_4: 1072.9m (NEARBY)
      BIN_5: 361.9m (NEARBY)
      BIN_6: 2042.5m (too far)
      BIN_7: 453.6m (NEARBY)
      BIN_8: 2341.7m (too far)
      BIN_9: 1341.0m (NEARBY)
      BIN_10: 2500.7m (too far)
    Found 5 nearby bins
    Nearby cluster IDs: set()
    Creating new cluster 0 with current bin + nearby bins
      Added BIN_1 to cluster 0
      Added BIN_3 to cluster 0
      Added BIN_4 to cluster 0
      Added BIN_5 to cluster 0
      Added BIN_7 to cluster 0
      Added BIN_9 to cluster 0
  
  Processing bin BIN_2 (index 1):
    Finding nearby bins within 1400.0m:
      BIN_1: 2066.1m (too far)
      BIN_3: 1888.5m (too far)
      BIN_4: 2341.0m (too far)
      BIN_5: 1705.4m (too far)
      BIN_6: 301.7m (NEARBY)
      BIN_7: 2216.1m (too far)
      BIN_8: 407.7m (NEARBY)
      BIN_9: 2300.3m (too far)
      BIN_10: 515.6m (NEARBY)
    Found 3 nearby bins
    Nearby cluster IDs: set()
    Creating new cluster 1 with current bin + nearby bins
      Added BIN_2 to cluster 1
      Added BIN_6 to cluster 1
      Added BIN_8 to cluster 1
      Added BIN_10 to cluster 1
  
  Processing bin BIN_3 (index 2):
    Finding nearby bins within 1400.0m:
      BIN_1: 421.5m (NEARBY)
        └─ Already in cluster 0
      BIN_2: 1888.5m (too far)
      BIN_4: 1454.5m (too far)
      BIN_5: 367.4m (NEARBY)
        └─ Already in cluster 0
      BIN_6: 1925.0m (too far)
      BIN_7: 327.9m (NEARBY)
        └─ Already in cluster 0
      BIN_8: 2107.4m (too far)
      BIN_9: 1691.7m (too far)
      BIN_10: 2365.5m (too far)
    Found 3 nearby bins
    Nearby cluster IDs: {0}
    Already in cluster 0
  
  Processing bin BIN_4 (index 3):
    Finding nearby bins within 1400.0m:
      BIN_1: 1072.9m (NEARBY)
        └─ Already in cluster 0
      BIN_2: 2341.0m (too far)
      BIN_3: 1454.5m (too far)
      BIN_5: 1162.6m (NEARBY)
        └─ Already in cluster 0
      BIN_6: 2177.6m (too far)
      BIN_7: 1516.7m (too far)
      BIN_8: 2718.0m (too far)
      BIN_9: 325.5m (NEARBY)
        └─ Already in cluster 0
      BIN_10: 2612.2m (too far)
    Found 3 nearby bins
    Nearby cluster IDs: {0}
    Already in cluster 0
  
  Processing bin BIN_5 (index 4):
    Finding nearby bins within 1400.0m:
      BIN_1: 361.9m (NEARBY)
        └─ Already in cluster 0
      BIN_2: 1705.4m (too far)
      BIN_3: 367.4m (NEARBY)
        └─ Already in cluster 0
      BIN_4: 1162.6m (NEARBY)
        └─ Already in cluster 0
      BIN_6: 1691.3m (too far)
      BIN_7: 623.6m (NEARBY)
        └─ Already in cluster 0
      BIN_8: 1980.6m (too far)
      BIN_9: 1366.3m (NEARBY)
        └─ Already in cluster 0
      BIN_10: 2147.1m (too far)
    Found 5 nearby bins
    Nearby cluster IDs: {0}
    Already in cluster 0
  
  Processing bin BIN_6 (index 5):
    Finding nearby bins within 1400.0m:
      BIN_1: 2042.5m (too far)
      BIN_2: 301.7m (NEARBY)
        └─ Already in cluster 1
      BIN_3: 1925.0m (too far)
      BIN_4: 2177.6m (too far)
      BIN_5: 1691.3m (too far)
      BIN_7: 2251.1m (too far)
      BIN_8: 686.1m (NEARBY)
        └─ Already in cluster 1
      BIN_9: 2102.2m (too far)
      BIN_10: 461.6m (NEARBY)
        └─ Already in cluster 1
    Found 3 nearby bins
    Nearby cluster IDs: {1}
    Already in cluster 1
  
  Processing bin BIN_7 (index 6):
    Finding nearby bins within 1400.0m:
      BIN_1: 453.6m (NEARBY)
        └─ Already in cluster 0
      BIN_2: 2216.1m (too far)
      BIN_3: 327.9m (NEARBY)
        └─ Already in cluster 0
      BIN_4: 1516.7m (too far)
      BIN_5: 623.6m (NEARBY)
        └─ Already in cluster 0
      BIN_6: 2251.1m (too far)
      BIN_8: 2428.6m (too far)
      BIN_9: 1793.2m (too far)
      BIN_10: 2693.1m (too far)
    Found 3 nearby bins
    Nearby cluster IDs: {0}
    Already in cluster 0
  
  Processing bin BIN_8 (index 7):
    Finding nearby bins within 1400.0m:
      BIN_1: 2341.7m (too far)
      BIN_2: 407.7m (NEARBY)
        └─ Already in cluster 1
      BIN_3: 2107.4m (too far)
      BIN_4: 2718.0m (too far)
      BIN_5: 1980.6m (too far)
      BIN_6: 686.1m (NEARBY)
        └─ Already in cluster 1
      BIN_7: 2428.6m (too far)
      BIN_9: 2694.1m (too far)
      BIN_10: 644.4m (NEARBY)
        └─ Already in cluster 1
    Found 3 nearby bins
    Nearby cluster IDs: {1}
    Already in cluster 1
  
  Processing bin BIN_9 (index 8):
    Finding nearby bins within 1400.0m:
      BIN_1: 1341.0m (NEARBY)
        └─ Already in cluster 0
      BIN_2: 2300.3m (too far)
      BIN_3: 1691.7m (too far)
      BIN_4: 325.5m (NEARBY)
        └─ Already in cluster 0
      BIN_5: 1366.3m (NEARBY)
        └─ Already in cluster 0
      BIN_6: 2102.2m (too far)
      BIN_7: 1793.2m (too far)
      BIN_8: 2694.1m (too far)
      BIN_10: 2512.2m (too far)
    Found 3 nearby bins
    Nearby cluster IDs: {0}
    Already in cluster 0
  
  Processing bin BIN_10 (index 9):
    Finding nearby bins within 1400.0m:
      BIN_1: 2500.7m (too far)
      BIN_2: 515.6m (NEARBY)
        └─ Already in cluster 1
      BIN_3: 2365.5m (too far)
      BIN_4: 2612.2m (too far)
      BIN_5: 2147.1m (too far)
      BIN_6: 461.6m (NEARBY)
        └─ Already in cluster 1
      BIN_7: 2693.1m (too far)
      BIN_8: 644.4m (NEARBY)
        └─ Already in cluster 1
      BIN_9: 2512.2m (too far)
    Found 3 nearby bins
    Nearby cluster IDs: {1}
    Already in cluster 1
  Cleaning up duplicate bins:
  Final clustering results: 2 clusters, sizes: [6, 4]
    Final Cluster 0: ['BIN_1', 'BIN_3', 'BIN_4', 'BIN_5', 'BIN_7', 'BIN_9']
    Final Cluster 1: ['BIN_2', 'BIN_6', 'BIN_8', 'BIN_10']

CLUSTERING RESULTS:
  Created 2 clusters
  Cluster 0: 6 bins - ['BIN_1', 'BIN_3', 'BIN_4', 'BIN_5', 'BIN_7', 'BIN_9']
    Internal distances:
      BIN_1 to BIN_3: 421.5m
      BIN_1 to BIN_4: 1072.9m
      BIN_1 to BIN_5: 361.9m
      BIN_1 to BIN_7: 453.6m
      BIN_1 to BIN_9: 1341.0m
      BIN_3 to BIN_4: 1454.5m
      BIN_3 to BIN_5: 367.4m
      BIN_3 to BIN_7: 327.9m
      BIN_3 to BIN_9: 1691.7m
      BIN_4 to BIN_5: 1162.6m
      BIN_4 to BIN_7: 1516.7m
      BIN_4 to BIN_9: 325.5m
      BIN_5 to BIN_7: 623.6m
      BIN_5 to BIN_9: 1366.3m
      BIN_7 to BIN_9: 1793.2m
    Max internal distance: 1793.2m
  Cluster 1: 4 bins - ['BIN_2', 'BIN_6', 'BIN_8', 'BIN_10']
    Internal distances:
      BIN_2 to BIN_6: 301.7m
      BIN_2 to BIN_8: 407.7m
      BIN_2 to BIN_10: 515.6m
      BIN_6 to BIN_8: 686.1m
      BIN_6 to BIN_10: 461.6m
      BIN_8 to BIN_10: 644.4m
    Max internal distance: 686.1m
============================================================
CLUSTERING DEBUG END
============================================================
🎯 Using collection queue priority routing: 2 bins
============================================================
CLUSTERING DEBUG START
============================================================
Input validation:
  bins_data type: <class 'list'>
  bins_data length: 10
  depot_data type: <class 'NoneType'>
  depot_data: None
  First bin structure: {'capacity': 500, 'fillLevel': 0.0016666666666666666, 'fillRate': 6, 'id': 'BIN_1', 'lat': 33.613580131572526, 'lng': 73.05981561266454, 'threshold': 80, 'near_threshold_count': 0, 'dynamic_threshold': 50}
  All bin IDs: ['BIN_1', 'BIN_2', 'BIN_3', 'BIN_4', 'BIN_5', 'BIN_6', 'BIN_7', 'BIN_8', 'BIN_9', 'BIN_10']

CALCULATING BIN SERVICE RADIUS:
BIN RADIUS CALCULATION DEBUG:
  depot_data: None
  bins_data length: 10
  No depot data, using default bin radius: 1400m
Final bin service radius: 1400.0m

STARTING PROXIMITY CLUSTERING:
PROXIMITY CLUSTERING DEBUG:
  Bin service radius: 1400.0m
  Processing 10 bins
  All pairwise distances:
    BIN_1 to BIN_2: 2066.1m ✗
    BIN_1 to BIN_3: 421.5m ✓
    BIN_1 to BIN_4: 1072.9m ✓
    BIN_1 to BIN_5: 361.9m ✓
    BIN_1 to BIN_6: 2042.5m ✗
    BIN_1 to BIN_7: 453.6m ✓
    BIN_1 to BIN_8: 2341.7m ✗
    BIN_1 to BIN_9: 1341.0m ✓
    BIN_1 to BIN_10: 2500.7m ✗
    BIN_2 to BIN_3: 1888.5m ✗
    BIN_2 to BIN_4: 2341.0m ✗
    BIN_2 to BIN_5: 1705.4m ✗
    BIN_2 to BIN_6: 301.7m ✓
    BIN_2 to BIN_7: 2216.1m ✗
    BIN_2 to BIN_8: 407.7m ✓
    BIN_2 to BIN_9: 2300.3m ✗
    BIN_2 to BIN_10: 515.6m ✓
    BIN_3 to BIN_4: 1454.5m ✗
    BIN_3 to BIN_5: 367.4m ✓
    BIN_3 to BIN_6: 1925.0m ✗
    BIN_3 to BIN_7: 327.9m ✓
    BIN_3 to BIN_8: 2107.4m ✗
    BIN_3 to BIN_9: 1691.7m ✗
    BIN_3 to BIN_10: 2365.5m ✗
    BIN_4 to BIN_5: 1162.6m ✓
    BIN_4 to BIN_6: 2177.6m ✗
    BIN_4 to BIN_7: 1516.7m ✗
    BIN_4 to BIN_8: 2718.0m ✗
    BIN_4 to BIN_9: 325.5m ✓
    BIN_4 to BIN_10: 2612.2m ✗
    BIN_5 to BIN_6: 1691.3m ✗
    BIN_5 to BIN_7: 623.6m ✓
    BIN_5 to BIN_8: 1980.6m ✗
    BIN_5 to BIN_9: 1366.3m ✓
    BIN_5 to BIN_10: 2147.1m ✗
    BIN_6 to BIN_7: 2251.1m ✗
    BIN_6 to BIN_8: 686.1m ✓
    BIN_6 to BIN_9: 2102.2m ✗
    BIN_6 to BIN_10: 461.6m ✓
    BIN_7 to BIN_8: 2428.6m ✗
    BIN_7 to BIN_9: 1793.2m ✗
    BIN_7 to BIN_10: 2693.1m ✗
    BIN_8 to BIN_9: 2694.1m ✗
    BIN_8 to BIN_10: 644.4m ✓
    BIN_9 to BIN_10: 2512.2m ✗
  Processing bins sequentially:
  
  Processing bin BIN_1 (index 0):
    Finding nearby bins within 1400.0m:
      BIN_2: 2066.1m (too far)
      BIN_3: 421.5m (NEARBY)
      BIN_4: 1072.9m (NEARBY)
      BIN_5: 361.9m (NEARBY)
      BIN_6: 2042.5m (too far)
      BIN_7: 453.6m (NEARBY)
      BIN_8: 2341.7m (too far)
      BIN_9: 1341.0m (NEARBY)
      BIN_10: 2500.7m (too far)
    Found 5 nearby bins
    Nearby cluster IDs: set()
    Creating new cluster 0 with current bin + nearby bins
      Added BIN_1 to cluster 0
      Added BIN_3 to cluster 0
      Added BIN_4 to cluster 0
      Added BIN_5 to cluster 0
      Added BIN_7 to cluster 0
      Added BIN_9 to cluster 0
  
  Processing bin BIN_2 (index 1):
    Finding nearby bins within 1400.0m:
      BIN_1: 2066.1m (too far)
      BIN_3: 1888.5m (too far)
      BIN_4: 2341.0m (too far)
      BIN_5: 1705.4m (too far)
      BIN_6: 301.7m (NEARBY)
      BIN_7: 2216.1m (too far)
      BIN_8: 407.7m (NEARBY)
      BIN_9: 2300.3m (too far)
      BIN_10: 515.6m (NEARBY)
    Found 3 nearby bins
    Nearby cluster IDs: set()
    Creating new cluster 1 with current bin + nearby bins
      Added BIN_2 to cluster 1
      Added BIN_6 to cluster 1
      Added BIN_8 to cluster 1
      Added BIN_10 to cluster 1
  
  Processing bin BIN_3 (index 2):
    Finding nearby bins within 1400.0m:
      BIN_1: 421.5m (NEARBY)
        └─ Already in cluster 0
      BIN_2: 1888.5m (too far)
      BIN_4: 1454.5m (too far)
      BIN_5: 367.4m (NEARBY)
        └─ Already in cluster 0
      BIN_6: 1925.0m (too far)
      BIN_7: 327.9m (NEARBY)
        └─ Already in cluster 0
      BIN_8: 2107.4m (too far)
      BIN_9: 1691.7m (too far)
      BIN_10: 2365.5m (too far)
    Found 3 nearby bins
    Nearby cluster IDs: {0}
    Already in cluster 0
  
  Processing bin BIN_4 (index 3):
    Finding nearby bins within 1400.0m:
      BIN_1: 1072.9m (NEARBY)
        └─ Already in cluster 0
      BIN_2: 2341.0m (too far)
      BIN_3: 1454.5m (too far)
      BIN_5: 1162.6m (NEARBY)
        └─ Already in cluster 0
      BIN_6: 2177.6m (too far)
      BIN_7: 1516.7m (too far)
      BIN_8: 2718.0m (too far)
      BIN_9: 325.5m (NEARBY)
        └─ Already in cluster 0
      BIN_10: 2612.2m (too far)
    Found 3 nearby bins
    Nearby cluster IDs: {0}
    Already in cluster 0
  
  Processing bin BIN_5 (index 4):
    Finding nearby bins within 1400.0m:
      BIN_1: 361.9m (NEARBY)
        └─ Already in cluster 0
      BIN_2: 1705.4m (too far)
      BIN_3: 367.4m (NEARBY)
        └─ Already in cluster 0
      BIN_4: 1162.6m (NEARBY)
        └─ Already in cluster 0
      BIN_6: 1691.3m (too far)
      BIN_7: 623.6m (NEARBY)
        └─ Already in cluster 0
      BIN_8: 1980.6m (too far)
      BIN_9: 1366.3m (NEARBY)
        └─ Already in cluster 0
      BIN_10: 2147.1m (too far)
    Found 5 nearby bins
    Nearby cluster IDs: {0}
    Already in cluster 0
  
  Processing bin BIN_6 (index 5):
    Finding nearby bins within 1400.0m:
      BIN_1: 2042.5m (too far)
      BIN_2: 301.7m (NEARBY)
        └─ Already in cluster 1
      BIN_3: 1925.0m (too far)
      BIN_4: 2177.6m (too far)
      BIN_5: 1691.3m (too far)
      BIN_7: 2251.1m (too far)
      BIN_8: 686.1m (NEARBY)
        └─ Already in cluster 1
      BIN_9: 2102.2m (too far)
      BIN_10: 461.6m (NEARBY)
        └─ Already in cluster 1
    Found 3 nearby bins
    Nearby cluster IDs: {1}
    Already in cluster 1
  
  Processing bin BIN_7 (index 6):
    Finding nearby bins within 1400.0m:
      BIN_1: 453.6m (NEARBY)
        └─ Already in cluster 0
      BIN_2: 2216.1m (too far)
      BIN_3: 327.9m (NEARBY)
        └─ Already in cluster 0
      BIN_4: 1516.7m (too far)
      BIN_5: 623.6m (NEARBY)
        └─ Already in cluster 0
      BIN_6: 2251.1m (too far)
      BIN_8: 2428.6m (too far)
      BIN_9: 1793.2m (too far)
      BIN_10: 2693.1m (too far)
    Found 3 nearby bins
    Nearby cluster IDs: {0}
    Already in cluster 0
  
  Processing bin BIN_8 (index 7):
    Finding nearby bins within 1400.0m:
      BIN_1: 2341.7m (too far)
      BIN_2: 407.7m (NEARBY)
        └─ Already in cluster 1
      BIN_3: 2107.4m (too far)
      BIN_4: 2718.0m (too far)
      BIN_5: 1980.6m (too far)
      BIN_6: 686.1m (NEARBY)
        └─ Already in cluster 1
      BIN_7: 2428.6m (too far)
      BIN_9: 2694.1m (too far)
      BIN_10: 644.4m (NEARBY)
        └─ Already in cluster 1
    Found 3 nearby bins
    Nearby cluster IDs: {1}
    Already in cluster 1
  
  Processing bin BIN_9 (index 8):
    Finding nearby bins within 1400.0m:
      BIN_1: 1341.0m (NEARBY)
        └─ Already in cluster 0
      BIN_2: 2300.3m (too far)
      BIN_3: 1691.7m (too far)
      BIN_4: 325.5m (NEARBY)
        └─ Already in cluster 0
      BIN_5: 1366.3m (NEARBY)
        └─ Already in cluster 0
      BIN_6: 2102.2m (too far)
      BIN_7: 1793.2m (too far)
      BIN_8: 2694.1m (too far)
      BIN_10: 2512.2m (too far)
    Found 3 nearby bins
    Nearby cluster IDs: {0}
    Already in cluster 0
  
  Processing bin BIN_10 (index 9):
    Finding nearby bins within 1400.0m:
      BIN_1: 2500.7m (too far)
      BIN_2: 515.6m (NEARBY)
        └─ Already in cluster 1
      BIN_3: 2365.5m (too far)
      BIN_4: 2612.2m (too far)
      BIN_5: 2147.1m (too far)
      BIN_6: 461.6m (NEARBY)
        └─ Already in cluster 1
      BIN_7: 2693.1m (too far)
      BIN_8: 644.4m (NEARBY)
        └─ Already in cluster 1
      BIN_9: 2512.2m (too far)
    Found 3 nearby bins
    Nearby cluster IDs: {1}
    Already in cluster 1
  Cleaning up duplicate bins:
  Final clustering results: 2 clusters, sizes: [6, 4]
    Final Cluster 0: ['BIN_1', 'BIN_3', 'BIN_4', 'BIN_5', 'BIN_7', 'BIN_9']
    Final Cluster 1: ['BIN_2', 'BIN_6', 'BIN_8', 'BIN_10']

CLUSTERING RESULTS:
  Created 2 clusters
  Cluster 0: 6 bins - ['BIN_1', 'BIN_3', 'BIN_4', 'BIN_5', 'BIN_7', 'BIN_9']
    Internal distances:
      BIN_1 to BIN_3: 421.5m
      BIN_1 to BIN_4: 1072.9m
      BIN_1 to BIN_5: 361.9m
      BIN_1 to BIN_7: 453.6m
      BIN_1 to BIN_9: 1341.0m
      BIN_3 to BIN_4: 1454.5m
      BIN_3 to BIN_5: 367.4m
      BIN_3 to BIN_7: 327.9m
      BIN_3 to BIN_9: 1691.7m
      BIN_4 to BIN_5: 1162.6m
      BIN_4 to BIN_7: 1516.7m
      BIN_4 to BIN_9: 325.5m
      BIN_5 to BIN_7: 623.6m
      BIN_5 to BIN_9: 1366.3m
      BIN_7 to BIN_9: 1793.2m
    Max internal distance: 1793.2m
  Cluster 1: 4 bins - ['BIN_2', 'BIN_6', 'BIN_8', 'BIN_10']
    Internal distances:
      BIN_2 to BIN_6: 301.7m
      BIN_2 to BIN_8: 407.7m
      BIN_2 to BIN_10: 515.6m
      BIN_6 to BIN_8: 686.1m
      BIN_6 to BIN_10: 461.6m
      BIN_8 to BIN_10: 644.4m
    Max internal distance: 686.1m
============================================================
CLUSTERING DEBUG END
============================================================
🎯 Using collection queue priority routing: 2 bins
============================================================
CLUSTERING DEBUG START
============================================================
Input validation:
  bins_data type: <class 'list'>
  bins_data length: 10
  depot_data type: <class 'NoneType'>
  depot_data: None
  First bin structure: {'capacity': 500, 'fillLevel': 0.003333333333333333, 'fillRate': 6, 'id': 'BIN_1', 'lat': 33.613580131572526, 'lng': 73.05981561266454, 'threshold': 80, 'near_threshold_count': 0, 'dynamic_threshold': 50}
  All bin IDs: ['BIN_1', 'BIN_2', 'BIN_3', 'BIN_4', 'BIN_5', 'BIN_6', 'BIN_7', 'BIN_8', 'BIN_9', 'BIN_10']

CALCULATING BIN SERVICE RADIUS:
BIN RADIUS CALCULATION DEBUG:
  depot_data: None
  bins_data length: 10
  No depot data, using default bin radius: 1400m
Final bin service radius: 1400.0m

STARTING PROXIMITY CLUSTERING:
PROXIMITY CLUSTERING DEBUG:
  Bin service radius: 1400.0m
  Processing 10 bins
  All pairwise distances:
    BIN_1 to BIN_2: 2066.1m ✗
    BIN_1 to BIN_3: 421.5m ✓
    BIN_1 to BIN_4: 1072.9m ✓
    BIN_1 to BIN_5: 361.9m ✓
    BIN_1 to BIN_6: 2042.5m ✗
    BIN_1 to BIN_7: 453.6m ✓
    BIN_1 to BIN_8: 2341.7m ✗
    BIN_1 to BIN_9: 1341.0m ✓
    BIN_1 to BIN_10: 2500.7m ✗
    BIN_2 to BIN_3: 1888.5m ✗
    BIN_2 to BIN_4: 2341.0m ✗
    BIN_2 to BIN_5: 1705.4m ✗
    BIN_2 to BIN_6: 301.7m ✓
    BIN_2 to BIN_7: 2216.1m ✗
    BIN_2 to BIN_8: 407.7m ✓
    BIN_2 to BIN_9: 2300.3m ✗
    BIN_2 to BIN_10: 515.6m ✓
    BIN_3 to BIN_4: 1454.5m ✗
    BIN_3 to BIN_5: 367.4m ✓
    BIN_3 to BIN_6: 1925.0m ✗
    BIN_3 to BIN_7: 327.9m ✓
    BIN_3 to BIN_8: 2107.4m ✗
    BIN_3 to BIN_9: 1691.7m ✗
    BIN_3 to BIN_10: 2365.5m ✗
    BIN_4 to BIN_5: 1162.6m ✓
    BIN_4 to BIN_6: 2177.6m ✗
    BIN_4 to BIN_7: 1516.7m ✗
    BIN_4 to BIN_8: 2718.0m ✗
    BIN_4 to BIN_9: 325.5m ✓
    BIN_4 to BIN_10: 2612.2m ✗
    BIN_5 to BIN_6: 1691.3m ✗
    BIN_5 to BIN_7: 623.6m ✓
    BIN_5 to BIN_8: 1980.6m ✗
    BIN_5 to BIN_9: 1366.3m ✓
    BIN_5 to BIN_10: 2147.1m ✗
    BIN_6 to BIN_7: 2251.1m ✗
    BIN_6 to BIN_8: 686.1m ✓
    BIN_6 to BIN_9: 2102.2m ✗
    BIN_6 to BIN_10: 461.6m ✓
    BIN_7 to BIN_8: 2428.6m ✗
    BIN_7 to BIN_9: 1793.2m ✗
    BIN_7 to BIN_10: 2693.1m ✗
    BIN_8 to BIN_9: 2694.1m ✗
    BIN_8 to BIN_10: 644.4m ✓
    BIN_9 to BIN_10: 2512.2m ✗
  Processing bins sequentially:
  
  Processing bin BIN_1 (index 0):
    Finding nearby bins within 1400.0m:
      BIN_2: 2066.1m (too far)
      BIN_3: 421.5m (NEARBY)
      BIN_4: 1072.9m (NEARBY)
      BIN_5: 361.9m (NEARBY)
      BIN_6: 2042.5m (too far)
      BIN_7: 453.6m (NEARBY)
      BIN_8: 2341.7m (too far)
      BIN_9: 1341.0m (NEARBY)
      BIN_10: 2500.7m (too far)
    Found 5 nearby bins
    Nearby cluster IDs: set()
    Creating new cluster 0 with current bin + nearby bins
      Added BIN_1 to cluster 0
      Added BIN_3 to cluster 0
      Added BIN_4 to cluster 0
      Added BIN_5 to cluster 0
      Added BIN_7 to cluster 0
      Added BIN_9 to cluster 0
  
  Processing bin BIN_2 (index 1):
    Finding nearby bins within 1400.0m:
      BIN_1: 2066.1m (too far)
      BIN_3: 1888.5m (too far)
      BIN_4: 2341.0m (too far)
      BIN_5: 1705.4m (too far)
      BIN_6: 301.7m (NEARBY)
      BIN_7: 2216.1m (too far)
      BIN_8: 407.7m (NEARBY)
      BIN_9: 2300.3m (too far)
      BIN_10: 515.6m (NEARBY)
    Found 3 nearby bins
    Nearby cluster IDs: set()
    Creating new cluster 1 with current bin + nearby bins
      Added BIN_2 to cluster 1
      Added BIN_6 to cluster 1
      Added BIN_8 to cluster 1
      Added BIN_10 to cluster 1
  
  Processing bin BIN_3 (index 2):
    Finding nearby bins within 1400.0m:
      BIN_1: 421.5m (NEARBY)
        └─ Already in cluster 0
      BIN_2: 1888.5m (too far)
      BIN_4: 1454.5m (too far)
      BIN_5: 367.4m (NEARBY)
        └─ Already in cluster 0
      BIN_6: 1925.0m (too far)
      BIN_7: 327.9m (NEARBY)
        └─ Already in cluster 0
      BIN_8: 2107.4m (too far)
      BIN_9: 1691.7m (too far)
      BIN_10: 2365.5m (too far)
    Found 3 nearby bins
    Nearby cluster IDs: {0}
    Already in cluster 0
  
  Processing bin BIN_4 (index 3):
    Finding nearby bins within 1400.0m:
      BIN_1: 1072.9m (NEARBY)
        └─ Already in cluster 0
      BIN_2: 2341.0m (too far)
      BIN_3: 1454.5m (too far)
      BIN_5: 1162.6m (NEARBY)
        └─ Already in cluster 0
      BIN_6: 2177.6m (too far)
      BIN_7: 1516.7m (too far)
      BIN_8: 2718.0m (too far)
      BIN_9: 325.5m (NEARBY)
        └─ Already in cluster 0
      BIN_10: 2612.2m (too far)
    Found 3 nearby bins
    Nearby cluster IDs: {0}
    Already in cluster 0
  
  Processing bin BIN_5 (index 4):
    Finding nearby bins within 1400.0m:
      BIN_1: 361.9m (NEARBY)
        └─ Already in cluster 0
      BIN_2: 1705.4m (too far)
      BIN_3: 367.4m (NEARBY)
        └─ Already in cluster 0
      BIN_4: 1162.6m (NEARBY)
        └─ Already in cluster 0
      BIN_6: 1691.3m (too far)
      BIN_7: 623.6m (NEARBY)
        └─ Already in cluster 0
      BIN_8: 1980.6m (too far)
      BIN_9: 1366.3m (NEARBY)
        └─ Already in cluster 0
      BIN_10: 2147.1m (too far)
    Found 5 nearby bins
    Nearby cluster IDs: {0}
    Already in cluster 0
  
  Processing bin BIN_6 (index 5):
    Finding nearby bins within 1400.0m:
      BIN_1: 2042.5m (too far)
      BIN_2: 301.7m (NEARBY)
        └─ Already in cluster 1
      BIN_3: 1925.0m (too far)
      BIN_4: 2177.6m (too far)
      BIN_5: 1691.3m (too far)
      BIN_7: 2251.1m (too far)
      BIN_8: 686.1m (NEARBY)
        └─ Already in cluster 1
      BIN_9: 2102.2m (too far)
      BIN_10: 461.6m (NEARBY)
        └─ Already in cluster 1
    Found 3 nearby bins
    Nearby cluster IDs: {1}
    Already in cluster 1
  
  Processing bin BIN_7 (index 6):
    Finding nearby bins within 1400.0m:
      BIN_1: 453.6m (NEARBY)
        └─ Already in cluster 0
      BIN_2: 2216.1m (too far)
      BIN_3: 327.9m (NEARBY)
        └─ Already in cluster 0
      BIN_4: 1516.7m (too far)
      BIN_5: 623.6m (NEARBY)
        └─ Already in cluster 0
      BIN_6: 2251.1m (too far)
      BIN_8: 2428.6m (too far)
      BIN_9: 1793.2m (too far)
      BIN_10: 2693.1m (too far)
    Found 3 nearby bins
    Nearby cluster IDs: {0}
    Already in cluster 0
  
  Processing bin BIN_8 (index 7):
    Finding nearby bins within 1400.0m:
      BIN_1: 2341.7m (too far)
      BIN_2: 407.7m (NEARBY)
        └─ Already in cluster 1
      BIN_3: 2107.4m (too far)
      BIN_4: 2718.0m (too far)
      BIN_5: 1980.6m (too far)
      BIN_6: 686.1m (NEARBY)
        └─ Already in cluster 1
      BIN_7: 2428.6m (too far)
      BIN_9: 2694.1m (too far)
      BIN_10: 644.4m (NEARBY)
        └─ Already in cluster 1
    Found 3 nearby bins
    Nearby cluster IDs: {1}
    Already in cluster 1
  
  Processing bin BIN_9 (index 8):
    Finding nearby bins within 1400.0m:
      BIN_1: 1341.0m (NEARBY)
        └─ Already in cluster 0
      BIN_2: 2300.3m (too far)
      BIN_3: 1691.7m (too far)
      BIN_4: 325.5m (NEARBY)
        └─ Already in cluster 0
      BIN_5: 1366.3m (NEARBY)
        └─ Already in cluster 0
      BIN_6: 2102.2m (too far)
      BIN_7: 1793.2m (too far)
      BIN_8: 2694.1m (too far)
      BIN_10: 2512.2m (too far)
    Found 3 nearby bins
    Nearby cluster IDs: {0}
    Already in cluster 0
  
  Processing bin BIN_10 (index 9):
    Finding nearby bins within 1400.0m:
      BIN_1: 2500.7m (too far)
      BIN_2: 515.6m (NEARBY)
        └─ Already in cluster 1
      BIN_3: 2365.5m (too far)
      BIN_4: 2612.2m (too far)
      BIN_5: 2147.1m (too far)
      BIN_6: 461.6m (NEARBY)
        └─ Already in cluster 1
      BIN_7: 2693.1m (too far)
      BIN_8: 644.4m (NEARBY)
        └─ Already in cluster 1
      BIN_9: 2512.2m (too far)
    Found 3 nearby bins
    Nearby cluster IDs: {1}
    Already in cluster 1
  Cleaning up duplicate bins:
  Final clustering results: 2 clusters, sizes: [6, 4]
    Final Cluster 0: ['BIN_1', 'BIN_3', 'BIN_4', 'BIN_5', 'BIN_7', 'BIN_9']
    Final Cluster 1: ['BIN_2', 'BIN_6', 'BIN_8', 'BIN_10']

CLUSTERING RESULTS:
  Created 2 clusters
  Cluster 0: 6 bins - ['BIN_1', 'BIN_3', 'BIN_4', 'BIN_5', 'BIN_7', 'BIN_9']
    Internal distances:
      BIN_1 to BIN_3: 421.5m
      BIN_1 to BIN_4: 1072.9m
      BIN_1 to BIN_5: 361.9m
      BIN_1 to BIN_7: 453.6m
      BIN_1 to BIN_9: 1341.0m
      BIN_3 to BIN_4: 1454.5m
      BIN_3 to BIN_5: 367.4m
      BIN_3 to BIN_7: 327.9m
      BIN_3 to BIN_9: 1691.7m
      BIN_4 to BIN_5: 1162.6m
      BIN_4 to BIN_7: 1516.7m
      BIN_4 to BIN_9: 325.5m
      BIN_5 to BIN_7: 623.6m
      BIN_5 to BIN_9: 1366.3m
      BIN_7 to BIN_9: 1793.2m
    Max internal distance: 1793.2m
  Cluster 1: 4 bins - ['BIN_2', 'BIN_6', 'BIN_8', 'BIN_10']
    Internal distances:
      BIN_2 to BIN_6: 301.7m
      BIN_2 to BIN_8: 407.7m
      BIN_2 to BIN_10: 515.6m
      BIN_6 to BIN_8: 686.1m
      BIN_6 to BIN_10: 461.6m
      BIN_8 to BIN_10: 644.4m
    Max internal distance: 686.1m
============================================================
CLUSTERING DEBUG END
============================================================
🎯 Using collection queue priority routing: 2 bins
System loaded from: cleanify_system_20250929_233211.json
Starting simulation...
============================================================
CLUSTERING DEBUG START
============================================================
Input validation:
  bins_data type: <class 'list'>
  bins_data length: 10
  depot_data type: <class 'NoneType'>
  depot_data: None
  First bin structure: {'capacity': 500, 'fillLevel': 0, 'fillRate': 6, 'id': 'BIN_1', 'lat': 33.613580131572526, 'lng': 73.05981561266454, 'threshold': 80}
  All bin IDs: ['BIN_1', 'BIN_2', 'BIN_3', 'BIN_4', 'BIN_5', 'BIN_6', 'BIN_7', 'BIN_8', 'BIN_9', 'BIN_10']

CALCULATING BIN SERVICE RADIUS:
BIN RADIUS CALCULATION DEBUG:
  depot_data: None
  bins_data length: 10
  No depot data, using default bin radius: 1400m
Final bin service radius: 1400.0m

STARTING PROXIMITY CLUSTERING:
PROXIMITY CLUSTERING DEBUG:
  Bin service radius: 1400.0m
  Processing 10 bins
  All pairwise distances:
    BIN_1 to BIN_2: 2066.1m ✗
    BIN_1 to BIN_3: 421.5m ✓
    BIN_1 to BIN_4: 1072.9m ✓
    BIN_1 to BIN_5: 361.9m ✓
    BIN_1 to BIN_6: 2042.5m ✗
    BIN_1 to BIN_7: 453.6m ✓
    BIN_1 to BIN_8: 2341.7m ✗
    BIN_1 to BIN_9: 1341.0m ✓
    BIN_1 to BIN_10: 2500.7m ✗
    BIN_2 to BIN_3: 1888.5m ✗
    BIN_2 to BIN_4: 2341.0m ✗
    BIN_2 to BIN_5: 1705.4m ✗
    BIN_2 to BIN_6: 301.7m ✓
    BIN_2 to BIN_7: 2216.1m ✗
    BIN_2 to BIN_8: 407.7m ✓
    BIN_2 to BIN_9: 2300.3m ✗
    BIN_2 to BIN_10: 515.6m ✓
    BIN_3 to BIN_4: 1454.5m ✗
    BIN_3 to BIN_5: 367.4m ✓
    BIN_3 to BIN_6: 1925.0m ✗
    BIN_3 to BIN_7: 327.9m ✓
    BIN_3 to BIN_8: 2107.4m ✗
    BIN_3 to BIN_9: 1691.7m ✗
    BIN_3 to BIN_10: 2365.5m ✗
    BIN_4 to BIN_5: 1162.6m ✓
    BIN_4 to BIN_6: 2177.6m ✗
    BIN_4 to BIN_7: 1516.7m ✗
    BIN_4 to BIN_8: 2718.0m ✗
    BIN_4 to BIN_9: 325.5m ✓
    BIN_4 to BIN_10: 2612.2m ✗
    BIN_5 to BIN_6: 1691.3m ✗
    BIN_5 to BIN_7: 623.6m ✓
    BIN_5 to BIN_8: 1980.6m ✗
    BIN_5 to BIN_9: 1366.3m ✓
    BIN_5 to BIN_10: 2147.1m ✗
    BIN_6 to BIN_7: 2251.1m ✗
    BIN_6 to BIN_8: 686.1m ✓
    BIN_6 to BIN_9: 2102.2m ✗
    BIN_6 to BIN_10: 461.6m ✓
    BIN_7 to BIN_8: 2428.6m ✗
    BIN_7 to BIN_9: 1793.2m ✗
    BIN_7 to BIN_10: 2693.1m ✗
    BIN_8 to BIN_9: 2694.1m ✗
    BIN_8 to BIN_10: 644.4m ✓
    BIN_9 to BIN_10: 2512.2m ✗
  Processing bins sequentially:
  
  Processing bin BIN_1 (index 0):
    Finding nearby bins within 1400.0m:
      BIN_2: 2066.1m (too far)
      BIN_3: 421.5m (NEARBY)
      BIN_4: 1072.9m (NEARBY)
      BIN_5: 361.9m (NEARBY)
      BIN_6: 2042.5m (too far)
      BIN_7: 453.6m (NEARBY)
      BIN_8: 2341.7m (too far)
      BIN_9: 1341.0m (NEARBY)
      BIN_10: 2500.7m (too far)
    Found 5 nearby bins
    Nearby cluster IDs: set()
    Creating new cluster 0 with current bin + nearby bins
      Added BIN_1 to cluster 0
      Added BIN_3 to cluster 0
      Added BIN_4 to cluster 0
      Added BIN_5 to cluster 0
      Added BIN_7 to cluster 0
      Added BIN_9 to cluster 0
  
  Processing bin BIN_2 (index 1):
    Finding nearby bins within 1400.0m:
      BIN_1: 2066.1m (too far)
      BIN_3: 1888.5m (too far)
      BIN_4: 2341.0m (too far)
      BIN_5: 1705.4m (too far)
      BIN_6: 301.7m (NEARBY)
      BIN_7: 2216.1m (too far)
      BIN_8: 407.7m (NEARBY)
      BIN_9: 2300.3m (too far)
      BIN_10: 515.6m (NEARBY)
    Found 3 nearby bins
    Nearby cluster IDs: set()
    Creating new cluster 1 with current bin + nearby bins
      Added BIN_2 to cluster 1
      Added BIN_6 to cluster 1
      Added BIN_8 to cluster 1
      Added BIN_10 to cluster 1
  
  Processing bin BIN_3 (index 2):
    Finding nearby bins within 1400.0m:
      BIN_1: 421.5m (NEARBY)
        └─ Already in cluster 0
      BIN_2: 1888.5m (too far)
      BIN_4: 1454.5m (too far)
      BIN_5: 367.4m (NEARBY)
        └─ Already in cluster 0
      BIN_6: 1925.0m (too far)
      BIN_7: 327.9m (NEARBY)
        └─ Already in cluster 0
      BIN_8: 2107.4m (too far)
      BIN_9: 1691.7m (too far)
      BIN_10: 2365.5m (too far)
    Found 3 nearby bins
    Nearby cluster IDs: {0}
    Already in cluster 0
  
  Processing bin BIN_4 (index 3):
    Finding nearby bins within 1400.0m:
      BIN_1: 1072.9m (NEARBY)
        └─ Already in cluster 0
      BIN_2: 2341.0m (too far)
      BIN_3: 1454.5m (too far)
      BIN_5: 1162.6m (NEARBY)
        └─ Already in cluster 0
      BIN_6: 2177.6m (too far)
      BIN_7: 1516.7m (too far)
      BIN_8: 2718.0m (too far)
      BIN_9: 325.5m (NEARBY)
        └─ Already in cluster 0
      BIN_10: 2612.2m (too far)
    Found 3 nearby bins
    Nearby cluster IDs: {0}
    Already in cluster 0
  
  Processing bin BIN_5 (index 4):
    Finding nearby bins within 1400.0m:
      BIN_1: 361.9m (NEARBY)
        └─ Already in cluster 0
      BIN_2: 1705.4m (too far)
      BIN_3: 367.4m (NEARBY)
        └─ Already in cluster 0
      BIN_4: 1162.6m (NEARBY)
        └─ Already in cluster 0
      BIN_6: 1691.3m (too far)
      BIN_7: 623.6m (NEARBY)
        └─ Already in cluster 0
      BIN_8: 1980.6m (too far)
      BIN_9: 1366.3m (NEARBY)
        └─ Already in cluster 0
      BIN_10: 2147.1m (too far)
    Found 5 nearby bins
    Nearby cluster IDs: {0}
    Already in cluster 0
  
  Processing bin BIN_6 (index 5):
    Finding nearby bins within 1400.0m:
      BIN_1: 2042.5m (too far)
      BIN_2: 301.7m (NEARBY)
        └─ Already in cluster 1
      BIN_3: 1925.0m (too far)
      BIN_4: 2177.6m (too far)
      BIN_5: 1691.3m (too far)
      BIN_7: 2251.1m (too far)
      BIN_8: 686.1m (NEARBY)
        └─ Already in cluster 1
      BIN_9: 2102.2m (too far)
      BIN_10: 461.6m (NEARBY)
        └─ Already in cluster 1
    Found 3 nearby bins
    Nearby cluster IDs: {1}
    Already in cluster 1
  
  Processing bin BIN_7 (index 6):
    Finding nearby bins within 1400.0m:
      BIN_1: 453.6m (NEARBY)
        └─ Already in cluster 0
      BIN_2: 2216.1m (too far)
      BIN_3: 327.9m (NEARBY)
        └─ Already in cluster 0
      BIN_4: 1516.7m (too far)
      BIN_5: 623.6m (NEARBY)
        └─ Already in cluster 0
      BIN_6: 2251.1m (too far)
      BIN_8: 2428.6m (too far)
      BIN_9: 1793.2m (too far)
      BIN_10: 2693.1m (too far)
    Found 3 nearby bins
    Nearby cluster IDs: {0}
    Already in cluster 0
  
  Processing bin BIN_8 (index 7):
    Finding nearby bins within 1400.0m:
      BIN_1: 2341.7m (too far)
      BIN_2: 407.7m (NEARBY)
        └─ Already in cluster 1
      BIN_3: 2107.4m (too far)
      BIN_4: 2718.0m (too far)
      BIN_5: 1980.6m (too far)
      BIN_6: 686.1m (NEARBY)
        └─ Already in cluster 1
      BIN_7: 2428.6m (too far)
      BIN_9: 2694.1m (too far)
      BIN_10: 644.4m (NEARBY)
        └─ Already in cluster 1
    Found 3 nearby bins
    Nearby cluster IDs: {1}
    Already in cluster 1
  
  Processing bin BIN_9 (index 8):
    Finding nearby bins within 1400.0m:
      BIN_1: 1341.0m (NEARBY)
        └─ Already in cluster 0
      BIN_2: 2300.3m (too far)
      BIN_3: 1691.7m (too far)
      BIN_4: 325.5m (NEARBY)
        └─ Already in cluster 0
      BIN_5: 1366.3m (NEARBY)
        └─ Already in cluster 0
      BIN_6: 2102.2m (too far)
      BIN_7: 1793.2m (too far)
      BIN_8: 2694.1m (too far)
      BIN_10: 2512.2m (too far)
    Found 3 nearby bins
    Nearby cluster IDs: {0}
    Already in cluster 0
  
  Processing bin BIN_10 (index 9):
    Finding nearby bins within 1400.0m:
      BIN_1: 2500.7m (too far)
      BIN_2: 515.6m (NEARBY)
        └─ Already in cluster 1
      BIN_3: 2365.5m (too far)
      BIN_4: 2612.2m (too far)
      BIN_5: 2147.1m (too far)
      BIN_6: 461.6m (NEARBY)
        └─ Already in cluster 1
      BIN_7: 2693.1m (too far)
      BIN_8: 644.4m (NEARBY)
        └─ Already in cluster 1
      BIN_9: 2512.2m (too far)
    Found 3 nearby bins
    Nearby cluster IDs: {1}
    Already in cluster 1
  Cleaning up duplicate bins:
  Final clustering results: 2 clusters, sizes: [6, 4]
    Final Cluster 0: ['BIN_1', 'BIN_3', 'BIN_4', 'BIN_5', 'BIN_7', 'BIN_9']
    Final Cluster 1: ['BIN_2', 'BIN_6', 'BIN_8', 'BIN_10']

CLUSTERING RESULTS:
  Created 2 clusters
  Cluster 0: 6 bins - ['BIN_1', 'BIN_3', 'BIN_4', 'BIN_5', 'BIN_7', 'BIN_9']
    Internal distances:
      BIN_1 to BIN_3: 421.5m
      BIN_1 to BIN_4: 1072.9m
      BIN_1 to BIN_5: 361.9m
      BIN_1 to BIN_7: 453.6m
      BIN_1 to BIN_9: 1341.0m
      BIN_3 to BIN_4: 1454.5m
      BIN_3 to BIN_5: 367.4m
      BIN_3 to BIN_7: 327.9m
      BIN_3 to BIN_9: 1691.7m
      BIN_4 to BIN_5: 1162.6m
      BIN_4 to BIN_7: 1516.7m
      BIN_4 to BIN_9: 325.5m
      BIN_5 to BIN_7: 623.6m
      BIN_5 to BIN_9: 1366.3m
      BIN_7 to BIN_9: 1793.2m
    Max internal distance: 1793.2m
  Cluster 1: 4 bins - ['BIN_2', 'BIN_6', 'BIN_8', 'BIN_10']
    Internal distances:
      BIN_2 to BIN_6: 301.7m
      BIN_2 to BIN_8: 407.7m
      BIN_2 to BIN_10: 515.6m
      BIN_6 to BIN_8: 686.1m
      BIN_6 to BIN_10: 461.6m
      BIN_8 to BIN_10: 644.4m
    Max internal distance: 686.1m
============================================================
CLUSTERING DEBUG END
============================================================
🎯 Using collection queue priority routing: 2 bins
============================================================
CLUSTERING DEBUG START
============================================================
Input validation:
  bins_data type: <class 'list'>
  bins_data length: 10
  depot_data type: <class 'NoneType'>
  depot_data: None
  First bin structure: {'capacity': 500, 'fillLevel': 0.0016666666666666666, 'fillRate': 6, 'id': 'BIN_1', 'lat': 33.613580131572526, 'lng': 73.05981561266454, 'threshold': 80, 'near_threshold_count': 0, 'dynamic_threshold': 50}
  All bin IDs: ['BIN_1', 'BIN_2', 'BIN_3', 'BIN_4', 'BIN_5', 'BIN_6', 'BIN_7', 'BIN_8', 'BIN_9', 'BIN_10']

CALCULATING BIN SERVICE RADIUS:
BIN RADIUS CALCULATION DEBUG:
  depot_data: None
  bins_data length: 10
  No depot data, using default bin radius: 1400m
Final bin service radius: 1400.0m

STARTING PROXIMITY CLUSTERING:
PROXIMITY CLUSTERING DEBUG:
  Bin service radius: 1400.0m
  Processing 10 bins
  All pairwise distances:
    BIN_1 to BIN_2: 2066.1m ✗
    BIN_1 to BIN_3: 421.5m ✓
    BIN_1 to BIN_4: 1072.9m ✓
    BIN_1 to BIN_5: 361.9m ✓
    BIN_1 to BIN_6: 2042.5m ✗
    BIN_1 to BIN_7: 453.6m ✓
    BIN_1 to BIN_8: 2341.7m ✗
    BIN_1 to BIN_9: 1341.0m ✓
    BIN_1 to BIN_10: 2500.7m ✗
    BIN_2 to BIN_3: 1888.5m ✗
    BIN_2 to BIN_4: 2341.0m ✗
    BIN_2 to BIN_5: 1705.4m ✗
    BIN_2 to BIN_6: 301.7m ✓
    BIN_2 to BIN_7: 2216.1m ✗
    BIN_2 to BIN_8: 407.7m ✓
    BIN_2 to BIN_9: 2300.3m ✗
    BIN_2 to BIN_10: 515.6m ✓
    BIN_3 to BIN_4: 1454.5m ✗
    BIN_3 to BIN_5: 367.4m ✓
    BIN_3 to BIN_6: 1925.0m ✗
    BIN_3 to BIN_7: 327.9m ✓
    BIN_3 to BIN_8: 2107.4m ✗
    BIN_3 to BIN_9: 1691.7m ✗
    BIN_3 to BIN_10: 2365.5m ✗
    BIN_4 to BIN_5: 1162.6m ✓
    BIN_4 to BIN_6: 2177.6m ✗
    BIN_4 to BIN_7: 1516.7m ✗
    BIN_4 to BIN_8: 2718.0m ✗
    BIN_4 to BIN_9: 325.5m ✓
    BIN_4 to BIN_10: 2612.2m ✗
    BIN_5 to BIN_6: 1691.3m ✗
    BIN_5 to BIN_7: 623.6m ✓
    BIN_5 to BIN_8: 1980.6m ✗
    BIN_5 to BIN_9: 1366.3m ✓
    BIN_5 to BIN_10: 2147.1m ✗
    BIN_6 to BIN_7: 2251.1m ✗
    BIN_6 to BIN_8: 686.1m ✓
    BIN_6 to BIN_9: 2102.2m ✗
    BIN_6 to BIN_10: 461.6m ✓
    BIN_7 to BIN_8: 2428.6m ✗
    BIN_7 to BIN_9: 1793.2m ✗
    BIN_7 to BIN_10: 2693.1m ✗
    BIN_8 to BIN_9: 2694.1m ✗
    BIN_8 to BIN_10: 644.4m ✓
    BIN_9 to BIN_10: 2512.2m ✗
  Processing bins sequentially:
  
  Processing bin BIN_1 (index 0):
    Finding nearby bins within 1400.0m:
      BIN_2: 2066.1m (too far)
      BIN_3: 421.5m (NEARBY)
      BIN_4: 1072.9m (NEARBY)
      BIN_5: 361.9m (NEARBY)
      BIN_6: 2042.5m (too far)
      BIN_7: 453.6m (NEARBY)
      BIN_8: 2341.7m (too far)
      BIN_9: 1341.0m (NEARBY)
      BIN_10: 2500.7m (too far)
    Found 5 nearby bins
    Nearby cluster IDs: set()
    Creating new cluster 0 with current bin + nearby bins
      Added BIN_1 to cluster 0
      Added BIN_3 to cluster 0
      Added BIN_4 to cluster 0
      Added BIN_5 to cluster 0
      Added BIN_7 to cluster 0
      Added BIN_9 to cluster 0
  
  Processing bin BIN_2 (index 1):
    Finding nearby bins within 1400.0m:
      BIN_1: 2066.1m (too far)
      BIN_3: 1888.5m (too far)
      BIN_4: 2341.0m (too far)
      BIN_5: 1705.4m (too far)
      BIN_6: 301.7m (NEARBY)
      BIN_7: 2216.1m (too far)
      BIN_8: 407.7m (NEARBY)
      BIN_9: 2300.3m (too far)
      BIN_10: 515.6m (NEARBY)
    Found 3 nearby bins
    Nearby cluster IDs: set()
    Creating new cluster 1 with current bin + nearby bins
      Added BIN_2 to cluster 1
      Added BIN_6 to cluster 1
      Added BIN_8 to cluster 1
      Added BIN_10 to cluster 1
  
  Processing bin BIN_3 (index 2):
    Finding nearby bins within 1400.0m:
      BIN_1: 421.5m (NEARBY)
        └─ Already in cluster 0
      BIN_2: 1888.5m (too far)
      BIN_4: 1454.5m (too far)
      BIN_5: 367.4m (NEARBY)
        └─ Already in cluster 0
      BIN_6: 1925.0m (too far)
      BIN_7: 327.9m (NEARBY)
        └─ Already in cluster 0
      BIN_8: 2107.4m (too far)
      BIN_9: 1691.7m (too far)
      BIN_10: 2365.5m (too far)
    Found 3 nearby bins
    Nearby cluster IDs: {0}
    Already in cluster 0
  
  Processing bin BIN_4 (index 3):
    Finding nearby bins within 1400.0m:
      BIN_1: 1072.9m (NEARBY)
        └─ Already in cluster 0
      BIN_2: 2341.0m (too far)
      BIN_3: 1454.5m (too far)
      BIN_5: 1162.6m (NEARBY)
        └─ Already in cluster 0
      BIN_6: 2177.6m (too far)
      BIN_7: 1516.7m (too far)
      BIN_8: 2718.0m (too far)
      BIN_9: 325.5m (NEARBY)
        └─ Already in cluster 0
      BIN_10: 2612.2m (too far)
    Found 3 nearby bins
    Nearby cluster IDs: {0}
    Already in cluster 0
  
  Processing bin BIN_5 (index 4):
    Finding nearby bins within 1400.0m:
      BIN_1: 361.9m (NEARBY)
        └─ Already in cluster 0
      BIN_2: 1705.4m (too far)
      BIN_3: 367.4m (NEARBY)
        └─ Already in cluster 0
      BIN_4: 1162.6m (NEARBY)
        └─ Already in cluster 0
      BIN_6: 1691.3m (too far)
      BIN_7: 623.6m (NEARBY)
        └─ Already in cluster 0
      BIN_8: 1980.6m (too far)
      BIN_9: 1366.3m (NEARBY)
        └─ Already in cluster 0
      BIN_10: 2147.1m (too far)
    Found 5 nearby bins
    Nearby cluster IDs: {0}
    Already in cluster 0
  
  Processing bin BIN_6 (index 5):
    Finding nearby bins within 1400.0m:
      BIN_1: 2042.5m (too far)
      BIN_2: 301.7m (NEARBY)
        └─ Already in cluster 1
      BIN_3: 1925.0m (too far)
      BIN_4: 2177.6m (too far)
      BIN_5: 1691.3m (too far)
      BIN_7: 2251.1m (too far)
      BIN_8: 686.1m (NEARBY)
        └─ Already in cluster 1
      BIN_9: 2102.2m (too far)
      BIN_10: 461.6m (NEARBY)
        └─ Already in cluster 1
    Found 3 nearby bins
    Nearby cluster IDs: {1}
    Already in cluster 1
  
  Processing bin BIN_7 (index 6):
    Finding nearby bins within 1400.0m:
      BIN_1: 453.6m (NEARBY)
        └─ Already in cluster 0
      BIN_2: 2216.1m (too far)
      BIN_3: 327.9m (NEARBY)
        └─ Already in cluster 0
      BIN_4: 1516.7m (too far)
      BIN_5: 623.6m (NEARBY)
        └─ Already in cluster 0
      BIN_6: 2251.1m (too far)
      BIN_8: 2428.6m (too far)
      BIN_9: 1793.2m (too far)
      BIN_10: 2693.1m (too far)
    Found 3 nearby bins
    Nearby cluster IDs: {0}
    Already in cluster 0
  
  Processing bin BIN_8 (index 7):
    Finding nearby bins within 1400.0m:
      BIN_1: 2341.7m (too far)
      BIN_2: 407.7m (NEARBY)
        └─ Already in cluster 1
      BIN_3: 2107.4m (too far)
      BIN_4: 2718.0m (too far)
      BIN_5: 1980.6m (too far)
      BIN_6: 686.1m (NEARBY)
        └─ Already in cluster 1
      BIN_7: 2428.6m (too far)
      BIN_9: 2694.1m (too far)
      BIN_10: 644.4m (NEARBY)
        └─ Already in cluster 1
    Found 3 nearby bins
    Nearby cluster IDs: {1}
    Already in cluster 1
  
  Processing bin BIN_9 (index 8):
    Finding nearby bins within 1400.0m:
      BIN_1: 1341.0m (NEARBY)
        └─ Already in cluster 0
      BIN_2: 2300.3m (too far)
      BIN_3: 1691.7m (too far)
      BIN_4: 325.5m (NEARBY)
        └─ Already in cluster 0
      BIN_5: 1366.3m (NEARBY)
        └─ Already in cluster 0
      BIN_6: 2102.2m (too far)
      BIN_7: 1793.2m (too far)
      BIN_8: 2694.1m (too far)
      BIN_10: 2512.2m (too far)
    Found 3 nearby bins
    Nearby cluster IDs: {0}
    Already in cluster 0
  
  Processing bin BIN_10 (index 9):
    Finding nearby bins within 1400.0m:
      BIN_1: 2500.7m (too far)
      BIN_2: 515.6m (NEARBY)
        └─ Already in cluster 1
      BIN_3: 2365.5m (too far)
      BIN_4: 2612.2m (too far)
      BIN_5: 2147.1m (too far)
      BIN_6: 461.6m (NEARBY)
        └─ Already in cluster 1
      BIN_7: 2693.1m (too far)
      BIN_8: 644.4m (NEARBY)
        └─ Already in cluster 1
      BIN_9: 2512.2m (too far)
    Found 3 nearby bins
    Nearby cluster IDs: {1}
    Already in cluster 1
  Cleaning up duplicate bins:
  Final clustering results: 2 clusters, sizes: [6, 4]
    Final Cluster 0: ['BIN_1', 'BIN_3', 'BIN_4', 'BIN_5', 'BIN_7', 'BIN_9']
    Final Cluster 1: ['BIN_2', 'BIN_6', 'BIN_8', 'BIN_10']

CLUSTERING RESULTS:
  Created 2 clusters
  Cluster 0: 6 bins - ['BIN_1', 'BIN_3', 'BIN_4', 'BIN_5', 'BIN_7', 'BIN_9']
    Internal distances:
      BIN_1 to BIN_3: 421.5m
      BIN_1 to BIN_4: 1072.9m
      BIN_1 to BIN_5: 361.9m
      BIN_1 to BIN_7: 453.6m
      BIN_1 to BIN_9: 1341.0m
      BIN_3 to BIN_4: 1454.5m
      BIN_3 to BIN_5: 367.4m
      BIN_3 to BIN_7: 327.9m
      BIN_3 to BIN_9: 1691.7m
      BIN_4 to BIN_5: 1162.6m
      BIN_4 to BIN_7: 1516.7m
      BIN_4 to BIN_9: 325.5m
      BIN_5 to BIN_7: 623.6m
      BIN_5 to BIN_9: 1366.3m
      BIN_7 to BIN_9: 1793.2m
    Max internal distance: 1793.2m
  Cluster 1: 4 bins - ['BIN_2', 'BIN_6', 'BIN_8', 'BIN_10']
    Internal distances:
      BIN_2 to BIN_6: 301.7m
      BIN_2 to BIN_8: 407.7m
      BIN_2 to BIN_10: 515.6m
      BIN_6 to BIN_8: 686.1m
      BIN_6 to BIN_10: 461.6m
      BIN_8 to BIN_10: 644.4m
    Max internal distance: 686.1m
============================================================
CLUSTERING DEBUG END
============================================================
============================================================
CLUSTERING DEBUG START
============================================================
Input validation:
  bins_data type: <class 'list'>
  bins_data length: 10
  depot_data type: <class 'NoneType'>
  depot_data: None
  First bin structure: {'capacity': 500, 'fillLevel': 0.0016666666666666666, 'fillRate': 6, 'id': 'BIN_1', 'lat': 33.613580131572526, 'lng': 73.05981561266454, 'threshold': 80, 'near_threshold_count': 0, 'dynamic_threshold': 50}
  All bin IDs: ['BIN_1', 'BIN_2', 'BIN_3', 'BIN_4', 'BIN_5', 'BIN_6', 'BIN_7', 'BIN_8', 'BIN_9', 'BIN_10']

CALCULATING BIN SERVICE RADIUS:
BIN RADIUS CALCULATION DEBUG:
  depot_data: None
  bins_data length: 10
  No depot data, using default bin radius: 1400m
Final bin service radius: 1400.0m

STARTING PROXIMITY CLUSTERING:
PROXIMITY CLUSTERING DEBUG:
  Bin service radius: 1400.0m
  Processing 10 bins
  All pairwise distances:
    BIN_1 to BIN_2: 2066.1m ✗
    BIN_1 to BIN_3: 421.5m ✓
    BIN_1 to BIN_4: 1072.9m ✓
    BIN_1 to BIN_5: 361.9m ✓
    BIN_1 to BIN_6: 2042.5m ✗
    BIN_1 to BIN_7: 453.6m ✓
    BIN_1 to BIN_8: 2341.7m ✗
    BIN_1 to BIN_9: 1341.0m ✓
    BIN_1 to BIN_10: 2500.7m ✗
    BIN_2 to BIN_3: 1888.5m ✗
    BIN_2 to BIN_4: 2341.0m ✗
    BIN_2 to BIN_5: 1705.4m ✗
    BIN_2 to BIN_6: 301.7m ✓
    BIN_2 to BIN_7: 2216.1m ✗
    BIN_2 to BIN_8: 407.7m ✓
    BIN_2 to BIN_9: 2300.3m ✗
    BIN_2 to BIN_10: 515.6m ✓
    BIN_3 to BIN_4: 1454.5m ✗
    BIN_3 to BIN_5: 367.4m ✓
    BIN_3 to BIN_6: 1925.0m ✗
    BIN_3 to BIN_7: 327.9m ✓
    BIN_3 to BIN_8: 2107.4m ✗
    BIN_3 to BIN_9: 1691.7m ✗
    BIN_3 to BIN_10: 2365.5m ✗
    BIN_4 to BIN_5: 1162.6m ✓
    BIN_4 to BIN_6: 2177.6m ✗
    BIN_4 to BIN_7: 1516.7m ✗
    BIN_4 to BIN_8: 2718.0m ✗
    BIN_4 to BIN_9: 325.5m ✓
    BIN_4 to BIN_10: 2612.2m ✗
    BIN_5 to BIN_6: 1691.3m ✗
    BIN_5 to BIN_7: 623.6m ✓
    BIN_5 to BIN_8: 1980.6m ✗
    BIN_5 to BIN_9: 1366.3m ✓
    BIN_5 to BIN_10: 2147.1m ✗
    BIN_6 to BIN_7: 2251.1m ✗
    BIN_6 to BIN_8: 686.1m ✓
    BIN_6 to BIN_9: 2102.2m ✗
    BIN_6 to BIN_10: 461.6m ✓
    BIN_7 to BIN_8: 2428.6m ✗
    BIN_7 to BIN_9: 1793.2m ✗
    BIN_7 to BIN_10: 2693.1m ✗
    BIN_8 to BIN_9: 2694.1m ✗
    BIN_8 to BIN_10: 644.4m ✓
    BIN_9 to BIN_10: 2512.2m ✗
  Processing bins sequentially:
  
  Processing bin BIN_1 (index 0):
    Finding nearby bins within 1400.0m:
      BIN_2: 2066.1m (too far)
      BIN_3: 421.5m (NEARBY)
      BIN_4: 1072.9m (NEARBY)
      BIN_5: 361.9m (NEARBY)
      BIN_6: 2042.5m (too far)
      BIN_7: 453.6m (NEARBY)
      BIN_8: 2341.7m (too far)
      BIN_9: 1341.0m (NEARBY)
      BIN_10: 2500.7m (too far)
    Found 5 nearby bins
    Nearby cluster IDs: set()
    Creating new cluster 0 with current bin + nearby bins
      Added BIN_1 to cluster 0
      Added BIN_3 to cluster 0
      Added BIN_4 to cluster 0
      Added BIN_5 to cluster 0
      Added BIN_7 to cluster 0
      Added BIN_9 to cluster 0
  
  Processing bin BIN_2 (index 1):
    Finding nearby bins within 1400.0m:
      BIN_1: 2066.1m (too far)
      BIN_3: 1888.5m (too far)
      BIN_4: 2341.0m (too far)
      BIN_5: 1705.4m (too far)
      BIN_6: 301.7m (NEARBY)
      BIN_7: 2216.1m (too far)
      BIN_8: 407.7m (NEARBY)
      BIN_9: 2300.3m (too far)
      BIN_10: 515.6m (NEARBY)
    Found 3 nearby bins
    Nearby cluster IDs: set()
    Creating new cluster 1 with current bin + nearby bins
      Added BIN_2 to cluster 1
      Added BIN_6 to cluster 1
      Added BIN_8 to cluster 1
      Added BIN_10 to cluster 1
  
  Processing bin BIN_3 (index 2):
    Finding nearby bins within 1400.0m:
      BIN_1: 421.5m (NEARBY)
        └─ Already in cluster 0
      BIN_2: 1888.5m (too far)
      BIN_4: 1454.5m (too far)
      BIN_5: 367.4m (NEARBY)
        └─ Already in cluster 0
      BIN_6: 1925.0m (too far)
      BIN_7: 327.9m (NEARBY)
        └─ Already in cluster 0
      BIN_8: 2107.4m (too far)
      BIN_9: 1691.7m (too far)
      BIN_10: 2365.5m (too far)
    Found 3 nearby bins
    Nearby cluster IDs: {0}
    Already in cluster 0
  
  Processing bin BIN_4 (index 3):
    Finding nearby bins within 1400.0m:
      BIN_1: 1072.9m (NEARBY)
        └─ Already in cluster 0
      BIN_2: 2341.0m (too far)
      BIN_3: 1454.5m (too far)
      BIN_5: 1162.6m (NEARBY)
        └─ Already in cluster 0
      BIN_6: 2177.6m (too far)
      BIN_7: 1516.7m (too far)
      BIN_8: 2718.0m (too far)
      BIN_9: 325.5m (NEARBY)
        └─ Already in cluster 0
      BIN_10: 2612.2m (too far)
    Found 3 nearby bins
    Nearby cluster IDs: {0}
    Already in cluster 0
  
  Processing bin BIN_5 (index 4):
    Finding nearby bins within 1400.0m:
      BIN_1: 361.9m (NEARBY)
        └─ Already in cluster 0
      BIN_2: 1705.4m (too far)
      BIN_3: 367.4m (NEARBY)
        └─ Already in cluster 0
      BIN_4: 1162.6m (NEARBY)
        └─ Already in cluster 0
      BIN_6: 1691.3m (too far)
      BIN_7: 623.6m (NEARBY)
        └─ Already in cluster 0
      BIN_8: 1980.6m (too far)
      BIN_9: 1366.3m (NEARBY)
        └─ Already in cluster 0
      BIN_10: 2147.1m (too far)
    Found 5 nearby bins
    Nearby cluster IDs: {0}
    Already in cluster 0
  
  Processing bin BIN_6 (index 5):
    Finding nearby bins within 1400.0m:
      BIN_1: 2042.5m (too far)
      BIN_2: 301.7m (NEARBY)
        └─ Already in cluster 1
      BIN_3: 1925.0m (too far)
      BIN_4: 2177.6m (too far)
      BIN_5: 1691.3m (too far)
      BIN_7: 2251.1m (too far)
      BIN_8: 686.1m (NEARBY)
        └─ Already in cluster 1
      BIN_9: 2102.2m (too far)
      BIN_10: 461.6m (NEARBY)
        └─ Already in cluster 1
    Found 3 nearby bins
    Nearby cluster IDs: {1}
    Already in cluster 1
  
  Processing bin BIN_7 (index 6):
    Finding nearby bins within 1400.0m:
      BIN_1: 453.6m (NEARBY)
        └─ Already in cluster 0
      BIN_2: 2216.1m (too far)
      BIN_3: 327.9m (NEARBY)
        └─ Already in cluster 0
      BIN_4: 1516.7m (too far)
      BIN_5: 623.6m (NEARBY)
        └─ Already in cluster 0
      BIN_6: 2251.1m (too far)
      BIN_8: 2428.6m (too far)
      BIN_9: 1793.2m (too far)
      BIN_10: 2693.1m (too far)
    Found 3 nearby bins
    Nearby cluster IDs: {0}
    Already in cluster 0
  
  Processing bin BIN_8 (index 7):
    Finding nearby bins within 1400.0m:
      BIN_1: 2341.7m (too far)
      BIN_2: 407.7m (NEARBY)
        └─ Already in cluster 1
      BIN_3: 2107.4m (too far)
      BIN_4: 2718.0m (too far)
      BIN_5: 1980.6m (too far)
      BIN_6: 686.1m (NEARBY)
        └─ Already in cluster 1
      BIN_7: 2428.6m (too far)
      BIN_9: 2694.1m (too far)
      BIN_10: 644.4m (NEARBY)
        └─ Already in cluster 1
    Found 3 nearby bins
    Nearby cluster IDs: {1}
    Already in cluster 1
  
  Processing bin BIN_9 (index 8):
    Finding nearby bins within 1400.0m:
      BIN_1: 1341.0m (NEARBY)
        └─ Already in cluster 0
      BIN_2: 2300.3m (too far)
      BIN_3: 1691.7m (too far)
      BIN_4: 325.5m (NEARBY)
        └─ Already in cluster 0
      BIN_5: 1366.3m (NEARBY)
        └─ Already in cluster 0
      BIN_6: 2102.2m (too far)
      BIN_7: 1793.2m (too far)
      BIN_8: 2694.1m (too far)
      BIN_10: 2512.2m (too far)
    Found 3 nearby bins
    Nearby cluster IDs: {0}
    Already in cluster 0
  
  Processing bin BIN_10 (index 9):
    Finding nearby bins within 1400.0m:
      BIN_1: 2500.7m (too far)
      BIN_2: 515.6m (NEARBY)
        └─ Already in cluster 1
      BIN_3: 2365.5m (too far)
      BIN_4: 2612.2m (too far)
      BIN_5: 2147.1m (too far)
      BIN_6: 461.6m (NEARBY)
        └─ Already in cluster 1
      BIN_7: 2693.1m (too far)
      BIN_8: 644.4m (NEARBY)
        └─ Already in cluster 1
      BIN_9: 2512.2m (too far)
    Found 3 nearby bins
    Nearby cluster IDs: {1}
    Already in cluster 1
  Cleaning up duplicate bins:
  Final clustering results: 2 clusters, sizes: [6, 4]
    Final Cluster 0: ['BIN_1', 'BIN_3', 'BIN_4', 'BIN_5', 'BIN_7', 'BIN_9']
    Final Cluster 1: ['BIN_2', 'BIN_6', 'BIN_8', 'BIN_10']

CLUSTERING RESULTS:
  Created 2 clusters
  Cluster 0: 6 bins - ['BIN_1', 'BIN_3', 'BIN_4', 'BIN_5', 'BIN_7', 'BIN_9']
    Internal distances:
      BIN_1 to BIN_3: 421.5m
      BIN_1 to BIN_4: 1072.9m
      BIN_1 to BIN_5: 361.9m
      BIN_1 to BIN_7: 453.6m
      BIN_1 to BIN_9: 1341.0m
      BIN_3 to BIN_4: 1454.5m
      BIN_3 to BIN_5: 367.4m
      BIN_3 to BIN_7: 327.9m
      BIN_3 to BIN_9: 1691.7m
      BIN_4 to BIN_5: 1162.6m
      BIN_4 to BIN_7: 1516.7m
      BIN_4 to BIN_9: 325.5m
      BIN_5 to BIN_7: 623.6m
      BIN_5 to BIN_9: 1366.3m
      BIN_7 to BIN_9: 1793.2m
    Max internal distance: 1793.2m
  Cluster 1: 4 bins - ['BIN_2', 'BIN_6', 'BIN_8', 'BIN_10']
    Internal distances:
      BIN_2 to BIN_6: 301.7m
      BIN_2 to BIN_8: 407.7m
      BIN_2 to BIN_10: 515.6m
      BIN_6 to BIN_8: 686.1m
      BIN_6 to BIN_10: 461.6m
      BIN_8 to BIN_10: 644.4m
    Max internal distance: 686.1m
============================================================
CLUSTERING DEBUG END
============================================================
🎯 Using collection queue priority routing: 2 bins
============================================================
CLUSTERING DEBUG START
============================================================
Input validation:
  bins_data type: <class 'list'>
  bins_data length: 10
  depot_data type: <class 'NoneType'>
  depot_data: None
  First bin structure: {'capacity': 500, 'fillLevel': 0.003333333333333333, 'fillRate': 6, 'id': 'BIN_1', 'lat': 33.613580131572526, 'lng': 73.05981561266454, 'threshold': 80, 'near_threshold_count': 0, 'dynamic_threshold': 50}
  All bin IDs: ['BIN_1', 'BIN_2', 'BIN_3', 'BIN_4', 'BIN_5', 'BIN_6', 'BIN_7', 'BIN_8', 'BIN_9', 'BIN_10']

CALCULATING BIN SERVICE RADIUS:
BIN RADIUS CALCULATION DEBUG:
  depot_data: None
  bins_data length: 10
  No depot data, using default bin radius: 1400m
Final bin service radius: 1400.0m

STARTING PROXIMITY CLUSTERING:
PROXIMITY CLUSTERING DEBUG:
  Bin service radius: 1400.0m
  Processing 10 bins
  All pairwise distances:
    BIN_1 to BIN_2: 2066.1m ✗
    BIN_1 to BIN_3: 421.5m ✓
    BIN_1 to BIN_4: 1072.9m ✓
    BIN_1 to BIN_5: 361.9m ✓
    BIN_1 to BIN_6: 2042.5m ✗
    BIN_1 to BIN_7: 453.6m ✓
    BIN_1 to BIN_8: 2341.7m ✗
    BIN_1 to BIN_9: 1341.0m ✓
    BIN_1 to BIN_10: 2500.7m ✗
    BIN_2 to BIN_3: 1888.5m ✗
    BIN_2 to BIN_4: 2341.0m ✗
    BIN_2 to BIN_5: 1705.4m ✗
    BIN_2 to BIN_6: 301.7m ✓
    BIN_2 to BIN_7: 2216.1m ✗
    BIN_2 to BIN_8: 407.7m ✓
    BIN_2 to BIN_9: 2300.3m ✗
    BIN_2 to BIN_10: 515.6m ✓
    BIN_3 to BIN_4: 1454.5m ✗
    BIN_3 to BIN_5: 367.4m ✓
    BIN_3 to BIN_6: 1925.0m ✗
    BIN_3 to BIN_7: 327.9m ✓
    BIN_3 to BIN_8: 2107.4m ✗
    BIN_3 to BIN_9: 1691.7m ✗
    BIN_3 to BIN_10: 2365.5m ✗
    BIN_4 to BIN_5: 1162.6m ✓
    BIN_4 to BIN_6: 2177.6m ✗
    BIN_4 to BIN_7: 1516.7m ✗
    BIN_4 to BIN_8: 2718.0m ✗
    BIN_4 to BIN_9: 325.5m ✓
    BIN_4 to BIN_10: 2612.2m ✗
    BIN_5 to BIN_6: 1691.3m ✗
    BIN_5 to BIN_7: 623.6m ✓
    BIN_5 to BIN_8: 1980.6m ✗
    BIN_5 to BIN_9: 1366.3m ✓
    BIN_5 to BIN_10: 2147.1m ✗
    BIN_6 to BIN_7: 2251.1m ✗
    BIN_6 to BIN_8: 686.1m ✓
    BIN_6 to BIN_9: 2102.2m ✗
    BIN_6 to BIN_10: 461.6m ✓
    BIN_7 to BIN_8: 2428.6m ✗
    BIN_7 to BIN_9: 1793.2m ✗
    BIN_7 to BIN_10: 2693.1m ✗
    BIN_8 to BIN_9: 2694.1m ✗
    BIN_8 to BIN_10: 644.4m ✓
    BIN_9 to BIN_10: 2512.2m ✗
  Processing bins sequentially:
  
  Processing bin BIN_1 (index 0):
    Finding nearby bins within 1400.0m:
      BIN_2: 2066.1m (too far)
      BIN_3: 421.5m (NEARBY)
      BIN_4: 1072.9m (NEARBY)
      BIN_5: 361.9m (NEARBY)
      BIN_6: 2042.5m (too far)
      BIN_7: 453.6m (NEARBY)
      BIN_8: 2341.7m (too far)
      BIN_9: 1341.0m (NEARBY)
      BIN_10: 2500.7m (too far)
    Found 5 nearby bins
    Nearby cluster IDs: set()
    Creating new cluster 0 with current bin + nearby bins
      Added BIN_1 to cluster 0
      Added BIN_3 to cluster 0
      Added BIN_4 to cluster 0
      Added BIN_5 to cluster 0
      Added BIN_7 to cluster 0
      Added BIN_9 to cluster 0
  
  Processing bin BIN_2 (index 1):
    Finding nearby bins within 1400.0m:
      BIN_1: 2066.1m (too far)
      BIN_3: 1888.5m (too far)
      BIN_4: 2341.0m (too far)
      BIN_5: 1705.4m (too far)
      BIN_6: 301.7m (NEARBY)
      BIN_7: 2216.1m (too far)
      BIN_8: 407.7m (NEARBY)
      BIN_9: 2300.3m (too far)
      BIN_10: 515.6m (NEARBY)
    Found 3 nearby bins
    Nearby cluster IDs: set()
    Creating new cluster 1 with current bin + nearby bins
      Added BIN_2 to cluster 1
      Added BIN_6 to cluster 1
      Added BIN_8 to cluster 1
      Added BIN_10 to cluster 1
  
  Processing bin BIN_3 (index 2):
    Finding nearby bins within 1400.0m:
      BIN_1: 421.5m (NEARBY)
        └─ Already in cluster 0
      BIN_2: 1888.5m (too far)
      BIN_4: 1454.5m (too far)
      BIN_5: 367.4m (NEARBY)
        └─ Already in cluster 0
      BIN_6: 1925.0m (too far)
      BIN_7: 327.9m (NEARBY)
        └─ Already in cluster 0
      BIN_8: 2107.4m (too far)
      BIN_9: 1691.7m (too far)
      BIN_10: 2365.5m (too far)
    Found 3 nearby bins
    Nearby cluster IDs: {0}
    Already in cluster 0
  
  Processing bin BIN_4 (index 3):
    Finding nearby bins within 1400.0m:
      BIN_1: 1072.9m (NEARBY)
        └─ Already in cluster 0
      BIN_2: 2341.0m (too far)
      BIN_3: 1454.5m (too far)
      BIN_5: 1162.6m (NEARBY)
        └─ Already in cluster 0
      BIN_6: 2177.6m (too far)
      BIN_7: 1516.7m (too far)
      BIN_8: 2718.0m (too far)
      BIN_9: 325.5m (NEARBY)
        └─ Already in cluster 0
      BIN_10: 2612.2m (too far)
    Found 3 nearby bins
    Nearby cluster IDs: {0}
    Already in cluster 0
  
  Processing bin BIN_5 (index 4):
    Finding nearby bins within 1400.0m:
      BIN_1: 361.9m (NEARBY)
        └─ Already in cluster 0
      BIN_2: 1705.4m (too far)
      BIN_3: 367.4m (NEARBY)
        └─ Already in cluster 0
      BIN_4: 1162.6m (NEARBY)
        └─ Already in cluster 0
      BIN_6: 1691.3m (too far)
      BIN_7: 623.6m (NEARBY)
        └─ Already in cluster 0
      BIN_8: 1980.6m (too far)
      BIN_9: 1366.3m (NEARBY)
        └─ Already in cluster 0
      BIN_10: 2147.1m (too far)
    Found 5 nearby bins
    Nearby cluster IDs: {0}
    Already in cluster 0
  
  Processing bin BIN_6 (index 5):
    Finding nearby bins within 1400.0m:
      BIN_1: 2042.5m (too far)
      BIN_2: 301.7m (NEARBY)
        └─ Already in cluster 1
      BIN_3: 1925.0m (too far)
      BIN_4: 2177.6m (too far)
      BIN_5: 1691.3m (too far)
      BIN_7: 2251.1m (too far)
      BIN_8: 686.1m (NEARBY)
        └─ Already in cluster 1
      BIN_9: 2102.2m (too far)
      BIN_10: 461.6m (NEARBY)
        └─ Already in cluster 1
    Found 3 nearby bins
    Nearby cluster IDs: {1}
    Already in cluster 1
  
  Processing bin BIN_7 (index 6):
    Finding nearby bins within 1400.0m:
      BIN_1: 453.6m (NEARBY)
        └─ Already in cluster 0
      BIN_2: 2216.1m (too far)
      BIN_3: 327.9m (NEARBY)
        └─ Already in cluster 0
      BIN_4: 1516.7m (too far)
      BIN_5: 623.6m (NEARBY)
        └─ Already in cluster 0
      BIN_6: 2251.1m (too far)
      BIN_8: 2428.6m (too far)
      BIN_9: 1793.2m (too far)
      BIN_10: 2693.1m (too far)
    Found 3 nearby bins
    Nearby cluster IDs: {0}
    Already in cluster 0
  
  Processing bin BIN_8 (index 7):
    Finding nearby bins within 1400.0m:
      BIN_1: 2341.7m (too far)
      BIN_2: 407.7m (NEARBY)
        └─ Already in cluster 1
      BIN_3: 2107.4m (too far)
      BIN_4: 2718.0m (too far)
      BIN_5: 1980.6m (too far)
      BIN_6: 686.1m (NEARBY)
        └─ Already in cluster 1
      BIN_7: 2428.6m (too far)
      BIN_9: 2694.1m (too far)
      BIN_10: 644.4m (NEARBY)
        └─ Already in cluster 1
    Found 3 nearby bins
    Nearby cluster IDs: {1}
    Already in cluster 1
  
  Processing bin BIN_9 (index 8):
    Finding nearby bins within 1400.0m:
      BIN_1: 1341.0m (NEARBY)
        └─ Already in cluster 0
      BIN_2: 2300.3m (too far)
      BIN_3: 1691.7m (too far)
      BIN_4: 325.5m (NEARBY)
        └─ Already in cluster 0
      BIN_5: 1366.3m (NEARBY)
        └─ Already in cluster 0
      BIN_6: 2102.2m (too far)
      BIN_7: 1793.2m (too far)
      BIN_8: 2694.1m (too far)
      BIN_10: 2512.2m (too far)
    Found 3 nearby bins
    Nearby cluster IDs: {0}
    Already in cluster 0
  
  Processing bin BIN_10 (index 9):
    Finding nearby bins within 1400.0m:
      BIN_1: 2500.7m (too far)
      BIN_2: 515.6m (NEARBY)
        └─ Already in cluster 1
      BIN_3: 2365.5m (too far)
      BIN_4: 2612.2m (too far)
      BIN_5: 2147.1m (too far)
      BIN_6: 461.6m (NEARBY)
        └─ Already in cluster 1
      BIN_7: 2693.1m (too far)
      BIN_8: 644.4m (NEARBY)
        └─ Already in cluster 1
      BIN_9: 2512.2m (too far)
    Found 3 nearby bins
    Nearby cluster IDs: {1}
    Already in cluster 1
  Cleaning up duplicate bins:
  Final clustering results: 2 clusters, sizes: [6, 4]
    Final Cluster 0: ['BIN_1', 'BIN_3', 'BIN_4', 'BIN_5', 'BIN_7', 'BIN_9']
    Final Cluster 1: ['BIN_2', 'BIN_6', 'BIN_8', 'BIN_10']

CLUSTERING RESULTS:
  Created 2 clusters
  Cluster 0: 6 bins - ['BIN_1', 'BIN_3', 'BIN_4', 'BIN_5', 'BIN_7', 'BIN_9']
    Internal distances:
      BIN_1 to BIN_3: 421.5m
      BIN_1 to BIN_4: 1072.9m
      BIN_1 to BIN_5: 361.9m
      BIN_1 to BIN_7: 453.6m
      BIN_1 to BIN_9: 1341.0m
      BIN_3 to BIN_4: 1454.5m
      BIN_3 to BIN_5: 367.4m
      BIN_3 to BIN_7: 327.9m
      BIN_3 to BIN_9: 1691.7m
      BIN_4 to BIN_5: 1162.6m
      BIN_4 to BIN_7: 1516.7m
      BIN_4 to BIN_9: 325.5m
      BIN_5 to BIN_7: 623.6m
      BIN_5 to BIN_9: 1366.3m
      BIN_7 to BIN_9: 1793.2m
    Max internal distance: 1793.2m
  Cluster 1: 4 bins - ['BIN_2', 'BIN_6', 'BIN_8', 'BIN_10']
    Internal distances:
      BIN_2 to BIN_6: 301.7m
      BIN_2 to BIN_8: 407.7m
      BIN_2 to BIN_10: 515.6m
      BIN_6 to BIN_8: 686.1m
      BIN_6 to BIN_10: 461.6m
      BIN_8 to BIN_10: 644.4m
    Max internal distance: 686.1m
============================================================
CLUSTERING DEBUG END
============================================================
🎯 Using collection queue priority routing: 2 bins
============================================================
CLUSTERING DEBUG START
============================================================
Input validation:
  bins_data type: <class 'list'>
  bins_data length: 10
  depot_data type: <class 'NoneType'>
  depot_data: None
  First bin structure: {'capacity': 500, 'fillLevel': 0.004999999999999999, 'fillRate': 6, 'id': 'BIN_1', 'lat': 33.613580131572526, 'lng': 73.05981561266454, 'threshold': 80, 'near_threshold_count': 0, 'dynamic_threshold': 50}
  All bin IDs: ['BIN_1', 'BIN_2', 'BIN_3', 'BIN_4', 'BIN_5', 'BIN_6', 'BIN_7', 'BIN_8', 'BIN_9', 'BIN_10']

CALCULATING BIN SERVICE RADIUS:
BIN RADIUS CALCULATION DEBUG:
  depot_data: None
  bins_data length: 10
  No depot data, using default bin radius: 1400m
Final bin service radius: 1400.0m

STARTING PROXIMITY CLUSTERING:
PROXIMITY CLUSTERING DEBUG:
  Bin service radius: 1400.0m
  Processing 10 bins
  All pairwise distances:
    BIN_1 to BIN_2: 2066.1m ✗
    BIN_1 to BIN_3: 421.5m ✓
    BIN_1 to BIN_4: 1072.9m ✓
    BIN_1 to BIN_5: 361.9m ✓
    BIN_1 to BIN_6: 2042.5m ✗
    BIN_1 to BIN_7: 453.6m ✓
    BIN_1 to BIN_8: 2341.7m ✗
    BIN_1 to BIN_9: 1341.0m ✓
    BIN_1 to BIN_10: 2500.7m ✗
    BIN_2 to BIN_3: 1888.5m ✗
    BIN_2 to BIN_4: 2341.0m ✗
    BIN_2 to BIN_5: 1705.4m ✗
    BIN_2 to BIN_6: 301.7m ✓
    BIN_2 to BIN_7: 2216.1m ✗
    BIN_2 to BIN_8: 407.7m ✓
    BIN_2 to BIN_9: 2300.3m ✗
    BIN_2 to BIN_10: 515.6m ✓
    BIN_3 to BIN_4: 1454.5m ✗
    BIN_3 to BIN_5: 367.4m ✓
    BIN_3 to BIN_6: 1925.0m ✗
    BIN_3 to BIN_7: 327.9m ✓
    BIN_3 to BIN_8: 2107.4m ✗
    BIN_3 to BIN_9: 1691.7m ✗
    BIN_3 to BIN_10: 2365.5m ✗
    BIN_4 to BIN_5: 1162.6m ✓
    BIN_4 to BIN_6: 2177.6m ✗
    BIN_4 to BIN_7: 1516.7m ✗
    BIN_4 to BIN_8: 2718.0m ✗
    BIN_4 to BIN_9: 325.5m ✓
    BIN_4 to BIN_10: 2612.2m ✗
    BIN_5 to BIN_6: 1691.3m ✗
    BIN_5 to BIN_7: 623.6m ✓
    BIN_5 to BIN_8: 1980.6m ✗
    BIN_5 to BIN_9: 1366.3m ✓
    BIN_5 to BIN_10: 2147.1m ✗
    BIN_6 to BIN_7: 2251.1m ✗
    BIN_6 to BIN_8: 686.1m ✓
    BIN_6 to BIN_9: 2102.2m ✗
    BIN_6 to BIN_10: 461.6m ✓
    BIN_7 to BIN_8: 2428.6m ✗
    BIN_7 to BIN_9: 1793.2m ✗
    BIN_7 to BIN_10: 2693.1m ✗
    BIN_8 to BIN_9: 2694.1m ✗
    BIN_8 to BIN_10: 644.4m ✓
    BIN_9 to BIN_10: 2512.2m ✗
  Processing bins sequentially:
  
  Processing bin BIN_1 (index 0):
    Finding nearby bins within 1400.0m:
      BIN_2: 2066.1m (too far)
      BIN_3: 421.5m (NEARBY)
      BIN_4: 1072.9m (NEARBY)
      BIN_5: 361.9m (NEARBY)
      BIN_6: 2042.5m (too far)
      BIN_7: 453.6m (NEARBY)
      BIN_8: 2341.7m (too far)
      BIN_9: 1341.0m (NEARBY)
      BIN_10: 2500.7m (too far)
    Found 5 nearby bins
    Nearby cluster IDs: set()
    Creating new cluster 0 with current bin + nearby bins
      Added BIN_1 to cluster 0
      Added BIN_3 to cluster 0
      Added BIN_4 to cluster 0
      Added BIN_5 to cluster 0
      Added BIN_7 to cluster 0
      Added BIN_9 to cluster 0
  
  Processing bin BIN_2 (index 1):
    Finding nearby bins within 1400.0m:
      BIN_1: 2066.1m (too far)
      BIN_3: 1888.5m (too far)
      BIN_4: 2341.0m (too far)
      BIN_5: 1705.4m (too far)
      BIN_6: 301.7m (NEARBY)
      BIN_7: 2216.1m (too far)
      BIN_8: 407.7m (NEARBY)
      BIN_9: 2300.3m (too far)
      BIN_10: 515.6m (NEARBY)
    Found 3 nearby bins
    Nearby cluster IDs: set()
    Creating new cluster 1 with current bin + nearby bins
      Added BIN_2 to cluster 1
      Added BIN_6 to cluster 1
      Added BIN_8 to cluster 1
      Added BIN_10 to cluster 1
  
  Processing bin BIN_3 (index 2):
    Finding nearby bins within 1400.0m:
      BIN_1: 421.5m (NEARBY)
        └─ Already in cluster 0
      BIN_2: 1888.5m (too far)
      BIN_4: 1454.5m (too far)
      BIN_5: 367.4m (NEARBY)
        └─ Already in cluster 0
      BIN_6: 1925.0m (too far)
      BIN_7: 327.9m (NEARBY)
        └─ Already in cluster 0
      BIN_8: 2107.4m (too far)
      BIN_9: 1691.7m (too far)
      BIN_10: 2365.5m (too far)
    Found 3 nearby bins
    Nearby cluster IDs: {0}
    Already in cluster 0
  
  Processing bin BIN_4 (index 3):
    Finding nearby bins within 1400.0m:
      BIN_1: 1072.9m (NEARBY)
        └─ Already in cluster 0
      BIN_2: 2341.0m (too far)
      BIN_3: 1454.5m (too far)
      BIN_5: 1162.6m (NEARBY)
        └─ Already in cluster 0
      BIN_6: 2177.6m (too far)
      BIN_7: 1516.7m (too far)
      BIN_8: 2718.0m (too far)
      BIN_9: 325.5m (NEARBY)
        └─ Already in cluster 0
      BIN_10: 2612.2m (too far)
    Found 3 nearby bins
    Nearby cluster IDs: {0}
    Already in cluster 0
  
  Processing bin BIN_5 (index 4):
    Finding nearby bins within 1400.0m:
      BIN_1: 361.9m (NEARBY)
        └─ Already in cluster 0
      BIN_2: 1705.4m (too far)
      BIN_3: 367.4m (NEARBY)
        └─ Already in cluster 0
      BIN_4: 1162.6m (NEARBY)
        └─ Already in cluster 0
      BIN_6: 1691.3m (too far)
      BIN_7: 623.6m (NEARBY)
        └─ Already in cluster 0
      BIN_8: 1980.6m (too far)
      BIN_9: 1366.3m (NEARBY)
        └─ Already in cluster 0
      BIN_10: 2147.1m (too far)
    Found 5 nearby bins
    Nearby cluster IDs: {0}
    Already in cluster 0
  
  Processing bin BIN_6 (index 5):
    Finding nearby bins within 1400.0m:
      BIN_1: 2042.5m (too far)
      BIN_2: 301.7m (NEARBY)
        └─ Already in cluster 1
      BIN_3: 1925.0m (too far)
      BIN_4: 2177.6m (too far)
      BIN_5: 1691.3m (too far)
      BIN_7: 2251.1m (too far)
      BIN_8: 686.1m (NEARBY)
        └─ Already in cluster 1
      BIN_9: 2102.2m (too far)
      BIN_10: 461.6m (NEARBY)
        └─ Already in cluster 1
    Found 3 nearby bins
    Nearby cluster IDs: {1}
    Already in cluster 1
  
  Processing bin BIN_7 (index 6):
    Finding nearby bins within 1400.0m:
      BIN_1: 453.6m (NEARBY)
        └─ Already in cluster 0
      BIN_2: 2216.1m (too far)
      BIN_3: 327.9m (NEARBY)
        └─ Already in cluster 0
      BIN_4: 1516.7m (too far)
      BIN_5: 623.6m (NEARBY)
        └─ Already in cluster 0
      BIN_6: 2251.1m (too far)
      BIN_8: 2428.6m (too far)
      BIN_9: 1793.2m (too far)
      BIN_10: 2693.1m (too far)
    Found 3 nearby bins
    Nearby cluster IDs: {0}
    Already in cluster 0
  
  Processing bin BIN_8 (index 7):
    Finding nearby bins within 1400.0m:
      BIN_1: 2341.7m (too far)
      BIN_2: 407.7m (NEARBY)
        └─ Already in cluster 1
      BIN_3: 2107.4m (too far)
      BIN_4: 2718.0m (too far)
      BIN_5: 1980.6m (too far)
      BIN_6: 686.1m (NEARBY)
        └─ Already in cluster 1
      BIN_7: 2428.6m (too far)
      BIN_9: 2694.1m (too far)
      BIN_10: 644.4m (NEARBY)
        └─ Already in cluster 1
    Found 3 nearby bins
    Nearby cluster IDs: {1}
    Already in cluster 1
  
  Processing bin BIN_9 (index 8):
    Finding nearby bins within 1400.0m:
      BIN_1: 1341.0m (NEARBY)
        └─ Already in cluster 0
      BIN_2: 2300.3m (too far)
      BIN_3: 1691.7m (too far)
      BIN_4: 325.5m (NEARBY)
        └─ Already in cluster 0
      BIN_5: 1366.3m (NEARBY)
        └─ Already in cluster 0
      BIN_6: 2102.2m (too far)
      BIN_7: 1793.2m (too far)
      BIN_8: 2694.1m (too far)
      BIN_10: 2512.2m (too far)
    Found 3 nearby bins
    Nearby cluster IDs: {0}
    Already in cluster 0
  
  Processing bin BIN_10 (index 9):
    Finding nearby bins within 1400.0m:
      BIN_1: 2500.7m (too far)
      BIN_2: 515.6m (NEARBY)
        └─ Already in cluster 1
      BIN_3: 2365.5m (too far)
      BIN_4: 2612.2m (too far)
      BIN_5: 2147.1m (too far)
      BIN_6: 461.6m (NEARBY)
        └─ Already in cluster 1
      BIN_7: 2693.1m (too far)
      BIN_8: 644.4m (NEARBY)
        └─ Already in cluster 1
      BIN_9: 2512.2m (too far)
    Found 3 nearby bins
    Nearby cluster IDs: {1}
    Already in cluster 1
  Cleaning up duplicate bins:
  Final clustering results: 2 clusters, sizes: [6, 4]
    Final Cluster 0: ['BIN_1', 'BIN_3', 'BIN_4', 'BIN_5', 'BIN_7', 'BIN_9']
    Final Cluster 1: ['BIN_2', 'BIN_6', 'BIN_8', 'BIN_10']

CLUSTERING RESULTS:
  Created 2 clusters
  Cluster 0: 6 bins - ['BIN_1', 'BIN_3', 'BIN_4', 'BIN_5', 'BIN_7', 'BIN_9']
    Internal distances:
      BIN_1 to BIN_3: 421.5m
      BIN_1 to BIN_4: 1072.9m
      BIN_1 to BIN_5: 361.9m
      BIN_1 to BIN_7: 453.6m
      BIN_1 to BIN_9: 1341.0m
      BIN_3 to BIN_4: 1454.5m
      BIN_3 to BIN_5: 367.4m
      BIN_3 to BIN_7: 327.9m
      BIN_3 to BIN_9: 1691.7m
      BIN_4 to BIN_5: 1162.6m
      BIN_4 to BIN_7: 1516.7m
      BIN_4 to BIN_9: 325.5m
      BIN_5 to BIN_7: 623.6m
      BIN_5 to BIN_9: 1366.3m
      BIN_7 to BIN_9: 1793.2m
    Max internal distance: 1793.2m
  Cluster 1: 4 bins - ['BIN_2', 'BIN_6', 'BIN_8', 'BIN_10']
    Internal distances:
      BIN_2 to BIN_6: 301.7m
      BIN_2 to BIN_8: 407.7m
      BIN_2 to BIN_10: 515.6m
      BIN_6 to BIN_8: 686.1m
      BIN_6 to BIN_10: 461.6m
      BIN_8 to BIN_10: 644.4m
    Max internal distance: 686.1m
============================================================
CLUSTERING DEBUG END
============================================================
🎯 Using collection queue priority routing: 2 bins
============================================================
CLUSTERING DEBUG START
============================================================
Input validation:
  bins_data type: <class 'list'>
  bins_data length: 10
  depot_data type: <class 'NoneType'>
  depot_data: None
  First bin structure: {'capacity': 500, 'fillLevel': 0.006666666666666666, 'fillRate': 6, 'id': 'BIN_1', 'lat': 33.613580131572526, 'lng': 73.05981561266454, 'threshold': 80, 'near_threshold_count': 0, 'dynamic_threshold': 50}
  All bin IDs: ['BIN_1', 'BIN_2', 'BIN_3', 'BIN_4', 'BIN_5', 'BIN_6', 'BIN_7', 'BIN_8', 'BIN_9', 'BIN_10']

CALCULATING BIN SERVICE RADIUS:
BIN RADIUS CALCULATION DEBUG:
  depot_data: None
  bins_data length: 10
  No depot data, using default bin radius: 1400m
Final bin service radius: 1400.0m

STARTING PROXIMITY CLUSTERING:
PROXIMITY CLUSTERING DEBUG:
  Bin service radius: 1400.0m
  Processing 10 bins
  All pairwise distances:
    BIN_1 to BIN_2: 2066.1m ✗
    BIN_1 to BIN_3: 421.5m ✓
    BIN_1 to BIN_4: 1072.9m ✓
    BIN_1 to BIN_5: 361.9m ✓
    BIN_1 to BIN_6: 2042.5m ✗
    BIN_1 to BIN_7: 453.6m ✓
    BIN_1 to BIN_8: 2341.7m ✗
    BIN_1 to BIN_9: 1341.0m ✓
    BIN_1 to BIN_10: 2500.7m ✗
    BIN_2 to BIN_3: 1888.5m ✗
    BIN_2 to BIN_4: 2341.0m ✗
    BIN_2 to BIN_5: 1705.4m ✗
    BIN_2 to BIN_6: 301.7m ✓
    BIN_2 to BIN_7: 2216.1m ✗
    BIN_2 to BIN_8: 407.7m ✓
    BIN_2 to BIN_9: 2300.3m ✗
    BIN_2 to BIN_10: 515.6m ✓
    BIN_3 to BIN_4: 1454.5m ✗
    BIN_3 to BIN_5: 367.4m ✓
    BIN_3 to BIN_6: 1925.0m ✗
    BIN_3 to BIN_7: 327.9m ✓
    BIN_3 to BIN_8: 2107.4m ✗
    BIN_3 to BIN_9: 1691.7m ✗
    BIN_3 to BIN_10: 2365.5m ✗
    BIN_4 to BIN_5: 1162.6m ✓
    BIN_4 to BIN_6: 2177.6m ✗
    BIN_4 to BIN_7: 1516.7m ✗
    BIN_4 to BIN_8: 2718.0m ✗
    BIN_4 to BIN_9: 325.5m ✓
    BIN_4 to BIN_10: 2612.2m ✗
    BIN_5 to BIN_6: 1691.3m ✗
    BIN_5 to BIN_7: 623.6m ✓
    BIN_5 to BIN_8: 1980.6m ✗
    BIN_5 to BIN_9: 1366.3m ✓
    BIN_5 to BIN_10: 2147.1m ✗
    BIN_6 to BIN_7: 2251.1m ✗
    BIN_6 to BIN_8: 686.1m ✓
    BIN_6 to BIN_9: 2102.2m ✗
    BIN_6 to BIN_10: 461.6m ✓
    BIN_7 to BIN_8: 2428.6m ✗
    BIN_7 to BIN_9: 1793.2m ✗
    BIN_7 to BIN_10: 2693.1m ✗
    BIN_8 to BIN_9: 2694.1m ✗
    BIN_8 to BIN_10: 644.4m ✓
    BIN_9 to BIN_10: 2512.2m ✗
  Processing bins sequentially:
  
  Processing bin BIN_1 (index 0):
    Finding nearby bins within 1400.0m:
      BIN_2: 2066.1m (too far)
      BIN_3: 421.5m (NEARBY)
      BIN_4: 1072.9m (NEARBY)
      BIN_5: 361.9m (NEARBY)
      BIN_6: 2042.5m (too far)
      BIN_7: 453.6m (NEARBY)
      BIN_8: 2341.7m (too far)
      BIN_9: 1341.0m (NEARBY)
      BIN_10: 2500.7m (too far)
    Found 5 nearby bins
    Nearby cluster IDs: set()
    Creating new cluster 0 with current bin + nearby bins
      Added BIN_1 to cluster 0
      Added BIN_3 to cluster 0
      Added BIN_4 to cluster 0
      Added BIN_5 to cluster 0
      Added BIN_7 to cluster 0
      Added BIN_9 to cluster 0
  
  Processing bin BIN_2 (index 1):
    Finding nearby bins within 1400.0m:
      BIN_1: 2066.1m (too far)
      BIN_3: 1888.5m (too far)
      BIN_4: 2341.0m (too far)
      BIN_5: 1705.4m (too far)
      BIN_6: 301.7m (NEARBY)
      BIN_7: 2216.1m (too far)
      BIN_8: 407.7m (NEARBY)
      BIN_9: 2300.3m (too far)
      BIN_10: 515.6m (NEARBY)
    Found 3 nearby bins
    Nearby cluster IDs: set()
    Creating new cluster 1 with current bin + nearby bins
      Added BIN_2 to cluster 1
      Added BIN_6 to cluster 1
      Added BIN_8 to cluster 1
      Added BIN_10 to cluster 1
  
  Processing bin BIN_3 (index 2):
    Finding nearby bins within 1400.0m:
      BIN_1: 421.5m (NEARBY)
        └─ Already in cluster 0
      BIN_2: 1888.5m (too far)
      BIN_4: 1454.5m (too far)
      BIN_5: 367.4m (NEARBY)
        └─ Already in cluster 0
      BIN_6: 1925.0m (too far)
      BIN_7: 327.9m (NEARBY)
        └─ Already in cluster 0
      BIN_8: 2107.4m (too far)
      BIN_9: 1691.7m (too far)
      BIN_10: 2365.5m (too far)
    Found 3 nearby bins
    Nearby cluster IDs: {0}
    Already in cluster 0
  
  Processing bin BIN_4 (index 3):
    Finding nearby bins within 1400.0m:
      BIN_1: 1072.9m (NEARBY)
        └─ Already in cluster 0
      BIN_2: 2341.0m (too far)
      BIN_3: 1454.5m (too far)
      BIN_5: 1162.6m (NEARBY)
        └─ Already in cluster 0
      BIN_6: 2177.6m (too far)
      BIN_7: 1516.7m (too far)
      BIN_8: 2718.0m (too far)
      BIN_9: 325.5m (NEARBY)
        └─ Already in cluster 0
      BIN_10: 2612.2m (too far)
    Found 3 nearby bins
    Nearby cluster IDs: {0}
    Already in cluster 0
  
  Processing bin BIN_5 (index 4):
    Finding nearby bins within 1400.0m:
      BIN_1: 361.9m (NEARBY)
        └─ Already in cluster 0
      BIN_2: 1705.4m (too far)
      BIN_3: 367.4m (NEARBY)
        └─ Already in cluster 0
      BIN_4: 1162.6m (NEARBY)
        └─ Already in cluster 0
      BIN_6: 1691.3m (too far)
      BIN_7: 623.6m (NEARBY)
        └─ Already in cluster 0
      BIN_8: 1980.6m (too far)
      BIN_9: 1366.3m (NEARBY)
        └─ Already in cluster 0
      BIN_10: 2147.1m (too far)
    Found 5 nearby bins
    Nearby cluster IDs: {0}
    Already in cluster 0
  
  Processing bin BIN_6 (index 5):
    Finding nearby bins within 1400.0m:
      BIN_1: 2042.5m (too far)
      BIN_2: 301.7m (NEARBY)
        └─ Already in cluster 1
      BIN_3: 1925.0m (too far)
      BIN_4: 2177.6m (too far)
      BIN_5: 1691.3m (too far)
      BIN_7: 2251.1m (too far)
      BIN_8: 686.1m (NEARBY)
        └─ Already in cluster 1
      BIN_9: 2102.2m (too far)
      BIN_10: 461.6m (NEARBY)
        └─ Already in cluster 1
    Found 3 nearby bins
    Nearby cluster IDs: {1}
    Already in cluster 1
  
  Processing bin BIN_7 (index 6):
    Finding nearby bins within 1400.0m:
      BIN_1: 453.6m (NEARBY)
        └─ Already in cluster 0
      BIN_2: 2216.1m (too far)
      BIN_3: 327.9m (NEARBY)
        └─ Already in cluster 0
      BIN_4: 1516.7m (too far)
      BIN_5: 623.6m (NEARBY)
        └─ Already in cluster 0
      BIN_6: 2251.1m (too far)
      BIN_8: 2428.6m (too far)
      BIN_9: 1793.2m (too far)
      BIN_10: 2693.1m (too far)
    Found 3 nearby bins
    Nearby cluster IDs: {0}
    Already in cluster 0
  
  Processing bin BIN_8 (index 7):
    Finding nearby bins within 1400.0m:
      BIN_1: 2341.7m (too far)
      BIN_2: 407.7m (NEARBY)
        └─ Already in cluster 1
      BIN_3: 2107.4m (too far)
      BIN_4: 2718.0m (too far)
      BIN_5: 1980.6m (too far)
      BIN_6: 686.1m (NEARBY)
        └─ Already in cluster 1
      BIN_7: 2428.6m (too far)
      BIN_9: 2694.1m (too far)
      BIN_10: 644.4m (NEARBY)
        └─ Already in cluster 1
    Found 3 nearby bins
    Nearby cluster IDs: {1}
    Already in cluster 1
  
  Processing bin BIN_9 (index 8):
    Finding nearby bins within 1400.0m:
      BIN_1: 1341.0m (NEARBY)
        └─ Already in cluster 0
      BIN_2: 2300.3m (too far)
      BIN_3: 1691.7m (too far)
      BIN_4: 325.5m (NEARBY)
        └─ Already in cluster 0
      BIN_5: 1366.3m (NEARBY)
        └─ Already in cluster 0
      BIN_6: 2102.2m (too far)
      BIN_7: 1793.2m (too far)
      BIN_8: 2694.1m (too far)
      BIN_10: 2512.2m (too far)
    Found 3 nearby bins
    Nearby cluster IDs: {0}
    Already in cluster 0
  
  Processing bin BIN_10 (index 9):
    Finding nearby bins within 1400.0m:
      BIN_1: 2500.7m (too far)
      BIN_2: 515.6m (NEARBY)
        └─ Already in cluster 1
      BIN_3: 2365.5m (too far)
      BIN_4: 2612.2m (too far)
      BIN_5: 2147.1m (too far)
      BIN_6: 461.6m (NEARBY)
        └─ Already in cluster 1
      BIN_7: 2693.1m (too far)
      BIN_8: 644.4m (NEARBY)
        └─ Already in cluster 1
      BIN_9: 2512.2m (too far)
    Found 3 nearby bins
    Nearby cluster IDs: {1}
    Already in cluster 1
  Cleaning up duplicate bins:
  Final clustering results: 2 clusters, sizes: [6, 4]
    Final Cluster 0: ['BIN_1', 'BIN_3', 'BIN_4', 'BIN_5', 'BIN_7', 'BIN_9']
    Final Cluster 1: ['BIN_2', 'BIN_6', 'BIN_8', 'BIN_10']

CLUSTERING RESULTS:
  Created 2 clusters
  Cluster 0: 6 bins - ['BIN_1', 'BIN_3', 'BIN_4', 'BIN_5', 'BIN_7', 'BIN_9']
    Internal distances:
      BIN_1 to BIN_3: 421.5m
      BIN_1 to BIN_4: 1072.9m
      BIN_1 to BIN_5: 361.9m
      BIN_1 to BIN_7: 453.6m
      BIN_1 to BIN_9: 1341.0m
      BIN_3 to BIN_4: 1454.5m
      BIN_3 to BIN_5: 367.4m
      BIN_3 to BIN_7: 327.9m
      BIN_3 to BIN_9: 1691.7m
      BIN_4 to BIN_5: 1162.6m
      BIN_4 to BIN_7: 1516.7m
      BIN_4 to BIN_9: 325.5m
      BIN_5 to BIN_7: 623.6m
      BIN_5 to BIN_9: 1366.3m
      BIN_7 to BIN_9: 1793.2m
    Max internal distance: 1793.2m
  Cluster 1: 4 bins - ['BIN_2', 'BIN_6', 'BIN_8', 'BIN_10']
    Internal distances:
      BIN_2 to BIN_6: 301.7m
      BIN_2 to BIN_8: 407.7m
      BIN_2 to BIN_10: 515.6m
      BIN_6 to BIN_8: 686.1m
      BIN_6 to BIN_10: 461.6m
      BIN_8 to BIN_10: 644.4m
    Max internal distance: 686.1m
============================================================
CLUSTERING DEBUG END
============================================================
🎯 Using collection queue priority routing: 2 bins
System loaded from: cleanify_system_20250819_002311.json
Starting simulation...
============================================================
CLUSTERING DEBUG START
============================================================
Input validation:
  bins_data type: <class 'list'>
  bins_data length: 7
  depot_data type: <class 'NoneType'>
  depot_data: None
  First bin structure: {'capacity': 500, 'fillLevel': 41.49999999999995, 'fillRate': 30, 'id': 'BIN_1', 'lat': 33.69116498459743, 'lng': 73.02609111962713, 'threshold': 80}
  All bin IDs: ['BIN_1', 'BIN_2', 'BIN_3', 'BIN_4', 'BIN_5', 'BIN_6', 'BIN_7']

CALCULATING BIN SERVICE RADIUS:
BIN RADIUS CALCULATION DEBUG:
  depot_data: None
  bins_data length: 7
  No depot data, using default bin radius: 1400m
Final bin service radius: 1400.0m

STARTING PROXIMITY CLUSTERING:
PROXIMITY CLUSTERING DEBUG:
  Bin service radius: 1400.0m
  Processing 7 bins
  All pairwise distances:
    BIN_1 to BIN_2: 105.2m ✓
    BIN_1 to BIN_3: 1549.4m ✗
    BIN_1 to BIN_4: 1533.1m ✗
    BIN_1 to BIN_5: 934.6m ✓
    BIN_1 to BIN_6: 59.6m ✓
    BIN_1 to BIN_7: 1620.1m ✗
    BIN_2 to BIN_3: 1641.6m ✗
    BIN_2 to BIN_4: 1627.9m ✗
    BIN_2 to BIN_5: 1036.3m ✓
    BIN_2 to BIN_6: 112.0m ✓
    BIN_2 to BIN_7: 1715.0m ✗
    BIN_3 to BIN_4: 90.5m ✓
    BIN_3 to BIN_5: 1115.0m ✓
    BIN_3 to BIN_6: 1587.9m ✗
    BIN_3 to BIN_7: 119.0m ✓
    BIN_4 to BIN_5: 1048.7m ✓
    BIN_4 to BIN_6: 1569.0m ✗
    BIN_4 to BIN_7: 87.1m ✓
    BIN_5 to BIN_6: 930.1m ✓
    BIN_5 to BIN_7: 1117.2m ✓
    BIN_6 to BIN_7: 1655.8m ✗
  Processing bins sequentially:
  
  Processing bin BIN_1 (index 0):
    Finding nearby bins within 1400.0m:
      BIN_2: 105.2m (NEARBY)
      BIN_3: 1549.4m (too far)
      BIN_4: 1533.1m (too far)
      BIN_5: 934.6m (NEARBY)
      BIN_6: 59.6m (NEARBY)
      BIN_7: 1620.1m (too far)
    Found 3 nearby bins
    Nearby cluster IDs: set()
    Creating new cluster 0 with current bin + nearby bins
      Added BIN_1 to cluster 0
      Added BIN_2 to cluster 0
      Added BIN_5 to cluster 0
      Added BIN_6 to cluster 0
  
  Processing bin BIN_2 (index 1):
    Finding nearby bins within 1400.0m:
      BIN_1: 105.2m (NEARBY)
        └─ Already in cluster 0
      BIN_3: 1641.6m (too far)
      BIN_4: 1627.9m (too far)
      BIN_5: 1036.3m (NEARBY)
        └─ Already in cluster 0
      BIN_6: 112.0m (NEARBY)
        └─ Already in cluster 0
      BIN_7: 1715.0m (too far)
    Found 3 nearby bins
    Nearby cluster IDs: {0}
    Already in cluster 0
  
  Processing bin BIN_3 (index 2):
    Finding nearby bins within 1400.0m:
      BIN_1: 1549.4m (too far)
      BIN_2: 1641.6m (too far)
      BIN_4: 90.5m (NEARBY)
      BIN_5: 1115.0m (NEARBY)
        └─ Already in cluster 0
      BIN_6: 1587.9m (too far)
      BIN_7: 119.0m (NEARBY)
    Found 3 nearby bins
    Nearby cluster IDs: {0}
    Joined existing cluster 0
  
  Processing bin BIN_4 (index 3):
    Finding nearby bins within 1400.0m:
      BIN_1: 1533.1m (too far)
      BIN_2: 1627.9m (too far)
      BIN_3: 90.5m (NEARBY)
        └─ Already in cluster 0
      BIN_5: 1048.7m (NEARBY)
        └─ Already in cluster 0
      BIN_6: 1569.0m (too far)
      BIN_7: 87.1m (NEARBY)
    Found 3 nearby bins
    Nearby cluster IDs: {0}
    Joined existing cluster 0
  
  Processing bin BIN_5 (index 4):
    Finding nearby bins within 1400.0m:
      BIN_1: 934.6m (NEARBY)
        └─ Already in cluster 0
      BIN_2: 1036.3m (NEARBY)
        └─ Already in cluster 0
      BIN_3: 1115.0m (NEARBY)
        └─ Already in cluster 0
      BIN_4: 1048.7m (NEARBY)
        └─ Already in cluster 0
      BIN_6: 930.1m (NEARBY)
        └─ Already in cluster 0
      BIN_7: 1117.2m (NEARBY)
    Found 6 nearby bins
    Nearby cluster IDs: {0}
    Already in cluster 0
  
  Processing bin BIN_6 (index 5):
    Finding nearby bins within 1400.0m:
      BIN_1: 59.6m (NEARBY)
        └─ Already in cluster 0
      BIN_2: 112.0m (NEARBY)
        └─ Already in cluster 0
      BIN_3: 1587.9m (too far)
      BIN_4: 1569.0m (too far)
      BIN_5: 930.1m (NEARBY)
        └─ Already in cluster 0
      BIN_7: 1655.8m (too far)
    Found 3 nearby bins
    Nearby cluster IDs: {0}
    Already in cluster 0
  
  Processing bin BIN_7 (index 6):
    Finding nearby bins within 1400.0m:
      BIN_1: 1620.1m (too far)
      BIN_2: 1715.0m (too far)
      BIN_3: 119.0m (NEARBY)
        └─ Already in cluster 0
      BIN_4: 87.1m (NEARBY)
        └─ Already in cluster 0
      BIN_5: 1117.2m (NEARBY)
        └─ Already in cluster 0
      BIN_6: 1655.8m (too far)
    Found 3 nearby bins
    Nearby cluster IDs: {0}
    Joined existing cluster 0
  Cleaning up duplicate bins:
  Final clustering results: 1 clusters, sizes: [7]
    Final Cluster 0: ['BIN_1', 'BIN_2', 'BIN_5', 'BIN_6', 'BIN_3', 'BIN_4', 'BIN_7']

CLUSTERING RESULTS:
  Created 1 clusters
  Cluster 0: 7 bins - ['BIN_1', 'BIN_2', 'BIN_5', 'BIN_6', 'BIN_3', 'BIN_4', 'BIN_7']
    Internal distances:
      BIN_1 to BIN_2: 105.2m
      BIN_1 to BIN_5: 934.6m
      BIN_1 to BIN_6: 59.6m
      BIN_1 to BIN_3: 1549.4m
      BIN_1 to BIN_4: 1533.1m
      BIN_1 to BIN_7: 1620.1m
      BIN_2 to BIN_5: 1036.3m
      BIN_2 to BIN_6: 112.0m
      BIN_2 to BIN_3: 1641.6m
      BIN_2 to BIN_4: 1627.9m
      BIN_2 to BIN_7: 1715.0m
      BIN_5 to BIN_6: 930.1m
      BIN_5 to BIN_3: 1115.0m
      BIN_5 to BIN_4: 1048.7m
      BIN_5 to BIN_7: 1117.2m
      BIN_6 to BIN_3: 1587.9m
      BIN_6 to BIN_4: 1569.0m
      BIN_6 to BIN_7: 1655.8m
      BIN_3 to BIN_4: 90.5m
      BIN_3 to BIN_7: 119.0m
      BIN_4 to BIN_7: 87.1m
    Max internal distance: 1715.0m
============================================================
CLUSTERING DEBUG END
============================================================
🎯 Using collection queue priority routing: 2 bins
============================================================
CLUSTERING DEBUG START
============================================================
Input validation:
  bins_data type: <class 'list'>
  bins_data length: 7
  depot_data type: <class 'NoneType'>
  depot_data: None
  First bin structure: {'capacity': 500, 'fillLevel': 41.50833333333328, 'fillRate': 30, 'id': 'BIN_1', 'lat': 33.69116498459743, 'lng': 73.02609111962713, 'threshold': 80, 'near_threshold_count': 0, 'dynamic_threshold': 58.50200666666662}
  All bin IDs: ['BIN_1', 'BIN_2', 'BIN_3', 'BIN_4', 'BIN_5', 'BIN_6', 'BIN_7']

CALCULATING BIN SERVICE RADIUS:
BIN RADIUS CALCULATION DEBUG:
  depot_data: None
  bins_data length: 7
  No depot data, using default bin radius: 1400m
Final bin service radius: 1400.0m

STARTING PROXIMITY CLUSTERING:
PROXIMITY CLUSTERING DEBUG:
  Bin service radius: 1400.0m
  Processing 7 bins
  All pairwise distances:
    BIN_1 to BIN_2: 105.2m ✓
    BIN_1 to BIN_3: 1549.4m ✗
    BIN_1 to BIN_4: 1533.1m ✗
    BIN_1 to BIN_5: 934.6m ✓
    BIN_1 to BIN_6: 59.6m ✓
    BIN_1 to BIN_7: 1620.1m ✗
    BIN_2 to BIN_3: 1641.6m ✗
    BIN_2 to BIN_4: 1627.9m ✗
    BIN_2 to BIN_5: 1036.3m ✓
    BIN_2 to BIN_6: 112.0m ✓
    BIN_2 to BIN_7: 1715.0m ✗
    BIN_3 to BIN_4: 90.5m ✓
    BIN_3 to BIN_5: 1115.0m ✓
    BIN_3 to BIN_6: 1587.9m ✗
    BIN_3 to BIN_7: 119.0m ✓
    BIN_4 to BIN_5: 1048.7m ✓
    BIN_4 to BIN_6: 1569.0m ✗
    BIN_4 to BIN_7: 87.1m ✓
    BIN_5 to BIN_6: 930.1m ✓
    BIN_5 to BIN_7: 1117.2m ✓
    BIN_6 to BIN_7: 1655.8m ✗
  Processing bins sequentially:
  
  Processing bin BIN_1 (index 0):
    Finding nearby bins within 1400.0m:
      BIN_2: 105.2m (NEARBY)
      BIN_3: 1549.4m (too far)
      BIN_4: 1533.1m (too far)
      BIN_5: 934.6m (NEARBY)
      BIN_6: 59.6m (NEARBY)
      BIN_7: 1620.1m (too far)
    Found 3 nearby bins
    Nearby cluster IDs: set()
    Creating new cluster 0 with current bin + nearby bins
      Added BIN_1 to cluster 0
      Added BIN_2 to cluster 0
      Added BIN_5 to cluster 0
      Added BIN_6 to cluster 0
  
  Processing bin BIN_2 (index 1):
    Finding nearby bins within 1400.0m:
      BIN_1: 105.2m (NEARBY)
        └─ Already in cluster 0
      BIN_3: 1641.6m (too far)
      BIN_4: 1627.9m (too far)
      BIN_5: 1036.3m (NEARBY)
        └─ Already in cluster 0
      BIN_6: 112.0m (NEARBY)
        └─ Already in cluster 0
      BIN_7: 1715.0m (too far)
    Found 3 nearby bins
    Nearby cluster IDs: {0}
    Already in cluster 0
  
  Processing bin BIN_3 (index 2):
    Finding nearby bins within 1400.0m:
      BIN_1: 1549.4m (too far)
      BIN_2: 1641.6m (too far)
      BIN_4: 90.5m (NEARBY)
      BIN_5: 1115.0m (NEARBY)
        └─ Already in cluster 0
      BIN_6: 1587.9m (too far)
      BIN_7: 119.0m (NEARBY)
    Found 3 nearby bins
    Nearby cluster IDs: {0}
    Joined existing cluster 0
  
  Processing bin BIN_4 (index 3):
    Finding nearby bins within 1400.0m:
      BIN_1: 1533.1m (too far)
      BIN_2: 1627.9m (too far)
      BIN_3: 90.5m (NEARBY)
        └─ Already in cluster 0
      BIN_5: 1048.7m (NEARBY)
        └─ Already in cluster 0
      BIN_6: 1569.0m (too far)
      BIN_7: 87.1m (NEARBY)
    Found 3 nearby bins
    Nearby cluster IDs: {0}
    Joined existing cluster 0
  
  Processing bin BIN_5 (index 4):
    Finding nearby bins within 1400.0m:
      BIN_1: 934.6m (NEARBY)
        └─ Already in cluster 0
      BIN_2: 1036.3m (NEARBY)
        └─ Already in cluster 0
      BIN_3: 1115.0m (NEARBY)
        └─ Already in cluster 0
      BIN_4: 1048.7m (NEARBY)
        └─ Already in cluster 0
      BIN_6: 930.1m (NEARBY)
        └─ Already in cluster 0
      BIN_7: 1117.2m (NEARBY)
    Found 6 nearby bins
    Nearby cluster IDs: {0}
    Already in cluster 0
  
  Processing bin BIN_6 (index 5):
    Finding nearby bins within 1400.0m:
      BIN_1: 59.6m (NEARBY)
        └─ Already in cluster 0
      BIN_2: 112.0m (NEARBY)
        └─ Already in cluster 0
      BIN_3: 1587.9m (too far)
      BIN_4: 1569.0m (too far)
      BIN_5: 930.1m (NEARBY)
        └─ Already in cluster 0
      BIN_7: 1655.8m (too far)
    Found 3 nearby bins
    Nearby cluster IDs: {0}
    Already in cluster 0
  
  Processing bin BIN_7 (index 6):
    Finding nearby bins within 1400.0m:
      BIN_1: 1620.1m (too far)
      BIN_2: 1715.0m (too far)
      BIN_3: 119.0m (NEARBY)
        └─ Already in cluster 0
      BIN_4: 87.1m (NEARBY)
        └─ Already in cluster 0
      BIN_5: 1117.2m (NEARBY)
        └─ Already in cluster 0
      BIN_6: 1655.8m (too far)
    Found 3 nearby bins
    Nearby cluster IDs: {0}
    Joined existing cluster 0
  Cleaning up duplicate bins:
  Final clustering results: 1 clusters, sizes: [7]
    Final Cluster 0: ['BIN_1', 'BIN_2', 'BIN_5', 'BIN_6', 'BIN_3', 'BIN_4', 'BIN_7']

CLUSTERING RESULTS:
  Created 1 clusters
  Cluster 0: 7 bins - ['BIN_1', 'BIN_2', 'BIN_5', 'BIN_6', 'BIN_3', 'BIN_4', 'BIN_7']
    Internal distances:
      BIN_1 to BIN_2: 105.2m
      BIN_1 to BIN_5: 934.6m
      BIN_1 to BIN_6: 59.6m
      BIN_1 to BIN_3: 1549.4m
      BIN_1 to BIN_4: 1533.1m
      BIN_1 to BIN_7: 1620.1m
      BIN_2 to BIN_5: 1036.3m
      BIN_2 to BIN_6: 112.0m
      BIN_2 to BIN_3: 1641.6m
      BIN_2 to BIN_4: 1627.9m
      BIN_2 to BIN_7: 1715.0m
      BIN_5 to BIN_6: 930.1m
      BIN_5 to BIN_3: 1115.0m
      BIN_5 to BIN_4: 1048.7m
      BIN_5 to BIN_7: 1117.2m
      BIN_6 to BIN_3: 1587.9m
      BIN_6 to BIN_4: 1569.0m
      BIN_6 to BIN_7: 1655.8m
      BIN_3 to BIN_4: 90.5m
      BIN_3 to BIN_7: 119.0m
      BIN_4 to BIN_7: 87.1m
    Max internal distance: 1715.0m
============================================================
CLUSTERING DEBUG END
============================================================
============================================================
CLUSTERING DEBUG START
============================================================
Input validation:
  bins_data type: <class 'list'>
  bins_data length: 7
  depot_data type: <class 'NoneType'>
  depot_data: None
  First bin structure: {'capacity': 500, 'fillLevel': 41.50833333333328, 'fillRate': 30, 'id': 'BIN_1', 'lat': 33.69116498459743, 'lng': 73.02609111962713, 'threshold': 80, 'near_threshold_count': 0, 'dynamic_threshold': 58.50200666666662}
  All bin IDs: ['BIN_1', 'BIN_2', 'BIN_3', 'BIN_4', 'BIN_5', 'BIN_6', 'BIN_7']

CALCULATING BIN SERVICE RADIUS:
BIN RADIUS CALCULATION DEBUG:
  depot_data: None
  bins_data length: 7
  No depot data, using default bin radius: 1400m
Final bin service radius: 1400.0m

STARTING PROXIMITY CLUSTERING:
PROXIMITY CLUSTERING DEBUG:
  Bin service radius: 1400.0m
  Processing 7 bins
  All pairwise distances:
    BIN_1 to BIN_2: 105.2m ✓
    BIN_1 to BIN_3: 1549.4m ✗
    BIN_1 to BIN_4: 1533.1m ✗
    BIN_1 to BIN_5: 934.6m ✓
    BIN_1 to BIN_6: 59.6m ✓
    BIN_1 to BIN_7: 1620.1m ✗
    BIN_2 to BIN_3: 1641.6m ✗
    BIN_2 to BIN_4: 1627.9m ✗
    BIN_2 to BIN_5: 1036.3m ✓
    BIN_2 to BIN_6: 112.0m ✓
    BIN_2 to BIN_7: 1715.0m ✗
    BIN_3 to BIN_4: 90.5m ✓
    BIN_3 to BIN_5: 1115.0m ✓
    BIN_3 to BIN_6: 1587.9m ✗
    BIN_3 to BIN_7: 119.0m ✓
    BIN_4 to BIN_5: 1048.7m ✓
    BIN_4 to BIN_6: 1569.0m ✗
    BIN_4 to BIN_7: 87.1m ✓
    BIN_5 to BIN_6: 930.1m ✓
    BIN_5 to BIN_7: 1117.2m ✓
    BIN_6 to BIN_7: 1655.8m ✗
  Processing bins sequentially:
  
  Processing bin BIN_1 (index 0):
    Finding nearby bins within 1400.0m:
      BIN_2: 105.2m (NEARBY)
      BIN_3: 1549.4m (too far)
      BIN_4: 1533.1m (too far)
      BIN_5: 934.6m (NEARBY)
      BIN_6: 59.6m (NEARBY)
      BIN_7: 1620.1m (too far)
    Found 3 nearby bins
    Nearby cluster IDs: set()
    Creating new cluster 0 with current bin + nearby bins
      Added BIN_1 to cluster 0
      Added BIN_2 to cluster 0
      Added BIN_5 to cluster 0
      Added BIN_6 to cluster 0
  
  Processing bin BIN_2 (index 1):
    Finding nearby bins within 1400.0m:
      BIN_1: 105.2m (NEARBY)
        └─ Already in cluster 0
      BIN_3: 1641.6m (too far)
      BIN_4: 1627.9m (too far)
      BIN_5: 1036.3m (NEARBY)
        └─ Already in cluster 0
      BIN_6: 112.0m (NEARBY)
        └─ Already in cluster 0
      BIN_7: 1715.0m (too far)
    Found 3 nearby bins
    Nearby cluster IDs: {0}
    Already in cluster 0
  
  Processing bin BIN_3 (index 2):
    Finding nearby bins within 1400.0m:
      BIN_1: 1549.4m (too far)
      BIN_2: 1641.6m (too far)
      BIN_4: 90.5m (NEARBY)
      BIN_5: 1115.0m (NEARBY)
        └─ Already in cluster 0
      BIN_6: 1587.9m (too far)
      BIN_7: 119.0m (NEARBY)
    Found 3 nearby bins
    Nearby cluster IDs: {0}
    Joined existing cluster 0
  
  Processing bin BIN_4 (index 3):
    Finding nearby bins within 1400.0m:
      BIN_1: 1533.1m (too far)
      BIN_2: 1627.9m (too far)
      BIN_3: 90.5m (NEARBY)
        └─ Already in cluster 0
      BIN_5: 1048.7m (NEARBY)
        └─ Already in cluster 0
      BIN_6: 1569.0m (too far)
      BIN_7: 87.1m (NEARBY)
    Found 3 nearby bins
    Nearby cluster IDs: {0}
    Joined existing cluster 0
  
  Processing bin BIN_5 (index 4):
    Finding nearby bins within 1400.0m:
      BIN_1: 934.6m (NEARBY)
        └─ Already in cluster 0
      BIN_2: 1036.3m (NEARBY)
        └─ Already in cluster 0
      BIN_3: 1115.0m (NEARBY)
        └─ Already in cluster 0
      BIN_4: 1048.7m (NEARBY)
        └─ Already in cluster 0
      BIN_6: 930.1m (NEARBY)
        └─ Already in cluster 0
      BIN_7: 1117.2m (NEARBY)
    Found 6 nearby bins
    Nearby cluster IDs: {0}
    Already in cluster 0
  
  Processing bin BIN_6 (index 5):
    Finding nearby bins within 1400.0m:
      BIN_1: 59.6m (NEARBY)
        └─ Already in cluster 0
      BIN_2: 112.0m (NEARBY)
        └─ Already in cluster 0
      BIN_3: 1587.9m (too far)
      BIN_4: 1569.0m (too far)
      BIN_5: 930.1m (NEARBY)
        └─ Already in cluster 0
      BIN_7: 1655.8m (too far)
    Found 3 nearby bins
    Nearby cluster IDs: {0}
    Already in cluster 0
  
  Processing bin BIN_7 (index 6):
    Finding nearby bins within 1400.0m:
      BIN_1: 1620.1m (too far)
      BIN_2: 1715.0m (too far)
      BIN_3: 119.0m (NEARBY)
        └─ Already in cluster 0
      BIN_4: 87.1m (NEARBY)
        └─ Already in cluster 0
      BIN_5: 1117.2m (NEARBY)
        └─ Already in cluster 0
      BIN_6: 1655.8m (too far)
    Found 3 nearby bins
    Nearby cluster IDs: {0}
    Joined existing cluster 0
  Cleaning up duplicate bins:
  Final clustering results: 1 clusters, sizes: [7]
    Final Cluster 0: ['BIN_1', 'BIN_2', 'BIN_5', 'BIN_6', 'BIN_3', 'BIN_4', 'BIN_7']

CLUSTERING RESULTS:
  Created 1 clusters
  Cluster 0: 7 bins - ['BIN_1', 'BIN_2', 'BIN_5', 'BIN_6', 'BIN_3', 'BIN_4', 'BIN_7']
    Internal distances:
      BIN_1 to BIN_2: 105.2m
      BIN_1 to BIN_5: 934.6m
      BIN_1 to BIN_6: 59.6m
      BIN_1 to BIN_3: 1549.4m
      BIN_1 to BIN_4: 1533.1m
      BIN_1 to BIN_7: 1620.1m
      BIN_2 to BIN_5: 1036.3m
      BIN_2 to BIN_6: 112.0m
      BIN_2 to BIN_3: 1641.6m
      BIN_2 to BIN_4: 1627.9m
      BIN_2 to BIN_7: 1715.0m
      BIN_5 to BIN_6: 930.1m
      BIN_5 to BIN_3: 1115.0m
      BIN_5 to BIN_4: 1048.7m
      BIN_5 to BIN_7: 1117.2m
      BIN_6 to BIN_3: 1587.9m
      BIN_6 to BIN_4: 1569.0m
      BIN_6 to BIN_7: 1655.8m
      BIN_3 to BIN_4: 90.5m
      BIN_3 to BIN_7: 119.0m
      BIN_4 to BIN_7: 87.1m
    Max internal distance: 1715.0m
============================================================
CLUSTERING DEBUG END
============================================================
🎯 Using collection queue priority routing: 2 bins
============================================================
CLUSTERING DEBUG START
============================================================
Input validation:
  bins_data type: <class 'list'>
  bins_data length: 7
  depot_data type: <class 'NoneType'>
  depot_data: None
  First bin structure: {'capacity': 500, 'fillLevel': 41.516666666666616, 'fillRate': 30, 'id': 'BIN_1', 'lat': 33.69116498459743, 'lng': 73.02609111962713, 'threshold': 80, 'near_threshold_count': 0, 'dynamic_threshold': 58.51033999999995}
  All bin IDs: ['BIN_1', 'BIN_2', 'BIN_3', 'BIN_4', 'BIN_5', 'BIN_6', 'BIN_7']

CALCULATING BIN SERVICE RADIUS:
BIN RADIUS CALCULATION DEBUG:
  depot_data: None
  bins_data length: 7
  No depot data, using default bin radius: 1400m
Final bin service radius: 1400.0m

STARTING PROXIMITY CLUSTERING:
PROXIMITY CLUSTERING DEBUG:
  Bin service radius: 1400.0m
  Processing 7 bins
  All pairwise distances:
    BIN_1 to BIN_2: 105.2m ✓
    BIN_1 to BIN_3: 1549.4m ✗
    BIN_1 to BIN_4: 1533.1m ✗
    BIN_1 to BIN_5: 934.6m ✓
    BIN_1 to BIN_6: 59.6m ✓
    BIN_1 to BIN_7: 1620.1m ✗
    BIN_2 to BIN_3: 1641.6m ✗
    BIN_2 to BIN_4: 1627.9m ✗
    BIN_2 to BIN_5: 1036.3m ✓
    BIN_2 to BIN_6: 112.0m ✓
    BIN_2 to BIN_7: 1715.0m ✗
    BIN_3 to BIN_4: 90.5m ✓
    BIN_3 to BIN_5: 1115.0m ✓
    BIN_3 to BIN_6: 1587.9m ✗
    BIN_3 to BIN_7: 119.0m ✓
    BIN_4 to BIN_5: 1048.7m ✓
    BIN_4 to BIN_6: 1569.0m ✗
    BIN_4 to BIN_7: 87.1m ✓
    BIN_5 to BIN_6: 930.1m ✓
    BIN_5 to BIN_7: 1117.2m ✓
    BIN_6 to BIN_7: 1655.8m ✗
  Processing bins sequentially:
  
  Processing bin BIN_1 (index 0):
    Finding nearby bins within 1400.0m:
      BIN_2: 105.2m (NEARBY)
      BIN_3: 1549.4m (too far)
      BIN_4: 1533.1m (too far)
      BIN_5: 934.6m (NEARBY)
      BIN_6: 59.6m (NEARBY)
      BIN_7: 1620.1m (too far)
    Found 3 nearby bins
    Nearby cluster IDs: set()
    Creating new cluster 0 with current bin + nearby bins
      Added BIN_1 to cluster 0
      Added BIN_2 to cluster 0
      Added BIN_5 to cluster 0
      Added BIN_6 to cluster 0
  
  Processing bin BIN_2 (index 1):
    Finding nearby bins within 1400.0m:
      BIN_1: 105.2m (NEARBY)
        └─ Already in cluster 0
      BIN_3: 1641.6m (too far)
      BIN_4: 1627.9m (too far)
      BIN_5: 1036.3m (NEARBY)
        └─ Already in cluster 0
      BIN_6: 112.0m (NEARBY)
        └─ Already in cluster 0
      BIN_7: 1715.0m (too far)
    Found 3 nearby bins
    Nearby cluster IDs: {0}
    Already in cluster 0
  
  Processing bin BIN_3 (index 2):
    Finding nearby bins within 1400.0m:
      BIN_1: 1549.4m (too far)
      BIN_2: 1641.6m (too far)
      BIN_4: 90.5m (NEARBY)
      BIN_5: 1115.0m (NEARBY)
        └─ Already in cluster 0
      BIN_6: 1587.9m (too far)
      BIN_7: 119.0m (NEARBY)
    Found 3 nearby bins
    Nearby cluster IDs: {0}
    Joined existing cluster 0
  
  Processing bin BIN_4 (index 3):
    Finding nearby bins within 1400.0m:
      BIN_1: 1533.1m (too far)
      BIN_2: 1627.9m (too far)
      BIN_3: 90.5m (NEARBY)
        └─ Already in cluster 0
      BIN_5: 1048.7m (NEARBY)
        └─ Already in cluster 0
      BIN_6: 1569.0m (too far)
      BIN_7: 87.1m (NEARBY)
    Found 3 nearby bins
    Nearby cluster IDs: {0}
    Joined existing cluster 0
  
  Processing bin BIN_5 (index 4):
    Finding nearby bins within 1400.0m:
      BIN_1: 934.6m (NEARBY)
        └─ Already in cluster 0
      BIN_2: 1036.3m (NEARBY)
        └─ Already in cluster 0
      BIN_3: 1115.0m (NEARBY)
        └─ Already in cluster 0
      BIN_4: 1048.7m (NEARBY)
        └─ Already in cluster 0
      BIN_6: 930.1m (NEARBY)
        └─ Already in cluster 0
      BIN_7: 1117.2m (NEARBY)
    Found 6 nearby bins
    Nearby cluster IDs: {0}
    Already in cluster 0
  
  Processing bin BIN_6 (index 5):
    Finding nearby bins within 1400.0m:
      BIN_1: 59.6m (NEARBY)
        └─ Already in cluster 0
      BIN_2: 112.0m (NEARBY)
        └─ Already in cluster 0
      BIN_3: 1587.9m (too far)
      BIN_4: 1569.0m (too far)
      BIN_5: 930.1m (NEARBY)
        └─ Already in cluster 0
      BIN_7: 1655.8m (too far)
    Found 3 nearby bins
    Nearby cluster IDs: {0}
    Already in cluster 0
  
  Processing bin BIN_7 (index 6):
    Finding nearby bins within 1400.0m:
      BIN_1: 1620.1m (too far)
      BIN_2: 1715.0m (too far)
      BIN_3: 119.0m (NEARBY)
        └─ Already in cluster 0
      BIN_4: 87.1m (NEARBY)
        └─ Already in cluster 0
      BIN_5: 1117.2m (NEARBY)
        └─ Already in cluster 0
      BIN_6: 1655.8m (too far)
    Found 3 nearby bins
    Nearby cluster IDs: {0}
    Joined existing cluster 0
  Cleaning up duplicate bins:
  Final clustering results: 1 clusters, sizes: [7]
    Final Cluster 0: ['BIN_1', 'BIN_2', 'BIN_5', 'BIN_6', 'BIN_3', 'BIN_4', 'BIN_7']

CLUSTERING RESULTS:
  Created 1 clusters
  Cluster 0: 7 bins - ['BIN_1', 'BIN_2', 'BIN_5', 'BIN_6', 'BIN_3', 'BIN_4', 'BIN_7']
    Internal distances:
      BIN_1 to BIN_2: 105.2m
      BIN_1 to BIN_5: 934.6m
      BIN_1 to BIN_6: 59.6m
      BIN_1 to BIN_3: 1549.4m
      BIN_1 to BIN_4: 1533.1m
      BIN_1 to BIN_7: 1620.1m
      BIN_2 to BIN_5: 1036.3m
      BIN_2 to BIN_6: 112.0m
      BIN_2 to BIN_3: 1641.6m
      BIN_2 to BIN_4: 1627.9m
      BIN_2 to BIN_7: 1715.0m
      BIN_5 to BIN_6: 930.1m
      BIN_5 to BIN_3: 1115.0m
      BIN_5 to BIN_4: 1048.7m
      BIN_5 to BIN_7: 1117.2m
      BIN_6 to BIN_3: 1587.9m
      BIN_6 to BIN_4: 1569.0m
      BIN_6 to BIN_7: 1655.8m
      BIN_3 to BIN_4: 90.5m
      BIN_3 to BIN_7: 119.0m
      BIN_4 to BIN_7: 87.1m
    Max internal distance: 1715.0m
============================================================
CLUSTERING DEBUG END
============================================================
🎯 Using collection queue priority routing: 2 bins
============================================================
CLUSTERING DEBUG START
============================================================
Input validation:
  bins_data type: <class 'list'>
  bins_data length: 7
  depot_data type: <class 'NoneType'>
  depot_data: None
  First bin structure: {'capacity': 500, 'fillLevel': 41.52499999999995, 'fillRate': 30, 'id': 'BIN_1', 'lat': 33.69116498459743, 'lng': 73.02609111962713, 'threshold': 80, 'near_threshold_count': 0, 'dynamic_threshold': 58.51867333333328}
  All bin IDs: ['BIN_1', 'BIN_2', 'BIN_3', 'BIN_4', 'BIN_5', 'BIN_6', 'BIN_7']

CALCULATING BIN SERVICE RADIUS:
BIN RADIUS CALCULATION DEBUG:
  depot_data: None
  bins_data length: 7
  No depot data, using default bin radius: 1400m
Final bin service radius: 1400.0m

STARTING PROXIMITY CLUSTERING:
PROXIMITY CLUSTERING DEBUG:
  Bin service radius: 1400.0m
  Processing 7 bins
  All pairwise distances:
    BIN_1 to BIN_2: 105.2m ✓
    BIN_1 to BIN_3: 1549.4m ✗
    BIN_1 to BIN_4: 1533.1m ✗
    BIN_1 to BIN_5: 934.6m ✓
    BIN_1 to BIN_6: 59.6m ✓
    BIN_1 to BIN_7: 1620.1m ✗
    BIN_2 to BIN_3: 1641.6m ✗
    BIN_2 to BIN_4: 1627.9m ✗
    BIN_2 to BIN_5: 1036.3m ✓
    BIN_2 to BIN_6: 112.0m ✓
    BIN_2 to BIN_7: 1715.0m ✗
    BIN_3 to BIN_4: 90.5m ✓
    BIN_3 to BIN_5: 1115.0m ✓
    BIN_3 to BIN_6: 1587.9m ✗
    BIN_3 to BIN_7: 119.0m ✓
    BIN_4 to BIN_5: 1048.7m ✓
    BIN_4 to BIN_6: 1569.0m ✗
    BIN_4 to BIN_7: 87.1m ✓
    BIN_5 to BIN_6: 930.1m ✓
    BIN_5 to BIN_7: 1117.2m ✓
    BIN_6 to BIN_7: 1655.8m ✗
  Processing bins sequentially:
  
  Processing bin BIN_1 (index 0):
    Finding nearby bins within 1400.0m:
      BIN_2: 105.2m (NEARBY)
      BIN_3: 1549.4m (too far)
      BIN_4: 1533.1m (too far)
      BIN_5: 934.6m (NEARBY)
      BIN_6: 59.6m (NEARBY)
      BIN_7: 1620.1m (too far)
    Found 3 nearby bins
    Nearby cluster IDs: set()
    Creating new cluster 0 with current bin + nearby bins
      Added BIN_1 to cluster 0
      Added BIN_2 to cluster 0
      Added BIN_5 to cluster 0
      Added BIN_6 to cluster 0
  
  Processing bin BIN_2 (index 1):
    Finding nearby bins within 1400.0m:
      BIN_1: 105.2m (NEARBY)
        └─ Already in cluster 0
      BIN_3: 1641.6m (too far)
      BIN_4: 1627.9m (too far)
      BIN_5: 1036.3m (NEARBY)
        └─ Already in cluster 0
      BIN_6: 112.0m (NEARBY)
        └─ Already in cluster 0
      BIN_7: 1715.0m (too far)
    Found 3 nearby bins
    Nearby cluster IDs: {0}
    Already in cluster 0
  
  Processing bin BIN_3 (index 2):
    Finding nearby bins within 1400.0m:
      BIN_1: 1549.4m (too far)
      BIN_2: 1641.6m (too far)
      BIN_4: 90.5m (NEARBY)
      BIN_5: 1115.0m (NEARBY)
        └─ Already in cluster 0
      BIN_6: 1587.9m (too far)
      BIN_7: 119.0m (NEARBY)
    Found 3 nearby bins
    Nearby cluster IDs: {0}
    Joined existing cluster 0
  
  Processing bin BIN_4 (index 3):
    Finding nearby bins within 1400.0m:
      BIN_1: 1533.1m (too far)
      BIN_2: 1627.9m (too far)
      BIN_3: 90.5m (NEARBY)
        └─ Already in cluster 0
      BIN_5: 1048.7m (NEARBY)
        └─ Already in cluster 0
      BIN_6: 1569.0m (too far)
      BIN_7: 87.1m (NEARBY)
    Found 3 nearby bins
    Nearby cluster IDs: {0}
    Joined existing cluster 0
  
  Processing bin BIN_5 (index 4):
    Finding nearby bins within 1400.0m:
      BIN_1: 934.6m (NEARBY)
        └─ Already in cluster 0
      BIN_2: 1036.3m (NEARBY)
        └─ Already in cluster 0
      BIN_3: 1115.0m (NEARBY)
        └─ Already in cluster 0
      BIN_4: 1048.7m (NEARBY)
        └─ Already in cluster 0
      BIN_6: 930.1m (NEARBY)
        └─ Already in cluster 0
      BIN_7: 1117.2m (NEARBY)
    Found 6 nearby bins
    Nearby cluster IDs: {0}
    Already in cluster 0
  
  Processing bin BIN_6 (index 5):
    Finding nearby bins within 1400.0m:
      BIN_1: 59.6m (NEARBY)
        └─ Already in cluster 0
      BIN_2: 112.0m (NEARBY)
        └─ Already in cluster 0
      BIN_3: 1587.9m (too far)
      BIN_4: 1569.0m (too far)
      BIN_5: 930.1m (NEARBY)
        └─ Already in cluster 0
      BIN_7: 1655.8m (too far)
    Found 3 nearby bins
    Nearby cluster IDs: {0}
    Already in cluster 0
  
  Processing bin BIN_7 (index 6):
    Finding nearby bins within 1400.0m:
      BIN_1: 1620.1m (too far)
      BIN_2: 1715.0m (too far)
      BIN_3: 119.0m (NEARBY)
        └─ Already in cluster 0
      BIN_4: 87.1m (NEARBY)
        └─ Already in cluster 0
      BIN_5: 1117.2m (NEARBY)
        └─ Already in cluster 0
      BIN_6: 1655.8m (too far)
    Found 3 nearby bins
    Nearby cluster IDs: {0}
    Joined existing cluster 0
  Cleaning up duplicate bins:
  Final clustering results: 1 clusters, sizes: [7]
    Final Cluster 0: ['BIN_1', 'BIN_2', 'BIN_5', 'BIN_6', 'BIN_3', 'BIN_4', 'BIN_7']

CLUSTERING RESULTS:
  Created 1 clusters
  Cluster 0: 7 bins - ['BIN_1', 'BIN_2', 'BIN_5', 'BIN_6', 'BIN_3', 'BIN_4', 'BIN_7']
    Internal distances:
      BIN_1 to BIN_2: 105.2m
      BIN_1 to BIN_5: 934.6m
      BIN_1 to BIN_6: 59.6m
      BIN_1 to BIN_3: 1549.4m
      BIN_1 to BIN_4: 1533.1m
      BIN_1 to BIN_7: 1620.1m
      BIN_2 to BIN_5: 1036.3m
      BIN_2 to BIN_6: 112.0m
      BIN_2 to BIN_3: 1641.6m
      BIN_2 to BIN_4: 1627.9m
      BIN_2 to BIN_7: 1715.0m
      BIN_5 to BIN_6: 930.1m
      BIN_5 to BIN_3: 1115.0m
      BIN_5 to BIN_4: 1048.7m
      BIN_5 to BIN_7: 1117.2m
      BIN_6 to BIN_3: 1587.9m
      BIN_6 to BIN_4: 1569.0m
      BIN_6 to BIN_7: 1655.8m
      BIN_3 to BIN_4: 90.5m
      BIN_3 to BIN_7: 119.0m
      BIN_4 to BIN_7: 87.1m
    Max internal distance: 1715.0m
============================================================
CLUSTERING DEBUG END
============================================================
🎯 Using collection queue priority routing: 2 bins
============================================================
CLUSTERING DEBUG START
============================================================
Input validation:
  bins_data type: <class 'list'>
  bins_data length: 7
  depot_data type: <class 'NoneType'>
  depot_data: None
  First bin structure: {'capacity': 500, 'fillLevel': 41.53333333333328, 'fillRate': 30, 'id': 'BIN_1', 'lat': 33.69116498459743, 'lng': 73.02609111962713, 'threshold': 80, 'near_threshold_count': 0, 'dynamic_threshold': 58.527006666666615}
  All bin IDs: ['BIN_1', 'BIN_2', 'BIN_3', 'BIN_4', 'BIN_5', 'BIN_6', 'BIN_7']

CALCULATING BIN SERVICE RADIUS:
BIN RADIUS CALCULATION DEBUG:
  depot_data: None
  bins_data length: 7
  No depot data, using default bin radius: 1400m
Final bin service radius: 1400.0m

STARTING PROXIMITY CLUSTERING:
PROXIMITY CLUSTERING DEBUG:
  Bin service radius: 1400.0m
  Processing 7 bins
  All pairwise distances:
    BIN_1 to BIN_2: 105.2m ✓
    BIN_1 to BIN_3: 1549.4m ✗
    BIN_1 to BIN_4: 1533.1m ✗
    BIN_1 to BIN_5: 934.6m ✓
    BIN_1 to BIN_6: 59.6m ✓
    BIN_1 to BIN_7: 1620.1m ✗
    BIN_2 to BIN_3: 1641.6m ✗
    BIN_2 to BIN_4: 1627.9m ✗
    BIN_2 to BIN_5: 1036.3m ✓
    BIN_2 to BIN_6: 112.0m ✓
    BIN_2 to BIN_7: 1715.0m ✗
    BIN_3 to BIN_4: 90.5m ✓
    BIN_3 to BIN_5: 1115.0m ✓
    BIN_3 to BIN_6: 1587.9m ✗
    BIN_3 to BIN_7: 119.0m ✓
    BIN_4 to BIN_5: 1048.7m ✓
    BIN_4 to BIN_6: 1569.0m ✗
    BIN_4 to BIN_7: 87.1m ✓
    BIN_5 to BIN_6: 930.1m ✓
    BIN_5 to BIN_7: 1117.2m ✓
    BIN_6 to BIN_7: 1655.8m ✗
  Processing bins sequentially:
  
  Processing bin BIN_1 (index 0):
    Finding nearby bins within 1400.0m:
      BIN_2: 105.2m (NEARBY)
      BIN_3: 1549.4m (too far)
      BIN_4: 1533.1m (too far)
      BIN_5: 934.6m (NEARBY)
      BIN_6: 59.6m (NEARBY)
      BIN_7: 1620.1m (too far)
    Found 3 nearby bins
    Nearby cluster IDs: set()
    Creating new cluster 0 with current bin + nearby bins
      Added BIN_1 to cluster 0
      Added BIN_2 to cluster 0
      Added BIN_5 to cluster 0
      Added BIN_6 to cluster 0
  
  Processing bin BIN_2 (index 1):
    Finding nearby bins within 1400.0m:
      BIN_1: 105.2m (NEARBY)
        └─ Already in cluster 0
      BIN_3: 1641.6m (too far)
      BIN_4: 1627.9m (too far)
      BIN_5: 1036.3m (NEARBY)
        └─ Already in cluster 0
      BIN_6: 112.0m (NEARBY)
        └─ Already in cluster 0
      BIN_7: 1715.0m (too far)
    Found 3 nearby bins
    Nearby cluster IDs: {0}
    Already in cluster 0
  
  Processing bin BIN_3 (index 2):
    Finding nearby bins within 1400.0m:
      BIN_1: 1549.4m (too far)
      BIN_2: 1641.6m (too far)
      BIN_4: 90.5m (NEARBY)
      BIN_5: 1115.0m (NEARBY)
        └─ Already in cluster 0
      BIN_6: 1587.9m (too far)
      BIN_7: 119.0m (NEARBY)
    Found 3 nearby bins
    Nearby cluster IDs: {0}
    Joined existing cluster 0
  
  Processing bin BIN_4 (index 3):
    Finding nearby bins within 1400.0m:
      BIN_1: 1533.1m (too far)
      BIN_2: 1627.9m (too far)
      BIN_3: 90.5m (NEARBY)
        └─ Already in cluster 0
      BIN_5: 1048.7m (NEARBY)
        └─ Already in cluster 0
      BIN_6: 1569.0m (too far)
      BIN_7: 87.1m (NEARBY)
    Found 3 nearby bins
    Nearby cluster IDs: {0}
    Joined existing cluster 0
  
  Processing bin BIN_5 (index 4):
    Finding nearby bins within 1400.0m:
      BIN_1: 934.6m (NEARBY)
        └─ Already in cluster 0
      BIN_2: 1036.3m (NEARBY)
        └─ Already in cluster 0
      BIN_3: 1115.0m (NEARBY)
        └─ Already in cluster 0
      BIN_4: 1048.7m (NEARBY)
        └─ Already in cluster 0
      BIN_6: 930.1m (NEARBY)
        └─ Already in cluster 0
      BIN_7: 1117.2m (NEARBY)
    Found 6 nearby bins
    Nearby cluster IDs: {0}
    Already in cluster 0
  
  Processing bin BIN_6 (index 5):
    Finding nearby bins within 1400.0m:
      BIN_1: 59.6m (NEARBY)
        └─ Already in cluster 0
      BIN_2: 112.0m (NEARBY)
        └─ Already in cluster 0
      BIN_3: 1587.9m (too far)
      BIN_4: 1569.0m (too far)
      BIN_5: 930.1m (NEARBY)
        └─ Already in cluster 0
      BIN_7: 1655.8m (too far)
    Found 3 nearby bins
    Nearby cluster IDs: {0}
    Already in cluster 0
  
  Processing bin BIN_7 (index 6):
    Finding nearby bins within 1400.0m:
      BIN_1: 1620.1m (too far)
      BIN_2: 1715.0m (too far)
      BIN_3: 119.0m (NEARBY)
        └─ Already in cluster 0
      BIN_4: 87.1m (NEARBY)
        └─ Already in cluster 0
      BIN_5: 1117.2m (NEARBY)
        └─ Already in cluster 0
      BIN_6: 1655.8m (too far)
    Found 3 nearby bins
    Nearby cluster IDs: {0}
    Joined existing cluster 0
  Cleaning up duplicate bins:
  Final clustering results: 1 clusters, sizes: [7]
    Final Cluster 0: ['BIN_1', 'BIN_2', 'BIN_5', 'BIN_6', 'BIN_3', 'BIN_4', 'BIN_7']

CLUSTERING RESULTS:
  Created 1 clusters
  Cluster 0: 7 bins - ['BIN_1', 'BIN_2', 'BIN_5', 'BIN_6', 'BIN_3', 'BIN_4', 'BIN_7']
    Internal distances:
      BIN_1 to BIN_2: 105.2m
      BIN_1 to BIN_5: 934.6m
      BIN_1 to BIN_6: 59.6m
      BIN_1 to BIN_3: 1549.4m
      BIN_1 to BIN_4: 1533.1m
      BIN_1 to BIN_7: 1620.1m
      BIN_2 to BIN_5: 1036.3m
      BIN_2 to BIN_6: 112.0m
      BIN_2 to BIN_3: 1641.6m
      BIN_2 to BIN_4: 1627.9m
      BIN_2 to BIN_7: 1715.0m
      BIN_5 to BIN_6: 930.1m
      BIN_5 to BIN_3: 1115.0m
      BIN_5 to BIN_4: 1048.7m
      BIN_5 to BIN_7: 1117.2m
      BIN_6 to BIN_3: 1587.9m
      BIN_6 to BIN_4: 1569.0m
      BIN_6 to BIN_7: 1655.8m
      BIN_3 to BIN_4: 90.5m
      BIN_3 to BIN_7: 119.0m
      BIN_4 to BIN_7: 87.1m
    Max internal distance: 1715.0m
============================================================
CLUSTERING DEBUG END
============================================================
🎯 Using collection queue priority routing: 2 bins
System loaded from: cleanify_system_20250929_233211.json
Starting simulation...
============================================================
CLUSTERING DEBUG START
============================================================
Input validation:
  bins_data type: <class 'list'>
  bins_data length: 10
  depot_data type: <class 'NoneType'>
  depot_data: None
  First bin structure: {'capacity': 500, 'fillLevel': 0, 'fillRate': 6, 'id': 'BIN_1', 'lat': 33.613580131572526, 'lng': 73.05981561266454, 'threshold': 80}
  All bin IDs: ['BIN_1', 'BIN_2', 'BIN_3', 'BIN_4', 'BIN_5', 'BIN_6', 'BIN_7', 'BIN_8', 'BIN_9', 'BIN_10']

CALCULATING BIN SERVICE RADIUS:
BIN RADIUS CALCULATION DEBUG:
  depot_data: None
  bins_data length: 10
  No depot data, using default bin radius: 1400m
Final bin service radius: 1400.0m

STARTING PROXIMITY CLUSTERING:
PROXIMITY CLUSTERING DEBUG:
  Bin service radius: 1400.0m
  Processing 10 bins
  All pairwise distances:
    BIN_1 to BIN_2: 2066.1m ✗
    BIN_1 to BIN_3: 421.5m ✓
    BIN_1 to BIN_4: 1072.9m ✓
    BIN_1 to BIN_5: 361.9m ✓
    BIN_1 to BIN_6: 2042.5m ✗
    BIN_1 to BIN_7: 453.6m ✓
    BIN_1 to BIN_8: 2341.7m ✗
    BIN_1 to BIN_9: 1341.0m ✓
    BIN_1 to BIN_10: 2500.7m ✗
    BIN_2 to BIN_3: 1888.5m ✗
    BIN_2 to BIN_4: 2341.0m ✗
    BIN_2 to BIN_5: 1705.4m ✗
    BIN_2 to BIN_6: 301.7m ✓
    BIN_2 to BIN_7: 2216.1m ✗
    BIN_2 to BIN_8: 407.7m ✓
    BIN_2 to BIN_9: 2300.3m ✗
    BIN_2 to BIN_10: 515.6m ✓
    BIN_3 to BIN_4: 1454.5m ✗
    BIN_3 to BIN_5: 367.4m ✓
    BIN_3 to BIN_6: 1925.0m ✗
    BIN_3 to BIN_7: 327.9m ✓
    BIN_3 to BIN_8: 2107.4m ✗
    BIN_3 to BIN_9: 1691.7m ✗
    BIN_3 to BIN_10: 2365.5m ✗
    BIN_4 to BIN_5: 1162.6m ✓
    BIN_4 to BIN_6: 2177.6m ✗
    BIN_4 to BIN_7: 1516.7m ✗
    BIN_4 to BIN_8: 2718.0m ✗
    BIN_4 to BIN_9: 325.5m ✓
    BIN_4 to BIN_10: 2612.2m ✗
    BIN_5 to BIN_6: 1691.3m ✗
    BIN_5 to BIN_7: 623.6m ✓
    BIN_5 to BIN_8: 1980.6m ✗
    BIN_5 to BIN_9: 1366.3m ✓
    BIN_5 to BIN_10: 2147.1m ✗
    BIN_6 to BIN_7: 2251.1m ✗
    BIN_6 to BIN_8: 686.1m ✓
    BIN_6 to BIN_9: 2102.2m ✗
    BIN_6 to BIN_10: 461.6m ✓
    BIN_7 to BIN_8: 2428.6m ✗
    BIN_7 to BIN_9: 1793.2m ✗
    BIN_7 to BIN_10: 2693.1m ✗
    BIN_8 to BIN_9: 2694.1m ✗
    BIN_8 to BIN_10: 644.4m ✓
    BIN_9 to BIN_10: 2512.2m ✗
  Processing bins sequentially:
  
  Processing bin BIN_1 (index 0):
    Finding nearby bins within 1400.0m:
      BIN_2: 2066.1m (too far)
      BIN_3: 421.5m (NEARBY)
      BIN_4: 1072.9m (NEARBY)
      BIN_5: 361.9m (NEARBY)
      BIN_6: 2042.5m (too far)
      BIN_7: 453.6m (NEARBY)
      BIN_8: 2341.7m (too far)
      BIN_9: 1341.0m (NEARBY)
      BIN_10: 2500.7m (too far)
    Found 5 nearby bins
    Nearby cluster IDs: set()
    Creating new cluster 0 with current bin + nearby bins
      Added BIN_1 to cluster 0
      Added BIN_3 to cluster 0
      Added BIN_4 to cluster 0
      Added BIN_5 to cluster 0
      Added BIN_7 to cluster 0
      Added BIN_9 to cluster 0
  
  Processing bin BIN_2 (index 1):
    Finding nearby bins within 1400.0m:
      BIN_1: 2066.1m (too far)
      BIN_3: 1888.5m (too far)
      BIN_4: 2341.0m (too far)
      BIN_5: 1705.4m (too far)
      BIN_6: 301.7m (NEARBY)
      BIN_7: 2216.1m (too far)
      BIN_8: 407.7m (NEARBY)
      BIN_9: 2300.3m (too far)
      BIN_10: 515.6m (NEARBY)
    Found 3 nearby bins
    Nearby cluster IDs: set()
    Creating new cluster 1 with current bin + nearby bins
      Added BIN_2 to cluster 1
      Added BIN_6 to cluster 1
      Added BIN_8 to cluster 1
      Added BIN_10 to cluster 1
  
  Processing bin BIN_3 (index 2):
    Finding nearby bins within 1400.0m:
      BIN_1: 421.5m (NEARBY)
        └─ Already in cluster 0
      BIN_2: 1888.5m (too far)
      BIN_4: 1454.5m (too far)
      BIN_5: 367.4m (NEARBY)
        └─ Already in cluster 0
      BIN_6: 1925.0m (too far)
      BIN_7: 327.9m (NEARBY)
        └─ Already in cluster 0
      BIN_8: 2107.4m (too far)
      BIN_9: 1691.7m (too far)
      BIN_10: 2365.5m (too far)
    Found 3 nearby bins
    Nearby cluster IDs: {0}
    Already in cluster 0
  
  Processing bin BIN_4 (index 3):
    Finding nearby bins within 1400.0m:
      BIN_1: 1072.9m (NEARBY)
        └─ Already in cluster 0
      BIN_2: 2341.0m (too far)
      BIN_3: 1454.5m (too far)
      BIN_5: 1162.6m (NEARBY)
        └─ Already in cluster 0
      BIN_6: 2177.6m (too far)
      BIN_7: 1516.7m (too far)
      BIN_8: 2718.0m (too far)
      BIN_9: 325.5m (NEARBY)
        └─ Already in cluster 0
      BIN_10: 2612.2m (too far)
    Found 3 nearby bins
    Nearby cluster IDs: {0}
    Already in cluster 0
  
  Processing bin BIN_5 (index 4):
    Finding nearby bins within 1400.0m:
      BIN_1: 361.9m (NEARBY)
        └─ Already in cluster 0
      BIN_2: 1705.4m (too far)
      BIN_3: 367.4m (NEARBY)
        └─ Already in cluster 0
      BIN_4: 1162.6m (NEARBY)
        └─ Already in cluster 0
      BIN_6: 1691.3m (too far)
      BIN_7: 623.6m (NEARBY)
        └─ Already in cluster 0
      BIN_8: 1980.6m (too far)
      BIN_9: 1366.3m (NEARBY)
        └─ Already in cluster 0
      BIN_10: 2147.1m (too far)
    Found 5 nearby bins
    Nearby cluster IDs: {0}
    Already in cluster 0
  
  Processing bin BIN_6 (index 5):
    Finding nearby bins within 1400.0m:
      BIN_1: 2042.5m (too far)
      BIN_2: 301.7m (NEARBY)
        └─ Already in cluster 1
      BIN_3: 1925.0m (too far)
      BIN_4: 2177.6m (too far)
      BIN_5: 1691.3m (too far)
      BIN_7: 2251.1m (too far)
      BIN_8: 686.1m (NEARBY)
        └─ Already in cluster 1
      BIN_9: 2102.2m (too far)
      BIN_10: 461.6m (NEARBY)
        └─ Already in cluster 1
    Found 3 nearby bins
    Nearby cluster IDs: {1}
    Already in cluster 1
  
  Processing bin BIN_7 (index 6):
    Finding nearby bins within 1400.0m:
      BIN_1: 453.6m (NEARBY)
        └─ Already in cluster 0
      BIN_2: 2216.1m (too far)
      BIN_3: 327.9m (NEARBY)
        └─ Already in cluster 0
      BIN_4: 1516.7m (too far)
      BIN_5: 623.6m (NEARBY)
        └─ Already in cluster 0
      BIN_6: 2251.1m (too far)
      BIN_8: 2428.6m (too far)
      BIN_9: 1793.2m (too far)
      BIN_10: 2693.1m (too far)
    Found 3 nearby bins
    Nearby cluster IDs: {0}
    Already in cluster 0
  
  Processing bin BIN_8 (index 7):
    Finding nearby bins within 1400.0m:
      BIN_1: 2341.7m (too far)
      BIN_2: 407.7m (NEARBY)
        └─ Already in cluster 1
      BIN_3: 2107.4m (too far)
      BIN_4: 2718.0m (too far)
      BIN_5: 1980.6m (too far)
      BIN_6: 686.1m (NEARBY)
        └─ Already in cluster 1
      BIN_7: 2428.6m (too far)
      BIN_9: 2694.1m (too far)
      BIN_10: 644.4m (NEARBY)
        └─ Already in cluster 1
    Found 3 nearby bins
    Nearby cluster IDs: {1}
    Already in cluster 1
  
  Processing bin BIN_9 (index 8):
    Finding nearby bins within 1400.0m:
      BIN_1: 1341.0m (NEARBY)
        └─ Already in cluster 0
      BIN_2: 2300.3m (too far)
      BIN_3: 1691.7m (too far)
      BIN_4: 325.5m (NEARBY)
        └─ Already in cluster 0
      BIN_5: 1366.3m (NEARBY)
        └─ Already in cluster 0
      BIN_6: 2102.2m (too far)
      BIN_7: 1793.2m (too far)
      BIN_8: 2694.1m (too far)
      BIN_10: 2512.2m (too far)
    Found 3 nearby bins
    Nearby cluster IDs: {0}
    Already in cluster 0
  
  Processing bin BIN_10 (index 9):
    Finding nearby bins within 1400.0m:
      BIN_1: 2500.7m (too far)
      BIN_2: 515.6m (NEARBY)
        └─ Already in cluster 1
      BIN_3: 2365.5m (too far)
      BIN_4: 2612.2m (too far)
      BIN_5: 2147.1m (too far)
      BIN_6: 461.6m (NEARBY)
        └─ Already in cluster 1
      BIN_7: 2693.1m (too far)
      BIN_8: 644.4m (NEARBY)
        └─ Already in cluster 1
      BIN_9: 2512.2m (too far)
    Found 3 nearby bins
    Nearby cluster IDs: {1}
    Already in cluster 1
  Cleaning up duplicate bins:
  Final clustering results: 2 clusters, sizes: [6, 4]
    Final Cluster 0: ['BIN_1', 'BIN_3', 'BIN_4', 'BIN_5', 'BIN_7', 'BIN_9']
    Final Cluster 1: ['BIN_2', 'BIN_6', 'BIN_8', 'BIN_10']

CLUSTERING RESULTS:
  Created 2 clusters
  Cluster 0: 6 bins - ['BIN_1', 'BIN_3', 'BIN_4', 'BIN_5', 'BIN_7', 'BIN_9']
    Internal distances:
      BIN_1 to BIN_3: 421.5m
      BIN_1 to BIN_4: 1072.9m
      BIN_1 to BIN_5: 361.9m
      BIN_1 to BIN_7: 453.6m
      BIN_1 to BIN_9: 1341.0m
      BIN_3 to BIN_4: 1454.5m
      BIN_3 to BIN_5: 367.4m
      BIN_3 to BIN_7: 327.9m
      BIN_3 to BIN_9: 1691.7m
      BIN_4 to BIN_5: 1162.6m
      BIN_4 to BIN_7: 1516.7m
      BIN_4 to BIN_9: 325.5m
      BIN_5 to BIN_7: 623.6m
      BIN_5 to BIN_9: 1366.3m
      BIN_7 to BIN_9: 1793.2m
    Max internal distance: 1793.2m
  Cluster 1: 4 bins - ['BIN_2', 'BIN_6', 'BIN_8', 'BIN_10']
    Internal distances:
      BIN_2 to BIN_6: 301.7m
      BIN_2 to BIN_8: 407.7m
      BIN_2 to BIN_10: 515.6m
      BIN_6 to BIN_8: 686.1m
      BIN_6 to BIN_10: 461.6m
      BIN_8 to BIN_10: 644.4m
    Max internal distance: 686.1m
============================================================
CLUSTERING DEBUG END
============================================================
🎯 Using collection queue priority routing: 1 bins
============================================================
CLUSTERING DEBUG START
============================================================
Input validation:
  bins_data type: <class 'list'>
  bins_data length: 10
  depot_data type: <class 'NoneType'>
  depot_data: None
  First bin structure: {'capacity': 500, 'fillLevel': 0.0016666666666666666, 'fillRate': 6, 'id': 'BIN_1', 'lat': 33.613580131572526, 'lng': 73.05981561266454, 'threshold': 80, 'near_threshold_count': 0, 'dynamic_threshold': 50}
  All bin IDs: ['BIN_1', 'BIN_2', 'BIN_3', 'BIN_4', 'BIN_5', 'BIN_6', 'BIN_7', 'BIN_8', 'BIN_9', 'BIN_10']

CALCULATING BIN SERVICE RADIUS:
BIN RADIUS CALCULATION DEBUG:
  depot_data: None
  bins_data length: 10
  No depot data, using default bin radius: 1400m
Final bin service radius: 1400.0m

STARTING PROXIMITY CLUSTERING:
PROXIMITY CLUSTERING DEBUG:
  Bin service radius: 1400.0m
  Processing 10 bins
  All pairwise distances:
    BIN_1 to BIN_2: 2066.1m ✗
    BIN_1 to BIN_3: 421.5m ✓
    BIN_1 to BIN_4: 1072.9m ✓
    BIN_1 to BIN_5: 361.9m ✓
    BIN_1 to BIN_6: 2042.5m ✗
    BIN_1 to BIN_7: 453.6m ✓
    BIN_1 to BIN_8: 2341.7m ✗
    BIN_1 to BIN_9: 1341.0m ✓
    BIN_1 to BIN_10: 2500.7m ✗
    BIN_2 to BIN_3: 1888.5m ✗
    BIN_2 to BIN_4: 2341.0m ✗
    BIN_2 to BIN_5: 1705.4m ✗
    BIN_2 to BIN_6: 301.7m ✓
    BIN_2 to BIN_7: 2216.1m ✗
    BIN_2 to BIN_8: 407.7m ✓
    BIN_2 to BIN_9: 2300.3m ✗
    BIN_2 to BIN_10: 515.6m ✓
    BIN_3 to BIN_4: 1454.5m ✗
    BIN_3 to BIN_5: 367.4m ✓
    BIN_3 to BIN_6: 1925.0m ✗
    BIN_3 to BIN_7: 327.9m ✓
    BIN_3 to BIN_8: 2107.4m ✗
    BIN_3 to BIN_9: 1691.7m ✗
    BIN_3 to BIN_10: 2365.5m ✗
    BIN_4 to BIN_5: 1162.6m ✓
    BIN_4 to BIN_6: 2177.6m ✗
    BIN_4 to BIN_7: 1516.7m ✗
    BIN_4 to BIN_8: 2718.0m ✗
    BIN_4 to BIN_9: 325.5m ✓
    BIN_4 to BIN_10: 2612.2m ✗
    BIN_5 to BIN_6: 1691.3m ✗
    BIN_5 to BIN_7: 623.6m ✓
    BIN_5 to BIN_8: 1980.6m ✗
    BIN_5 to BIN_9: 1366.3m ✓
    BIN_5 to BIN_10: 2147.1m ✗
    BIN_6 to BIN_7: 2251.1m ✗
    BIN_6 to BIN_8: 686.1m ✓
    BIN_6 to BIN_9: 2102.2m ✗
    BIN_6 to BIN_10: 461.6m ✓
    BIN_7 to BIN_8: 2428.6m ✗
    BIN_7 to BIN_9: 1793.2m ✗
    BIN_7 to BIN_10: 2693.1m ✗
    BIN_8 to BIN_9: 2694.1m ✗
    BIN_8 to BIN_10: 644.4m ✓
    BIN_9 to BIN_10: 2512.2m ✗
  Processing bins sequentially:
  
  Processing bin BIN_1 (index 0):
    Finding nearby bins within 1400.0m:
      BIN_2: 2066.1m (too far)
      BIN_3: 421.5m (NEARBY)
      BIN_4: 1072.9m (NEARBY)
      BIN_5: 361.9m (NEARBY)
      BIN_6: 2042.5m (too far)
      BIN_7: 453.6m (NEARBY)
      BIN_8: 2341.7m (too far)
      BIN_9: 1341.0m (NEARBY)
      BIN_10: 2500.7m (too far)
    Found 5 nearby bins
    Nearby cluster IDs: set()
    Creating new cluster 0 with current bin + nearby bins
      Added BIN_1 to cluster 0
      Added BIN_3 to cluster 0
      Added BIN_4 to cluster 0
      Added BIN_5 to cluster 0
      Added BIN_7 to cluster 0
      Added BIN_9 to cluster 0
  
  Processing bin BIN_2 (index 1):
    Finding nearby bins within 1400.0m:
      BIN_1: 2066.1m (too far)
      BIN_3: 1888.5m (too far)
      BIN_4: 2341.0m (too far)
      BIN_5: 1705.4m (too far)
      BIN_6: 301.7m (NEARBY)
      BIN_7: 2216.1m (too far)
      BIN_8: 407.7m (NEARBY)
      BIN_9: 2300.3m (too far)
      BIN_10: 515.6m (NEARBY)
    Found 3 nearby bins
    Nearby cluster IDs: set()
    Creating new cluster 1 with current bin + nearby bins
      Added BIN_2 to cluster 1
      Added BIN_6 to cluster 1
      Added BIN_8 to cluster 1
      Added BIN_10 to cluster 1
  
  Processing bin BIN_3 (index 2):
    Finding nearby bins within 1400.0m:
      BIN_1: 421.5m (NEARBY)
        └─ Already in cluster 0
      BIN_2: 1888.5m (too far)
      BIN_4: 1454.5m (too far)
      BIN_5: 367.4m (NEARBY)
        └─ Already in cluster 0
      BIN_6: 1925.0m (too far)
      BIN_7: 327.9m (NEARBY)
        └─ Already in cluster 0
      BIN_8: 2107.4m (too far)
      BIN_9: 1691.7m (too far)
      BIN_10: 2365.5m (too far)
    Found 3 nearby bins
    Nearby cluster IDs: {0}
    Already in cluster 0
  
  Processing bin BIN_4 (index 3):
    Finding nearby bins within 1400.0m:
      BIN_1: 1072.9m (NEARBY)
        └─ Already in cluster 0
      BIN_2: 2341.0m (too far)
      BIN_3: 1454.5m (too far)
      BIN_5: 1162.6m (NEARBY)
        └─ Already in cluster 0
      BIN_6: 2177.6m (too far)
      BIN_7: 1516.7m (too far)
      BIN_8: 2718.0m (too far)
      BIN_9: 325.5m (NEARBY)
        └─ Already in cluster 0
      BIN_10: 2612.2m (too far)
    Found 3 nearby bins
    Nearby cluster IDs: {0}
    Already in cluster 0
  
  Processing bin BIN_5 (index 4):
    Finding nearby bins within 1400.0m:
      BIN_1: 361.9m (NEARBY)
        └─ Already in cluster 0
      BIN_2: 1705.4m (too far)
      BIN_3: 367.4m (NEARBY)
        └─ Already in cluster 0
      BIN_4: 1162.6m (NEARBY)
        └─ Already in cluster 0
      BIN_6: 1691.3m (too far)
      BIN_7: 623.6m (NEARBY)
        └─ Already in cluster 0
      BIN_8: 1980.6m (too far)
      BIN_9: 1366.3m (NEARBY)
        └─ Already in cluster 0
      BIN_10: 2147.1m (too far)
    Found 5 nearby bins
    Nearby cluster IDs: {0}
    Already in cluster 0
  
  Processing bin BIN_6 (index 5):
    Finding nearby bins within 1400.0m:
      BIN_1: 2042.5m (too far)
      BIN_2: 301.7m (NEARBY)
        └─ Already in cluster 1
      BIN_3: 1925.0m (too far)
      BIN_4: 2177.6m (too far)
      BIN_5: 1691.3m (too far)
      BIN_7: 2251.1m (too far)
      BIN_8: 686.1m (NEARBY)
        └─ Already in cluster 1
      BIN_9: 2102.2m (too far)
      BIN_10: 461.6m (NEARBY)
        └─ Already in cluster 1
    Found 3 nearby bins
    Nearby cluster IDs: {1}
    Already in cluster 1
  
  Processing bin BIN_7 (index 6):
    Finding nearby bins within 1400.0m:
      BIN_1: 453.6m (NEARBY)
        └─ Already in cluster 0
      BIN_2: 2216.1m (too far)
      BIN_3: 327.9m (NEARBY)
        └─ Already in cluster 0
      BIN_4: 1516.7m (too far)
      BIN_5: 623.6m (NEARBY)
        └─ Already in cluster 0
      BIN_6: 2251.1m (too far)
      BIN_8: 2428.6m (too far)
      BIN_9: 1793.2m (too far)
      BIN_10: 2693.1m (too far)
    Found 3 nearby bins
    Nearby cluster IDs: {0}
    Already in cluster 0
  
  Processing bin BIN_8 (index 7):
    Finding nearby bins within 1400.0m:
      BIN_1: 2341.7m (too far)
      BIN_2: 407.7m (NEARBY)
        └─ Already in cluster 1
      BIN_3: 2107.4m (too far)
      BIN_4: 2718.0m (too far)
      BIN_5: 1980.6m (too far)
      BIN_6: 686.1m (NEARBY)
        └─ Already in cluster 1
      BIN_7: 2428.6m (too far)
      BIN_9: 2694.1m (too far)
      BIN_10: 644.4m (NEARBY)
        └─ Already in cluster 1
    Found 3 nearby bins
    Nearby cluster IDs: {1}
    Already in cluster 1
  
  Processing bin BIN_9 (index 8):
    Finding nearby bins within 1400.0m:
      BIN_1: 1341.0m (NEARBY)
        └─ Already in cluster 0
      BIN_2: 2300.3m (too far)
      BIN_3: 1691.7m (too far)
      BIN_4: 325.5m (NEARBY)
        └─ Already in cluster 0
      BIN_5: 1366.3m (NEARBY)
        └─ Already in cluster 0
      BIN_6: 2102.2m (too far)
      BIN_7: 1793.2m (too far)
      BIN_8: 2694.1m (too far)
      BIN_10: 2512.2m (too far)
    Found 3 nearby bins
    Nearby cluster IDs: {0}
    Already in cluster 0
  
  Processing bin BIN_10 (index 9):
    Finding nearby bins within 1400.0m:
      BIN_1: 2500.7m (too far)
      BIN_2: 515.6m (NEARBY)
        └─ Already in cluster 1
      BIN_3: 2365.5m (too far)
      BIN_4: 2612.2m (too far)
      BIN_5: 2147.1m (too far)
      BIN_6: 461.6m (NEARBY)
        └─ Already in cluster 1
      BIN_7: 2693.1m (too far)
      BIN_8: 644.4m (NEARBY)
        └─ Already in cluster 1
      BIN_9: 2512.2m (too far)
    Found 3 nearby bins
    Nearby cluster IDs: {1}
    Already in cluster 1
  Cleaning up duplicate bins:
  Final clustering results: 2 clusters, sizes: [6, 4]
    Final Cluster 0: ['BIN_1', 'BIN_3', 'BIN_4', 'BIN_5', 'BIN_7', 'BIN_9']
    Final Cluster 1: ['BIN_2', 'BIN_6', 'BIN_8', 'BIN_10']

CLUSTERING RESULTS:
  Created 2 clusters
  Cluster 0: 6 bins - ['BIN_1', 'BIN_3', 'BIN_4', 'BIN_5', 'BIN_7', 'BIN_9']
    Internal distances:
      BIN_1 to BIN_3: 421.5m
      BIN_1 to BIN_4: 1072.9m
      BIN_1 to BIN_5: 361.9m
      BIN_1 to BIN_7: 453.6m
      BIN_1 to BIN_9: 1341.0m
      BIN_3 to BIN_4: 1454.5m
      BIN_3 to BIN_5: 367.4m
      BIN_3 to BIN_7: 327.9m
      BIN_3 to BIN_9: 1691.7m
      BIN_4 to BIN_5: 1162.6m
      BIN_4 to BIN_7: 1516.7m
      BIN_4 to BIN_9: 325.5m
      BIN_5 to BIN_7: 623.6m
      BIN_5 to BIN_9: 1366.3m
      BIN_7 to BIN_9: 1793.2m
    Max internal distance: 1793.2m
  Cluster 1: 4 bins - ['BIN_2', 'BIN_6', 'BIN_8', 'BIN_10']
    Internal distances:
      BIN_2 to BIN_6: 301.7m
      BIN_2 to BIN_8: 407.7m
      BIN_2 to BIN_10: 515.6m
      BIN_6 to BIN_8: 686.1m
      BIN_6 to BIN_10: 461.6m
      BIN_8 to BIN_10: 644.4m
    Max internal distance: 686.1m
============================================================
CLUSTERING DEBUG END
============================================================
============================================================
CLUSTERING DEBUG START
============================================================
Input validation:
  bins_data type: <class 'list'>
  bins_data length: 10
  depot_data type: <class 'NoneType'>
  depot_data: None
  First bin structure: {'capacity': 500, 'fillLevel': 0.0016666666666666666, 'fillRate': 6, 'id': 'BIN_1', 'lat': 33.613580131572526, 'lng': 73.05981561266454, 'threshold': 80, 'near_threshold_count': 0, 'dynamic_threshold': 50}
  All bin IDs: ['BIN_1', 'BIN_2', 'BIN_3', 'BIN_4', 'BIN_5', 'BIN_6', 'BIN_7', 'BIN_8', 'BIN_9', 'BIN_10']

CALCULATING BIN SERVICE RADIUS:
BIN RADIUS CALCULATION DEBUG:
  depot_data: None
  bins_data length: 10
  No depot data, using default bin radius: 1400m
Final bin service radius: 1400.0m

STARTING PROXIMITY CLUSTERING:
PROXIMITY CLUSTERING DEBUG:
  Bin service radius: 1400.0m
  Processing 10 bins
  All pairwise distances:
    BIN_1 to BIN_2: 2066.1m ✗
    BIN_1 to BIN_3: 421.5m ✓
    BIN_1 to BIN_4: 1072.9m ✓
    BIN_1 to BIN_5: 361.9m ✓
    BIN_1 to BIN_6: 2042.5m ✗
    BIN_1 to BIN_7: 453.6m ✓
    BIN_1 to BIN_8: 2341.7m ✗
    BIN_1 to BIN_9: 1341.0m ✓
    BIN_1 to BIN_10: 2500.7m ✗
    BIN_2 to BIN_3: 1888.5m ✗
    BIN_2 to BIN_4: 2341.0m ✗
    BIN_2 to BIN_5: 1705.4m ✗
    BIN_2 to BIN_6: 301.7m ✓
    BIN_2 to BIN_7: 2216.1m ✗
    BIN_2 to BIN_8: 407.7m ✓
    BIN_2 to BIN_9: 2300.3m ✗
    BIN_2 to BIN_10: 515.6m ✓
    BIN_3 to BIN_4: 1454.5m ✗
    BIN_3 to BIN_5: 367.4m ✓
    BIN_3 to BIN_6: 1925.0m ✗
    BIN_3 to BIN_7: 327.9m ✓
    BIN_3 to BIN_8: 2107.4m ✗
    BIN_3 to BIN_9: 1691.7m ✗
    BIN_3 to BIN_10: 2365.5m ✗
    BIN_4 to BIN_5: 1162.6m ✓
    BIN_4 to BIN_6: 2177.6m ✗
    BIN_4 to BIN_7: 1516.7m ✗
    BIN_4 to BIN_8: 2718.0m ✗
    BIN_4 to BIN_9: 325.5m ✓
    BIN_4 to BIN_10: 2612.2m ✗
    BIN_5 to BIN_6: 1691.3m ✗
    BIN_5 to BIN_7: 623.6m ✓
    BIN_5 to BIN_8: 1980.6m ✗
    BIN_5 to BIN_9: 1366.3m ✓
    BIN_5 to BIN_10: 2147.1m ✗
    BIN_6 to BIN_7: 2251.1m ✗
    BIN_6 to BIN_8: 686.1m ✓
    BIN_6 to BIN_9: 2102.2m ✗
    BIN_6 to BIN_10: 461.6m ✓
    BIN_7 to BIN_8: 2428.6m ✗
    BIN_7 to BIN_9: 1793.2m ✗
    BIN_7 to BIN_10: 2693.1m ✗
    BIN_8 to BIN_9: 2694.1m ✗
    BIN_8 to BIN_10: 644.4m ✓
    BIN_9 to BIN_10: 2512.2m ✗
  Processing bins sequentially:
  
  Processing bin BIN_1 (index 0):
    Finding nearby bins within 1400.0m:
      BIN_2: 2066.1m (too far)
      BIN_3: 421.5m (NEARBY)
      BIN_4: 1072.9m (NEARBY)
      BIN_5: 361.9m (NEARBY)
      BIN_6: 2042.5m (too far)
      BIN_7: 453.6m (NEARBY)
      BIN_8: 2341.7m (too far)
      BIN_9: 1341.0m (NEARBY)
      BIN_10: 2500.7m (too far)
    Found 5 nearby bins
    Nearby cluster IDs: set()
    Creating new cluster 0 with current bin + nearby bins
      Added BIN_1 to cluster 0
      Added BIN_3 to cluster 0
      Added BIN_4 to cluster 0
      Added BIN_5 to cluster 0
      Added BIN_7 to cluster 0
      Added BIN_9 to cluster 0
  
  Processing bin BIN_2 (index 1):
    Finding nearby bins within 1400.0m:
      BIN_1: 2066.1m (too far)
      BIN_3: 1888.5m (too far)
      BIN_4: 2341.0m (too far)
      BIN_5: 1705.4m (too far)
      BIN_6: 301.7m (NEARBY)
      BIN_7: 2216.1m (too far)
      BIN_8: 407.7m (NEARBY)
      BIN_9: 2300.3m (too far)
      BIN_10: 515.6m (NEARBY)
    Found 3 nearby bins
    Nearby cluster IDs: set()
    Creating new cluster 1 with current bin + nearby bins
      Added BIN_2 to cluster 1
      Added BIN_6 to cluster 1
      Added BIN_8 to cluster 1
      Added BIN_10 to cluster 1
  
  Processing bin BIN_3 (index 2):
    Finding nearby bins within 1400.0m:
      BIN_1: 421.5m (NEARBY)
        └─ Already in cluster 0
      BIN_2: 1888.5m (too far)
      BIN_4: 1454.5m (too far)
      BIN_5: 367.4m (NEARBY)
        └─ Already in cluster 0
      BIN_6: 1925.0m (too far)
      BIN_7: 327.9m (NEARBY)
        └─ Already in cluster 0
      BIN_8: 2107.4m (too far)
      BIN_9: 1691.7m (too far)
      BIN_10: 2365.5m (too far)
    Found 3 nearby bins
    Nearby cluster IDs: {0}
    Already in cluster 0
  
  Processing bin BIN_4 (index 3):
    Finding nearby bins within 1400.0m:
      BIN_1: 1072.9m (NEARBY)
        └─ Already in cluster 0
      BIN_2: 2341.0m (too far)
      BIN_3: 1454.5m (too far)
      BIN_5: 1162.6m (NEARBY)
        └─ Already in cluster 0
      BIN_6: 2177.6m (too far)
      BIN_7: 1516.7m (too far)
      BIN_8: 2718.0m (too far)
      BIN_9: 325.5m (NEARBY)
        └─ Already in cluster 0
      BIN_10: 2612.2m (too far)
    Found 3 nearby bins
    Nearby cluster IDs: {0}
    Already in cluster 0
  
  Processing bin BIN_5 (index 4):
    Finding nearby bins within 1400.0m:
      BIN_1: 361.9m (NEARBY)
        └─ Already in cluster 0
      BIN_2: 1705.4m (too far)
      BIN_3: 367.4m (NEARBY)
        └─ Already in cluster 0
      BIN_4: 1162.6m (NEARBY)
        └─ Already in cluster 0
      BIN_6: 1691.3m (too far)
      BIN_7: 623.6m (NEARBY)
        └─ Already in cluster 0
      BIN_8: 1980.6m (too far)
      BIN_9: 1366.3m (NEARBY)
        └─ Already in cluster 0
      BIN_10: 2147.1m (too far)
    Found 5 nearby bins
    Nearby cluster IDs: {0}
    Already in cluster 0
  
  Processing bin BIN_6 (index 5):
    Finding nearby bins within 1400.0m:
      BIN_1: 2042.5m (too far)
      BIN_2: 301.7m (NEARBY)
        └─ Already in cluster 1
      BIN_3: 1925.0m (too far)
      BIN_4: 2177.6m (too far)
      BIN_5: 1691.3m (too far)
      BIN_7: 2251.1m (too far)
      BIN_8: 686.1m (NEARBY)
        └─ Already in cluster 1
      BIN_9: 2102.2m (too far)
      BIN_10: 461.6m (NEARBY)
        └─ Already in cluster 1
    Found 3 nearby bins
    Nearby cluster IDs: {1}
    Already in cluster 1
  
  Processing bin BIN_7 (index 6):
    Finding nearby bins within 1400.0m:
      BIN_1: 453.6m (NEARBY)
        └─ Already in cluster 0
      BIN_2: 2216.1m (too far)
      BIN_3: 327.9m (NEARBY)
        └─ Already in cluster 0
      BIN_4: 1516.7m (too far)
      BIN_5: 623.6m (NEARBY)
        └─ Already in cluster 0
      BIN_6: 2251.1m (too far)
      BIN_8: 2428.6m (too far)
      BIN_9: 1793.2m (too far)
      BIN_10: 2693.1m (too far)
    Found 3 nearby bins
    Nearby cluster IDs: {0}
    Already in cluster 0
  
  Processing bin BIN_8 (index 7):
    Finding nearby bins within 1400.0m:
      BIN_1: 2341.7m (too far)
      BIN_2: 407.7m (NEARBY)
        └─ Already in cluster 1
      BIN_3: 2107.4m (too far)
      BIN_4: 2718.0m (too far)
      BIN_5: 1980.6m (too far)
      BIN_6: 686.1m (NEARBY)
        └─ Already in cluster 1
      BIN_7: 2428.6m (too far)
      BIN_9: 2694.1m (too far)
      BIN_10: 644.4m (NEARBY)
        └─ Already in cluster 1
    Found 3 nearby bins
    Nearby cluster IDs: {1}
    Already in cluster 1
  
  Processing bin BIN_9 (index 8):
    Finding nearby bins within 1400.0m:
      BIN_1: 1341.0m (NEARBY)
        └─ Already in cluster 0
      BIN_2: 2300.3m (too far)
      BIN_3: 1691.7m (too far)
      BIN_4: 325.5m (NEARBY)
        └─ Already in cluster 0
      BIN_5: 1366.3m (NEARBY)
        └─ Already in cluster 0
      BIN_6: 2102.2m (too far)
      BIN_7: 1793.2m (too far)
      BIN_8: 2694.1m (too far)
      BIN_10: 2512.2m (too far)
    Found 3 nearby bins
    Nearby cluster IDs: {0}
    Already in cluster 0
  
  Processing bin BIN_10 (index 9):
    Finding nearby bins within 1400.0m:
      BIN_1: 2500.7m (too far)
      BIN_2: 515.6m (NEARBY)
        └─ Already in cluster 1
      BIN_3: 2365.5m (too far)
      BIN_4: 2612.2m (too far)
      BIN_5: 2147.1m (too far)
      BIN_6: 461.6m (NEARBY)
        └─ Already in cluster 1
      BIN_7: 2693.1m (too far)
      BIN_8: 644.4m (NEARBY)
        └─ Already in cluster 1
      BIN_9: 2512.2m (too far)
    Found 3 nearby bins
    Nearby cluster IDs: {1}
    Already in cluster 1
  Cleaning up duplicate bins:
  Final clustering results: 2 clusters, sizes: [6, 4]
    Final Cluster 0: ['BIN_1', 'BIN_3', 'BIN_4', 'BIN_5', 'BIN_7', 'BIN_9']
    Final Cluster 1: ['BIN_2', 'BIN_6', 'BIN_8', 'BIN_10']

CLUSTERING RESULTS:
  Created 2 clusters
  Cluster 0: 6 bins - ['BIN_1', 'BIN_3', 'BIN_4', 'BIN_5', 'BIN_7', 'BIN_9']
    Internal distances:
      BIN_1 to BIN_3: 421.5m
      BIN_1 to BIN_4: 1072.9m
      BIN_1 to BIN_5: 361.9m
      BIN_1 to BIN_7: 453.6m
      BIN_1 to BIN_9: 1341.0m
      BIN_3 to BIN_4: 1454.5m
      BIN_3 to BIN_5: 367.4m
      BIN_3 to BIN_7: 327.9m
      BIN_3 to BIN_9: 1691.7m
      BIN_4 to BIN_5: 1162.6m
      BIN_4 to BIN_7: 1516.7m
      BIN_4 to BIN_9: 325.5m
      BIN_5 to BIN_7: 623.6m
      BIN_5 to BIN_9: 1366.3m
      BIN_7 to BIN_9: 1793.2m
    Max internal distance: 1793.2m
  Cluster 1: 4 bins - ['BIN_2', 'BIN_6', 'BIN_8', 'BIN_10']
    Internal distances:
      BIN_2 to BIN_6: 301.7m
      BIN_2 to BIN_8: 407.7m
      BIN_2 to BIN_10: 515.6m
      BIN_6 to BIN_8: 686.1m
      BIN_6 to BIN_10: 461.6m
      BIN_8 to BIN_10: 644.4m
    Max internal distance: 686.1m
============================================================
CLUSTERING DEBUG END
============================================================
🎯 Using collection queue priority routing: 1 bins
============================================================
CLUSTERING DEBUG START
============================================================
Input validation:
  bins_data type: <class 'list'>
  bins_data length: 10
  depot_data type: <class 'NoneType'>
  depot_data: None
  First bin structure: {'capacity': 500, 'fillLevel': 0.003333333333333333, 'fillRate': 6, 'id': 'BIN_1', 'lat': 33.613580131572526, 'lng': 73.05981561266454, 'threshold': 80, 'near_threshold_count': 0, 'dynamic_threshold': 50}
  All bin IDs: ['BIN_1', 'BIN_2', 'BIN_3', 'BIN_4', 'BIN_5', 'BIN_6', 'BIN_7', 'BIN_8', 'BIN_9', 'BIN_10']

CALCULATING BIN SERVICE RADIUS:
BIN RADIUS CALCULATION DEBUG:
  depot_data: None
  bins_data length: 10
  No depot data, using default bin radius: 1400m
Final bin service radius: 1400.0m

STARTING PROXIMITY CLUSTERING:
PROXIMITY CLUSTERING DEBUG:
  Bin service radius: 1400.0m
  Processing 10 bins
  All pairwise distances:
    BIN_1 to BIN_2: 2066.1m ✗
    BIN_1 to BIN_3: 421.5m ✓
    BIN_1 to BIN_4: 1072.9m ✓
    BIN_1 to BIN_5: 361.9m ✓
    BIN_1 to BIN_6: 2042.5m ✗
    BIN_1 to BIN_7: 453.6m ✓
    BIN_1 to BIN_8: 2341.7m ✗
    BIN_1 to BIN_9: 1341.0m ✓
    BIN_1 to BIN_10: 2500.7m ✗
    BIN_2 to BIN_3: 1888.5m ✗
    BIN_2 to BIN_4: 2341.0m ✗
    BIN_2 to BIN_5: 1705.4m ✗
    BIN_2 to BIN_6: 301.7m ✓
    BIN_2 to BIN_7: 2216.1m ✗
    BIN_2 to BIN_8: 407.7m ✓
    BIN_2 to BIN_9: 2300.3m ✗
    BIN_2 to BIN_10: 515.6m ✓
    BIN_3 to BIN_4: 1454.5m ✗
    BIN_3 to BIN_5: 367.4m ✓
    BIN_3 to BIN_6: 1925.0m ✗
    BIN_3 to BIN_7: 327.9m ✓
    BIN_3 to BIN_8: 2107.4m ✗
    BIN_3 to BIN_9: 1691.7m ✗
    BIN_3 to BIN_10: 2365.5m ✗
    BIN_4 to BIN_5: 1162.6m ✓
    BIN_4 to BIN_6: 2177.6m ✗
    BIN_4 to BIN_7: 1516.7m ✗
    BIN_4 to BIN_8: 2718.0m ✗
    BIN_4 to BIN_9: 325.5m ✓
    BIN_4 to BIN_10: 2612.2m ✗
    BIN_5 to BIN_6: 1691.3m ✗
    BIN_5 to BIN_7: 623.6m ✓
    BIN_5 to BIN_8: 1980.6m ✗
    BIN_5 to BIN_9: 1366.3m ✓
    BIN_5 to BIN_10: 2147.1m ✗
    BIN_6 to BIN_7: 2251.1m ✗
    BIN_6 to BIN_8: 686.1m ✓
    BIN_6 to BIN_9: 2102.2m ✗
    BIN_6 to BIN_10: 461.6m ✓
    BIN_7 to BIN_8: 2428.6m ✗
    BIN_7 to BIN_9: 1793.2m ✗
    BIN_7 to BIN_10: 2693.1m ✗
    BIN_8 to BIN_9: 2694.1m ✗
    BIN_8 to BIN_10: 644.4m ✓
    BIN_9 to BIN_10: 2512.2m ✗
  Processing bins sequentially:
  
  Processing bin BIN_1 (index 0):
    Finding nearby bins within 1400.0m:
      BIN_2: 2066.1m (too far)
      BIN_3: 421.5m (NEARBY)
      BIN_4: 1072.9m (NEARBY)
      BIN_5: 361.9m (NEARBY)
      BIN_6: 2042.5m (too far)
      BIN_7: 453.6m (NEARBY)
      BIN_8: 2341.7m (too far)
      BIN_9: 1341.0m (NEARBY)
      BIN_10: 2500.7m (too far)
    Found 5 nearby bins
    Nearby cluster IDs: set()
    Creating new cluster 0 with current bin + nearby bins
      Added BIN_1 to cluster 0
      Added BIN_3 to cluster 0
      Added BIN_4 to cluster 0
      Added BIN_5 to cluster 0
      Added BIN_7 to cluster 0
      Added BIN_9 to cluster 0
  
  Processing bin BIN_2 (index 1):
    Finding nearby bins within 1400.0m:
      BIN_1: 2066.1m (too far)
      BIN_3: 1888.5m (too far)
      BIN_4: 2341.0m (too far)
      BIN_5: 1705.4m (too far)
      BIN_6: 301.7m (NEARBY)
      BIN_7: 2216.1m (too far)
      BIN_8: 407.7m (NEARBY)
      BIN_9: 2300.3m (too far)
      BIN_10: 515.6m (NEARBY)
    Found 3 nearby bins
    Nearby cluster IDs: set()
    Creating new cluster 1 with current bin + nearby bins
      Added BIN_2 to cluster 1
      Added BIN_6 to cluster 1
      Added BIN_8 to cluster 1
      Added BIN_10 to cluster 1
  
  Processing bin BIN_3 (index 2):
    Finding nearby bins within 1400.0m:
      BIN_1: 421.5m (NEARBY)
        └─ Already in cluster 0
      BIN_2: 1888.5m (too far)
      BIN_4: 1454.5m (too far)
      BIN_5: 367.4m (NEARBY)
        └─ Already in cluster 0
      BIN_6: 1925.0m (too far)
      BIN_7: 327.9m (NEARBY)
        └─ Already in cluster 0
      BIN_8: 2107.4m (too far)
      BIN_9: 1691.7m (too far)
      BIN_10: 2365.5m (too far)
    Found 3 nearby bins
    Nearby cluster IDs: {0}
    Already in cluster 0
  
  Processing bin BIN_4 (index 3):
    Finding nearby bins within 1400.0m:
      BIN_1: 1072.9m (NEARBY)
        └─ Already in cluster 0
      BIN_2: 2341.0m (too far)
      BIN_3: 1454.5m (too far)
      BIN_5: 1162.6m (NEARBY)
        └─ Already in cluster 0
      BIN_6: 2177.6m (too far)
      BIN_7: 1516.7m (too far)
      BIN_8: 2718.0m (too far)
      BIN_9: 325.5m (NEARBY)
        └─ Already in cluster 0
      BIN_10: 2612.2m (too far)
    Found 3 nearby bins
    Nearby cluster IDs: {0}
    Already in cluster 0
  
  Processing bin BIN_5 (index 4):
    Finding nearby bins within 1400.0m:
      BIN_1: 361.9m (NEARBY)
        └─ Already in cluster 0
      BIN_2: 1705.4m (too far)
      BIN_3: 367.4m (NEARBY)
        └─ Already in cluster 0
      BIN_4: 1162.6m (NEARBY)
        └─ Already in cluster 0
      BIN_6: 1691.3m (too far)
      BIN_7: 623.6m (NEARBY)
        └─ Already in cluster 0
      BIN_8: 1980.6m (too far)
      BIN_9: 1366.3m (NEARBY)
        └─ Already in cluster 0
      BIN_10: 2147.1m (too far)
    Found 5 nearby bins
    Nearby cluster IDs: {0}
    Already in cluster 0
  
  Processing bin BIN_6 (index 5):
    Finding nearby bins within 1400.0m:
      BIN_1: 2042.5m (too far)
      BIN_2: 301.7m (NEARBY)
        └─ Already in cluster 1
      BIN_3: 1925.0m (too far)
      BIN_4: 2177.6m (too far)
      BIN_5: 1691.3m (too far)
      BIN_7: 2251.1m (too far)
      BIN_8: 686.1m (NEARBY)
        └─ Already in cluster 1
      BIN_9: 2102.2m (too far)
      BIN_10: 461.6m (NEARBY)
        └─ Already in cluster 1
    Found 3 nearby bins
    Nearby cluster IDs: {1}
    Already in cluster 1
  
  Processing bin BIN_7 (index 6):
    Finding nearby bins within 1400.0m:
      BIN_1: 453.6m (NEARBY)
        └─ Already in cluster 0
      BIN_2: 2216.1m (too far)
      BIN_3: 327.9m (NEARBY)
        └─ Already in cluster 0
      BIN_4: 1516.7m (too far)
      BIN_5: 623.6m (NEARBY)
        └─ Already in cluster 0
      BIN_6: 2251.1m (too far)
      BIN_8: 2428.6m (too far)
      BIN_9: 1793.2m (too far)
      BIN_10: 2693.1m (too far)
    Found 3 nearby bins
    Nearby cluster IDs: {0}
    Already in cluster 0
  
  Processing bin BIN_8 (index 7):
    Finding nearby bins within 1400.0m:
      BIN_1: 2341.7m (too far)
      BIN_2: 407.7m (NEARBY)
        └─ Already in cluster 1
      BIN_3: 2107.4m (too far)
      BIN_4: 2718.0m (too far)
      BIN_5: 1980.6m (too far)
      BIN_6: 686.1m (NEARBY)
        └─ Already in cluster 1
      BIN_7: 2428.6m (too far)
      BIN_9: 2694.1m (too far)
      BIN_10: 644.4m (NEARBY)
        └─ Already in cluster 1
    Found 3 nearby bins
    Nearby cluster IDs: {1}
    Already in cluster 1
  
  Processing bin BIN_9 (index 8):
    Finding nearby bins within 1400.0m:
      BIN_1: 1341.0m (NEARBY)
        └─ Already in cluster 0
      BIN_2: 2300.3m (too far)
      BIN_3: 1691.7m (too far)
      BIN_4: 325.5m (NEARBY)
        └─ Already in cluster 0
      BIN_5: 1366.3m (NEARBY)
        └─ Already in cluster 0
      BIN_6: 2102.2m (too far)
      BIN_7: 1793.2m (too far)
      BIN_8: 2694.1m (too far)
      BIN_10: 2512.2m (too far)
    Found 3 nearby bins
    Nearby cluster IDs: {0}
    Already in cluster 0
  
  Processing bin BIN_10 (index 9):
    Finding nearby bins within 1400.0m:
      BIN_1: 2500.7m (too far)
      BIN_2: 515.6m (NEARBY)
        └─ Already in cluster 1
      BIN_3: 2365.5m (too far)
      BIN_4: 2612.2m (too far)
      BIN_5: 2147.1m (too far)
      BIN_6: 461.6m (NEARBY)
        └─ Already in cluster 1
      BIN_7: 2693.1m (too far)
      BIN_8: 644.4m (NEARBY)
        └─ Already in cluster 1
      BIN_9: 2512.2m (too far)
    Found 3 nearby bins
    Nearby cluster IDs: {1}
    Already in cluster 1
  Cleaning up duplicate bins:
  Final clustering results: 2 clusters, sizes: [6, 4]
    Final Cluster 0: ['BIN_1', 'BIN_3', 'BIN_4', 'BIN_5', 'BIN_7', 'BIN_9']
    Final Cluster 1: ['BIN_2', 'BIN_6', 'BIN_8', 'BIN_10']

CLUSTERING RESULTS:
  Created 2 clusters
  Cluster 0: 6 bins - ['BIN_1', 'BIN_3', 'BIN_4', 'BIN_5', 'BIN_7', 'BIN_9']
    Internal distances:
      BIN_1 to BIN_3: 421.5m
      BIN_1 to BIN_4: 1072.9m
      BIN_1 to BIN_5: 361.9m
      BIN_1 to BIN_7: 453.6m
      BIN_1 to BIN_9: 1341.0m
      BIN_3 to BIN_4: 1454.5m
      BIN_3 to BIN_5: 367.4m
      BIN_3 to BIN_7: 327.9m
      BIN_3 to BIN_9: 1691.7m
      BIN_4 to BIN_5: 1162.6m
      BIN_4 to BIN_7: 1516.7m
      BIN_4 to BIN_9: 325.5m
      BIN_5 to BIN_7: 623.6m
      BIN_5 to BIN_9: 1366.3m
      BIN_7 to BIN_9: 1793.2m
    Max internal distance: 1793.2m
  Cluster 1: 4 bins - ['BIN_2', 'BIN_6', 'BIN_8', 'BIN_10']
    Internal distances:
      BIN_2 to BIN_6: 301.7m
      BIN_2 to BIN_8: 407.7m
      BIN_2 to BIN_10: 515.6m
      BIN_6 to BIN_8: 686.1m
      BIN_6 to BIN_10: 461.6m
      BIN_8 to BIN_10: 644.4m
    Max internal distance: 686.1m
============================================================
CLUSTERING DEBUG END
============================================================
🎯 Using collection queue priority routing: 1 bins
============================================================
CLUSTERING DEBUG START
============================================================
Input validation:
  bins_data type: <class 'list'>
  bins_data length: 10
  depot_data type: <class 'NoneType'>
  depot_data: None
  First bin structure: {'capacity': 500, 'fillLevel': 0.004999999999999999, 'fillRate': 6, 'id': 'BIN_1', 'lat': 33.613580131572526, 'lng': 73.05981561266454, 'threshold': 80, 'near_threshold_count': 0, 'dynamic_threshold': 50}
  All bin IDs: ['BIN_1', 'BIN_2', 'BIN_3', 'BIN_4', 'BIN_5', 'BIN_6', 'BIN_7', 'BIN_8', 'BIN_9', 'BIN_10']

CALCULATING BIN SERVICE RADIUS:
BIN RADIUS CALCULATION DEBUG:
  depot_data: None
  bins_data length: 10
  No depot data, using default bin radius: 1400m
Final bin service radius: 1400.0m

STARTING PROXIMITY CLUSTERING:
PROXIMITY CLUSTERING DEBUG:
  Bin service radius: 1400.0m
  Processing 10 bins
  All pairwise distances:
    BIN_1 to BIN_2: 2066.1m ✗
    BIN_1 to BIN_3: 421.5m ✓
    BIN_1 to BIN_4: 1072.9m ✓
    BIN_1 to BIN_5: 361.9m ✓
    BIN_1 to BIN_6: 2042.5m ✗
    BIN_1 to BIN_7: 453.6m ✓
    BIN_1 to BIN_8: 2341.7m ✗
    BIN_1 to BIN_9: 1341.0m ✓
    BIN_1 to BIN_10: 2500.7m ✗
    BIN_2 to BIN_3: 1888.5m ✗
    BIN_2 to BIN_4: 2341.0m ✗
    BIN_2 to BIN_5: 1705.4m ✗
    BIN_2 to BIN_6: 301.7m ✓
    BIN_2 to BIN_7: 2216.1m ✗
    BIN_2 to BIN_8: 407.7m ✓
    BIN_2 to BIN_9: 2300.3m ✗
    BIN_2 to BIN_10: 515.6m ✓
    BIN_3 to BIN_4: 1454.5m ✗
    BIN_3 to BIN_5: 367.4m ✓
    BIN_3 to BIN_6: 1925.0m ✗
    BIN_3 to BIN_7: 327.9m ✓
    BIN_3 to BIN_8: 2107.4m ✗
    BIN_3 to BIN_9: 1691.7m ✗
    BIN_3 to BIN_10: 2365.5m ✗
    BIN_4 to BIN_5: 1162.6m ✓
    BIN_4 to BIN_6: 2177.6m ✗
    BIN_4 to BIN_7: 1516.7m ✗
    BIN_4 to BIN_8: 2718.0m ✗
    BIN_4 to BIN_9: 325.5m ✓
    BIN_4 to BIN_10: 2612.2m ✗
    BIN_5 to BIN_6: 1691.3m ✗
    BIN_5 to BIN_7: 623.6m ✓
    BIN_5 to BIN_8: 1980.6m ✗
    BIN_5 to BIN_9: 1366.3m ✓
    BIN_5 to BIN_10: 2147.1m ✗
    BIN_6 to BIN_7: 2251.1m ✗
    BIN_6 to BIN_8: 686.1m ✓
    BIN_6 to BIN_9: 2102.2m ✗
    BIN_6 to BIN_10: 461.6m ✓
    BIN_7 to BIN_8: 2428.6m ✗
    BIN_7 to BIN_9: 1793.2m ✗
    BIN_7 to BIN_10: 2693.1m ✗
    BIN_8 to BIN_9: 2694.1m ✗
    BIN_8 to BIN_10: 644.4m ✓
    BIN_9 to BIN_10: 2512.2m ✗
  Processing bins sequentially:
  
  Processing bin BIN_1 (index 0):
    Finding nearby bins within 1400.0m:
      BIN_2: 2066.1m (too far)
      BIN_3: 421.5m (NEARBY)
      BIN_4: 1072.9m (NEARBY)
      BIN_5: 361.9m (NEARBY)
      BIN_6: 2042.5m (too far)
      BIN_7: 453.6m (NEARBY)
      BIN_8: 2341.7m (too far)
      BIN_9: 1341.0m (NEARBY)
      BIN_10: 2500.7m (too far)
    Found 5 nearby bins
    Nearby cluster IDs: set()
    Creating new cluster 0 with current bin + nearby bins
      Added BIN_1 to cluster 0
      Added BIN_3 to cluster 0
      Added BIN_4 to cluster 0
      Added BIN_5 to cluster 0
      Added BIN_7 to cluster 0
      Added BIN_9 to cluster 0
  
  Processing bin BIN_2 (index 1):
    Finding nearby bins within 1400.0m:
      BIN_1: 2066.1m (too far)
      BIN_3: 1888.5m (too far)
      BIN_4: 2341.0m (too far)
      BIN_5: 1705.4m (too far)
      BIN_6: 301.7m (NEARBY)
      BIN_7: 2216.1m (too far)
      BIN_8: 407.7m (NEARBY)
      BIN_9: 2300.3m (too far)
      BIN_10: 515.6m (NEARBY)
    Found 3 nearby bins
    Nearby cluster IDs: set()
    Creating new cluster 1 with current bin + nearby bins
      Added BIN_2 to cluster 1
      Added BIN_6 to cluster 1
      Added BIN_8 to cluster 1
      Added BIN_10 to cluster 1
  
  Processing bin BIN_3 (index 2):
    Finding nearby bins within 1400.0m:
      BIN_1: 421.5m (NEARBY)
        └─ Already in cluster 0
      BIN_2: 1888.5m (too far)
      BIN_4: 1454.5m (too far)
      BIN_5: 367.4m (NEARBY)
        └─ Already in cluster 0
      BIN_6: 1925.0m (too far)
      BIN_7: 327.9m (NEARBY)
        └─ Already in cluster 0
      BIN_8: 2107.4m (too far)
      BIN_9: 1691.7m (too far)
      BIN_10: 2365.5m (too far)
    Found 3 nearby bins
    Nearby cluster IDs: {0}
    Already in cluster 0
  
  Processing bin BIN_4 (index 3):
    Finding nearby bins within 1400.0m:
      BIN_1: 1072.9m (NEARBY)
        └─ Already in cluster 0
      BIN_2: 2341.0m (too far)
      BIN_3: 1454.5m (too far)
      BIN_5: 1162.6m (NEARBY)
        └─ Already in cluster 0
      BIN_6: 2177.6m (too far)
      BIN_7: 1516.7m (too far)
      BIN_8: 2718.0m (too far)
      BIN_9: 325.5m (NEARBY)
        └─ Already in cluster 0
      BIN_10: 2612.2m (too far)
    Found 3 nearby bins
    Nearby cluster IDs: {0}
    Already in cluster 0
  
  Processing bin BIN_5 (index 4):
    Finding nearby bins within 1400.0m:
      BIN_1: 361.9m (NEARBY)
        └─ Already in cluster 0
      BIN_2: 1705.4m (too far)
      BIN_3: 367.4m (NEARBY)
        └─ Already in cluster 0
      BIN_4: 1162.6m (NEARBY)
        └─ Already in cluster 0
      BIN_6: 1691.3m (too far)
      BIN_7: 623.6m (NEARBY)
        └─ Already in cluster 0
      BIN_8: 1980.6m (too far)
      BIN_9: 1366.3m (NEARBY)
        └─ Already in cluster 0
      BIN_10: 2147.1m (too far)
    Found 5 nearby bins
    Nearby cluster IDs: {0}
    Already in cluster 0
  
  Processing bin BIN_6 (index 5):
    Finding nearby bins within 1400.0m:
      BIN_1: 2042.5m (too far)
      BIN_2: 301.7m (NEARBY)
        └─ Already in cluster 1
      BIN_3: 1925.0m (too far)
      BIN_4: 2177.6m (too far)
      BIN_5: 1691.3m (too far)
      BIN_7: 2251.1m (too far)
      BIN_8: 686.1m (NEARBY)
        └─ Already in cluster 1
      BIN_9: 2102.2m (too far)
      BIN_10: 461.6m (NEARBY)
        └─ Already in cluster 1
    Found 3 nearby bins
    Nearby cluster IDs: {1}
    Already in cluster 1
  
  Processing bin BIN_7 (index 6):
    Finding nearby bins within 1400.0m:
      BIN_1: 453.6m (NEARBY)
        └─ Already in cluster 0
      BIN_2: 2216.1m (too far)
      BIN_3: 327.9m (NEARBY)
        └─ Already in cluster 0
      BIN_4: 1516.7m (too far)
      BIN_5: 623.6m (NEARBY)
        └─ Already in cluster 0
      BIN_6: 2251.1m (too far)
      BIN_8: 2428.6m (too far)
      BIN_9: 1793.2m (too far)
      BIN_10: 2693.1m (too far)
    Found 3 nearby bins
    Nearby cluster IDs: {0}
    Already in cluster 0
  
  Processing bin BIN_8 (index 7):
    Finding nearby bins within 1400.0m:
      BIN_1: 2341.7m (too far)
      BIN_2: 407.7m (NEARBY)
        └─ Already in cluster 1
      BIN_3: 2107.4m (too far)
      BIN_4: 2718.0m (too far)
      BIN_5: 1980.6m (too far)
      BIN_6: 686.1m (NEARBY)
        └─ Already in cluster 1
      BIN_7: 2428.6m (too far)
      BIN_9: 2694.1m (too far)
      BIN_10: 644.4m (NEARBY)
        └─ Already in cluster 1
    Found 3 nearby bins
    Nearby cluster IDs: {1}
    Already in cluster 1
  
  Processing bin BIN_9 (index 8):
    Finding nearby bins within 1400.0m:
      BIN_1: 1341.0m (NEARBY)
        └─ Already in cluster 0
      BIN_2: 2300.3m (too far)
      BIN_3: 1691.7m (too far)
      BIN_4: 325.5m (NEARBY)
        └─ Already in cluster 0
      BIN_5: 1366.3m (NEARBY)
        └─ Already in cluster 0
      BIN_6: 2102.2m (too far)
      BIN_7: 1793.2m (too far)
      BIN_8: 2694.1m (too far)
      BIN_10: 2512.2m (too far)
    Found 3 nearby bins
    Nearby cluster IDs: {0}
    Already in cluster 0
  
  Processing bin BIN_10 (index 9):
    Finding nearby bins within 1400.0m:
      BIN_1: 2500.7m (too far)
      BIN_2: 515.6m (NEARBY)
        └─ Already in cluster 1
      BIN_3: 2365.5m (too far)
      BIN_4: 2612.2m (too far)
      BIN_5: 2147.1m (too far)
      BIN_6: 461.6m (NEARBY)
        └─ Already in cluster 1
      BIN_7: 2693.1m (too far)
      BIN_8: 644.4m (NEARBY)
        └─ Already in cluster 1
      BIN_9: 2512.2m (too far)
    Found 3 nearby bins
    Nearby cluster IDs: {1}
    Already in cluster 1
  Cleaning up duplicate bins:
  Final clustering results: 2 clusters, sizes: [6, 4]
    Final Cluster 0: ['BIN_1', 'BIN_3', 'BIN_4', 'BIN_5', 'BIN_7', 'BIN_9']
    Final Cluster 1: ['BIN_2', 'BIN_6', 'BIN_8', 'BIN_10']

CLUSTERING RESULTS:
  Created 2 clusters
  Cluster 0: 6 bins - ['BIN_1', 'BIN_3', 'BIN_4', 'BIN_5', 'BIN_7', 'BIN_9']
    Internal distances:
      BIN_1 to BIN_3: 421.5m
      BIN_1 to BIN_4: 1072.9m
      BIN_1 to BIN_5: 361.9m
      BIN_1 to BIN_7: 453.6m
      BIN_1 to BIN_9: 1341.0m
      BIN_3 to BIN_4: 1454.5m
      BIN_3 to BIN_5: 367.4m
      BIN_3 to BIN_7: 327.9m
      BIN_3 to BIN_9: 1691.7m
      BIN_4 to BIN_5: 1162.6m
      BIN_4 to BIN_7: 1516.7m
      BIN_4 to BIN_9: 325.5m
      BIN_5 to BIN_7: 623.6m
      BIN_5 to BIN_9: 1366.3m
      BIN_7 to BIN_9: 1793.2m
    Max internal distance: 1793.2m
  Cluster 1: 4 bins - ['BIN_2', 'BIN_6', 'BIN_8', 'BIN_10']
    Internal distances:
      BIN_2 to BIN_6: 301.7m
      BIN_2 to BIN_8: 407.7m
      BIN_2 to BIN_10: 515.6m
      BIN_6 to BIN_8: 686.1m
      BIN_6 to BIN_10: 461.6m
      BIN_8 to BIN_10: 644.4m
    Max internal distance: 686.1m
============================================================
CLUSTERING DEBUG END
============================================================
🎯 Using collection queue priority routing: 1 bins
============================================================
CLUSTERING DEBUG START
============================================================
Input validation:
  bins_data type: <class 'list'>
  bins_data length: 10
  depot_data type: <class 'NoneType'>
  depot_data: None
  First bin structure: {'capacity': 500, 'fillLevel': 0.006666666666666666, 'fillRate': 6, 'id': 'BIN_1', 'lat': 33.613580131572526, 'lng': 73.05981561266454, 'threshold': 80, 'near_threshold_count': 0, 'dynamic_threshold': 50}
  All bin IDs: ['BIN_1', 'BIN_2', 'BIN_3', 'BIN_4', 'BIN_5', 'BIN_6', 'BIN_7', 'BIN_8', 'BIN_9', 'BIN_10']

CALCULATING BIN SERVICE RADIUS:
BIN RADIUS CALCULATION DEBUG:
  depot_data: None
  bins_data length: 10
  No depot data, using default bin radius: 1400m
Final bin service radius: 1400.0m

STARTING PROXIMITY CLUSTERING:
PROXIMITY CLUSTERING DEBUG:
  Bin service radius: 1400.0m
  Processing 10 bins
  All pairwise distances:
    BIN_1 to BIN_2: 2066.1m ✗
    BIN_1 to BIN_3: 421.5m ✓
    BIN_1 to BIN_4: 1072.9m ✓
    BIN_1 to BIN_5: 361.9m ✓
    BIN_1 to BIN_6: 2042.5m ✗
    BIN_1 to BIN_7: 453.6m ✓
    BIN_1 to BIN_8: 2341.7m ✗
    BIN_1 to BIN_9: 1341.0m ✓
    BIN_1 to BIN_10: 2500.7m ✗
    BIN_2 to BIN_3: 1888.5m ✗
    BIN_2 to BIN_4: 2341.0m ✗
    BIN_2 to BIN_5: 1705.4m ✗
    BIN_2 to BIN_6: 301.7m ✓
    BIN_2 to BIN_7: 2216.1m ✗
    BIN_2 to BIN_8: 407.7m ✓
    BIN_2 to BIN_9: 2300.3m ✗
    BIN_2 to BIN_10: 515.6m ✓
    BIN_3 to BIN_4: 1454.5m ✗
    BIN_3 to BIN_5: 367.4m ✓
    BIN_3 to BIN_6: 1925.0m ✗
    BIN_3 to BIN_7: 327.9m ✓
    BIN_3 to BIN_8: 2107.4m ✗
    BIN_3 to BIN_9: 1691.7m ✗
    BIN_3 to BIN_10: 2365.5m ✗
    BIN_4 to BIN_5: 1162.6m ✓
    BIN_4 to BIN_6: 2177.6m ✗
    BIN_4 to BIN_7: 1516.7m ✗
    BIN_4 to BIN_8: 2718.0m ✗
    BIN_4 to BIN_9: 325.5m ✓
    BIN_4 to BIN_10: 2612.2m ✗
    BIN_5 to BIN_6: 1691.3m ✗
    BIN_5 to BIN_7: 623.6m ✓
    BIN_5 to BIN_8: 1980.6m ✗
    BIN_5 to BIN_9: 1366.3m ✓
    BIN_5 to BIN_10: 2147.1m ✗
    BIN_6 to BIN_7: 2251.1m ✗
    BIN_6 to BIN_8: 686.1m ✓
    BIN_6 to BIN_9: 2102.2m ✗
    BIN_6 to BIN_10: 461.6m ✓
    BIN_7 to BIN_8: 2428.6m ✗
    BIN_7 to BIN_9: 1793.2m ✗
    BIN_7 to BIN_10: 2693.1m ✗
    BIN_8 to BIN_9: 2694.1m ✗
    BIN_8 to BIN_10: 644.4m ✓
    BIN_9 to BIN_10: 2512.2m ✗
  Processing bins sequentially:
  
  Processing bin BIN_1 (index 0):
    Finding nearby bins within 1400.0m:
      BIN_2: 2066.1m (too far)
      BIN_3: 421.5m (NEARBY)
      BIN_4: 1072.9m (NEARBY)
      BIN_5: 361.9m (NEARBY)
      BIN_6: 2042.5m (too far)
      BIN_7: 453.6m (NEARBY)
      BIN_8: 2341.7m (too far)
      BIN_9: 1341.0m (NEARBY)
      BIN_10: 2500.7m (too far)
    Found 5 nearby bins
    Nearby cluster IDs: set()
    Creating new cluster 0 with current bin + nearby bins
      Added BIN_1 to cluster 0
      Added BIN_3 to cluster 0
      Added BIN_4 to cluster 0
      Added BIN_5 to cluster 0
      Added BIN_7 to cluster 0
      Added BIN_9 to cluster 0
  
  Processing bin BIN_2 (index 1):
    Finding nearby bins within 1400.0m:
      BIN_1: 2066.1m (too far)
      BIN_3: 1888.5m (too far)
      BIN_4: 2341.0m (too far)
      BIN_5: 1705.4m (too far)
      BIN_6: 301.7m (NEARBY)
      BIN_7: 2216.1m (too far)
      BIN_8: 407.7m (NEARBY)
      BIN_9: 2300.3m (too far)
      BIN_10: 515.6m (NEARBY)
    Found 3 nearby bins
    Nearby cluster IDs: set()
    Creating new cluster 1 with current bin + nearby bins
      Added BIN_2 to cluster 1
      Added BIN_6 to cluster 1
      Added BIN_8 to cluster 1
      Added BIN_10 to cluster 1
  
  Processing bin BIN_3 (index 2):
    Finding nearby bins within 1400.0m:
      BIN_1: 421.5m (NEARBY)
        └─ Already in cluster 0
      BIN_2: 1888.5m (too far)
      BIN_4: 1454.5m (too far)
      BIN_5: 367.4m (NEARBY)
        └─ Already in cluster 0
      BIN_6: 1925.0m (too far)
      BIN_7: 327.9m (NEARBY)
        └─ Already in cluster 0
      BIN_8: 2107.4m (too far)
      BIN_9: 1691.7m (too far)
      BIN_10: 2365.5m (too far)
    Found 3 nearby bins
    Nearby cluster IDs: {0}
    Already in cluster 0
  
  Processing bin BIN_4 (index 3):
    Finding nearby bins within 1400.0m:
      BIN_1: 1072.9m (NEARBY)
        └─ Already in cluster 0
      BIN_2: 2341.0m (too far)
      BIN_3: 1454.5m (too far)
      BIN_5: 1162.6m (NEARBY)
        └─ Already in cluster 0
      BIN_6: 2177.6m (too far)
      BIN_7: 1516.7m (too far)
      BIN_8: 2718.0m (too far)
      BIN_9: 325.5m (NEARBY)
        └─ Already in cluster 0
      BIN_10: 2612.2m (too far)
    Found 3 nearby bins
    Nearby cluster IDs: {0}
    Already in cluster 0
  
  Processing bin BIN_5 (index 4):
    Finding nearby bins within 1400.0m:
      BIN_1: 361.9m (NEARBY)
        └─ Already in cluster 0
      BIN_2: 1705.4m (too far)
      BIN_3: 367.4m (NEARBY)
        └─ Already in cluster 0
      BIN_4: 1162.6m (NEARBY)
        └─ Already in cluster 0
      BIN_6: 1691.3m (too far)
      BIN_7: 623.6m (NEARBY)
        └─ Already in cluster 0
      BIN_8: 1980.6m (too far)
      BIN_9: 1366.3m (NEARBY)
        └─ Already in cluster 0
      BIN_10: 2147.1m (too far)
    Found 5 nearby bins
    Nearby cluster IDs: {0}
    Already in cluster 0
  
  Processing bin BIN_6 (index 5):
    Finding nearby bins within 1400.0m:
      BIN_1: 2042.5m (too far)
      BIN_2: 301.7m (NEARBY)
        └─ Already in cluster 1
      BIN_3: 1925.0m (too far)
      BIN_4: 2177.6m (too far)
      BIN_5: 1691.3m (too far)
      BIN_7: 2251.1m (too far)
      BIN_8: 686.1m (NEARBY)
        └─ Already in cluster 1
      BIN_9: 2102.2m (too far)
      BIN_10: 461.6m (NEARBY)
        └─ Already in cluster 1
    Found 3 nearby bins
    Nearby cluster IDs: {1}
    Already in cluster 1
  
  Processing bin BIN_7 (index 6):
    Finding nearby bins within 1400.0m:
      BIN_1: 453.6m (NEARBY)
        └─ Already in cluster 0
      BIN_2: 2216.1m (too far)
      BIN_3: 327.9m (NEARBY)
        └─ Already in cluster 0
      BIN_4: 1516.7m (too far)
      BIN_5: 623.6m (NEARBY)
        └─ Already in cluster 0
      BIN_6: 2251.1m (too far)
      BIN_8: 2428.6m (too far)
      BIN_9: 1793.2m (too far)
      BIN_10: 2693.1m (too far)
    Found 3 nearby bins
    Nearby cluster IDs: {0}
    Already in cluster 0
  
  Processing bin BIN_8 (index 7):
    Finding nearby bins within 1400.0m:
      BIN_1: 2341.7m (too far)
      BIN_2: 407.7m (NEARBY)
        └─ Already in cluster 1
      BIN_3: 2107.4m (too far)
      BIN_4: 2718.0m (too far)
      BIN_5: 1980.6m (too far)
      BIN_6: 686.1m (NEARBY)
        └─ Already in cluster 1
      BIN_7: 2428.6m (too far)
      BIN_9: 2694.1m (too far)
      BIN_10: 644.4m (NEARBY)
        └─ Already in cluster 1
    Found 3 nearby bins
    Nearby cluster IDs: {1}
    Already in cluster 1
  
  Processing bin BIN_9 (index 8):
    Finding nearby bins within 1400.0m:
      BIN_1: 1341.0m (NEARBY)
        └─ Already in cluster 0
      BIN_2: 2300.3m (too far)
      BIN_3: 1691.7m (too far)
      BIN_4: 325.5m (NEARBY)
        └─ Already in cluster 0
      BIN_5: 1366.3m (NEARBY)
        └─ Already in cluster 0
      BIN_6: 2102.2m (too far)
      BIN_7: 1793.2m (too far)
      BIN_8: 2694.1m (too far)
      BIN_10: 2512.2m (too far)
    Found 3 nearby bins
    Nearby cluster IDs: {0}
    Already in cluster 0
  
  Processing bin BIN_10 (index 9):
    Finding nearby bins within 1400.0m:
      BIN_1: 2500.7m (too far)
      BIN_2: 515.6m (NEARBY)
        └─ Already in cluster 1
      BIN_3: 2365.5m (too far)
      BIN_4: 2612.2m (too far)
      BIN_5: 2147.1m (too far)
      BIN_6: 461.6m (NEARBY)
        └─ Already in cluster 1
      BIN_7: 2693.1m (too far)
      BIN_8: 644.4m (NEARBY)
        └─ Already in cluster 1
      BIN_9: 2512.2m (too far)
    Found 3 nearby bins
    Nearby cluster IDs: {1}
    Already in cluster 1
  Cleaning up duplicate bins:
  Final clustering results: 2 clusters, sizes: [6, 4]
    Final Cluster 0: ['BIN_1', 'BIN_3', 'BIN_4', 'BIN_5', 'BIN_7', 'BIN_9']
    Final Cluster 1: ['BIN_2', 'BIN_6', 'BIN_8', 'BIN_10']

CLUSTERING RESULTS:
  Created 2 clusters
  Cluster 0: 6 bins - ['BIN_1', 'BIN_3', 'BIN_4', 'BIN_5', 'BIN_7', 'BIN_9']
    Internal distances:
      BIN_1 to BIN_3: 421.5m
      BIN_1 to BIN_4: 1072.9m
      BIN_1 to BIN_5: 361.9m
      BIN_1 to BIN_7: 453.6m
      BIN_1 to BIN_9: 1341.0m
      BIN_3 to BIN_4: 1454.5m
      BIN_3 to BIN_5: 367.4m
      BIN_3 to BIN_7: 327.9m
      BIN_3 to BIN_9: 1691.7m
      BIN_4 to BIN_5: 1162.6m
      BIN_4 to BIN_7: 1516.7m
      BIN_4 to BIN_9: 325.5m
      BIN_5 to BIN_7: 623.6m
      BIN_5 to BIN_9: 1366.3m
      BIN_7 to BIN_9: 1793.2m
    Max internal distance: 1793.2m
  Cluster 1: 4 bins - ['BIN_2', 'BIN_6', 'BIN_8', 'BIN_10']
    Internal distances:
      BIN_2 to BIN_6: 301.7m
      BIN_2 to BIN_8: 407.7m
      BIN_2 to BIN_10: 515.6m
      BIN_6 to BIN_8: 686.1m
      BIN_6 to BIN_10: 461.6m
      BIN_8 to BIN_10: 644.4m
    Max internal distance: 686.1m
============================================================
CLUSTERING DEBUG END
============================================================
🎯 Using collection queue priority routing: 1 bins
============================================================
CLUSTERING DEBUG START
============================================================
Input validation:
  bins_data type: <class 'list'>
  bins_data length: 10
  depot_data type: <class 'NoneType'>
  depot_data: None
  First bin structure: {'capacity': 500, 'fillLevel': 0.008333333333333333, 'fillRate': 6, 'id': 'BIN_1', 'lat': 33.613580131572526, 'lng': 73.05981561266454, 'threshold': 80, 'near_threshold_count': 0, 'dynamic_threshold': 50}
  All bin IDs: ['BIN_1', 'BIN_2', 'BIN_3', 'BIN_4', 'BIN_5', 'BIN_6', 'BIN_7', 'BIN_8', 'BIN_9', 'BIN_10']

CALCULATING BIN SERVICE RADIUS:
BIN RADIUS CALCULATION DEBUG:
  depot_data: None
  bins_data length: 10
  No depot data, using default bin radius: 1400m
Final bin service radius: 1400.0m

STARTING PROXIMITY CLUSTERING:
PROXIMITY CLUSTERING DEBUG:
  Bin service radius: 1400.0m
  Processing 10 bins
  All pairwise distances:
    BIN_1 to BIN_2: 2066.1m ✗
    BIN_1 to BIN_3: 421.5m ✓
    BIN_1 to BIN_4: 1072.9m ✓
    BIN_1 to BIN_5: 361.9m ✓
    BIN_1 to BIN_6: 2042.5m ✗
    BIN_1 to BIN_7: 453.6m ✓
    BIN_1 to BIN_8: 2341.7m ✗
    BIN_1 to BIN_9: 1341.0m ✓
    BIN_1 to BIN_10: 2500.7m ✗
    BIN_2 to BIN_3: 1888.5m ✗
    BIN_2 to BIN_4: 2341.0m ✗
    BIN_2 to BIN_5: 1705.4m ✗
    BIN_2 to BIN_6: 301.7m ✓
    BIN_2 to BIN_7: 2216.1m ✗
    BIN_2 to BIN_8: 407.7m ✓
    BIN_2 to BIN_9: 2300.3m ✗
    BIN_2 to BIN_10: 515.6m ✓
    BIN_3 to BIN_4: 1454.5m ✗
    BIN_3 to BIN_5: 367.4m ✓
    BIN_3 to BIN_6: 1925.0m ✗
    BIN_3 to BIN_7: 327.9m ✓
    BIN_3 to BIN_8: 2107.4m ✗
    BIN_3 to BIN_9: 1691.7m ✗
    BIN_3 to BIN_10: 2365.5m ✗
    BIN_4 to BIN_5: 1162.6m ✓
    BIN_4 to BIN_6: 2177.6m ✗
    BIN_4 to BIN_7: 1516.7m ✗
    BIN_4 to BIN_8: 2718.0m ✗
    BIN_4 to BIN_9: 325.5m ✓
    BIN_4 to BIN_10: 2612.2m ✗
    BIN_5 to BIN_6: 1691.3m ✗
    BIN_5 to BIN_7: 623.6m ✓
    BIN_5 to BIN_8: 1980.6m ✗
    BIN_5 to BIN_9: 1366.3m ✓
    BIN_5 to BIN_10: 2147.1m ✗
    BIN_6 to BIN_7: 2251.1m ✗
    BIN_6 to BIN_8: 686.1m ✓
    BIN_6 to BIN_9: 2102.2m ✗
    BIN_6 to BIN_10: 461.6m ✓
    BIN_7 to BIN_8: 2428.6m ✗
    BIN_7 to BIN_9: 1793.2m ✗
    BIN_7 to BIN_10: 2693.1m ✗
    BIN_8 to BIN_9: 2694.1m ✗
    BIN_8 to BIN_10: 644.4m ✓
    BIN_9 to BIN_10: 2512.2m ✗
  Processing bins sequentially:
  
  Processing bin BIN_1 (index 0):
    Finding nearby bins within 1400.0m:
      BIN_2: 2066.1m (too far)
      BIN_3: 421.5m (NEARBY)
      BIN_4: 1072.9m (NEARBY)
      BIN_5: 361.9m (NEARBY)
      BIN_6: 2042.5m (too far)
      BIN_7: 453.6m (NEARBY)
      BIN_8: 2341.7m (too far)
      BIN_9: 1341.0m (NEARBY)
      BIN_10: 2500.7m (too far)
    Found 5 nearby bins
    Nearby cluster IDs: set()
    Creating new cluster 0 with current bin + nearby bins
      Added BIN_1 to cluster 0
      Added BIN_3 to cluster 0
      Added BIN_4 to cluster 0
      Added BIN_5 to cluster 0
      Added BIN_7 to cluster 0
      Added BIN_9 to cluster 0
  
  Processing bin BIN_2 (index 1):
    Finding nearby bins within 1400.0m:
      BIN_1: 2066.1m (too far)
      BIN_3: 1888.5m (too far)
      BIN_4: 2341.0m (too far)
      BIN_5: 1705.4m (too far)
      BIN_6: 301.7m (NEARBY)
      BIN_7: 2216.1m (too far)
      BIN_8: 407.7m (NEARBY)
      BIN_9: 2300.3m (too far)
      BIN_10: 515.6m (NEARBY)
    Found 3 nearby bins
    Nearby cluster IDs: set()
    Creating new cluster 1 with current bin + nearby bins
      Added BIN_2 to cluster 1
      Added BIN_6 to cluster 1
      Added BIN_8 to cluster 1
      Added BIN_10 to cluster 1
  
  Processing bin BIN_3 (index 2):
    Finding nearby bins within 1400.0m:
      BIN_1: 421.5m (NEARBY)
        └─ Already in cluster 0
      BIN_2: 1888.5m (too far)
      BIN_4: 1454.5m (too far)
      BIN_5: 367.4m (NEARBY)
        └─ Already in cluster 0
      BIN_6: 1925.0m (too far)
      BIN_7: 327.9m (NEARBY)
        └─ Already in cluster 0
      BIN_8: 2107.4m (too far)
      BIN_9: 1691.7m (too far)
      BIN_10: 2365.5m (too far)
    Found 3 nearby bins
    Nearby cluster IDs: {0}
    Already in cluster 0
  
  Processing bin BIN_4 (index 3):
    Finding nearby bins within 1400.0m:
      BIN_1: 1072.9m (NEARBY)
        └─ Already in cluster 0
      BIN_2: 2341.0m (too far)
      BIN_3: 1454.5m (too far)
      BIN_5: 1162.6m (NEARBY)
        └─ Already in cluster 0
      BIN_6: 2177.6m (too far)
      BIN_7: 1516.7m (too far)
      BIN_8: 2718.0m (too far)
      BIN_9: 325.5m (NEARBY)
        └─ Already in cluster 0
      BIN_10: 2612.2m (too far)
    Found 3 nearby bins
    Nearby cluster IDs: {0}
    Already in cluster 0
  
  Processing bin BIN_5 (index 4):
    Finding nearby bins within 1400.0m:
      BIN_1: 361.9m (NEARBY)
        └─ Already in cluster 0
      BIN_2: 1705.4m (too far)
      BIN_3: 367.4m (NEARBY)
        └─ Already in cluster 0
      BIN_4: 1162.6m (NEARBY)
        └─ Already in cluster 0
      BIN_6: 1691.3m (too far)
      BIN_7: 623.6m (NEARBY)
        └─ Already in cluster 0
      BIN_8: 1980.6m (too far)
      BIN_9: 1366.3m (NEARBY)
        └─ Already in cluster 0
      BIN_10: 2147.1m (too far)
    Found 5 nearby bins
    Nearby cluster IDs: {0}
    Already in cluster 0
  
  Processing bin BIN_6 (index 5):
    Finding nearby bins within 1400.0m:
      BIN_1: 2042.5m (too far)
      BIN_2: 301.7m (NEARBY)
        └─ Already in cluster 1
      BIN_3: 1925.0m (too far)
      BIN_4: 2177.6m (too far)
      BIN_5: 1691.3m (too far)
      BIN_7: 2251.1m (too far)
      BIN_8: 686.1m (NEARBY)
        └─ Already in cluster 1
      BIN_9: 2102.2m (too far)
      BIN_10: 461.6m (NEARBY)
        └─ Already in cluster 1
    Found 3 nearby bins
    Nearby cluster IDs: {1}
    Already in cluster 1
  
  Processing bin BIN_7 (index 6):
    Finding nearby bins within 1400.0m:
      BIN_1: 453.6m (NEARBY)
        └─ Already in cluster 0
      BIN_2: 2216.1m (too far)
      BIN_3: 327.9m (NEARBY)
        └─ Already in cluster 0
      BIN_4: 1516.7m (too far)
      BIN_5: 623.6m (NEARBY)
        └─ Already in cluster 0
      BIN_6: 2251.1m (too far)
      BIN_8: 2428.6m (too far)
      BIN_9: 1793.2m (too far)
      BIN_10: 2693.1m (too far)
    Found 3 nearby bins
    Nearby cluster IDs: {0}
    Already in cluster 0
  
  Processing bin BIN_8 (index 7):
    Finding nearby bins within 1400.0m:
      BIN_1: 2341.7m (too far)
      BIN_2: 407.7m (NEARBY)
        └─ Already in cluster 1
      BIN_3: 2107.4m (too far)
      BIN_4: 2718.0m (too far)
      BIN_5: 1980.6m (too far)
      BIN_6: 686.1m (NEARBY)
        └─ Already in cluster 1
      BIN_7: 2428.6m (too far)
      BIN_9: 2694.1m (too far)
      BIN_10: 644.4m (NEARBY)
        └─ Already in cluster 1
    Found 3 nearby bins
    Nearby cluster IDs: {1}
    Already in cluster 1
  
  Processing bin BIN_9 (index 8):
    Finding nearby bins within 1400.0m:
      BIN_1: 1341.0m (NEARBY)
        └─ Already in cluster 0
      BIN_2: 2300.3m (too far)
      BIN_3: 1691.7m (too far)
      BIN_4: 325.5m (NEARBY)
        └─ Already in cluster 0
      BIN_5: 1366.3m (NEARBY)
        └─ Already in cluster 0
      BIN_6: 2102.2m (too far)
      BIN_7: 1793.2m (too far)
      BIN_8: 2694.1m (too far)
      BIN_10: 2512.2m (too far)
    Found 3 nearby bins
    Nearby cluster IDs: {0}
    Already in cluster 0
  
  Processing bin BIN_10 (index 9):
    Finding nearby bins within 1400.0m:
      BIN_1: 2500.7m (too far)
      BIN_2: 515.6m (NEARBY)
        └─ Already in cluster 1
      BIN_3: 2365.5m (too far)
      BIN_4: 2612.2m (too far)
      BIN_5: 2147.1m (too far)
      BIN_6: 461.6m (NEARBY)
        └─ Already in cluster 1
      BIN_7: 2693.1m (too far)
      BIN_8: 644.4m (NEARBY)
        └─ Already in cluster 1
      BIN_9: 2512.2m (too far)
    Found 3 nearby bins
    Nearby cluster IDs: {1}
    Already in cluster 1
  Cleaning up duplicate bins:
  Final clustering results: 2 clusters, sizes: [6, 4]
    Final Cluster 0: ['BIN_1', 'BIN_3', 'BIN_4', 'BIN_5', 'BIN_7', 'BIN_9']
    Final Cluster 1: ['BIN_2', 'BIN_6', 'BIN_8', 'BIN_10']

CLUSTERING RESULTS:
  Created 2 clusters
  Cluster 0: 6 bins - ['BIN_1', 'BIN_3', 'BIN_4', 'BIN_5', 'BIN_7', 'BIN_9']
    Internal distances:
      BIN_1 to BIN_3: 421.5m
      BIN_1 to BIN_4: 1072.9m
      BIN_1 to BIN_5: 361.9m
      BIN_1 to BIN_7: 453.6m
      BIN_1 to BIN_9: 1341.0m
      BIN_3 to BIN_4: 1454.5m
      BIN_3 to BIN_5: 367.4m
      BIN_3 to BIN_7: 327.9m
      BIN_3 to BIN_9: 1691.7m
      BIN_4 to BIN_5: 1162.6m
      BIN_4 to BIN_7: 1516.7m
      BIN_4 to BIN_9: 325.5m
      BIN_5 to BIN_7: 623.6m
      BIN_5 to BIN_9: 1366.3m
      BIN_7 to BIN_9: 1793.2m
    Max internal distance: 1793.2m
  Cluster 1: 4 bins - ['BIN_2', 'BIN_6', 'BIN_8', 'BIN_10']
    Internal distances:
      BIN_2 to BIN_6: 301.7m
      BIN_2 to BIN_8: 407.7m
      BIN_2 to BIN_10: 515.6m
      BIN_6 to BIN_8: 686.1m
      BIN_6 to BIN_10: 461.6m
      BIN_8 to BIN_10: 644.4m
    Max internal distance: 686.1m
============================================================
CLUSTERING DEBUG END
============================================================
🎯 Using collection queue priority routing: 1 bins
============================================================
CLUSTERING DEBUG START
============================================================
Input validation:
  bins_data type: <class 'list'>
  bins_data length: 10
  depot_data type: <class 'NoneType'>
  depot_data: None
  First bin structure: {'capacity': 500, 'fillLevel': 0.01, 'fillRate': 6, 'id': 'BIN_1', 'lat': 33.613580131572526, 'lng': 73.05981561266454, 'threshold': 80, 'near_threshold_count': 0, 'dynamic_threshold': 50}
  All bin IDs: ['BIN_1', 'BIN_2', 'BIN_3', 'BIN_4', 'BIN_5', 'BIN_6', 'BIN_7', 'BIN_8', 'BIN_9', 'BIN_10']

CALCULATING BIN SERVICE RADIUS:
BIN RADIUS CALCULATION DEBUG:
  depot_data: None
  bins_data length: 10
  No depot data, using default bin radius: 1400m
Final bin service radius: 1400.0m

STARTING PROXIMITY CLUSTERING:
PROXIMITY CLUSTERING DEBUG:
  Bin service radius: 1400.0m
  Processing 10 bins
  All pairwise distances:
    BIN_1 to BIN_2: 2066.1m ✗
    BIN_1 to BIN_3: 421.5m ✓
    BIN_1 to BIN_4: 1072.9m ✓
    BIN_1 to BIN_5: 361.9m ✓
    BIN_1 to BIN_6: 2042.5m ✗
    BIN_1 to BIN_7: 453.6m ✓
    BIN_1 to BIN_8: 2341.7m ✗
    BIN_1 to BIN_9: 1341.0m ✓
    BIN_1 to BIN_10: 2500.7m ✗
    BIN_2 to BIN_3: 1888.5m ✗
    BIN_2 to BIN_4: 2341.0m ✗
    BIN_2 to BIN_5: 1705.4m ✗
    BIN_2 to BIN_6: 301.7m ✓
    BIN_2 to BIN_7: 2216.1m ✗
    BIN_2 to BIN_8: 407.7m ✓
    BIN_2 to BIN_9: 2300.3m ✗
    BIN_2 to BIN_10: 515.6m ✓
    BIN_3 to BIN_4: 1454.5m ✗
    BIN_3 to BIN_5: 367.4m ✓
    BIN_3 to BIN_6: 1925.0m ✗
    BIN_3 to BIN_7: 327.9m ✓
    BIN_3 to BIN_8: 2107.4m ✗
    BIN_3 to BIN_9: 1691.7m ✗
    BIN_3 to BIN_10: 2365.5m ✗
    BIN_4 to BIN_5: 1162.6m ✓
    BIN_4 to BIN_6: 2177.6m ✗
    BIN_4 to BIN_7: 1516.7m ✗
    BIN_4 to BIN_8: 2718.0m ✗
    BIN_4 to BIN_9: 325.5m ✓
    BIN_4 to BIN_10: 2612.2m ✗
    BIN_5 to BIN_6: 1691.3m ✗
    BIN_5 to BIN_7: 623.6m ✓
    BIN_5 to BIN_8: 1980.6m ✗
    BIN_5 to BIN_9: 1366.3m ✓
    BIN_5 to BIN_10: 2147.1m ✗
    BIN_6 to BIN_7: 2251.1m ✗
    BIN_6 to BIN_8: 686.1m ✓
    BIN_6 to BIN_9: 2102.2m ✗
    BIN_6 to BIN_10: 461.6m ✓
    BIN_7 to BIN_8: 2428.6m ✗
    BIN_7 to BIN_9: 1793.2m ✗
    BIN_7 to BIN_10: 2693.1m ✗
    BIN_8 to BIN_9: 2694.1m ✗
    BIN_8 to BIN_10: 644.4m ✓
    BIN_9 to BIN_10: 2512.2m ✗
  Processing bins sequentially:
  
  Processing bin BIN_1 (index 0):
    Finding nearby bins within 1400.0m:
      BIN_2: 2066.1m (too far)
      BIN_3: 421.5m (NEARBY)
      BIN_4: 1072.9m (NEARBY)
      BIN_5: 361.9m (NEARBY)
      BIN_6: 2042.5m (too far)
      BIN_7: 453.6m (NEARBY)
      BIN_8: 2341.7m (too far)
      BIN_9: 1341.0m (NEARBY)
      BIN_10: 2500.7m (too far)
    Found 5 nearby bins
    Nearby cluster IDs: set()
    Creating new cluster 0 with current bin + nearby bins
      Added BIN_1 to cluster 0
      Added BIN_3 to cluster 0
      Added BIN_4 to cluster 0
      Added BIN_5 to cluster 0
      Added BIN_7 to cluster 0
      Added BIN_9 to cluster 0
  
  Processing bin BIN_2 (index 1):
    Finding nearby bins within 1400.0m:
      BIN_1: 2066.1m (too far)
      BIN_3: 1888.5m (too far)
      BIN_4: 2341.0m (too far)
      BIN_5: 1705.4m (too far)
      BIN_6: 301.7m (NEARBY)
      BIN_7: 2216.1m (too far)
      BIN_8: 407.7m (NEARBY)
      BIN_9: 2300.3m (too far)
      BIN_10: 515.6m (NEARBY)
    Found 3 nearby bins
    Nearby cluster IDs: set()
    Creating new cluster 1 with current bin + nearby bins
      Added BIN_2 to cluster 1
      Added BIN_6 to cluster 1
      Added BIN_8 to cluster 1
      Added BIN_10 to cluster 1
  
  Processing bin BIN_3 (index 2):
    Finding nearby bins within 1400.0m:
      BIN_1: 421.5m (NEARBY)
        └─ Already in cluster 0
      BIN_2: 1888.5m (too far)
      BIN_4: 1454.5m (too far)
      BIN_5: 367.4m (NEARBY)
        └─ Already in cluster 0
      BIN_6: 1925.0m (too far)
      BIN_7: 327.9m (NEARBY)
        └─ Already in cluster 0
      BIN_8: 2107.4m (too far)
      BIN_9: 1691.7m (too far)
      BIN_10: 2365.5m (too far)
    Found 3 nearby bins
    Nearby cluster IDs: {0}
    Already in cluster 0
  
  Processing bin BIN_4 (index 3):
    Finding nearby bins within 1400.0m:
      BIN_1: 1072.9m (NEARBY)
        └─ Already in cluster 0
      BIN_2: 2341.0m (too far)
      BIN_3: 1454.5m (too far)
      BIN_5: 1162.6m (NEARBY)
        └─ Already in cluster 0
      BIN_6: 2177.6m (too far)
      BIN_7: 1516.7m (too far)
      BIN_8: 2718.0m (too far)
      BIN_9: 325.5m (NEARBY)
        └─ Already in cluster 0
      BIN_10: 2612.2m (too far)
    Found 3 nearby bins
    Nearby cluster IDs: {0}
    Already in cluster 0
  
  Processing bin BIN_5 (index 4):
    Finding nearby bins within 1400.0m:
      BIN_1: 361.9m (NEARBY)
        └─ Already in cluster 0
      BIN_2: 1705.4m (too far)
      BIN_3: 367.4m (NEARBY)
        └─ Already in cluster 0
      BIN_4: 1162.6m (NEARBY)
        └─ Already in cluster 0
      BIN_6: 1691.3m (too far)
      BIN_7: 623.6m (NEARBY)
        └─ Already in cluster 0
      BIN_8: 1980.6m (too far)
      BIN_9: 1366.3m (NEARBY)
        └─ Already in cluster 0
      BIN_10: 2147.1m (too far)
    Found 5 nearby bins
    Nearby cluster IDs: {0}
    Already in cluster 0
  
  Processing bin BIN_6 (index 5):
    Finding nearby bins within 1400.0m:
      BIN_1: 2042.5m (too far)
      BIN_2: 301.7m (NEARBY)
        └─ Already in cluster 1
      BIN_3: 1925.0m (too far)
      BIN_4: 2177.6m (too far)
      BIN_5: 1691.3m (too far)
      BIN_7: 2251.1m (too far)
      BIN_8: 686.1m (NEARBY)
        └─ Already in cluster 1
      BIN_9: 2102.2m (too far)
      BIN_10: 461.6m (NEARBY)
        └─ Already in cluster 1
    Found 3 nearby bins
    Nearby cluster IDs: {1}
    Already in cluster 1
  
  Processing bin BIN_7 (index 6):
    Finding nearby bins within 1400.0m:
      BIN_1: 453.6m (NEARBY)
        └─ Already in cluster 0
      BIN_2: 2216.1m (too far)
      BIN_3: 327.9m (NEARBY)
        └─ Already in cluster 0
      BIN_4: 1516.7m (too far)
      BIN_5: 623.6m (NEARBY)
        └─ Already in cluster 0
      BIN_6: 2251.1m (too far)
      BIN_8: 2428.6m (too far)
      BIN_9: 1793.2m (too far)
      BIN_10: 2693.1m (too far)
    Found 3 nearby bins
    Nearby cluster IDs: {0}
    Already in cluster 0
  
  Processing bin BIN_8 (index 7):
    Finding nearby bins within 1400.0m:
      BIN_1: 2341.7m (too far)
      BIN_2: 407.7m (NEARBY)
        └─ Already in cluster 1
      BIN_3: 2107.4m (too far)
      BIN_4: 2718.0m (too far)
      BIN_5: 1980.6m (too far)
      BIN_6: 686.1m (NEARBY)
        └─ Already in cluster 1
      BIN_7: 2428.6m (too far)
      BIN_9: 2694.1m (too far)
      BIN_10: 644.4m (NEARBY)
        └─ Already in cluster 1
    Found 3 nearby bins
    Nearby cluster IDs: {1}
    Already in cluster 1
  
  Processing bin BIN_9 (index 8):
    Finding nearby bins within 1400.0m:
      BIN_1: 1341.0m (NEARBY)
        └─ Already in cluster 0
      BIN_2: 2300.3m (too far)
      BIN_3: 1691.7m (too far)
      BIN_4: 325.5m (NEARBY)
        └─ Already in cluster 0
      BIN_5: 1366.3m (NEARBY)
        └─ Already in cluster 0
      BIN_6: 2102.2m (too far)
      BIN_7: 1793.2m (too far)
      BIN_8: 2694.1m (too far)
      BIN_10: 2512.2m (too far)
    Found 3 nearby bins
    Nearby cluster IDs: {0}
    Already in cluster 0
  
  Processing bin BIN_10 (index 9):
    Finding nearby bins within 1400.0m:
      BIN_1: 2500.7m (too far)
      BIN_2: 515.6m (NEARBY)
        └─ Already in cluster 1
      BIN_3: 2365.5m (too far)
      BIN_4: 2612.2m (too far)
      BIN_5: 2147.1m (too far)
      BIN_6: 461.6m (NEARBY)
        └─ Already in cluster 1
      BIN_7: 2693.1m (too far)
      BIN_8: 644.4m (NEARBY)
        └─ Already in cluster 1
      BIN_9: 2512.2m (too far)
    Found 3 nearby bins
    Nearby cluster IDs: {1}
    Already in cluster 1
  Cleaning up duplicate bins:
  Final clustering results: 2 clusters, sizes: [6, 4]
    Final Cluster 0: ['BIN_1', 'BIN_3', 'BIN_4', 'BIN_5', 'BIN_7', 'BIN_9']
    Final Cluster 1: ['BIN_2', 'BIN_6', 'BIN_8', 'BIN_10']

CLUSTERING RESULTS:
  Created 2 clusters
  Cluster 0: 6 bins - ['BIN_1', 'BIN_3', 'BIN_4', 'BIN_5', 'BIN_7', 'BIN_9']
    Internal distances:
      BIN_1 to BIN_3: 421.5m
      BIN_1 to BIN_4: 1072.9m
      BIN_1 to BIN_5: 361.9m
      BIN_1 to BIN_7: 453.6m
      BIN_1 to BIN_9: 1341.0m
      BIN_3 to BIN_4: 1454.5m
      BIN_3 to BIN_5: 367.4m
      BIN_3 to BIN_7: 327.9m
      BIN_3 to BIN_9: 1691.7m
      BIN_4 to BIN_5: 1162.6m
      BIN_4 to BIN_7: 1516.7m
      BIN_4 to BIN_9: 325.5m
      BIN_5 to BIN_7: 623.6m
      BIN_5 to BIN_9: 1366.3m
      BIN_7 to BIN_9: 1793.2m
    Max internal distance: 1793.2m
  Cluster 1: 4 bins - ['BIN_2', 'BIN_6', 'BIN_8', 'BIN_10']
    Internal distances:
      BIN_2 to BIN_6: 301.7m
      BIN_2 to BIN_8: 407.7m
      BIN_2 to BIN_10: 515.6m
      BIN_6 to BIN_8: 686.1m
      BIN_6 to BIN_10: 461.6m
      BIN_8 to BIN_10: 644.4m
    Max internal distance: 686.1m
============================================================
CLUSTERING DEBUG END
============================================================
🎯 Using collection queue priority routing: 1 bins
============================================================
CLUSTERING DEBUG START
============================================================
Input validation:
  bins_data type: <class 'list'>
  bins_data length: 10
  depot_data type: <class 'NoneType'>
  depot_data: None
  First bin structure: {'capacity': 500, 'fillLevel': 0.011666666666666667, 'fillRate': 6, 'id': 'BIN_1', 'lat': 33.613580131572526, 'lng': 73.05981561266454, 'threshold': 80, 'near_threshold_count': 0, 'dynamic_threshold': 50}
  All bin IDs: ['BIN_1', 'BIN_2', 'BIN_3', 'BIN_4', 'BIN_5', 'BIN_6', 'BIN_7', 'BIN_8', 'BIN_9', 'BIN_10']

CALCULATING BIN SERVICE RADIUS:
BIN RADIUS CALCULATION DEBUG:
  depot_data: None
  bins_data length: 10
  No depot data, using default bin radius: 1400m
Final bin service radius: 1400.0m

STARTING PROXIMITY CLUSTERING:
PROXIMITY CLUSTERING DEBUG:
  Bin service radius: 1400.0m
  Processing 10 bins
  All pairwise distances:
    BIN_1 to BIN_2: 2066.1m ✗
    BIN_1 to BIN_3: 421.5m ✓
    BIN_1 to BIN_4: 1072.9m ✓
    BIN_1 to BIN_5: 361.9m ✓
    BIN_1 to BIN_6: 2042.5m ✗
    BIN_1 to BIN_7: 453.6m ✓
    BIN_1 to BIN_8: 2341.7m ✗
    BIN_1 to BIN_9: 1341.0m ✓
    BIN_1 to BIN_10: 2500.7m ✗
    BIN_2 to BIN_3: 1888.5m ✗
    BIN_2 to BIN_4: 2341.0m ✗
    BIN_2 to BIN_5: 1705.4m ✗
    BIN_2 to BIN_6: 301.7m ✓
    BIN_2 to BIN_7: 2216.1m ✗
    BIN_2 to BIN_8: 407.7m ✓
    BIN_2 to BIN_9: 2300.3m ✗
    BIN_2 to BIN_10: 515.6m ✓
    BIN_3 to BIN_4: 1454.5m ✗
    BIN_3 to BIN_5: 367.4m ✓
    BIN_3 to BIN_6: 1925.0m ✗
    BIN_3 to BIN_7: 327.9m ✓
    BIN_3 to BIN_8: 2107.4m ✗
    BIN_3 to BIN_9: 1691.7m ✗
    BIN_3 to BIN_10: 2365.5m ✗
    BIN_4 to BIN_5: 1162.6m ✓
    BIN_4 to BIN_6: 2177.6m ✗
    BIN_4 to BIN_7: 1516.7m ✗
    BIN_4 to BIN_8: 2718.0m ✗
    BIN_4 to BIN_9: 325.5m ✓
    BIN_4 to BIN_10: 2612.2m ✗
    BIN_5 to BIN_6: 1691.3m ✗
    BIN_5 to BIN_7: 623.6m ✓
    BIN_5 to BIN_8: 1980.6m ✗
    BIN_5 to BIN_9: 1366.3m ✓
    BIN_5 to BIN_10: 2147.1m ✗
    BIN_6 to BIN_7: 2251.1m ✗
    BIN_6 to BIN_8: 686.1m ✓
    BIN_6 to BIN_9: 2102.2m ✗
    BIN_6 to BIN_10: 461.6m ✓
    BIN_7 to BIN_8: 2428.6m ✗
    BIN_7 to BIN_9: 1793.2m ✗
    BIN_7 to BIN_10: 2693.1m ✗
    BIN_8 to BIN_9: 2694.1m ✗
    BIN_8 to BIN_10: 644.4m ✓
    BIN_9 to BIN_10: 2512.2m ✗
  Processing bins sequentially:
  
  Processing bin BIN_1 (index 0):
    Finding nearby bins within 1400.0m:
      BIN_2: 2066.1m (too far)
      BIN_3: 421.5m (NEARBY)
      BIN_4: 1072.9m (NEARBY)
      BIN_5: 361.9m (NEARBY)
      BIN_6: 2042.5m (too far)
      BIN_7: 453.6m (NEARBY)
      BIN_8: 2341.7m (too far)
      BIN_9: 1341.0m (NEARBY)
      BIN_10: 2500.7m (too far)
    Found 5 nearby bins
    Nearby cluster IDs: set()
    Creating new cluster 0 with current bin + nearby bins
      Added BIN_1 to cluster 0
      Added BIN_3 to cluster 0
      Added BIN_4 to cluster 0
      Added BIN_5 to cluster 0
      Added BIN_7 to cluster 0
      Added BIN_9 to cluster 0
  
  Processing bin BIN_2 (index 1):
    Finding nearby bins within 1400.0m:
      BIN_1: 2066.1m (too far)
      BIN_3: 1888.5m (too far)
      BIN_4: 2341.0m (too far)
      BIN_5: 1705.4m (too far)
      BIN_6: 301.7m (NEARBY)
      BIN_7: 2216.1m (too far)
      BIN_8: 407.7m (NEARBY)
      BIN_9: 2300.3m (too far)
      BIN_10: 515.6m (NEARBY)
    Found 3 nearby bins
    Nearby cluster IDs: set()
    Creating new cluster 1 with current bin + nearby bins
      Added BIN_2 to cluster 1
      Added BIN_6 to cluster 1
      Added BIN_8 to cluster 1
      Added BIN_10 to cluster 1
  
  Processing bin BIN_3 (index 2):
    Finding nearby bins within 1400.0m:
      BIN_1: 421.5m (NEARBY)
        └─ Already in cluster 0
      BIN_2: 1888.5m (too far)
      BIN_4: 1454.5m (too far)
      BIN_5: 367.4m (NEARBY)
        └─ Already in cluster 0
      BIN_6: 1925.0m (too far)
      BIN_7: 327.9m (NEARBY)
        └─ Already in cluster 0
      BIN_8: 2107.4m (too far)
      BIN_9: 1691.7m (too far)
      BIN_10: 2365.5m (too far)
    Found 3 nearby bins
    Nearby cluster IDs: {0}
    Already in cluster 0
  
  Processing bin BIN_4 (index 3):
    Finding nearby bins within 1400.0m:
      BIN_1: 1072.9m (NEARBY)
        └─ Already in cluster 0
      BIN_2: 2341.0m (too far)
      BIN_3: 1454.5m (too far)
      BIN_5: 1162.6m (NEARBY)
        └─ Already in cluster 0
      BIN_6: 2177.6m (too far)
      BIN_7: 1516.7m (too far)
      BIN_8: 2718.0m (too far)
      BIN_9: 325.5m (NEARBY)
        └─ Already in cluster 0
      BIN_10: 2612.2m (too far)
    Found 3 nearby bins
    Nearby cluster IDs: {0}
    Already in cluster 0
  
  Processing bin BIN_5 (index 4):
    Finding nearby bins within 1400.0m:
      BIN_1: 361.9m (NEARBY)
        └─ Already in cluster 0
      BIN_2: 1705.4m (too far)
      BIN_3: 367.4m (NEARBY)
        └─ Already in cluster 0
      BIN_4: 1162.6m (NEARBY)
        └─ Already in cluster 0
      BIN_6: 1691.3m (too far)
      BIN_7: 623.6m (NEARBY)
        └─ Already in cluster 0
      BIN_8: 1980.6m (too far)
      BIN_9: 1366.3m (NEARBY)
        └─ Already in cluster 0
      BIN_10: 2147.1m (too far)
    Found 5 nearby bins
    Nearby cluster IDs: {0}
    Already in cluster 0
  
  Processing bin BIN_6 (index 5):
    Finding nearby bins within 1400.0m:
      BIN_1: 2042.5m (too far)
      BIN_2: 301.7m (NEARBY)
        └─ Already in cluster 1
      BIN_3: 1925.0m (too far)
      BIN_4: 2177.6m (too far)
      BIN_5: 1691.3m (too far)
      BIN_7: 2251.1m (too far)
      BIN_8: 686.1m (NEARBY)
        └─ Already in cluster 1
      BIN_9: 2102.2m (too far)
      BIN_10: 461.6m (NEARBY)
        └─ Already in cluster 1
    Found 3 nearby bins
    Nearby cluster IDs: {1}
    Already in cluster 1
  
  Processing bin BIN_7 (index 6):
    Finding nearby bins within 1400.0m:
      BIN_1: 453.6m (NEARBY)
        └─ Already in cluster 0
      BIN_2: 2216.1m (too far)
      BIN_3: 327.9m (NEARBY)
        └─ Already in cluster 0
      BIN_4: 1516.7m (too far)
      BIN_5: 623.6m (NEARBY)
        └─ Already in cluster 0
      BIN_6: 2251.1m (too far)
      BIN_8: 2428.6m (too far)
      BIN_9: 1793.2m (too far)
      BIN_10: 2693.1m (too far)
    Found 3 nearby bins
    Nearby cluster IDs: {0}
    Already in cluster 0
  
  Processing bin BIN_8 (index 7):
    Finding nearby bins within 1400.0m:
      BIN_1: 2341.7m (too far)
      BIN_2: 407.7m (NEARBY)
        └─ Already in cluster 1
      BIN_3: 2107.4m (too far)
      BIN_4: 2718.0m (too far)
      BIN_5: 1980.6m (too far)
      BIN_6: 686.1m (NEARBY)
        └─ Already in cluster 1
      BIN_7: 2428.6m (too far)
      BIN_9: 2694.1m (too far)
      BIN_10: 644.4m (NEARBY)
        └─ Already in cluster 1
    Found 3 nearby bins
    Nearby cluster IDs: {1}
    Already in cluster 1
  
  Processing bin BIN_9 (index 8):
    Finding nearby bins within 1400.0m:
      BIN_1: 1341.0m (NEARBY)
        └─ Already in cluster 0
      BIN_2: 2300.3m (too far)
      BIN_3: 1691.7m (too far)
      BIN_4: 325.5m (NEARBY)
        └─ Already in cluster 0
      BIN_5: 1366.3m (NEARBY)
        └─ Already in cluster 0
      BIN_6: 2102.2m (too far)
      BIN_7: 1793.2m (too far)
      BIN_8: 2694.1m (too far)
      BIN_10: 2512.2m (too far)
    Found 3 nearby bins
    Nearby cluster IDs: {0}
    Already in cluster 0
  
  Processing bin BIN_10 (index 9):
    Finding nearby bins within 1400.0m:
      BIN_1: 2500.7m (too far)
      BIN_2: 515.6m (NEARBY)
        └─ Already in cluster 1
      BIN_3: 2365.5m (too far)
      BIN_4: 2612.2m (too far)
      BIN_5: 2147.1m (too far)
      BIN_6: 461.6m (NEARBY)
        └─ Already in cluster 1
      BIN_7: 2693.1m (too far)
      BIN_8: 644.4m (NEARBY)
        └─ Already in cluster 1
      BIN_9: 2512.2m (too far)
    Found 3 nearby bins
    Nearby cluster IDs: {1}
    Already in cluster 1
  Cleaning up duplicate bins:
  Final clustering results: 2 clusters, sizes: [6, 4]
    Final Cluster 0: ['BIN_1', 'BIN_3', 'BIN_4', 'BIN_5', 'BIN_7', 'BIN_9']
    Final Cluster 1: ['BIN_2', 'BIN_6', 'BIN_8', 'BIN_10']

CLUSTERING RESULTS:
  Created 2 clusters
  Cluster 0: 6 bins - ['BIN_1', 'BIN_3', 'BIN_4', 'BIN_5', 'BIN_7', 'BIN_9']
    Internal distances:
      BIN_1 to BIN_3: 421.5m
      BIN_1 to BIN_4: 1072.9m
      BIN_1 to BIN_5: 361.9m
      BIN_1 to BIN_7: 453.6m
      BIN_1 to BIN_9: 1341.0m
      BIN_3 to BIN_4: 1454.5m
      BIN_3 to BIN_5: 367.4m
      BIN_3 to BIN_7: 327.9m
      BIN_3 to BIN_9: 1691.7m
      BIN_4 to BIN_5: 1162.6m
      BIN_4 to BIN_7: 1516.7m
      BIN_4 to BIN_9: 325.5m
      BIN_5 to BIN_7: 623.6m
      BIN_5 to BIN_9: 1366.3m
      BIN_7 to BIN_9: 1793.2m
    Max internal distance: 1793.2m
  Cluster 1: 4 bins - ['BIN_2', 'BIN_6', 'BIN_8', 'BIN_10']
    Internal distances:
      BIN_2 to BIN_6: 301.7m
      BIN_2 to BIN_8: 407.7m
      BIN_2 to BIN_10: 515.6m
      BIN_6 to BIN_8: 686.1m
      BIN_6 to BIN_10: 461.6m
      BIN_8 to BIN_10: 644.4m
    Max internal distance: 686.1m
============================================================
CLUSTERING DEBUG END
============================================================
🎯 Using collection queue priority routing: 1 bins
============================================================
CLUSTERING DEBUG START
============================================================
Input validation:
  bins_data type: <class 'list'>
  bins_data length: 10
  depot_data type: <class 'NoneType'>
  depot_data: None
  First bin structure: {'capacity': 500, 'fillLevel': 0.013333333333333334, 'fillRate': 6, 'id': 'BIN_1', 'lat': 33.613580131572526, 'lng': 73.05981561266454, 'threshold': 80, 'near_threshold_count': 0, 'dynamic_threshold': 50}
  All bin IDs: ['BIN_1', 'BIN_2', 'BIN_3', 'BIN_4', 'BIN_5', 'BIN_6', 'BIN_7', 'BIN_8', 'BIN_9', 'BIN_10']

CALCULATING BIN SERVICE RADIUS:
BIN RADIUS CALCULATION DEBUG:
  depot_data: None
  bins_data length: 10
  No depot data, using default bin radius: 1400m
Final bin service radius: 1400.0m

STARTING PROXIMITY CLUSTERING:
PROXIMITY CLUSTERING DEBUG:
  Bin service radius: 1400.0m
  Processing 10 bins
  All pairwise distances:
    BIN_1 to BIN_2: 2066.1m ✗
    BIN_1 to BIN_3: 421.5m ✓
    BIN_1 to BIN_4: 1072.9m ✓
    BIN_1 to BIN_5: 361.9m ✓
    BIN_1 to BIN_6: 2042.5m ✗
    BIN_1 to BIN_7: 453.6m ✓
    BIN_1 to BIN_8: 2341.7m ✗
    BIN_1 to BIN_9: 1341.0m ✓
    BIN_1 to BIN_10: 2500.7m ✗
    BIN_2 to BIN_3: 1888.5m ✗
    BIN_2 to BIN_4: 2341.0m ✗
    BIN_2 to BIN_5: 1705.4m ✗
    BIN_2 to BIN_6: 301.7m ✓
    BIN_2 to BIN_7: 2216.1m ✗
    BIN_2 to BIN_8: 407.7m ✓
    BIN_2 to BIN_9: 2300.3m ✗
    BIN_2 to BIN_10: 515.6m ✓
    BIN_3 to BIN_4: 1454.5m ✗
    BIN_3 to BIN_5: 367.4m ✓
    BIN_3 to BIN_6: 1925.0m ✗
    BIN_3 to BIN_7: 327.9m ✓
    BIN_3 to BIN_8: 2107.4m ✗
    BIN_3 to BIN_9: 1691.7m ✗
    BIN_3 to BIN_10: 2365.5m ✗
    BIN_4 to BIN_5: 1162.6m ✓
    BIN_4 to BIN_6: 2177.6m ✗
    BIN_4 to BIN_7: 1516.7m ✗
    BIN_4 to BIN_8: 2718.0m ✗
    BIN_4 to BIN_9: 325.5m ✓
    BIN_4 to BIN_10: 2612.2m ✗
    BIN_5 to BIN_6: 1691.3m ✗
    BIN_5 to BIN_7: 623.6m ✓
    BIN_5 to BIN_8: 1980.6m ✗
    BIN_5 to BIN_9: 1366.3m ✓
    BIN_5 to BIN_10: 2147.1m ✗
    BIN_6 to BIN_7: 2251.1m ✗
    BIN_6 to BIN_8: 686.1m ✓
    BIN_6 to BIN_9: 2102.2m ✗
    BIN_6 to BIN_10: 461.6m ✓
    BIN_7 to BIN_8: 2428.6m ✗
    BIN_7 to BIN_9: 1793.2m ✗
    BIN_7 to BIN_10: 2693.1m ✗
    BIN_8 to BIN_9: 2694.1m ✗
    BIN_8 to BIN_10: 644.4m ✓
    BIN_9 to BIN_10: 2512.2m ✗
  Processing bins sequentially:
  
  Processing bin BIN_1 (index 0):
    Finding nearby bins within 1400.0m:
      BIN_2: 2066.1m (too far)
      BIN_3: 421.5m (NEARBY)
      BIN_4: 1072.9m (NEARBY)
      BIN_5: 361.9m (NEARBY)
      BIN_6: 2042.5m (too far)
      BIN_7: 453.6m (NEARBY)
      BIN_8: 2341.7m (too far)
      BIN_9: 1341.0m (NEARBY)
      BIN_10: 2500.7m (too far)
    Found 5 nearby bins
    Nearby cluster IDs: set()
    Creating new cluster 0 with current bin + nearby bins
      Added BIN_1 to cluster 0
      Added BIN_3 to cluster 0
      Added BIN_4 to cluster 0
      Added BIN_5 to cluster 0
      Added BIN_7 to cluster 0
      Added BIN_9 to cluster 0
  
  Processing bin BIN_2 (index 1):
    Finding nearby bins within 1400.0m:
      BIN_1: 2066.1m (too far)
      BIN_3: 1888.5m (too far)
      BIN_4: 2341.0m (too far)
      BIN_5: 1705.4m (too far)
      BIN_6: 301.7m (NEARBY)
      BIN_7: 2216.1m (too far)
      BIN_8: 407.7m (NEARBY)
      BIN_9: 2300.3m (too far)
      BIN_10: 515.6m (NEARBY)
    Found 3 nearby bins
    Nearby cluster IDs: set()
    Creating new cluster 1 with current bin + nearby bins
      Added BIN_2 to cluster 1
      Added BIN_6 to cluster 1
      Added BIN_8 to cluster 1
      Added BIN_10 to cluster 1
  
  Processing bin BIN_3 (index 2):
    Finding nearby bins within 1400.0m:
      BIN_1: 421.5m (NEARBY)
        └─ Already in cluster 0
      BIN_2: 1888.5m (too far)
      BIN_4: 1454.5m (too far)
      BIN_5: 367.4m (NEARBY)
        └─ Already in cluster 0
      BIN_6: 1925.0m (too far)
      BIN_7: 327.9m (NEARBY)
        └─ Already in cluster 0
      BIN_8: 2107.4m (too far)
      BIN_9: 1691.7m (too far)
      BIN_10: 2365.5m (too far)
    Found 3 nearby bins
    Nearby cluster IDs: {0}
    Already in cluster 0
  
  Processing bin BIN_4 (index 3):
    Finding nearby bins within 1400.0m:
      BIN_1: 1072.9m (NEARBY)
        └─ Already in cluster 0
      BIN_2: 2341.0m (too far)
      BIN_3: 1454.5m (too far)
      BIN_5: 1162.6m (NEARBY)
        └─ Already in cluster 0
      BIN_6: 2177.6m (too far)
      BIN_7: 1516.7m (too far)
      BIN_8: 2718.0m (too far)
      BIN_9: 325.5m (NEARBY)
        └─ Already in cluster 0
      BIN_10: 2612.2m (too far)
    Found 3 nearby bins
    Nearby cluster IDs: {0}
    Already in cluster 0
  
  Processing bin BIN_5 (index 4):
    Finding nearby bins within 1400.0m:
      BIN_1: 361.9m (NEARBY)
        └─ Already in cluster 0
      BIN_2: 1705.4m (too far)
      BIN_3: 367.4m (NEARBY)
        └─ Already in cluster 0
      BIN_4: 1162.6m (NEARBY)
        └─ Already in cluster 0
      BIN_6: 1691.3m (too far)
      BIN_7: 623.6m (NEARBY)
        └─ Already in cluster 0
      BIN_8: 1980.6m (too far)
      BIN_9: 1366.3m (NEARBY)
        └─ Already in cluster 0
      BIN_10: 2147.1m (too far)
    Found 5 nearby bins
    Nearby cluster IDs: {0}
    Already in cluster 0
  
  Processing bin BIN_6 (index 5):
    Finding nearby bins within 1400.0m:
      BIN_1: 2042.5m (too far)
      BIN_2: 301.7m (NEARBY)
        └─ Already in cluster 1
      BIN_3: 1925.0m (too far)
      BIN_4: 2177.6m (too far)
      BIN_5: 1691.3m (too far)
      BIN_7: 2251.1m (too far)
      BIN_8: 686.1m (NEARBY)
        └─ Already in cluster 1
      BIN_9: 2102.2m (too far)
      BIN_10: 461.6m (NEARBY)
        └─ Already in cluster 1
    Found 3 nearby bins
    Nearby cluster IDs: {1}
    Already in cluster 1
  
  Processing bin BIN_7 (index 6):
    Finding nearby bins within 1400.0m:
      BIN_1: 453.6m (NEARBY)
        └─ Already in cluster 0
      BIN_2: 2216.1m (too far)
      BIN_3: 327.9m (NEARBY)
        └─ Already in cluster 0
      BIN_4: 1516.7m (too far)
      BIN_5: 623.6m (NEARBY)
        └─ Already in cluster 0
      BIN_6: 2251.1m (too far)
      BIN_8: 2428.6m (too far)
      BIN_9: 1793.2m (too far)
      BIN_10: 2693.1m (too far)
    Found 3 nearby bins
    Nearby cluster IDs: {0}
    Already in cluster 0
  
  Processing bin BIN_8 (index 7):
    Finding nearby bins within 1400.0m:
      BIN_1: 2341.7m (too far)
      BIN_2: 407.7m (NEARBY)
        └─ Already in cluster 1
      BIN_3: 2107.4m (too far)
      BIN_4: 2718.0m (too far)
      BIN_5: 1980.6m (too far)
      BIN_6: 686.1m (NEARBY)
        └─ Already in cluster 1
      BIN_7: 2428.6m (too far)
      BIN_9: 2694.1m (too far)
      BIN_10: 644.4m (NEARBY)
        └─ Already in cluster 1
    Found 3 nearby bins
    Nearby cluster IDs: {1}
    Already in cluster 1
  
  Processing bin BIN_9 (index 8):
    Finding nearby bins within 1400.0m:
      BIN_1: 1341.0m (NEARBY)
        └─ Already in cluster 0
      BIN_2: 2300.3m (too far)
      BIN_3: 1691.7m (too far)
      BIN_4: 325.5m (NEARBY)
        └─ Already in cluster 0
      BIN_5: 1366.3m (NEARBY)
        └─ Already in cluster 0
      BIN_6: 2102.2m (too far)
      BIN_7: 1793.2m (too far)
      BIN_8: 2694.1m (too far)
      BIN_10: 2512.2m (too far)
    Found 3 nearby bins
    Nearby cluster IDs: {0}
    Already in cluster 0
  
  Processing bin BIN_10 (index 9):
    Finding nearby bins within 1400.0m:
      BIN_1: 2500.7m (too far)
      BIN_2: 515.6m (NEARBY)
        └─ Already in cluster 1
      BIN_3: 2365.5m (too far)
      BIN_4: 2612.2m (too far)
      BIN_5: 2147.1m (too far)
      BIN_6: 461.6m (NEARBY)
        └─ Already in cluster 1
      BIN_7: 2693.1m (too far)
      BIN_8: 644.4m (NEARBY)
        └─ Already in cluster 1
      BIN_9: 2512.2m (too far)
    Found 3 nearby bins
    Nearby cluster IDs: {1}
    Already in cluster 1
  Cleaning up duplicate bins:
  Final clustering results: 2 clusters, sizes: [6, 4]
    Final Cluster 0: ['BIN_1', 'BIN_3', 'BIN_4', 'BIN_5', 'BIN_7', 'BIN_9']
    Final Cluster 1: ['BIN_2', 'BIN_6', 'BIN_8', 'BIN_10']

CLUSTERING RESULTS:
  Created 2 clusters
  Cluster 0: 6 bins - ['BIN_1', 'BIN_3', 'BIN_4', 'BIN_5', 'BIN_7', 'BIN_9']
    Internal distances:
      BIN_1 to BIN_3: 421.5m
      BIN_1 to BIN_4: 1072.9m
      BIN_1 to BIN_5: 361.9m
      BIN_1 to BIN_7: 453.6m
      BIN_1 to BIN_9: 1341.0m
      BIN_3 to BIN_4: 1454.5m
      BIN_3 to BIN_5: 367.4m
      BIN_3 to BIN_7: 327.9m
      BIN_3 to BIN_9: 1691.7m
      BIN_4 to BIN_5: 1162.6m
      BIN_4 to BIN_7: 1516.7m
      BIN_4 to BIN_9: 325.5m
      BIN_5 to BIN_7: 623.6m
      BIN_5 to BIN_9: 1366.3m
      BIN_7 to BIN_9: 1793.2m
    Max internal distance: 1793.2m
  Cluster 1: 4 bins - ['BIN_2', 'BIN_6', 'BIN_8', 'BIN_10']
    Internal distances:
      BIN_2 to BIN_6: 301.7m
      BIN_2 to BIN_8: 407.7m
      BIN_2 to BIN_10: 515.6m
      BIN_6 to BIN_8: 686.1m
      BIN_6 to BIN_10: 461.6m
      BIN_8 to BIN_10: 644.4m
    Max internal distance: 686.1m
============================================================
CLUSTERING DEBUG END
============================================================
🎯 Using collection queue priority routing: 1 bins
============================================================
CLUSTERING DEBUG START
============================================================
Input validation:
  bins_data type: <class 'list'>
  bins_data length: 10
  depot_data type: <class 'NoneType'>
  depot_data: None
  First bin structure: {'capacity': 500, 'fillLevel': 0.015000000000000001, 'fillRate': 6, 'id': 'BIN_1', 'lat': 33.613580131572526, 'lng': 73.05981561266454, 'threshold': 80, 'near_threshold_count': 0, 'dynamic_threshold': 50}
  All bin IDs: ['BIN_1', 'BIN_2', 'BIN_3', 'BIN_4', 'BIN_5', 'BIN_6', 'BIN_7', 'BIN_8', 'BIN_9', 'BIN_10']

CALCULATING BIN SERVICE RADIUS:
BIN RADIUS CALCULATION DEBUG:
  depot_data: None
  bins_data length: 10
  No depot data, using default bin radius: 1400m
Final bin service radius: 1400.0m

STARTING PROXIMITY CLUSTERING:
PROXIMITY CLUSTERING DEBUG:
  Bin service radius: 1400.0m
  Processing 10 bins
  All pairwise distances:
    BIN_1 to BIN_2: 2066.1m ✗
    BIN_1 to BIN_3: 421.5m ✓
    BIN_1 to BIN_4: 1072.9m ✓
    BIN_1 to BIN_5: 361.9m ✓
    BIN_1 to BIN_6: 2042.5m ✗
    BIN_1 to BIN_7: 453.6m ✓
    BIN_1 to BIN_8: 2341.7m ✗
    BIN_1 to BIN_9: 1341.0m ✓
    BIN_1 to BIN_10: 2500.7m ✗
    BIN_2 to BIN_3: 1888.5m ✗
    BIN_2 to BIN_4: 2341.0m ✗
    BIN_2 to BIN_5: 1705.4m ✗
    BIN_2 to BIN_6: 301.7m ✓
    BIN_2 to BIN_7: 2216.1m ✗
    BIN_2 to BIN_8: 407.7m ✓
    BIN_2 to BIN_9: 2300.3m ✗
    BIN_2 to BIN_10: 515.6m ✓
    BIN_3 to BIN_4: 1454.5m ✗
    BIN_3 to BIN_5: 367.4m ✓
    BIN_3 to BIN_6: 1925.0m ✗
    BIN_3 to BIN_7: 327.9m ✓
    BIN_3 to BIN_8: 2107.4m ✗
    BIN_3 to BIN_9: 1691.7m ✗
    BIN_3 to BIN_10: 2365.5m ✗
    BIN_4 to BIN_5: 1162.6m ✓
    BIN_4 to BIN_6: 2177.6m ✗
    BIN_4 to BIN_7: 1516.7m ✗
    BIN_4 to BIN_8: 2718.0m ✗
    BIN_4 to BIN_9: 325.5m ✓
    BIN_4 to BIN_10: 2612.2m ✗
    BIN_5 to BIN_6: 1691.3m ✗
    BIN_5 to BIN_7: 623.6m ✓
    BIN_5 to BIN_8: 1980.6m ✗
    BIN_5 to BIN_9: 1366.3m ✓
    BIN_5 to BIN_10: 2147.1m ✗
    BIN_6 to BIN_7: 2251.1m ✗
    BIN_6 to BIN_8: 686.1m ✓
    BIN_6 to BIN_9: 2102.2m ✗
    BIN_6 to BIN_10: 461.6m ✓
    BIN_7 to BIN_8: 2428.6m ✗
    BIN_7 to BIN_9: 1793.2m ✗
    BIN_7 to BIN_10: 2693.1m ✗
    BIN_8 to BIN_9: 2694.1m ✗
    BIN_8 to BIN_10: 644.4m ✓
    BIN_9 to BIN_10: 2512.2m ✗
  Processing bins sequentially:
  
  Processing bin BIN_1 (index 0):
    Finding nearby bins within 1400.0m:
      BIN_2: 2066.1m (too far)
      BIN_3: 421.5m (NEARBY)
      BIN_4: 1072.9m (NEARBY)
      BIN_5: 361.9m (NEARBY)
      BIN_6: 2042.5m (too far)
      BIN_7: 453.6m (NEARBY)
      BIN_8: 2341.7m (too far)
      BIN_9: 1341.0m (NEARBY)
      BIN_10: 2500.7m (too far)
    Found 5 nearby bins
    Nearby cluster IDs: set()
    Creating new cluster 0 with current bin + nearby bins
      Added BIN_1 to cluster 0
      Added BIN_3 to cluster 0
      Added BIN_4 to cluster 0
      Added BIN_5 to cluster 0
      Added BIN_7 to cluster 0
      Added BIN_9 to cluster 0
  
  Processing bin BIN_2 (index 1):
    Finding nearby bins within 1400.0m:
      BIN_1: 2066.1m (too far)
      BIN_3: 1888.5m (too far)
      BIN_4: 2341.0m (too far)
      BIN_5: 1705.4m (too far)
      BIN_6: 301.7m (NEARBY)
      BIN_7: 2216.1m (too far)
      BIN_8: 407.7m (NEARBY)
      BIN_9: 2300.3m (too far)
      BIN_10: 515.6m (NEARBY)
    Found 3 nearby bins
    Nearby cluster IDs: set()
    Creating new cluster 1 with current bin + nearby bins
      Added BIN_2 to cluster 1
      Added BIN_6 to cluster 1
      Added BIN_8 to cluster 1
      Added BIN_10 to cluster 1
  
  Processing bin BIN_3 (index 2):
    Finding nearby bins within 1400.0m:
      BIN_1: 421.5m (NEARBY)
        └─ Already in cluster 0
      BIN_2: 1888.5m (too far)
      BIN_4: 1454.5m (too far)
      BIN_5: 367.4m (NEARBY)
        └─ Already in cluster 0
      BIN_6: 1925.0m (too far)
      BIN_7: 327.9m (NEARBY)
        └─ Already in cluster 0
      BIN_8: 2107.4m (too far)
      BIN_9: 1691.7m (too far)
      BIN_10: 2365.5m (too far)
    Found 3 nearby bins
    Nearby cluster IDs: {0}
    Already in cluster 0
  
  Processing bin BIN_4 (index 3):
    Finding nearby bins within 1400.0m:
      BIN_1: 1072.9m (NEARBY)
        └─ Already in cluster 0
      BIN_2: 2341.0m (too far)
      BIN_3: 1454.5m (too far)
      BIN_5: 1162.6m (NEARBY)
        └─ Already in cluster 0
      BIN_6: 2177.6m (too far)
      BIN_7: 1516.7m (too far)
      BIN_8: 2718.0m (too far)
      BIN_9: 325.5m (NEARBY)
        └─ Already in cluster 0
      BIN_10: 2612.2m (too far)
    Found 3 nearby bins
    Nearby cluster IDs: {0}
    Already in cluster 0
  
  Processing bin BIN_5 (index 4):
    Finding nearby bins within 1400.0m:
      BIN_1: 361.9m (NEARBY)
        └─ Already in cluster 0
      BIN_2: 1705.4m (too far)
      BIN_3: 367.4m (NEARBY)
        └─ Already in cluster 0
      BIN_4: 1162.6m (NEARBY)
        └─ Already in cluster 0
      BIN_6: 1691.3m (too far)
      BIN_7: 623.6m (NEARBY)
        └─ Already in cluster 0
      BIN_8: 1980.6m (too far)
      BIN_9: 1366.3m (NEARBY)
        └─ Already in cluster 0
      BIN_10: 2147.1m (too far)
    Found 5 nearby bins
    Nearby cluster IDs: {0}
    Already in cluster 0
  
  Processing bin BIN_6 (index 5):
    Finding nearby bins within 1400.0m:
      BIN_1: 2042.5m (too far)
      BIN_2: 301.7m (NEARBY)
        └─ Already in cluster 1
      BIN_3: 1925.0m (too far)
      BIN_4: 2177.6m (too far)
      BIN_5: 1691.3m (too far)
      BIN_7: 2251.1m (too far)
      BIN_8: 686.1m (NEARBY)
        └─ Already in cluster 1
      BIN_9: 2102.2m (too far)
      BIN_10: 461.6m (NEARBY)
        └─ Already in cluster 1
    Found 3 nearby bins
    Nearby cluster IDs: {1}
    Already in cluster 1
  
  Processing bin BIN_7 (index 6):
    Finding nearby bins within 1400.0m:
      BIN_1: 453.6m (NEARBY)
        └─ Already in cluster 0
      BIN_2: 2216.1m (too far)
      BIN_3: 327.9m (NEARBY)
        └─ Already in cluster 0
      BIN_4: 1516.7m (too far)
      BIN_5: 623.6m (NEARBY)
        └─ Already in cluster 0
      BIN_6: 2251.1m (too far)
      BIN_8: 2428.6m (too far)
      BIN_9: 1793.2m (too far)
      BIN_10: 2693.1m (too far)
    Found 3 nearby bins
    Nearby cluster IDs: {0}
    Already in cluster 0
  
  Processing bin BIN_8 (index 7):
    Finding nearby bins within 1400.0m:
      BIN_1: 2341.7m (too far)
      BIN_2: 407.7m (NEARBY)
        └─ Already in cluster 1
      BIN_3: 2107.4m (too far)
      BIN_4: 2718.0m (too far)
      BIN_5: 1980.6m (too far)
      BIN_6: 686.1m (NEARBY)
        └─ Already in cluster 1
      BIN_7: 2428.6m (too far)
      BIN_9: 2694.1m (too far)
      BIN_10: 644.4m (NEARBY)
        └─ Already in cluster 1
    Found 3 nearby bins
    Nearby cluster IDs: {1}
    Already in cluster 1
  
  Processing bin BIN_9 (index 8):
    Finding nearby bins within 1400.0m:
      BIN_1: 1341.0m (NEARBY)
        └─ Already in cluster 0
      BIN_2: 2300.3m (too far)
      BIN_3: 1691.7m (too far)
      BIN_4: 325.5m (NEARBY)
        └─ Already in cluster 0
      BIN_5: 1366.3m (NEARBY)
        └─ Already in cluster 0
      BIN_6: 2102.2m (too far)
      BIN_7: 1793.2m (too far)
      BIN_8: 2694.1m (too far)
      BIN_10: 2512.2m (too far)
    Found 3 nearby bins
    Nearby cluster IDs: {0}
    Already in cluster 0
  
  Processing bin BIN_10 (index 9):
    Finding nearby bins within 1400.0m:
      BIN_1: 2500.7m (too far)
      BIN_2: 515.6m (NEARBY)
        └─ Already in cluster 1
      BIN_3: 2365.5m (too far)
      BIN_4: 2612.2m (too far)
      BIN_5: 2147.1m (too far)
      BIN_6: 461.6m (NEARBY)
        └─ Already in cluster 1
      BIN_7: 2693.1m (too far)
      BIN_8: 644.4m (NEARBY)
        └─ Already in cluster 1
      BIN_9: 2512.2m (too far)
    Found 3 nearby bins
    Nearby cluster IDs: {1}
    Already in cluster 1
  Cleaning up duplicate bins:
  Final clustering results: 2 clusters, sizes: [6, 4]
    Final Cluster 0: ['BIN_1', 'BIN_3', 'BIN_4', 'BIN_5', 'BIN_7', 'BIN_9']
    Final Cluster 1: ['BIN_2', 'BIN_6', 'BIN_8', 'BIN_10']

CLUSTERING RESULTS:
  Created 2 clusters
  Cluster 0: 6 bins - ['BIN_1', 'BIN_3', 'BIN_4', 'BIN_5', 'BIN_7', 'BIN_9']
    Internal distances:
      BIN_1 to BIN_3: 421.5m
      BIN_1 to BIN_4: 1072.9m
      BIN_1 to BIN_5: 361.9m
      BIN_1 to BIN_7: 453.6m
      BIN_1 to BIN_9: 1341.0m
      BIN_3 to BIN_4: 1454.5m
      BIN_3 to BIN_5: 367.4m
      BIN_3 to BIN_7: 327.9m
      BIN_3 to BIN_9: 1691.7m
      BIN_4 to BIN_5: 1162.6m
      BIN_4 to BIN_7: 1516.7m
      BIN_4 to BIN_9: 325.5m
      BIN_5 to BIN_7: 623.6m
      BIN_5 to BIN_9: 1366.3m
      BIN_7 to BIN_9: 1793.2m
    Max internal distance: 1793.2m
  Cluster 1: 4 bins - ['BIN_2', 'BIN_6', 'BIN_8', 'BIN_10']
    Internal distances:
      BIN_2 to BIN_6: 301.7m
      BIN_2 to BIN_8: 407.7m
      BIN_2 to BIN_10: 515.6m
      BIN_6 to BIN_8: 686.1m
      BIN_6 to BIN_10: 461.6m
      BIN_8 to BIN_10: 644.4m
    Max internal distance: 686.1m
============================================================
CLUSTERING DEBUG END
============================================================
🎯 Using collection queue priority routing: 1 bins
============================================================
CLUSTERING DEBUG START
============================================================
Input validation:
  bins_data type: <class 'list'>
  bins_data length: 10
  depot_data type: <class 'NoneType'>
  depot_data: None
  First bin structure: {'capacity': 500, 'fillLevel': 0.016666666666666666, 'fillRate': 6, 'id': 'BIN_1', 'lat': 33.613580131572526, 'lng': 73.05981561266454, 'threshold': 80, 'near_threshold_count': 0, 'dynamic_threshold': 50}
  All bin IDs: ['BIN_1', 'BIN_2', 'BIN_3', 'BIN_4', 'BIN_5', 'BIN_6', 'BIN_7', 'BIN_8', 'BIN_9', 'BIN_10']

CALCULATING BIN SERVICE RADIUS:
BIN RADIUS CALCULATION DEBUG:
  depot_data: None
  bins_data length: 10
  No depot data, using default bin radius: 1400m
Final bin service radius: 1400.0m

STARTING PROXIMITY CLUSTERING:
PROXIMITY CLUSTERING DEBUG:
  Bin service radius: 1400.0m
  Processing 10 bins
  All pairwise distances:
    BIN_1 to BIN_2: 2066.1m ✗
    BIN_1 to BIN_3: 421.5m ✓
    BIN_1 to BIN_4: 1072.9m ✓
    BIN_1 to BIN_5: 361.9m ✓
    BIN_1 to BIN_6: 2042.5m ✗
    BIN_1 to BIN_7: 453.6m ✓
    BIN_1 to BIN_8: 2341.7m ✗
    BIN_1 to BIN_9: 1341.0m ✓
    BIN_1 to BIN_10: 2500.7m ✗
    BIN_2 to BIN_3: 1888.5m ✗
    BIN_2 to BIN_4: 2341.0m ✗
    BIN_2 to BIN_5: 1705.4m ✗
    BIN_2 to BIN_6: 301.7m ✓
    BIN_2 to BIN_7: 2216.1m ✗
    BIN_2 to BIN_8: 407.7m ✓
    BIN_2 to BIN_9: 2300.3m ✗
    BIN_2 to BIN_10: 515.6m ✓
    BIN_3 to BIN_4: 1454.5m ✗
    BIN_3 to BIN_5: 367.4m ✓
    BIN_3 to BIN_6: 1925.0m ✗
    BIN_3 to BIN_7: 327.9m ✓
    BIN_3 to BIN_8: 2107.4m ✗
    BIN_3 to BIN_9: 1691.7m ✗
    BIN_3 to BIN_10: 2365.5m ✗
    BIN_4 to BIN_5: 1162.6m ✓
    BIN_4 to BIN_6: 2177.6m ✗
    BIN_4 to BIN_7: 1516.7m ✗
    BIN_4 to BIN_8: 2718.0m ✗
    BIN_4 to BIN_9: 325.5m ✓
    BIN_4 to BIN_10: 2612.2m ✗
    BIN_5 to BIN_6: 1691.3m ✗
    BIN_5 to BIN_7: 623.6m ✓
    BIN_5 to BIN_8: 1980.6m ✗
    BIN_5 to BIN_9: 1366.3m ✓
    BIN_5 to BIN_10: 2147.1m ✗
    BIN_6 to BIN_7: 2251.1m ✗
    BIN_6 to BIN_8: 686.1m ✓
    BIN_6 to BIN_9: 2102.2m ✗
    BIN_6 to BIN_10: 461.6m ✓
    BIN_7 to BIN_8: 2428.6m ✗
    BIN_7 to BIN_9: 1793.2m ✗
    BIN_7 to BIN_10: 2693.1m ✗
    BIN_8 to BIN_9: 2694.1m ✗
    BIN_8 to BIN_10: 644.4m ✓
    BIN_9 to BIN_10: 2512.2m ✗
  Processing bins sequentially:
  
  Processing bin BIN_1 (index 0):
    Finding nearby bins within 1400.0m:
      BIN_2: 2066.1m (too far)
      BIN_3: 421.5m (NEARBY)
      BIN_4: 1072.9m (NEARBY)
      BIN_5: 361.9m (NEARBY)
      BIN_6: 2042.5m (too far)
      BIN_7: 453.6m (NEARBY)
      BIN_8: 2341.7m (too far)
      BIN_9: 1341.0m (NEARBY)
      BIN_10: 2500.7m (too far)
    Found 5 nearby bins
    Nearby cluster IDs: set()
    Creating new cluster 0 with current bin + nearby bins
      Added BIN_1 to cluster 0
      Added BIN_3 to cluster 0
      Added BIN_4 to cluster 0
      Added BIN_5 to cluster 0
      Added BIN_7 to cluster 0
      Added BIN_9 to cluster 0
  
  Processing bin BIN_2 (index 1):
    Finding nearby bins within 1400.0m:
      BIN_1: 2066.1m (too far)
      BIN_3: 1888.5m (too far)
      BIN_4: 2341.0m (too far)
      BIN_5: 1705.4m (too far)
      BIN_6: 301.7m (NEARBY)
      BIN_7: 2216.1m (too far)
      BIN_8: 407.7m (NEARBY)
      BIN_9: 2300.3m (too far)
      BIN_10: 515.6m (NEARBY)
    Found 3 nearby bins
    Nearby cluster IDs: set()
    Creating new cluster 1 with current bin + nearby bins
      Added BIN_2 to cluster 1
      Added BIN_6 to cluster 1
      Added BIN_8 to cluster 1
      Added BIN_10 to cluster 1
  
  Processing bin BIN_3 (index 2):
    Finding nearby bins within 1400.0m:
      BIN_1: 421.5m (NEARBY)
        └─ Already in cluster 0
      BIN_2: 1888.5m (too far)
      BIN_4: 1454.5m (too far)
      BIN_5: 367.4m (NEARBY)
        └─ Already in cluster 0
      BIN_6: 1925.0m (too far)
      BIN_7: 327.9m (NEARBY)
        └─ Already in cluster 0
      BIN_8: 2107.4m (too far)
      BIN_9: 1691.7m (too far)
      BIN_10: 2365.5m (too far)
    Found 3 nearby bins
    Nearby cluster IDs: {0}
    Already in cluster 0
  
  Processing bin BIN_4 (index 3):
    Finding nearby bins within 1400.0m:
      BIN_1: 1072.9m (NEARBY)
        └─ Already in cluster 0
      BIN_2: 2341.0m (too far)
      BIN_3: 1454.5m (too far)
      BIN_5: 1162.6m (NEARBY)
        └─ Already in cluster 0
      BIN_6: 2177.6m (too far)
      BIN_7: 1516.7m (too far)
      BIN_8: 2718.0m (too far)
      BIN_9: 325.5m (NEARBY)
        └─ Already in cluster 0
      BIN_10: 2612.2m (too far)
    Found 3 nearby bins
    Nearby cluster IDs: {0}
    Already in cluster 0
  
  Processing bin BIN_5 (index 4):
    Finding nearby bins within 1400.0m:
      BIN_1: 361.9m (NEARBY)
        └─ Already in cluster 0
      BIN_2: 1705.4m (too far)
      BIN_3: 367.4m (NEARBY)
        └─ Already in cluster 0
      BIN_4: 1162.6m (NEARBY)
        └─ Already in cluster 0
      BIN_6: 1691.3m (too far)
      BIN_7: 623.6m (NEARBY)
        └─ Already in cluster 0
      BIN_8: 1980.6m (too far)
      BIN_9: 1366.3m (NEARBY)
        └─ Already in cluster 0
      BIN_10: 2147.1m (too far)
    Found 5 nearby bins
    Nearby cluster IDs: {0}
    Already in cluster 0
  
  Processing bin BIN_6 (index 5):
    Finding nearby bins within 1400.0m:
      BIN_1: 2042.5m (too far)
      BIN_2: 301.7m (NEARBY)
        └─ Already in cluster 1
      BIN_3: 1925.0m (too far)
      BIN_4: 2177.6m (too far)
      BIN_5: 1691.3m (too far)
      BIN_7: 2251.1m (too far)
      BIN_8: 686.1m (NEARBY)
        └─ Already in cluster 1
      BIN_9: 2102.2m (too far)
      BIN_10: 461.6m (NEARBY)
        └─ Already in cluster 1
    Found 3 nearby bins
    Nearby cluster IDs: {1}
    Already in cluster 1
  
  Processing bin BIN_7 (index 6):
    Finding nearby bins within 1400.0m:
      BIN_1: 453.6m (NEARBY)
        └─ Already in cluster 0
      BIN_2: 2216.1m (too far)
      BIN_3: 327.9m (NEARBY)
        └─ Already in cluster 0
      BIN_4: 1516.7m (too far)
      BIN_5: 623.6m (NEARBY)
        └─ Already in cluster 0
      BIN_6: 2251.1m (too far)
      BIN_8: 2428.6m (too far)
      BIN_9: 1793.2m (too far)
      BIN_10: 2693.1m (too far)
    Found 3 nearby bins
    Nearby cluster IDs: {0}
    Already in cluster 0
  
  Processing bin BIN_8 (index 7):
    Finding nearby bins within 1400.0m:
      BIN_1: 2341.7m (too far)
      BIN_2: 407.7m (NEARBY)
        └─ Already in cluster 1
      BIN_3: 2107.4m (too far)
      BIN_4: 2718.0m (too far)
      BIN_5: 1980.6m (too far)
      BIN_6: 686.1m (NEARBY)
        └─ Already in cluster 1
      BIN_7: 2428.6m (too far)
      BIN_9: 2694.1m (too far)
      BIN_10: 644.4m (NEARBY)
        └─ Already in cluster 1
    Found 3 nearby bins
    Nearby cluster IDs: {1}
    Already in cluster 1
  
  Processing bin BIN_9 (index 8):
    Finding nearby bins within 1400.0m:
      BIN_1: 1341.0m (NEARBY)
        └─ Already in cluster 0
      BIN_2: 2300.3m (too far)
      BIN_3: 1691.7m (too far)
      BIN_4: 325.5m (NEARBY)
        └─ Already in cluster 0
      BIN_5: 1366.3m (NEARBY)
        └─ Already in cluster 0
      BIN_6: 2102.2m (too far)
      BIN_7: 1793.2m (too far)
      BIN_8: 2694.1m (too far)
      BIN_10: 2512.2m (too far)
    Found 3 nearby bins
    Nearby cluster IDs: {0}
    Already in cluster 0
  
  Processing bin BIN_10 (index 9):
    Finding nearby bins within 1400.0m:
      BIN_1: 2500.7m (too far)
      BIN_2: 515.6m (NEARBY)
        └─ Already in cluster 1
      BIN_3: 2365.5m (too far)
      BIN_4: 2612.2m (too far)
      BIN_5: 2147.1m (too far)
      BIN_6: 461.6m (NEARBY)
        └─ Already in cluster 1
      BIN_7: 2693.1m (too far)
      BIN_8: 644.4m (NEARBY)
        └─ Already in cluster 1
      BIN_9: 2512.2m (too far)
    Found 3 nearby bins
    Nearby cluster IDs: {1}
    Already in cluster 1
  Cleaning up duplicate bins:
  Final clustering results: 2 clusters, sizes: [6, 4]
    Final Cluster 0: ['BIN_1', 'BIN_3', 'BIN_4', 'BIN_5', 'BIN_7', 'BIN_9']
    Final Cluster 1: ['BIN_2', 'BIN_6', 'BIN_8', 'BIN_10']

CLUSTERING RESULTS:
  Created 2 clusters
  Cluster 0: 6 bins - ['BIN_1', 'BIN_3', 'BIN_4', 'BIN_5', 'BIN_7', 'BIN_9']
    Internal distances:
      BIN_1 to BIN_3: 421.5m
      BIN_1 to BIN_4: 1072.9m
      BIN_1 to BIN_5: 361.9m
      BIN_1 to BIN_7: 453.6m
      BIN_1 to BIN_9: 1341.0m
      BIN_3 to BIN_4: 1454.5m
      BIN_3 to BIN_5: 367.4m
      BIN_3 to BIN_7: 327.9m
      BIN_3 to BIN_9: 1691.7m
      BIN_4 to BIN_5: 1162.6m
      BIN_4 to BIN_7: 1516.7m
      BIN_4 to BIN_9: 325.5m
      BIN_5 to BIN_7: 623.6m
      BIN_5 to BIN_9: 1366.3m
      BIN_7 to BIN_9: 1793.2m
    Max internal distance: 1793.2m
  Cluster 1: 4 bins - ['BIN_2', 'BIN_6', 'BIN_8', 'BIN_10']
    Internal distances:
      BIN_2 to BIN_6: 301.7m
      BIN_2 to BIN_8: 407.7m
      BIN_2 to BIN_10: 515.6m
      BIN_6 to BIN_8: 686.1m
      BIN_6 to BIN_10: 461.6m
      BIN_8 to BIN_10: 644.4m
    Max internal distance: 686.1m
============================================================
CLUSTERING DEBUG END
============================================================
🎯 Using collection queue priority routing: 1 bins
============================================================
CLUSTERING DEBUG START
============================================================
Input validation:
  bins_data type: <class 'list'>
  bins_data length: 10
  depot_data type: <class 'NoneType'>
  depot_data: None
  First bin structure: {'capacity': 500, 'fillLevel': 0.018333333333333333, 'fillRate': 6, 'id': 'BIN_1', 'lat': 33.613580131572526, 'lng': 73.05981561266454, 'threshold': 80, 'near_threshold_count': 0, 'dynamic_threshold': 50}
  All bin IDs: ['BIN_1', 'BIN_2', 'BIN_3', 'BIN_4', 'BIN_5', 'BIN_6', 'BIN_7', 'BIN_8', 'BIN_9', 'BIN_10']

CALCULATING BIN SERVICE RADIUS:
BIN RADIUS CALCULATION DEBUG:
  depot_data: None
  bins_data length: 10
  No depot data, using default bin radius: 1400m
Final bin service radius: 1400.0m

STARTING PROXIMITY CLUSTERING:
PROXIMITY CLUSTERING DEBUG:
  Bin service radius: 1400.0m
  Processing 10 bins
  All pairwise distances:
    BIN_1 to BIN_2: 2066.1m ✗
    BIN_1 to BIN_3: 421.5m ✓
    BIN_1 to BIN_4: 1072.9m ✓
    BIN_1 to BIN_5: 361.9m ✓
    BIN_1 to BIN_6: 2042.5m ✗
    BIN_1 to BIN_7: 453.6m ✓
    BIN_1 to BIN_8: 2341.7m ✗
    BIN_1 to BIN_9: 1341.0m ✓
    BIN_1 to BIN_10: 2500.7m ✗
    BIN_2 to BIN_3: 1888.5m ✗
    BIN_2 to BIN_4: 2341.0m ✗
    BIN_2 to BIN_5: 1705.4m ✗
    BIN_2 to BIN_6: 301.7m ✓
    BIN_2 to BIN_7: 2216.1m ✗
    BIN_2 to BIN_8: 407.7m ✓
    BIN_2 to BIN_9: 2300.3m ✗
    BIN_2 to BIN_10: 515.6m ✓
    BIN_3 to BIN_4: 1454.5m ✗
    BIN_3 to BIN_5: 367.4m ✓
    BIN_3 to BIN_6: 1925.0m ✗
    BIN_3 to BIN_7: 327.9m ✓
    BIN_3 to BIN_8: 2107.4m ✗
    BIN_3 to BIN_9: 1691.7m ✗
    BIN_3 to BIN_10: 2365.5m ✗
    BIN_4 to BIN_5: 1162.6m ✓
    BIN_4 to BIN_6: 2177.6m ✗
    BIN_4 to BIN_7: 1516.7m ✗
    BIN_4 to BIN_8: 2718.0m ✗
    BIN_4 to BIN_9: 325.5m ✓
    BIN_4 to BIN_10: 2612.2m ✗
    BIN_5 to BIN_6: 1691.3m ✗
    BIN_5 to BIN_7: 623.6m ✓
    BIN_5 to BIN_8: 1980.6m ✗
    BIN_5 to BIN_9: 1366.3m ✓
    BIN_5 to BIN_10: 2147.1m ✗
    BIN_6 to BIN_7: 2251.1m ✗
    BIN_6 to BIN_8: 686.1m ✓
    BIN_6 to BIN_9: 2102.2m ✗
    BIN_6 to BIN_10: 461.6m ✓
    BIN_7 to BIN_8: 2428.6m ✗
    BIN_7 to BIN_9: 1793.2m ✗
    BIN_7 to BIN_10: 2693.1m ✗
    BIN_8 to BIN_9: 2694.1m ✗
    BIN_8 to BIN_10: 644.4m ✓
    BIN_9 to BIN_10: 2512.2m ✗
  Processing bins sequentially:
  
  Processing bin BIN_1 (index 0):
    Finding nearby bins within 1400.0m:
      BIN_2: 2066.1m (too far)
      BIN_3: 421.5m (NEARBY)
      BIN_4: 1072.9m (NEARBY)
      BIN_5: 361.9m (NEARBY)
      BIN_6: 2042.5m (too far)
      BIN_7: 453.6m (NEARBY)
      BIN_8: 2341.7m (too far)
      BIN_9: 1341.0m (NEARBY)
      BIN_10: 2500.7m (too far)
    Found 5 nearby bins
    Nearby cluster IDs: set()
    Creating new cluster 0 with current bin + nearby bins
      Added BIN_1 to cluster 0
      Added BIN_3 to cluster 0
      Added BIN_4 to cluster 0
      Added BIN_5 to cluster 0
      Added BIN_7 to cluster 0
      Added BIN_9 to cluster 0
  
  Processing bin BIN_2 (index 1):
    Finding nearby bins within 1400.0m:
      BIN_1: 2066.1m (too far)
      BIN_3: 1888.5m (too far)
      BIN_4: 2341.0m (too far)
      BIN_5: 1705.4m (too far)
      BIN_6: 301.7m (NEARBY)
      BIN_7: 2216.1m (too far)
      BIN_8: 407.7m (NEARBY)
      BIN_9: 2300.3m (too far)
      BIN_10: 515.6m (NEARBY)
    Found 3 nearby bins
    Nearby cluster IDs: set()
    Creating new cluster 1 with current bin + nearby bins
      Added BIN_2 to cluster 1
      Added BIN_6 to cluster 1
      Added BIN_8 to cluster 1
      Added BIN_10 to cluster 1
  
  Processing bin BIN_3 (index 2):
    Finding nearby bins within 1400.0m:
      BIN_1: 421.5m (NEARBY)
        └─ Already in cluster 0
      BIN_2: 1888.5m (too far)
      BIN_4: 1454.5m (too far)
      BIN_5: 367.4m (NEARBY)
        └─ Already in cluster 0
      BIN_6: 1925.0m (too far)
      BIN_7: 327.9m (NEARBY)
        └─ Already in cluster 0
      BIN_8: 2107.4m (too far)
      BIN_9: 1691.7m (too far)
      BIN_10: 2365.5m (too far)
    Found 3 nearby bins
    Nearby cluster IDs: {0}
    Already in cluster 0
  
  Processing bin BIN_4 (index 3):
    Finding nearby bins within 1400.0m:
      BIN_1: 1072.9m (NEARBY)
        └─ Already in cluster 0
      BIN_2: 2341.0m (too far)
      BIN_3: 1454.5m (too far)
      BIN_5: 1162.6m (NEARBY)
        └─ Already in cluster 0
      BIN_6: 2177.6m (too far)
      BIN_7: 1516.7m (too far)
      BIN_8: 2718.0m (too far)
      BIN_9: 325.5m (NEARBY)
        └─ Already in cluster 0
      BIN_10: 2612.2m (too far)
    Found 3 nearby bins
    Nearby cluster IDs: {0}
    Already in cluster 0
  
  Processing bin BIN_5 (index 4):
    Finding nearby bins within 1400.0m:
      BIN_1: 361.9m (NEARBY)
        └─ Already in cluster 0
      BIN_2: 1705.4m (too far)
      BIN_3: 367.4m (NEARBY)
        └─ Already in cluster 0
      BIN_4: 1162.6m (NEARBY)
        └─ Already in cluster 0
      BIN_6: 1691.3m (too far)
      BIN_7: 623.6m (NEARBY)
        └─ Already in cluster 0
      BIN_8: 1980.6m (too far)
      BIN_9: 1366.3m (NEARBY)
        └─ Already in cluster 0
      BIN_10: 2147.1m (too far)
    Found 5 nearby bins
    Nearby cluster IDs: {0}
    Already in cluster 0
  
  Processing bin BIN_6 (index 5):
    Finding nearby bins within 1400.0m:
      BIN_1: 2042.5m (too far)
      BIN_2: 301.7m (NEARBY)
        └─ Already in cluster 1
      BIN_3: 1925.0m (too far)
      BIN_4: 2177.6m (too far)
      BIN_5: 1691.3m (too far)
      BIN_7: 2251.1m (too far)
      BIN_8: 686.1m (NEARBY)
        └─ Already in cluster 1
      BIN_9: 2102.2m (too far)
      BIN_10: 461.6m (NEARBY)
        └─ Already in cluster 1
    Found 3 nearby bins
    Nearby cluster IDs: {1}
    Already in cluster 1
  
  Processing bin BIN_7 (index 6):
    Finding nearby bins within 1400.0m:
      BIN_1: 453.6m (NEARBY)
        └─ Already in cluster 0
      BIN_2: 2216.1m (too far)
      BIN_3: 327.9m (NEARBY)
        └─ Already in cluster 0
      BIN_4: 1516.7m (too far)
      BIN_5: 623.6m (NEARBY)
        └─ Already in cluster 0
      BIN_6: 2251.1m (too far)
      BIN_8: 2428.6m (too far)
      BIN_9: 1793.2m (too far)
      BIN_10: 2693.1m (too far)
    Found 3 nearby bins
    Nearby cluster IDs: {0}
    Already in cluster 0
  
  Processing bin BIN_8 (index 7):
    Finding nearby bins within 1400.0m:
      BIN_1: 2341.7m (too far)
      BIN_2: 407.7m (NEARBY)
        └─ Already in cluster 1
      BIN_3: 2107.4m (too far)
      BIN_4: 2718.0m (too far)
      BIN_5: 1980.6m (too far)
      BIN_6: 686.1m (NEARBY)
        └─ Already in cluster 1
      BIN_7: 2428.6m (too far)
      BIN_9: 2694.1m (too far)
      BIN_10: 644.4m (NEARBY)
        └─ Already in cluster 1
    Found 3 nearby bins
    Nearby cluster IDs: {1}
    Already in cluster 1
  
  Processing bin BIN_9 (index 8):
    Finding nearby bins within 1400.0m:
      BIN_1: 1341.0m (NEARBY)
        └─ Already in cluster 0
      BIN_2: 2300.3m (too far)
      BIN_3: 1691.7m (too far)
      BIN_4: 325.5m (NEARBY)
        └─ Already in cluster 0
      BIN_5: 1366.3m (NEARBY)
        └─ Already in cluster 0
      BIN_6: 2102.2m (too far)
      BIN_7: 1793.2m (too far)
      BIN_8: 2694.1m (too far)
      BIN_10: 2512.2m (too far)
    Found 3 nearby bins
    Nearby cluster IDs: {0}
    Already in cluster 0
  
  Processing bin BIN_10 (index 9):
    Finding nearby bins within 1400.0m:
      BIN_1: 2500.7m (too far)
      BIN_2: 515.6m (NEARBY)
        └─ Already in cluster 1
      BIN_3: 2365.5m (too far)
      BIN_4: 2612.2m (too far)
      BIN_5: 2147.1m (too far)
      BIN_6: 461.6m (NEARBY)
        └─ Already in cluster 1
      BIN_7: 2693.1m (too far)
      BIN_8: 644.4m (NEARBY)
        └─ Already in cluster 1
      BIN_9: 2512.2m (too far)
    Found 3 nearby bins
    Nearby cluster IDs: {1}
    Already in cluster 1
  Cleaning up duplicate bins:
  Final clustering results: 2 clusters, sizes: [6, 4]
    Final Cluster 0: ['BIN_1', 'BIN_3', 'BIN_4', 'BIN_5', 'BIN_7', 'BIN_9']
    Final Cluster 1: ['BIN_2', 'BIN_6', 'BIN_8', 'BIN_10']

CLUSTERING RESULTS:
  Created 2 clusters
  Cluster 0: 6 bins - ['BIN_1', 'BIN_3', 'BIN_4', 'BIN_5', 'BIN_7', 'BIN_9']
    Internal distances:
      BIN_1 to BIN_3: 421.5m
      BIN_1 to BIN_4: 1072.9m
      BIN_1 to BIN_5: 361.9m
      BIN_1 to BIN_7: 453.6m
      BIN_1 to BIN_9: 1341.0m
      BIN_3 to BIN_4: 1454.5m
      BIN_3 to BIN_5: 367.4m
      BIN_3 to BIN_7: 327.9m
      BIN_3 to BIN_9: 1691.7m
      BIN_4 to BIN_5: 1162.6m
      BIN_4 to BIN_7: 1516.7m
      BIN_4 to BIN_9: 325.5m
      BIN_5 to BIN_7: 623.6m
      BIN_5 to BIN_9: 1366.3m
      BIN_7 to BIN_9: 1793.2m
    Max internal distance: 1793.2m
  Cluster 1: 4 bins - ['BIN_2', 'BIN_6', 'BIN_8', 'BIN_10']
    Internal distances:
      BIN_2 to BIN_6: 301.7m
      BIN_2 to BIN_8: 407.7m
      BIN_2 to BIN_10: 515.6m
      BIN_6 to BIN_8: 686.1m
      BIN_6 to BIN_10: 461.6m
      BIN_8 to BIN_10: 644.4m
    Max internal distance: 686.1m
============================================================
CLUSTERING DEBUG END
============================================================
🎯 Using collection queue priority routing: 1 bins
============================================================
CLUSTERING DEBUG START
============================================================
Input validation:
  bins_data type: <class 'list'>
  bins_data length: 10
  depot_data type: <class 'NoneType'>
  depot_data: None
  First bin structure: {'capacity': 500, 'fillLevel': 0.02, 'fillRate': 6, 'id': 'BIN_1', 'lat': 33.613580131572526, 'lng': 73.05981561266454, 'threshold': 80, 'near_threshold_count': 0, 'dynamic_threshold': 50}
  All bin IDs: ['BIN_1', 'BIN_2', 'BIN_3', 'BIN_4', 'BIN_5', 'BIN_6', 'BIN_7', 'BIN_8', 'BIN_9', 'BIN_10']

CALCULATING BIN SERVICE RADIUS:
BIN RADIUS CALCULATION DEBUG:
  depot_data: None
  bins_data length: 10
  No depot data, using default bin radius: 1400m
Final bin service radius: 1400.0m

STARTING PROXIMITY CLUSTERING:
PROXIMITY CLUSTERING DEBUG:
  Bin service radius: 1400.0m
  Processing 10 bins
  All pairwise distances:
    BIN_1 to BIN_2: 2066.1m ✗
    BIN_1 to BIN_3: 421.5m ✓
    BIN_1 to BIN_4: 1072.9m ✓
    BIN_1 to BIN_5: 361.9m ✓
    BIN_1 to BIN_6: 2042.5m ✗
    BIN_1 to BIN_7: 453.6m ✓
    BIN_1 to BIN_8: 2341.7m ✗
    BIN_1 to BIN_9: 1341.0m ✓
    BIN_1 to BIN_10: 2500.7m ✗
    BIN_2 to BIN_3: 1888.5m ✗
    BIN_2 to BIN_4: 2341.0m ✗
    BIN_2 to BIN_5: 1705.4m ✗
    BIN_2 to BIN_6: 301.7m ✓
    BIN_2 to BIN_7: 2216.1m ✗
    BIN_2 to BIN_8: 407.7m ✓
    BIN_2 to BIN_9: 2300.3m ✗
    BIN_2 to BIN_10: 515.6m ✓
    BIN_3 to BIN_4: 1454.5m ✗
    BIN_3 to BIN_5: 367.4m ✓
    BIN_3 to BIN_6: 1925.0m ✗
    BIN_3 to BIN_7: 327.9m ✓
    BIN_3 to BIN_8: 2107.4m ✗
    BIN_3 to BIN_9: 1691.7m ✗
    BIN_3 to BIN_10: 2365.5m ✗
    BIN_4 to BIN_5: 1162.6m ✓
    BIN_4 to BIN_6: 2177.6m ✗
    BIN_4 to BIN_7: 1516.7m ✗
    BIN_4 to BIN_8: 2718.0m ✗
    BIN_4 to BIN_9: 325.5m ✓
    BIN_4 to BIN_10: 2612.2m ✗
    BIN_5 to BIN_6: 1691.3m ✗
    BIN_5 to BIN_7: 623.6m ✓
    BIN_5 to BIN_8: 1980.6m ✗
    BIN_5 to BIN_9: 1366.3m ✓
    BIN_5 to BIN_10: 2147.1m ✗
    BIN_6 to BIN_7: 2251.1m ✗
    BIN_6 to BIN_8: 686.1m ✓
    BIN_6 to BIN_9: 2102.2m ✗
    BIN_6 to BIN_10: 461.6m ✓
    BIN_7 to BIN_8: 2428.6m ✗
    BIN_7 to BIN_9: 1793.2m ✗
    BIN_7 to BIN_10: 2693.1m ✗
    BIN_8 to BIN_9: 2694.1m ✗
    BIN_8 to BIN_10: 644.4m ✓
    BIN_9 to BIN_10: 2512.2m ✗
  Processing bins sequentially:
  
  Processing bin BIN_1 (index 0):
    Finding nearby bins within 1400.0m:
      BIN_2: 2066.1m (too far)
      BIN_3: 421.5m (NEARBY)
      BIN_4: 1072.9m (NEARBY)
      BIN_5: 361.9m (NEARBY)
      BIN_6: 2042.5m (too far)
      BIN_7: 453.6m (NEARBY)
      BIN_8: 2341.7m (too far)
      BIN_9: 1341.0m (NEARBY)
      BIN_10: 2500.7m (too far)
    Found 5 nearby bins
    Nearby cluster IDs: set()
    Creating new cluster 0 with current bin + nearby bins
      Added BIN_1 to cluster 0
      Added BIN_3 to cluster 0
      Added BIN_4 to cluster 0
      Added BIN_5 to cluster 0
      Added BIN_7 to cluster 0
      Added BIN_9 to cluster 0
  
  Processing bin BIN_2 (index 1):
    Finding nearby bins within 1400.0m:
      BIN_1: 2066.1m (too far)
      BIN_3: 1888.5m (too far)
      BIN_4: 2341.0m (too far)
      BIN_5: 1705.4m (too far)
      BIN_6: 301.7m (NEARBY)
      BIN_7: 2216.1m (too far)
      BIN_8: 407.7m (NEARBY)
      BIN_9: 2300.3m (too far)
      BIN_10: 515.6m (NEARBY)
    Found 3 nearby bins
    Nearby cluster IDs: set()
    Creating new cluster 1 with current bin + nearby bins
      Added BIN_2 to cluster 1
      Added BIN_6 to cluster 1
      Added BIN_8 to cluster 1
      Added BIN_10 to cluster 1
  
  Processing bin BIN_3 (index 2):
    Finding nearby bins within 1400.0m:
      BIN_1: 421.5m (NEARBY)
        └─ Already in cluster 0
      BIN_2: 1888.5m (too far)
      BIN_4: 1454.5m (too far)
      BIN_5: 367.4m (NEARBY)
        └─ Already in cluster 0
      BIN_6: 1925.0m (too far)
      BIN_7: 327.9m (NEARBY)
        └─ Already in cluster 0
      BIN_8: 2107.4m (too far)
      BIN_9: 1691.7m (too far)
      BIN_10: 2365.5m (too far)
    Found 3 nearby bins
    Nearby cluster IDs: {0}
    Already in cluster 0
  
  Processing bin BIN_4 (index 3):
    Finding nearby bins within 1400.0m:
      BIN_1: 1072.9m (NEARBY)
        └─ Already in cluster 0
      BIN_2: 2341.0m (too far)
      BIN_3: 1454.5m (too far)
      BIN_5: 1162.6m (NEARBY)
        └─ Already in cluster 0
      BIN_6: 2177.6m (too far)
      BIN_7: 1516.7m (too far)
      BIN_8: 2718.0m (too far)
      BIN_9: 325.5m (NEARBY)
        └─ Already in cluster 0
      BIN_10: 2612.2m (too far)
    Found 3 nearby bins
    Nearby cluster IDs: {0}
    Already in cluster 0
  
  Processing bin BIN_5 (index 4):
    Finding nearby bins within 1400.0m:
      BIN_1: 361.9m (NEARBY)
        └─ Already in cluster 0
      BIN_2: 1705.4m (too far)
      BIN_3: 367.4m (NEARBY)
        └─ Already in cluster 0
      BIN_4: 1162.6m (NEARBY)
        └─ Already in cluster 0
      BIN_6: 1691.3m (too far)
      BIN_7: 623.6m (NEARBY)
        └─ Already in cluster 0
      BIN_8: 1980.6m (too far)
      BIN_9: 1366.3m (NEARBY)
        └─ Already in cluster 0
      BIN_10: 2147.1m (too far)
    Found 5 nearby bins
    Nearby cluster IDs: {0}
    Already in cluster 0
  
  Processing bin BIN_6 (index 5):
    Finding nearby bins within 1400.0m:
      BIN_1: 2042.5m (too far)
      BIN_2: 301.7m (NEARBY)
        └─ Already in cluster 1
      BIN_3: 1925.0m (too far)
      BIN_4: 2177.6m (too far)
      BIN_5: 1691.3m (too far)
      BIN_7: 2251.1m (too far)
      BIN_8: 686.1m (NEARBY)
        └─ Already in cluster 1
      BIN_9: 2102.2m (too far)
      BIN_10: 461.6m (NEARBY)
        └─ Already in cluster 1
    Found 3 nearby bins
    Nearby cluster IDs: {1}
    Already in cluster 1
  
  Processing bin BIN_7 (index 6):
    Finding nearby bins within 1400.0m:
      BIN_1: 453.6m (NEARBY)
        └─ Already in cluster 0
      BIN_2: 2216.1m (too far)
      BIN_3: 327.9m (NEARBY)
        └─ Already in cluster 0
      BIN_4: 1516.7m (too far)
      BIN_5: 623.6m (NEARBY)
        └─ Already in cluster 0
      BIN_6: 2251.1m (too far)
      BIN_8: 2428.6m (too far)
      BIN_9: 1793.2m (too far)
      BIN_10: 2693.1m (too far)
    Found 3 nearby bins
    Nearby cluster IDs: {0}
    Already in cluster 0
  
  Processing bin BIN_8 (index 7):
    Finding nearby bins within 1400.0m:
      BIN_1: 2341.7m (too far)
      BIN_2: 407.7m (NEARBY)
        └─ Already in cluster 1
      BIN_3: 2107.4m (too far)
      BIN_4: 2718.0m (too far)
      BIN_5: 1980.6m (too far)
      BIN_6: 686.1m (NEARBY)
        └─ Already in cluster 1
      BIN_7: 2428.6m (too far)
      BIN_9: 2694.1m (too far)
      BIN_10: 644.4m (NEARBY)
        └─ Already in cluster 1
    Found 3 nearby bins
    Nearby cluster IDs: {1}
    Already in cluster 1
  
  Processing bin BIN_9 (index 8):
    Finding nearby bins within 1400.0m:
      BIN_1: 1341.0m (NEARBY)
        └─ Already in cluster 0
      BIN_2: 2300.3m (too far)
      BIN_3: 1691.7m (too far)
      BIN_4: 325.5m (NEARBY)
        └─ Already in cluster 0
      BIN_5: 1366.3m (NEARBY)
        └─ Already in cluster 0
      BIN_6: 2102.2m (too far)
      BIN_7: 1793.2m (too far)
      BIN_8: 2694.1m (too far)
      BIN_10: 2512.2m (too far)
    Found 3 nearby bins
    Nearby cluster IDs: {0}
    Already in cluster 0
  
  Processing bin BIN_10 (index 9):
    Finding nearby bins within 1400.0m:
      BIN_1: 2500.7m (too far)
      BIN_2: 515.6m (NEARBY)
        └─ Already in cluster 1
      BIN_3: 2365.5m (too far)
      BIN_4: 2612.2m (too far)
      BIN_5: 2147.1m (too far)
      BIN_6: 461.6m (NEARBY)
        └─ Already in cluster 1
      BIN_7: 2693.1m (too far)
      BIN_8: 644.4m (NEARBY)
        └─ Already in cluster 1
      BIN_9: 2512.2m (too far)
    Found 3 nearby bins
    Nearby cluster IDs: {1}
    Already in cluster 1
  Cleaning up duplicate bins:
  Final clustering results: 2 clusters, sizes: [6, 4]
    Final Cluster 0: ['BIN_1', 'BIN_3', 'BIN_4', 'BIN_5', 'BIN_7', 'BIN_9']
    Final Cluster 1: ['BIN_2', 'BIN_6', 'BIN_8', 'BIN_10']

CLUSTERING RESULTS:
  Created 2 clusters
  Cluster 0: 6 bins - ['BIN_1', 'BIN_3', 'BIN_4', 'BIN_5', 'BIN_7', 'BIN_9']
    Internal distances:
      BIN_1 to BIN_3: 421.5m
      BIN_1 to BIN_4: 1072.9m
      BIN_1 to BIN_5: 361.9m
      BIN_1 to BIN_7: 453.6m
      BIN_1 to BIN_9: 1341.0m
      BIN_3 to BIN_4: 1454.5m
      BIN_3 to BIN_5: 367.4m
      BIN_3 to BIN_7: 327.9m
      BIN_3 to BIN_9: 1691.7m
      BIN_4 to BIN_5: 1162.6m
      BIN_4 to BIN_7: 1516.7m
      BIN_4 to BIN_9: 325.5m
      BIN_5 to BIN_7: 623.6m
      BIN_5 to BIN_9: 1366.3m
      BIN_7 to BIN_9: 1793.2m
    Max internal distance: 1793.2m
  Cluster 1: 4 bins - ['BIN_2', 'BIN_6', 'BIN_8', 'BIN_10']
    Internal distances:
      BIN_2 to BIN_6: 301.7m
      BIN_2 to BIN_8: 407.7m
      BIN_2 to BIN_10: 515.6m
      BIN_6 to BIN_8: 686.1m
      BIN_6 to BIN_10: 461.6m
      BIN_8 to BIN_10: 644.4m
    Max internal distance: 686.1m
============================================================
CLUSTERING DEBUG END
============================================================
🎯 Using collection queue priority routing: 1 bins
============================================================
CLUSTERING DEBUG START
============================================================
Input validation:
  bins_data type: <class 'list'>
  bins_data length: 10
  depot_data type: <class 'NoneType'>
  depot_data: None
  First bin structure: {'capacity': 500, 'fillLevel': 0.021666666666666667, 'fillRate': 6, 'id': 'BIN_1', 'lat': 33.613580131572526, 'lng': 73.05981561266454, 'threshold': 80, 'near_threshold_count': 0, 'dynamic_threshold': 50}
  All bin IDs: ['BIN_1', 'BIN_2', 'BIN_3', 'BIN_4', 'BIN_5', 'BIN_6', 'BIN_7', 'BIN_8', 'BIN_9', 'BIN_10']

CALCULATING BIN SERVICE RADIUS:
BIN RADIUS CALCULATION DEBUG:
  depot_data: None
  bins_data length: 10
  No depot data, using default bin radius: 1400m
Final bin service radius: 1400.0m

STARTING PROXIMITY CLUSTERING:
PROXIMITY CLUSTERING DEBUG:
  Bin service radius: 1400.0m
  Processing 10 bins
  All pairwise distances:
    BIN_1 to BIN_2: 2066.1m ✗
    BIN_1 to BIN_3: 421.5m ✓
    BIN_1 to BIN_4: 1072.9m ✓
    BIN_1 to BIN_5: 361.9m ✓
    BIN_1 to BIN_6: 2042.5m ✗
    BIN_1 to BIN_7: 453.6m ✓
    BIN_1 to BIN_8: 2341.7m ✗
    BIN_1 to BIN_9: 1341.0m ✓
    BIN_1 to BIN_10: 2500.7m ✗
    BIN_2 to BIN_3: 1888.5m ✗
    BIN_2 to BIN_4: 2341.0m ✗
    BIN_2 to BIN_5: 1705.4m ✗
    BIN_2 to BIN_6: 301.7m ✓
    BIN_2 to BIN_7: 2216.1m ✗
    BIN_2 to BIN_8: 407.7m ✓
    BIN_2 to BIN_9: 2300.3m ✗
    BIN_2 to BIN_10: 515.6m ✓
    BIN_3 to BIN_4: 1454.5m ✗
    BIN_3 to BIN_5: 367.4m ✓
    BIN_3 to BIN_6: 1925.0m ✗
    BIN_3 to BIN_7: 327.9m ✓
    BIN_3 to BIN_8: 2107.4m ✗
    BIN_3 to BIN_9: 1691.7m ✗
    BIN_3 to BIN_10: 2365.5m ✗
    BIN_4 to BIN_5: 1162.6m ✓
    BIN_4 to BIN_6: 2177.6m ✗
    BIN_4 to BIN_7: 1516.7m ✗
    BIN_4 to BIN_8: 2718.0m ✗
    BIN_4 to BIN_9: 325.5m ✓
    BIN_4 to BIN_10: 2612.2m ✗
    BIN_5 to BIN_6: 1691.3m ✗
    BIN_5 to BIN_7: 623.6m ✓
    BIN_5 to BIN_8: 1980.6m ✗
    BIN_5 to BIN_9: 1366.3m ✓
    BIN_5 to BIN_10: 2147.1m ✗
    BIN_6 to BIN_7: 2251.1m ✗
    BIN_6 to BIN_8: 686.1m ✓
    BIN_6 to BIN_9: 2102.2m ✗
    BIN_6 to BIN_10: 461.6m ✓
    BIN_7 to BIN_8: 2428.6m ✗
    BIN_7 to BIN_9: 1793.2m ✗
    BIN_7 to BIN_10: 2693.1m ✗
    BIN_8 to BIN_9: 2694.1m ✗
    BIN_8 to BIN_10: 644.4m ✓
    BIN_9 to BIN_10: 2512.2m ✗
  Processing bins sequentially:
  
  Processing bin BIN_1 (index 0):
    Finding nearby bins within 1400.0m:
      BIN_2: 2066.1m (too far)
      BIN_3: 421.5m (NEARBY)
      BIN_4: 1072.9m (NEARBY)
      BIN_5: 361.9m (NEARBY)
      BIN_6: 2042.5m (too far)
      BIN_7: 453.6m (NEARBY)
      BIN_8: 2341.7m (too far)
      BIN_9: 1341.0m (NEARBY)
      BIN_10: 2500.7m (too far)
    Found 5 nearby bins
    Nearby cluster IDs: set()
    Creating new cluster 0 with current bin + nearby bins
      Added BIN_1 to cluster 0
      Added BIN_3 to cluster 0
      Added BIN_4 to cluster 0
      Added BIN_5 to cluster 0
      Added BIN_7 to cluster 0
      Added BIN_9 to cluster 0
  
  Processing bin BIN_2 (index 1):
    Finding nearby bins within 1400.0m:
      BIN_1: 2066.1m (too far)
      BIN_3: 1888.5m (too far)
      BIN_4: 2341.0m (too far)
      BIN_5: 1705.4m (too far)
      BIN_6: 301.7m (NEARBY)
      BIN_7: 2216.1m (too far)
      BIN_8: 407.7m (NEARBY)
      BIN_9: 2300.3m (too far)
      BIN_10: 515.6m (NEARBY)
    Found 3 nearby bins
    Nearby cluster IDs: set()
    Creating new cluster 1 with current bin + nearby bins
      Added BIN_2 to cluster 1
      Added BIN_6 to cluster 1
      Added BIN_8 to cluster 1
      Added BIN_10 to cluster 1
  
  Processing bin BIN_3 (index 2):
    Finding nearby bins within 1400.0m:
      BIN_1: 421.5m (NEARBY)
        └─ Already in cluster 0
      BIN_2: 1888.5m (too far)
      BIN_4: 1454.5m (too far)
      BIN_5: 367.4m (NEARBY)
        └─ Already in cluster 0
      BIN_6: 1925.0m (too far)
      BIN_7: 327.9m (NEARBY)
        └─ Already in cluster 0
      BIN_8: 2107.4m (too far)
      BIN_9: 1691.7m (too far)
      BIN_10: 2365.5m (too far)
    Found 3 nearby bins
    Nearby cluster IDs: {0}
    Already in cluster 0
  
  Processing bin BIN_4 (index 3):
    Finding nearby bins within 1400.0m:
      BIN_1: 1072.9m (NEARBY)
        └─ Already in cluster 0
      BIN_2: 2341.0m (too far)
      BIN_3: 1454.5m (too far)
      BIN_5: 1162.6m (NEARBY)
        └─ Already in cluster 0
      BIN_6: 2177.6m (too far)
      BIN_7: 1516.7m (too far)
      BIN_8: 2718.0m (too far)
      BIN_9: 325.5m (NEARBY)
        └─ Already in cluster 0
      BIN_10: 2612.2m (too far)
    Found 3 nearby bins
    Nearby cluster IDs: {0}
    Already in cluster 0
  
  Processing bin BIN_5 (index 4):
    Finding nearby bins within 1400.0m:
      BIN_1: 361.9m (NEARBY)
        └─ Already in cluster 0
      BIN_2: 1705.4m (too far)
      BIN_3: 367.4m (NEARBY)
        └─ Already in cluster 0
      BIN_4: 1162.6m (NEARBY)
        └─ Already in cluster 0
      BIN_6: 1691.3m (too far)
      BIN_7: 623.6m (NEARBY)
        └─ Already in cluster 0
      BIN_8: 1980.6m (too far)
      BIN_9: 1366.3m (NEARBY)
        └─ Already in cluster 0
      BIN_10: 2147.1m (too far)
    Found 5 nearby bins
    Nearby cluster IDs: {0}
    Already in cluster 0
  
  Processing bin BIN_6 (index 5):
    Finding nearby bins within 1400.0m:
      BIN_1: 2042.5m (too far)
      BIN_2: 301.7m (NEARBY)
        └─ Already in cluster 1
      BIN_3: 1925.0m (too far)
      BIN_4: 2177.6m (too far)
      BIN_5: 1691.3m (too far)
      BIN_7: 2251.1m (too far)
      BIN_8: 686.1m (NEARBY)
        └─ Already in cluster 1
      BIN_9: 2102.2m (too far)
      BIN_10: 461.6m (NEARBY)
        └─ Already in cluster 1
    Found 3 nearby bins
    Nearby cluster IDs: {1}
    Already in cluster 1
  
  Processing bin BIN_7 (index 6):
    Finding nearby bins within 1400.0m:
      BIN_1: 453.6m (NEARBY)
        └─ Already in cluster 0
      BIN_2: 2216.1m (too far)
      BIN_3: 327.9m (NEARBY)
        └─ Already in cluster 0
      BIN_4: 1516.7m (too far)
      BIN_5: 623.6m (NEARBY)
        └─ Already in cluster 0
      BIN_6: 2251.1m (too far)
      BIN_8: 2428.6m (too far)
      BIN_9: 1793.2m (too far)
      BIN_10: 2693.1m (too far)
    Found 3 nearby bins
    Nearby cluster IDs: {0}
    Already in cluster 0
  
  Processing bin BIN_8 (index 7):
    Finding nearby bins within 1400.0m:
      BIN_1: 2341.7m (too far)
      BIN_2: 407.7m (NEARBY)
        └─ Already in cluster 1
      BIN_3: 2107.4m (too far)
      BIN_4: 2718.0m (too far)
      BIN_5: 1980.6m (too far)
      BIN_6: 686.1m (NEARBY)
        └─ Already in cluster 1
      BIN_7: 2428.6m (too far)
      BIN_9: 2694.1m (too far)
      BIN_10: 644.4m (NEARBY)
        └─ Already in cluster 1
    Found 3 nearby bins
    Nearby cluster IDs: {1}
    Already in cluster 1
  
  Processing bin BIN_9 (index 8):
    Finding nearby bins within 1400.0m:
      BIN_1: 1341.0m (NEARBY)
        └─ Already in cluster 0
      BIN_2: 2300.3m (too far)
      BIN_3: 1691.7m (too far)
      BIN_4: 325.5m (NEARBY)
        └─ Already in cluster 0
      BIN_5: 1366.3m (NEARBY)
        └─ Already in cluster 0
      BIN_6: 2102.2m (too far)
      BIN_7: 1793.2m (too far)
      BIN_8: 2694.1m (too far)
      BIN_10: 2512.2m (too far)
    Found 3 nearby bins
    Nearby cluster IDs: {0}
    Already in cluster 0
  
  Processing bin BIN_10 (index 9):
    Finding nearby bins within 1400.0m:
      BIN_1: 2500.7m (too far)
      BIN_2: 515.6m (NEARBY)
        └─ Already in cluster 1
      BIN_3: 2365.5m (too far)
      BIN_4: 2612.2m (too far)
      BIN_5: 2147.1m (too far)
      BIN_6: 461.6m (NEARBY)
        └─ Already in cluster 1
      BIN_7: 2693.1m (too far)
      BIN_8: 644.4m (NEARBY)
        └─ Already in cluster 1
      BIN_9: 2512.2m (too far)
    Found 3 nearby bins
    Nearby cluster IDs: {1}
    Already in cluster 1
  Cleaning up duplicate bins:
  Final clustering results: 2 clusters, sizes: [6, 4]
    Final Cluster 0: ['BIN_1', 'BIN_3', 'BIN_4', 'BIN_5', 'BIN_7', 'BIN_9']
    Final Cluster 1: ['BIN_2', 'BIN_6', 'BIN_8', 'BIN_10']

CLUSTERING RESULTS:
  Created 2 clusters
  Cluster 0: 6 bins - ['BIN_1', 'BIN_3', 'BIN_4', 'BIN_5', 'BIN_7', 'BIN_9']
    Internal distances:
      BIN_1 to BIN_3: 421.5m
      BIN_1 to BIN_4: 1072.9m
      BIN_1 to BIN_5: 361.9m
      BIN_1 to BIN_7: 453.6m
      BIN_1 to BIN_9: 1341.0m
      BIN_3 to BIN_4: 1454.5m
      BIN_3 to BIN_5: 367.4m
      BIN_3 to BIN_7: 327.9m
      BIN_3 to BIN_9: 1691.7m
      BIN_4 to BIN_5: 1162.6m
      BIN_4 to BIN_7: 1516.7m
      BIN_4 to BIN_9: 325.5m
      BIN_5 to BIN_7: 623.6m
      BIN_5 to BIN_9: 1366.3m
      BIN_7 to BIN_9: 1793.2m
    Max internal distance: 1793.2m
  Cluster 1: 4 bins - ['BIN_2', 'BIN_6', 'BIN_8', 'BIN_10']
    Internal distances:
      BIN_2 to BIN_6: 301.7m
      BIN_2 to BIN_8: 407.7m
      BIN_2 to BIN_10: 515.6m
      BIN_6 to BIN_8: 686.1m
      BIN_6 to BIN_10: 461.6m
      BIN_8 to BIN_10: 644.4m
    Max internal distance: 686.1m
============================================================
CLUSTERING DEBUG END
============================================================
🎯 Using collection queue priority routing: 1 bins
============================================================
CLUSTERING DEBUG START
============================================================
Input validation:
  bins_data type: <class 'list'>
  bins_data length: 10
  depot_data type: <class 'NoneType'>
  depot_data: None
  First bin structure: {'capacity': 500, 'fillLevel': 0.023333333333333334, 'fillRate': 6, 'id': 'BIN_1', 'lat': 33.613580131572526, 'lng': 73.05981561266454, 'threshold': 80, 'near_threshold_count': 0, 'dynamic_threshold': 50}
  All bin IDs: ['BIN_1', 'BIN_2', 'BIN_3', 'BIN_4', 'BIN_5', 'BIN_6', 'BIN_7', 'BIN_8', 'BIN_9', 'BIN_10']

CALCULATING BIN SERVICE RADIUS:
BIN RADIUS CALCULATION DEBUG:
  depot_data: None
  bins_data length: 10
  No depot data, using default bin radius: 1400m
Final bin service radius: 1400.0m

STARTING PROXIMITY CLUSTERING:
PROXIMITY CLUSTERING DEBUG:
  Bin service radius: 1400.0m
  Processing 10 bins
  All pairwise distances:
    BIN_1 to BIN_2: 2066.1m ✗
    BIN_1 to BIN_3: 421.5m ✓
    BIN_1 to BIN_4: 1072.9m ✓
    BIN_1 to BIN_5: 361.9m ✓
    BIN_1 to BIN_6: 2042.5m ✗
    BIN_1 to BIN_7: 453.6m ✓
    BIN_1 to BIN_8: 2341.7m ✗
    BIN_1 to BIN_9: 1341.0m ✓
    BIN_1 to BIN_10: 2500.7m ✗
    BIN_2 to BIN_3: 1888.5m ✗
    BIN_2 to BIN_4: 2341.0m ✗
    BIN_2 to BIN_5: 1705.4m ✗
    BIN_2 to BIN_6: 301.7m ✓
    BIN_2 to BIN_7: 2216.1m ✗
    BIN_2 to BIN_8: 407.7m ✓
    BIN_2 to BIN_9: 2300.3m ✗
    BIN_2 to BIN_10: 515.6m ✓
    BIN_3 to BIN_4: 1454.5m ✗
    BIN_3 to BIN_5: 367.4m ✓
    BIN_3 to BIN_6: 1925.0m ✗
    BIN_3 to BIN_7: 327.9m ✓
    BIN_3 to BIN_8: 2107.4m ✗
    BIN_3 to BIN_9: 1691.7m ✗
    BIN_3 to BIN_10: 2365.5m ✗
    BIN_4 to BIN_5: 1162.6m ✓
    BIN_4 to BIN_6: 2177.6m ✗
    BIN_4 to BIN_7: 1516.7m ✗
    BIN_4 to BIN_8: 2718.0m ✗
    BIN_4 to BIN_9: 325.5m ✓
    BIN_4 to BIN_10: 2612.2m ✗
    BIN_5 to BIN_6: 1691.3m ✗
    BIN_5 to BIN_7: 623.6m ✓
    BIN_5 to BIN_8: 1980.6m ✗
    BIN_5 to BIN_9: 1366.3m ✓
    BIN_5 to BIN_10: 2147.1m ✗
    BIN_6 to BIN_7: 2251.1m ✗
    BIN_6 to BIN_8: 686.1m ✓
    BIN_6 to BIN_9: 2102.2m ✗
    BIN_6 to BIN_10: 461.6m ✓
    BIN_7 to BIN_8: 2428.6m ✗
    BIN_7 to BIN_9: 1793.2m ✗
    BIN_7 to BIN_10: 2693.1m ✗
    BIN_8 to BIN_9: 2694.1m ✗
    BIN_8 to BIN_10: 644.4m ✓
    BIN_9 to BIN_10: 2512.2m ✗
  Processing bins sequentially:
  
  Processing bin BIN_1 (index 0):
    Finding nearby bins within 1400.0m:
      BIN_2: 2066.1m (too far)
      BIN_3: 421.5m (NEARBY)
      BIN_4: 1072.9m (NEARBY)
      BIN_5: 361.9m (NEARBY)
      BIN_6: 2042.5m (too far)
      BIN_7: 453.6m (NEARBY)
      BIN_8: 2341.7m (too far)
      BIN_9: 1341.0m (NEARBY)
      BIN_10: 2500.7m (too far)
    Found 5 nearby bins
    Nearby cluster IDs: set()
    Creating new cluster 0 with current bin + nearby bins
      Added BIN_1 to cluster 0
      Added BIN_3 to cluster 0
      Added BIN_4 to cluster 0
      Added BIN_5 to cluster 0
      Added BIN_7 to cluster 0
      Added BIN_9 to cluster 0
  
  Processing bin BIN_2 (index 1):
    Finding nearby bins within 1400.0m:
      BIN_1: 2066.1m (too far)
      BIN_3: 1888.5m (too far)
      BIN_4: 2341.0m (too far)
      BIN_5: 1705.4m (too far)
      BIN_6: 301.7m (NEARBY)
      BIN_7: 2216.1m (too far)
      BIN_8: 407.7m (NEARBY)
      BIN_9: 2300.3m (too far)
      BIN_10: 515.6m (NEARBY)
    Found 3 nearby bins
    Nearby cluster IDs: set()
    Creating new cluster 1 with current bin + nearby bins
      Added BIN_2 to cluster 1
      Added BIN_6 to cluster 1
      Added BIN_8 to cluster 1
      Added BIN_10 to cluster 1
  
  Processing bin BIN_3 (index 2):
    Finding nearby bins within 1400.0m:
      BIN_1: 421.5m (NEARBY)
        └─ Already in cluster 0
      BIN_2: 1888.5m (too far)
      BIN_4: 1454.5m (too far)
      BIN_5: 367.4m (NEARBY)
        └─ Already in cluster 0
      BIN_6: 1925.0m (too far)
      BIN_7: 327.9m (NEARBY)
        └─ Already in cluster 0
      BIN_8: 2107.4m (too far)
      BIN_9: 1691.7m (too far)
      BIN_10: 2365.5m (too far)
    Found 3 nearby bins
    Nearby cluster IDs: {0}
    Already in cluster 0
  
  Processing bin BIN_4 (index 3):
    Finding nearby bins within 1400.0m:
      BIN_1: 1072.9m (NEARBY)
        └─ Already in cluster 0
      BIN_2: 2341.0m (too far)
      BIN_3: 1454.5m (too far)
      BIN_5: 1162.6m (NEARBY)
        └─ Already in cluster 0
      BIN_6: 2177.6m (too far)
      BIN_7: 1516.7m (too far)
      BIN_8: 2718.0m (too far)
      BIN_9: 325.5m (NEARBY)
        └─ Already in cluster 0
      BIN_10: 2612.2m (too far)
    Found 3 nearby bins
    Nearby cluster IDs: {0}
    Already in cluster 0
  
  Processing bin BIN_5 (index 4):
    Finding nearby bins within 1400.0m:
      BIN_1: 361.9m (NEARBY)
        └─ Already in cluster 0
      BIN_2: 1705.4m (too far)
      BIN_3: 367.4m (NEARBY)
        └─ Already in cluster 0
      BIN_4: 1162.6m (NEARBY)
        └─ Already in cluster 0
      BIN_6: 1691.3m (too far)
      BIN_7: 623.6m (NEARBY)
        └─ Already in cluster 0
      BIN_8: 1980.6m (too far)
      BIN_9: 1366.3m (NEARBY)
        └─ Already in cluster 0
      BIN_10: 2147.1m (too far)
    Found 5 nearby bins
    Nearby cluster IDs: {0}
    Already in cluster 0
  
  Processing bin BIN_6 (index 5):
    Finding nearby bins within 1400.0m:
      BIN_1: 2042.5m (too far)
      BIN_2: 301.7m (NEARBY)
        └─ Already in cluster 1
      BIN_3: 1925.0m (too far)
      BIN_4: 2177.6m (too far)
      BIN_5: 1691.3m (too far)
      BIN_7: 2251.1m (too far)
      BIN_8: 686.1m (NEARBY)
        └─ Already in cluster 1
      BIN_9: 2102.2m (too far)
      BIN_10: 461.6m (NEARBY)
        └─ Already in cluster 1
    Found 3 nearby bins
    Nearby cluster IDs: {1}
    Already in cluster 1
  
  Processing bin BIN_7 (index 6):
    Finding nearby bins within 1400.0m:
      BIN_1: 453.6m (NEARBY)
        └─ Already in cluster 0
      BIN_2: 2216.1m (too far)
      BIN_3: 327.9m (NEARBY)
        └─ Already in cluster 0
      BIN_4: 1516.7m (too far)
      BIN_5: 623.6m (NEARBY)
        └─ Already in cluster 0
      BIN_6: 2251.1m (too far)
      BIN_8: 2428.6m (too far)
      BIN_9: 1793.2m (too far)
      BIN_10: 2693.1m (too far)
    Found 3 nearby bins
    Nearby cluster IDs: {0}
    Already in cluster 0
  
  Processing bin BIN_8 (index 7):
    Finding nearby bins within 1400.0m:
      BIN_1: 2341.7m (too far)
      BIN_2: 407.7m (NEARBY)
        └─ Already in cluster 1
      BIN_3: 2107.4m (too far)
      BIN_4: 2718.0m (too far)
      BIN_5: 1980.6m (too far)
      BIN_6: 686.1m (NEARBY)
        └─ Already in cluster 1
      BIN_7: 2428.6m (too far)
      BIN_9: 2694.1m (too far)
      BIN_10: 644.4m (NEARBY)
        └─ Already in cluster 1
    Found 3 nearby bins
    Nearby cluster IDs: {1}
    Already in cluster 1
  
  Processing bin BIN_9 (index 8):
    Finding nearby bins within 1400.0m:
      BIN_1: 1341.0m (NEARBY)
        └─ Already in cluster 0
      BIN_2: 2300.3m (too far)
      BIN_3: 1691.7m (too far)
      BIN_4: 325.5m (NEARBY)
        └─ Already in cluster 0
      BIN_5: 1366.3m (NEARBY)
        └─ Already in cluster 0
      BIN_6: 2102.2m (too far)
      BIN_7: 1793.2m (too far)
      BIN_8: 2694.1m (too far)
      BIN_10: 2512.2m (too far)
    Found 3 nearby bins
    Nearby cluster IDs: {0}
    Already in cluster 0
  
  Processing bin BIN_10 (index 9):
    Finding nearby bins within 1400.0m:
      BIN_1: 2500.7m (too far)
      BIN_2: 515.6m (NEARBY)
        └─ Already in cluster 1
      BIN_3: 2365.5m (too far)
      BIN_4: 2612.2m (too far)
      BIN_5: 2147.1m (too far)
      BIN_6: 461.6m (NEARBY)
        └─ Already in cluster 1
      BIN_7: 2693.1m (too far)
      BIN_8: 644.4m (NEARBY)
        └─ Already in cluster 1
      BIN_9: 2512.2m (too far)
    Found 3 nearby bins
    Nearby cluster IDs: {1}
    Already in cluster 1
  Cleaning up duplicate bins:
  Final clustering results: 2 clusters, sizes: [6, 4]
    Final Cluster 0: ['BIN_1', 'BIN_3', 'BIN_4', 'BIN_5', 'BIN_7', 'BIN_9']
    Final Cluster 1: ['BIN_2', 'BIN_6', 'BIN_8', 'BIN_10']

CLUSTERING RESULTS:
  Created 2 clusters
  Cluster 0: 6 bins - ['BIN_1', 'BIN_3', 'BIN_4', 'BIN_5', 'BIN_7', 'BIN_9']
    Internal distances:
      BIN_1 to BIN_3: 421.5m
      BIN_1 to BIN_4: 1072.9m
      BIN_1 to BIN_5: 361.9m
      BIN_1 to BIN_7: 453.6m
      BIN_1 to BIN_9: 1341.0m
      BIN_3 to BIN_4: 1454.5m
      BIN_3 to BIN_5: 367.4m
      BIN_3 to BIN_7: 327.9m
      BIN_3 to BIN_9: 1691.7m
      BIN_4 to BIN_5: 1162.6m
      BIN_4 to BIN_7: 1516.7m
      BIN_4 to BIN_9: 325.5m
      BIN_5 to BIN_7: 623.6m
      BIN_5 to BIN_9: 1366.3m
      BIN_7 to BIN_9: 1793.2m
    Max internal distance: 1793.2m
  Cluster 1: 4 bins - ['BIN_2', 'BIN_6', 'BIN_8', 'BIN_10']
    Internal distances:
      BIN_2 to BIN_6: 301.7m
      BIN_2 to BIN_8: 407.7m
      BIN_2 to BIN_10: 515.6m
      BIN_6 to BIN_8: 686.1m
      BIN_6 to BIN_10: 461.6m
      BIN_8 to BIN_10: 644.4m
    Max internal distance: 686.1m
============================================================
CLUSTERING DEBUG END
============================================================
🎯 Using collection queue priority routing: 1 bins
============================================================
CLUSTERING DEBUG START
============================================================
Input validation:
  bins_data type: <class 'list'>
  bins_data length: 10
  depot_data type: <class 'NoneType'>
  depot_data: None
  First bin structure: {'capacity': 500, 'fillLevel': 0.025, 'fillRate': 6, 'id': 'BIN_1', 'lat': 33.613580131572526, 'lng': 73.05981561266454, 'threshold': 80, 'near_threshold_count': 0, 'dynamic_threshold': 50}
  All bin IDs: ['BIN_1', 'BIN_2', 'BIN_3', 'BIN_4', 'BIN_5', 'BIN_6', 'BIN_7', 'BIN_8', 'BIN_9', 'BIN_10']

CALCULATING BIN SERVICE RADIUS:
BIN RADIUS CALCULATION DEBUG:
  depot_data: None
  bins_data length: 10
  No depot data, using default bin radius: 1400m
Final bin service radius: 1400.0m

STARTING PROXIMITY CLUSTERING:
PROXIMITY CLUSTERING DEBUG:
  Bin service radius: 1400.0m
  Processing 10 bins
  All pairwise distances:
    BIN_1 to BIN_2: 2066.1m ✗
    BIN_1 to BIN_3: 421.5m ✓
    BIN_1 to BIN_4: 1072.9m ✓
    BIN_1 to BIN_5: 361.9m ✓
    BIN_1 to BIN_6: 2042.5m ✗
    BIN_1 to BIN_7: 453.6m ✓
    BIN_1 to BIN_8: 2341.7m ✗
    BIN_1 to BIN_9: 1341.0m ✓
    BIN_1 to BIN_10: 2500.7m ✗
    BIN_2 to BIN_3: 1888.5m ✗
    BIN_2 to BIN_4: 2341.0m ✗
    BIN_2 to BIN_5: 1705.4m ✗
    BIN_2 to BIN_6: 301.7m ✓
    BIN_2 to BIN_7: 2216.1m ✗
    BIN_2 to BIN_8: 407.7m ✓
    BIN_2 to BIN_9: 2300.3m ✗
    BIN_2 to BIN_10: 515.6m ✓
    BIN_3 to BIN_4: 1454.5m ✗
    BIN_3 to BIN_5: 367.4m ✓
    BIN_3 to BIN_6: 1925.0m ✗
    BIN_3 to BIN_7: 327.9m ✓
    BIN_3 to BIN_8: 2107.4m ✗
    BIN_3 to BIN_9: 1691.7m ✗
    BIN_3 to BIN_10: 2365.5m ✗
    BIN_4 to BIN_5: 1162.6m ✓
    BIN_4 to BIN_6: 2177.6m ✗
    BIN_4 to BIN_7: 1516.7m ✗
    BIN_4 to BIN_8: 2718.0m ✗
    BIN_4 to BIN_9: 325.5m ✓
    BIN_4 to BIN_10: 2612.2m ✗
    BIN_5 to BIN_6: 1691.3m ✗
    BIN_5 to BIN_7: 623.6m ✓
    BIN_5 to BIN_8: 1980.6m ✗
    BIN_5 to BIN_9: 1366.3m ✓
    BIN_5 to BIN_10: 2147.1m ✗
    BIN_6 to BIN_7: 2251.1m ✗
    BIN_6 to BIN_8: 686.1m ✓
    BIN_6 to BIN_9: 2102.2m ✗
    BIN_6 to BIN_10: 461.6m ✓
    BIN_7 to BIN_8: 2428.6m ✗
    BIN_7 to BIN_9: 1793.2m ✗
    BIN_7 to BIN_10: 2693.1m ✗
    BIN_8 to BIN_9: 2694.1m ✗
    BIN_8 to BIN_10: 644.4m ✓
    BIN_9 to BIN_10: 2512.2m ✗
  Processing bins sequentially:
  
  Processing bin BIN_1 (index 0):
    Finding nearby bins within 1400.0m:
      BIN_2: 2066.1m (too far)
      BIN_3: 421.5m (NEARBY)
      BIN_4: 1072.9m (NEARBY)
      BIN_5: 361.9m (NEARBY)
      BIN_6: 2042.5m (too far)
      BIN_7: 453.6m (NEARBY)
      BIN_8: 2341.7m (too far)
      BIN_9: 1341.0m (NEARBY)
      BIN_10: 2500.7m (too far)
    Found 5 nearby bins
    Nearby cluster IDs: set()
    Creating new cluster 0 with current bin + nearby bins
      Added BIN_1 to cluster 0
      Added BIN_3 to cluster 0
      Added BIN_4 to cluster 0
      Added BIN_5 to cluster 0
      Added BIN_7 to cluster 0
      Added BIN_9 to cluster 0
  
  Processing bin BIN_2 (index 1):
    Finding nearby bins within 1400.0m:
      BIN_1: 2066.1m (too far)
      BIN_3: 1888.5m (too far)
      BIN_4: 2341.0m (too far)
      BIN_5: 1705.4m (too far)
      BIN_6: 301.7m (NEARBY)
      BIN_7: 2216.1m (too far)
      BIN_8: 407.7m (NEARBY)
      BIN_9: 2300.3m (too far)
      BIN_10: 515.6m (NEARBY)
    Found 3 nearby bins
    Nearby cluster IDs: set()
    Creating new cluster 1 with current bin + nearby bins
      Added BIN_2 to cluster 1
      Added BIN_6 to cluster 1
      Added BIN_8 to cluster 1
      Added BIN_10 to cluster 1
  
  Processing bin BIN_3 (index 2):
    Finding nearby bins within 1400.0m:
      BIN_1: 421.5m (NEARBY)
        └─ Already in cluster 0
      BIN_2: 1888.5m (too far)
      BIN_4: 1454.5m (too far)
      BIN_5: 367.4m (NEARBY)
        └─ Already in cluster 0
      BIN_6: 1925.0m (too far)
      BIN_7: 327.9m (NEARBY)
        └─ Already in cluster 0
      BIN_8: 2107.4m (too far)
      BIN_9: 1691.7m (too far)
      BIN_10: 2365.5m (too far)
    Found 3 nearby bins
    Nearby cluster IDs: {0}
    Already in cluster 0
  
  Processing bin BIN_4 (index 3):
    Finding nearby bins within 1400.0m:
      BIN_1: 1072.9m (NEARBY)
        └─ Already in cluster 0
      BIN_2: 2341.0m (too far)
      BIN_3: 1454.5m (too far)
      BIN_5: 1162.6m (NEARBY)
        └─ Already in cluster 0
      BIN_6: 2177.6m (too far)
      BIN_7: 1516.7m (too far)
      BIN_8: 2718.0m (too far)
      BIN_9: 325.5m (NEARBY)
        └─ Already in cluster 0
      BIN_10: 2612.2m (too far)
    Found 3 nearby bins
    Nearby cluster IDs: {0}
    Already in cluster 0
  
  Processing bin BIN_5 (index 4):
    Finding nearby bins within 1400.0m:
      BIN_1: 361.9m (NEARBY)
        └─ Already in cluster 0
      BIN_2: 1705.4m (too far)
      BIN_3: 367.4m (NEARBY)
        └─ Already in cluster 0
      BIN_4: 1162.6m (NEARBY)
        └─ Already in cluster 0
      BIN_6: 1691.3m (too far)
      BIN_7: 623.6m (NEARBY)
        └─ Already in cluster 0
      BIN_8: 1980.6m (too far)
      BIN_9: 1366.3m (NEARBY)
        └─ Already in cluster 0
      BIN_10: 2147.1m (too far)
    Found 5 nearby bins
    Nearby cluster IDs: {0}
    Already in cluster 0
  
  Processing bin BIN_6 (index 5):
    Finding nearby bins within 1400.0m:
      BIN_1: 2042.5m (too far)
      BIN_2: 301.7m (NEARBY)
        └─ Already in cluster 1
      BIN_3: 1925.0m (too far)
      BIN_4: 2177.6m (too far)
      BIN_5: 1691.3m (too far)
      BIN_7: 2251.1m (too far)
      BIN_8: 686.1m (NEARBY)
        └─ Already in cluster 1
      BIN_9: 2102.2m (too far)
      BIN_10: 461.6m (NEARBY)
        └─ Already in cluster 1
    Found 3 nearby bins
    Nearby cluster IDs: {1}
    Already in cluster 1
  
  Processing bin BIN_7 (index 6):
    Finding nearby bins within 1400.0m:
      BIN_1: 453.6m (NEARBY)
        └─ Already in cluster 0
      BIN_2: 2216.1m (too far)
      BIN_3: 327.9m (NEARBY)
        └─ Already in cluster 0
      BIN_4: 1516.7m (too far)
      BIN_5: 623.6m (NEARBY)
        └─ Already in cluster 0
      BIN_6: 2251.1m (too far)
      BIN_8: 2428.6m (too far)
      BIN_9: 1793.2m (too far)
      BIN_10: 2693.1m (too far)
    Found 3 nearby bins
    Nearby cluster IDs: {0}
    Already in cluster 0
  
  Processing bin BIN_8 (index 7):
    Finding nearby bins within 1400.0m:
      BIN_1: 2341.7m (too far)
      BIN_2: 407.7m (NEARBY)
        └─ Already in cluster 1
      BIN_3: 2107.4m (too far)
      BIN_4: 2718.0m (too far)
      BIN_5: 1980.6m (too far)
      BIN_6: 686.1m (NEARBY)
        └─ Already in cluster 1
      BIN_7: 2428.6m (too far)
      BIN_9: 2694.1m (too far)
      BIN_10: 644.4m (NEARBY)
        └─ Already in cluster 1
    Found 3 nearby bins
    Nearby cluster IDs: {1}
    Already in cluster 1
  
  Processing bin BIN_9 (index 8):
    Finding nearby bins within 1400.0m:
      BIN_1: 1341.0m (NEARBY)
        └─ Already in cluster 0
      BIN_2: 2300.3m (too far)
      BIN_3: 1691.7m (too far)
      BIN_4: 325.5m (NEARBY)
        └─ Already in cluster 0
      BIN_5: 1366.3m (NEARBY)
        └─ Already in cluster 0
      BIN_6: 2102.2m (too far)
      BIN_7: 1793.2m (too far)
      BIN_8: 2694.1m (too far)
      BIN_10: 2512.2m (too far)
    Found 3 nearby bins
    Nearby cluster IDs: {0}
    Already in cluster 0
  
  Processing bin BIN_10 (index 9):
    Finding nearby bins within 1400.0m:
      BIN_1: 2500.7m (too far)
      BIN_2: 515.6m (NEARBY)
        └─ Already in cluster 1
      BIN_3: 2365.5m (too far)
      BIN_4: 2612.2m (too far)
      BIN_5: 2147.1m (too far)
      BIN_6: 461.6m (NEARBY)
        └─ Already in cluster 1
      BIN_7: 2693.1m (too far)
      BIN_8: 644.4m (NEARBY)
        └─ Already in cluster 1
      BIN_9: 2512.2m (too far)
    Found 3 nearby bins
    Nearby cluster IDs: {1}
    Already in cluster 1
  Cleaning up duplicate bins:
  Final clustering results: 2 clusters, sizes: [6, 4]
    Final Cluster 0: ['BIN_1', 'BIN_3', 'BIN_4', 'BIN_5', 'BIN_7', 'BIN_9']
    Final Cluster 1: ['BIN_2', 'BIN_6', 'BIN_8', 'BIN_10']

CLUSTERING RESULTS:
  Created 2 clusters
  Cluster 0: 6 bins - ['BIN_1', 'BIN_3', 'BIN_4', 'BIN_5', 'BIN_7', 'BIN_9']
    Internal distances:
      BIN_1 to BIN_3: 421.5m
      BIN_1 to BIN_4: 1072.9m
      BIN_1 to BIN_5: 361.9m
      BIN_1 to BIN_7: 453.6m
      BIN_1 to BIN_9: 1341.0m
      BIN_3 to BIN_4: 1454.5m
      BIN_3 to BIN_5: 367.4m
      BIN_3 to BIN_7: 327.9m
      BIN_3 to BIN_9: 1691.7m
      BIN_4 to BIN_5: 1162.6m
      BIN_4 to BIN_7: 1516.7m
      BIN_4 to BIN_9: 325.5m
      BIN_5 to BIN_7: 623.6m
      BIN_5 to BIN_9: 1366.3m
      BIN_7 to BIN_9: 1793.2m
    Max internal distance: 1793.2m
  Cluster 1: 4 bins - ['BIN_2', 'BIN_6', 'BIN_8', 'BIN_10']
    Internal distances:
      BIN_2 to BIN_6: 301.7m
      BIN_2 to BIN_8: 407.7m
      BIN_2 to BIN_10: 515.6m
      BIN_6 to BIN_8: 686.1m
      BIN_6 to BIN_10: 461.6m
      BIN_8 to BIN_10: 644.4m
    Max internal distance: 686.1m
============================================================
CLUSTERING DEBUG END
============================================================
🎯 Using collection queue priority routing: 1 bins
============================================================
CLUSTERING DEBUG START
============================================================
Input validation:
  bins_data type: <class 'list'>
  bins_data length: 10
  depot_data type: <class 'NoneType'>
  depot_data: None
  First bin structure: {'capacity': 500, 'fillLevel': 0.02666666666666667, 'fillRate': 6, 'id': 'BIN_1', 'lat': 33.613580131572526, 'lng': 73.05981561266454, 'threshold': 80, 'near_threshold_count': 0, 'dynamic_threshold': 50}
  All bin IDs: ['BIN_1', 'BIN_2', 'BIN_3', 'BIN_4', 'BIN_5', 'BIN_6', 'BIN_7', 'BIN_8', 'BIN_9', 'BIN_10']

CALCULATING BIN SERVICE RADIUS:
BIN RADIUS CALCULATION DEBUG:
  depot_data: None
  bins_data length: 10
  No depot data, using default bin radius: 1400m
Final bin service radius: 1400.0m

STARTING PROXIMITY CLUSTERING:
PROXIMITY CLUSTERING DEBUG:
  Bin service radius: 1400.0m
  Processing 10 bins
  All pairwise distances:
    BIN_1 to BIN_2: 2066.1m ✗
    BIN_1 to BIN_3: 421.5m ✓
    BIN_1 to BIN_4: 1072.9m ✓
    BIN_1 to BIN_5: 361.9m ✓
    BIN_1 to BIN_6: 2042.5m ✗
    BIN_1 to BIN_7: 453.6m ✓
    BIN_1 to BIN_8: 2341.7m ✗
    BIN_1 to BIN_9: 1341.0m ✓
    BIN_1 to BIN_10: 2500.7m ✗
    BIN_2 to BIN_3: 1888.5m ✗
    BIN_2 to BIN_4: 2341.0m ✗
    BIN_2 to BIN_5: 1705.4m ✗
    BIN_2 to BIN_6: 301.7m ✓
    BIN_2 to BIN_7: 2216.1m ✗
    BIN_2 to BIN_8: 407.7m ✓
    BIN_2 to BIN_9: 2300.3m ✗
    BIN_2 to BIN_10: 515.6m ✓
    BIN_3 to BIN_4: 1454.5m ✗
    BIN_3 to BIN_5: 367.4m ✓
    BIN_3 to BIN_6: 1925.0m ✗
    BIN_3 to BIN_7: 327.9m ✓
    BIN_3 to BIN_8: 2107.4m ✗
    BIN_3 to BIN_9: 1691.7m ✗
    BIN_3 to BIN_10: 2365.5m ✗
    BIN_4 to BIN_5: 1162.6m ✓
    BIN_4 to BIN_6: 2177.6m ✗
    BIN_4 to BIN_7: 1516.7m ✗
    BIN_4 to BIN_8: 2718.0m ✗
    BIN_4 to BIN_9: 325.5m ✓
    BIN_4 to BIN_10: 2612.2m ✗
    BIN_5 to BIN_6: 1691.3m ✗
    BIN_5 to BIN_7: 623.6m ✓
    BIN_5 to BIN_8: 1980.6m ✗
    BIN_5 to BIN_9: 1366.3m ✓
    BIN_5 to BIN_10: 2147.1m ✗
    BIN_6 to BIN_7: 2251.1m ✗
    BIN_6 to BIN_8: 686.1m ✓
    BIN_6 to BIN_9: 2102.2m ✗
    BIN_6 to BIN_10: 461.6m ✓
    BIN_7 to BIN_8: 2428.6m ✗
    BIN_7 to BIN_9: 1793.2m ✗
    BIN_7 to BIN_10: 2693.1m ✗
    BIN_8 to BIN_9: 2694.1m ✗
    BIN_8 to BIN_10: 644.4m ✓
    BIN_9 to BIN_10: 2512.2m ✗
  Processing bins sequentially:
  
  Processing bin BIN_1 (index 0):
    Finding nearby bins within 1400.0m:
      BIN_2: 2066.1m (too far)
      BIN_3: 421.5m (NEARBY)
      BIN_4: 1072.9m (NEARBY)
      BIN_5: 361.9m (NEARBY)
      BIN_6: 2042.5m (too far)
      BIN_7: 453.6m (NEARBY)
      BIN_8: 2341.7m (too far)
      BIN_9: 1341.0m (NEARBY)
      BIN_10: 2500.7m (too far)
    Found 5 nearby bins
    Nearby cluster IDs: set()
    Creating new cluster 0 with current bin + nearby bins
      Added BIN_1 to cluster 0
      Added BIN_3 to cluster 0
      Added BIN_4 to cluster 0
      Added BIN_5 to cluster 0
      Added BIN_7 to cluster 0
      Added BIN_9 to cluster 0
  
  Processing bin BIN_2 (index 1):
    Finding nearby bins within 1400.0m:
      BIN_1: 2066.1m (too far)
      BIN_3: 1888.5m (too far)
      BIN_4: 2341.0m (too far)
      BIN_5: 1705.4m (too far)
      BIN_6: 301.7m (NEARBY)
      BIN_7: 2216.1m (too far)
      BIN_8: 407.7m (NEARBY)
      BIN_9: 2300.3m (too far)
      BIN_10: 515.6m (NEARBY)
    Found 3 nearby bins
    Nearby cluster IDs: set()
    Creating new cluster 1 with current bin + nearby bins
      Added BIN_2 to cluster 1
      Added BIN_6 to cluster 1
      Added BIN_8 to cluster 1
      Added BIN_10 to cluster 1
  
  Processing bin BIN_3 (index 2):
    Finding nearby bins within 1400.0m:
      BIN_1: 421.5m (NEARBY)
        └─ Already in cluster 0
      BIN_2: 1888.5m (too far)
      BIN_4: 1454.5m (too far)
      BIN_5: 367.4m (NEARBY)
        └─ Already in cluster 0
      BIN_6: 1925.0m (too far)
      BIN_7: 327.9m (NEARBY)
        └─ Already in cluster 0
      BIN_8: 2107.4m (too far)
      BIN_9: 1691.7m (too far)
      BIN_10: 2365.5m (too far)
    Found 3 nearby bins
    Nearby cluster IDs: {0}
    Already in cluster 0
  
  Processing bin BIN_4 (index 3):
    Finding nearby bins within 1400.0m:
      BIN_1: 1072.9m (NEARBY)
        └─ Already in cluster 0
      BIN_2: 2341.0m (too far)
      BIN_3: 1454.5m (too far)
      BIN_5: 1162.6m (NEARBY)
        └─ Already in cluster 0
      BIN_6: 2177.6m (too far)
      BIN_7: 1516.7m (too far)
      BIN_8: 2718.0m (too far)
      BIN_9: 325.5m (NEARBY)
        └─ Already in cluster 0
      BIN_10: 2612.2m (too far)
    Found 3 nearby bins
    Nearby cluster IDs: {0}
    Already in cluster 0
  
  Processing bin BIN_5 (index 4):
    Finding nearby bins within 1400.0m:
      BIN_1: 361.9m (NEARBY)
        └─ Already in cluster 0
      BIN_2: 1705.4m (too far)
      BIN_3: 367.4m (NEARBY)
        └─ Already in cluster 0
      BIN_4: 1162.6m (NEARBY)
        └─ Already in cluster 0
      BIN_6: 1691.3m (too far)
      BIN_7: 623.6m (NEARBY)
        └─ Already in cluster 0
      BIN_8: 1980.6m (too far)
      BIN_9: 1366.3m (NEARBY)
        └─ Already in cluster 0
      BIN_10: 2147.1m (too far)
    Found 5 nearby bins
    Nearby cluster IDs: {0}
    Already in cluster 0
  
  Processing bin BIN_6 (index 5):
    Finding nearby bins within 1400.0m:
      BIN_1: 2042.5m (too far)
      BIN_2: 301.7m (NEARBY)
        └─ Already in cluster 1
      BIN_3: 1925.0m (too far)
      BIN_4: 2177.6m (too far)
      BIN_5: 1691.3m (too far)
      BIN_7: 2251.1m (too far)
      BIN_8: 686.1m (NEARBY)
        └─ Already in cluster 1
      BIN_9: 2102.2m (too far)
      BIN_10: 461.6m (NEARBY)
        └─ Already in cluster 1
    Found 3 nearby bins
    Nearby cluster IDs: {1}
    Already in cluster 1
  
  Processing bin BIN_7 (index 6):
    Finding nearby bins within 1400.0m:
      BIN_1: 453.6m (NEARBY)
        └─ Already in cluster 0
      BIN_2: 2216.1m (too far)
      BIN_3: 327.9m (NEARBY)
        └─ Already in cluster 0
      BIN_4: 1516.7m (too far)
      BIN_5: 623.6m (NEARBY)
        └─ Already in cluster 0
      BIN_6: 2251.1m (too far)
      BIN_8: 2428.6m (too far)
      BIN_9: 1793.2m (too far)
      BIN_10: 2693.1m (too far)
    Found 3 nearby bins
    Nearby cluster IDs: {0}
    Already in cluster 0
  
  Processing bin BIN_8 (index 7):
    Finding nearby bins within 1400.0m:
      BIN_1: 2341.7m (too far)
      BIN_2: 407.7m (NEARBY)
        └─ Already in cluster 1
      BIN_3: 2107.4m (too far)
      BIN_4: 2718.0m (too far)
      BIN_5: 1980.6m (too far)
      BIN_6: 686.1m (NEARBY)
        └─ Already in cluster 1
      BIN_7: 2428.6m (too far)
      BIN_9: 2694.1m (too far)
      BIN_10: 644.4m (NEARBY)
        └─ Already in cluster 1
    Found 3 nearby bins
    Nearby cluster IDs: {1}
    Already in cluster 1
  
  Processing bin BIN_9 (index 8):
    Finding nearby bins within 1400.0m:
      BIN_1: 1341.0m (NEARBY)
        └─ Already in cluster 0
      BIN_2: 2300.3m (too far)
      BIN_3: 1691.7m (too far)
      BIN_4: 325.5m (NEARBY)
        └─ Already in cluster 0
      BIN_5: 1366.3m (NEARBY)
        └─ Already in cluster 0
      BIN_6: 2102.2m (too far)
      BIN_7: 1793.2m (too far)
      BIN_8: 2694.1m (too far)
      BIN_10: 2512.2m (too far)
    Found 3 nearby bins
    Nearby cluster IDs: {0}
    Already in cluster 0
  
  Processing bin BIN_10 (index 9):
    Finding nearby bins within 1400.0m:
      BIN_1: 2500.7m (too far)
      BIN_2: 515.6m (NEARBY)
        └─ Already in cluster 1
      BIN_3: 2365.5m (too far)
      BIN_4: 2612.2m (too far)
      BIN_5: 2147.1m (too far)
      BIN_6: 461.6m (NEARBY)
        └─ Already in cluster 1
      BIN_7: 2693.1m (too far)
      BIN_8: 644.4m (NEARBY)
        └─ Already in cluster 1
      BIN_9: 2512.2m (too far)
    Found 3 nearby bins
    Nearby cluster IDs: {1}
    Already in cluster 1
  Cleaning up duplicate bins:
  Final clustering results: 2 clusters, sizes: [6, 4]
    Final Cluster 0: ['BIN_1', 'BIN_3', 'BIN_4', 'BIN_5', 'BIN_7', 'BIN_9']
    Final Cluster 1: ['BIN_2', 'BIN_6', 'BIN_8', 'BIN_10']

CLUSTERING RESULTS:
  Created 2 clusters
  Cluster 0: 6 bins - ['BIN_1', 'BIN_3', 'BIN_4', 'BIN_5', 'BIN_7', 'BIN_9']
    Internal distances:
      BIN_1 to BIN_3: 421.5m
      BIN_1 to BIN_4: 1072.9m
      BIN_1 to BIN_5: 361.9m
      BIN_1 to BIN_7: 453.6m
      BIN_1 to BIN_9: 1341.0m
      BIN_3 to BIN_4: 1454.5m
      BIN_3 to BIN_5: 367.4m
      BIN_3 to BIN_7: 327.9m
      BIN_3 to BIN_9: 1691.7m
      BIN_4 to BIN_5: 1162.6m
      BIN_4 to BIN_7: 1516.7m
      BIN_4 to BIN_9: 325.5m
      BIN_5 to BIN_7: 623.6m
      BIN_5 to BIN_9: 1366.3m
      BIN_7 to BIN_9: 1793.2m
    Max internal distance: 1793.2m
  Cluster 1: 4 bins - ['BIN_2', 'BIN_6', 'BIN_8', 'BIN_10']
    Internal distances:
      BIN_2 to BIN_6: 301.7m
      BIN_2 to BIN_8: 407.7m
      BIN_2 to BIN_10: 515.6m
      BIN_6 to BIN_8: 686.1m
      BIN_6 to BIN_10: 461.6m
      BIN_8 to BIN_10: 644.4m
    Max internal distance: 686.1m
============================================================
CLUSTERING DEBUG END
============================================================
🎯 Using collection queue priority routing: 1 bins
============================================================
CLUSTERING DEBUG START
============================================================
Input validation:
  bins_data type: <class 'list'>
  bins_data length: 10
  depot_data type: <class 'NoneType'>
  depot_data: None
  First bin structure: {'capacity': 500, 'fillLevel': 0.028333333333333335, 'fillRate': 6, 'id': 'BIN_1', 'lat': 33.613580131572526, 'lng': 73.05981561266454, 'threshold': 80, 'near_threshold_count': 0, 'dynamic_threshold': 50}
  All bin IDs: ['BIN_1', 'BIN_2', 'BIN_3', 'BIN_4', 'BIN_5', 'BIN_6', 'BIN_7', 'BIN_8', 'BIN_9', 'BIN_10']

CALCULATING BIN SERVICE RADIUS:
BIN RADIUS CALCULATION DEBUG:
  depot_data: None
  bins_data length: 10
  No depot data, using default bin radius: 1400m
Final bin service radius: 1400.0m

STARTING PROXIMITY CLUSTERING:
PROXIMITY CLUSTERING DEBUG:
  Bin service radius: 1400.0m
  Processing 10 bins
  All pairwise distances:
    BIN_1 to BIN_2: 2066.1m ✗
    BIN_1 to BIN_3: 421.5m ✓
    BIN_1 to BIN_4: 1072.9m ✓
    BIN_1 to BIN_5: 361.9m ✓
    BIN_1 to BIN_6: 2042.5m ✗
    BIN_1 to BIN_7: 453.6m ✓
    BIN_1 to BIN_8: 2341.7m ✗
    BIN_1 to BIN_9: 1341.0m ✓
    BIN_1 to BIN_10: 2500.7m ✗
    BIN_2 to BIN_3: 1888.5m ✗
    BIN_2 to BIN_4: 2341.0m ✗
    BIN_2 to BIN_5: 1705.4m ✗
    BIN_2 to BIN_6: 301.7m ✓
    BIN_2 to BIN_7: 2216.1m ✗
    BIN_2 to BIN_8: 407.7m ✓
    BIN_2 to BIN_9: 2300.3m ✗
    BIN_2 to BIN_10: 515.6m ✓
    BIN_3 to BIN_4: 1454.5m ✗
    BIN_3 to BIN_5: 367.4m ✓
    BIN_3 to BIN_6: 1925.0m ✗
    BIN_3 to BIN_7: 327.9m ✓
    BIN_3 to BIN_8: 2107.4m ✗
    BIN_3 to BIN_9: 1691.7m ✗
    BIN_3 to BIN_10: 2365.5m ✗
    BIN_4 to BIN_5: 1162.6m ✓
    BIN_4 to BIN_6: 2177.6m ✗
    BIN_4 to BIN_7: 1516.7m ✗
    BIN_4 to BIN_8: 2718.0m ✗
    BIN_4 to BIN_9: 325.5m ✓
    BIN_4 to BIN_10: 2612.2m ✗
    BIN_5 to BIN_6: 1691.3m ✗
    BIN_5 to BIN_7: 623.6m ✓
    BIN_5 to BIN_8: 1980.6m ✗
    BIN_5 to BIN_9: 1366.3m ✓
    BIN_5 to BIN_10: 2147.1m ✗
    BIN_6 to BIN_7: 2251.1m ✗
    BIN_6 to BIN_8: 686.1m ✓
    BIN_6 to BIN_9: 2102.2m ✗
    BIN_6 to BIN_10: 461.6m ✓
    BIN_7 to BIN_8: 2428.6m ✗
    BIN_7 to BIN_9: 1793.2m ✗
    BIN_7 to BIN_10: 2693.1m ✗
    BIN_8 to BIN_9: 2694.1m ✗
    BIN_8 to BIN_10: 644.4m ✓
    BIN_9 to BIN_10: 2512.2m ✗
  Processing bins sequentially:
  
  Processing bin BIN_1 (index 0):
    Finding nearby bins within 1400.0m:
      BIN_2: 2066.1m (too far)
      BIN_3: 421.5m (NEARBY)
      BIN_4: 1072.9m (NEARBY)
      BIN_5: 361.9m (NEARBY)
      BIN_6: 2042.5m (too far)
      BIN_7: 453.6m (NEARBY)
      BIN_8: 2341.7m (too far)
      BIN_9: 1341.0m (NEARBY)
      BIN_10: 2500.7m (too far)
    Found 5 nearby bins
    Nearby cluster IDs: set()
    Creating new cluster 0 with current bin + nearby bins
      Added BIN_1 to cluster 0
      Added BIN_3 to cluster 0
      Added BIN_4 to cluster 0
      Added BIN_5 to cluster 0
      Added BIN_7 to cluster 0
      Added BIN_9 to cluster 0
  
  Processing bin BIN_2 (index 1):
    Finding nearby bins within 1400.0m:
      BIN_1: 2066.1m (too far)
      BIN_3: 1888.5m (too far)
      BIN_4: 2341.0m (too far)
      BIN_5: 1705.4m (too far)
      BIN_6: 301.7m (NEARBY)
      BIN_7: 2216.1m (too far)
      BIN_8: 407.7m (NEARBY)
      BIN_9: 2300.3m (too far)
      BIN_10: 515.6m (NEARBY)
    Found 3 nearby bins
    Nearby cluster IDs: set()
    Creating new cluster 1 with current bin + nearby bins
      Added BIN_2 to cluster 1
      Added BIN_6 to cluster 1
      Added BIN_8 to cluster 1
      Added BIN_10 to cluster 1
  
  Processing bin BIN_3 (index 2):
    Finding nearby bins within 1400.0m:
      BIN_1: 421.5m (NEARBY)
        └─ Already in cluster 0
      BIN_2: 1888.5m (too far)
      BIN_4: 1454.5m (too far)
      BIN_5: 367.4m (NEARBY)
        └─ Already in cluster 0
      BIN_6: 1925.0m (too far)
      BIN_7: 327.9m (NEARBY)
        └─ Already in cluster 0
      BIN_8: 2107.4m (too far)
      BIN_9: 1691.7m (too far)
      BIN_10: 2365.5m (too far)
    Found 3 nearby bins
    Nearby cluster IDs: {0}
    Already in cluster 0
  
  Processing bin BIN_4 (index 3):
    Finding nearby bins within 1400.0m:
      BIN_1: 1072.9m (NEARBY)
        └─ Already in cluster 0
      BIN_2: 2341.0m (too far)
      BIN_3: 1454.5m (too far)
      BIN_5: 1162.6m (NEARBY)
        └─ Already in cluster 0
      BIN_6: 2177.6m (too far)
      BIN_7: 1516.7m (too far)
      BIN_8: 2718.0m (too far)
      BIN_9: 325.5m (NEARBY)
        └─ Already in cluster 0
      BIN_10: 2612.2m (too far)
    Found 3 nearby bins
    Nearby cluster IDs: {0}
    Already in cluster 0
  
  Processing bin BIN_5 (index 4):
    Finding nearby bins within 1400.0m:
      BIN_1: 361.9m (NEARBY)
        └─ Already in cluster 0
      BIN_2: 1705.4m (too far)
      BIN_3: 367.4m (NEARBY)
        └─ Already in cluster 0
      BIN_4: 1162.6m (NEARBY)
        └─ Already in cluster 0
      BIN_6: 1691.3m (too far)
      BIN_7: 623.6m (NEARBY)
        └─ Already in cluster 0
      BIN_8: 1980.6m (too far)
      BIN_9: 1366.3m (NEARBY)
        └─ Already in cluster 0
      BIN_10: 2147.1m (too far)
    Found 5 nearby bins
    Nearby cluster IDs: {0}
    Already in cluster 0
  
  Processing bin BIN_6 (index 5):
    Finding nearby bins within 1400.0m:
      BIN_1: 2042.5m (too far)
      BIN_2: 301.7m (NEARBY)
        └─ Already in cluster 1
      BIN_3: 1925.0m (too far)
      BIN_4: 2177.6m (too far)
      BIN_5: 1691.3m (too far)
      BIN_7: 2251.1m (too far)
      BIN_8: 686.1m (NEARBY)
        └─ Already in cluster 1
      BIN_9: 2102.2m (too far)
      BIN_10: 461.6m (NEARBY)
        └─ Already in cluster 1
    Found 3 nearby bins
    Nearby cluster IDs: {1}
    Already in cluster 1
  
  Processing bin BIN_7 (index 6):
    Finding nearby bins within 1400.0m:
      BIN_1: 453.6m (NEARBY)
        └─ Already in cluster 0
      BIN_2: 2216.1m (too far)
      BIN_3: 327.9m (NEARBY)
        └─ Already in cluster 0
      BIN_4: 1516.7m (too far)
      BIN_5: 623.6m (NEARBY)
        └─ Already in cluster 0
      BIN_6: 2251.1m (too far)
      BIN_8: 2428.6m (too far)
      BIN_9: 1793.2m (too far)
      BIN_10: 2693.1m (too far)
    Found 3 nearby bins
    Nearby cluster IDs: {0}
    Already in cluster 0
  
  Processing bin BIN_8 (index 7):
    Finding nearby bins within 1400.0m:
      BIN_1: 2341.7m (too far)
      BIN_2: 407.7m (NEARBY)
        └─ Already in cluster 1
      BIN_3: 2107.4m (too far)
      BIN_4: 2718.0m (too far)
      BIN_5: 1980.6m (too far)
      BIN_6: 686.1m (NEARBY)
        └─ Already in cluster 1
      BIN_7: 2428.6m (too far)
      BIN_9: 2694.1m (too far)
      BIN_10: 644.4m (NEARBY)
        └─ Already in cluster 1
    Found 3 nearby bins
    Nearby cluster IDs: {1}
    Already in cluster 1
  
  Processing bin BIN_9 (index 8):
    Finding nearby bins within 1400.0m:
      BIN_1: 1341.0m (NEARBY)
        └─ Already in cluster 0
      BIN_2: 2300.3m (too far)
      BIN_3: 1691.7m (too far)
      BIN_4: 325.5m (NEARBY)
        └─ Already in cluster 0
      BIN_5: 1366.3m (NEARBY)
        └─ Already in cluster 0
      BIN_6: 2102.2m (too far)
      BIN_7: 1793.2m (too far)
      BIN_8: 2694.1m (too far)
      BIN_10: 2512.2m (too far)
    Found 3 nearby bins
    Nearby cluster IDs: {0}
    Already in cluster 0
  
  Processing bin BIN_10 (index 9):
    Finding nearby bins within 1400.0m:
      BIN_1: 2500.7m (too far)
      BIN_2: 515.6m (NEARBY)
        └─ Already in cluster 1
      BIN_3: 2365.5m (too far)
      BIN_4: 2612.2m (too far)
      BIN_5: 2147.1m (too far)
      BIN_6: 461.6m (NEARBY)
        └─ Already in cluster 1
      BIN_7: 2693.1m (too far)
      BIN_8: 644.4m (NEARBY)
        └─ Already in cluster 1
      BIN_9: 2512.2m (too far)
    Found 3 nearby bins
    Nearby cluster IDs: {1}
    Already in cluster 1
  Cleaning up duplicate bins:
  Final clustering results: 2 clusters, sizes: [6, 4]
    Final Cluster 0: ['BIN_1', 'BIN_3', 'BIN_4', 'BIN_5', 'BIN_7', 'BIN_9']
    Final Cluster 1: ['BIN_2', 'BIN_6', 'BIN_8', 'BIN_10']

CLUSTERING RESULTS:
  Created 2 clusters
  Cluster 0: 6 bins - ['BIN_1', 'BIN_3', 'BIN_4', 'BIN_5', 'BIN_7', 'BIN_9']
    Internal distances:
      BIN_1 to BIN_3: 421.5m
      BIN_1 to BIN_4: 1072.9m
      BIN_1 to BIN_5: 361.9m
      BIN_1 to BIN_7: 453.6m
      BIN_1 to BIN_9: 1341.0m
      BIN_3 to BIN_4: 1454.5m
      BIN_3 to BIN_5: 367.4m
      BIN_3 to BIN_7: 327.9m
      BIN_3 to BIN_9: 1691.7m
      BIN_4 to BIN_5: 1162.6m
      BIN_4 to BIN_7: 1516.7m
      BIN_4 to BIN_9: 325.5m
      BIN_5 to BIN_7: 623.6m
      BIN_5 to BIN_9: 1366.3m
      BIN_7 to BIN_9: 1793.2m
    Max internal distance: 1793.2m
  Cluster 1: 4 bins - ['BIN_2', 'BIN_6', 'BIN_8', 'BIN_10']
    Internal distances:
      BIN_2 to BIN_6: 301.7m
      BIN_2 to BIN_8: 407.7m
      BIN_2 to BIN_10: 515.6m
      BIN_6 to BIN_8: 686.1m
      BIN_6 to BIN_10: 461.6m
      BIN_8 to BIN_10: 644.4m
    Max internal distance: 686.1m
============================================================
CLUSTERING DEBUG END
============================================================
🎯 Using collection queue priority routing: 1 bins
============================================================
CLUSTERING DEBUG START
============================================================
Input validation:
  bins_data type: <class 'list'>
  bins_data length: 10
  depot_data type: <class 'NoneType'>
  depot_data: None
  First bin structure: {'capacity': 500, 'fillLevel': 0.030000000000000002, 'fillRate': 6, 'id': 'BIN_1', 'lat': 33.613580131572526, 'lng': 73.05981561266454, 'threshold': 80, 'near_threshold_count': 0, 'dynamic_threshold': 50}
  All bin IDs: ['BIN_1', 'BIN_2', 'BIN_3', 'BIN_4', 'BIN_5', 'BIN_6', 'BIN_7', 'BIN_8', 'BIN_9', 'BIN_10']

CALCULATING BIN SERVICE RADIUS:
BIN RADIUS CALCULATION DEBUG:
  depot_data: None
  bins_data length: 10
  No depot data, using default bin radius: 1400m
Final bin service radius: 1400.0m

STARTING PROXIMITY CLUSTERING:
PROXIMITY CLUSTERING DEBUG:
  Bin service radius: 1400.0m
  Processing 10 bins
  All pairwise distances:
    BIN_1 to BIN_2: 2066.1m ✗
    BIN_1 to BIN_3: 421.5m ✓
    BIN_1 to BIN_4: 1072.9m ✓
    BIN_1 to BIN_5: 361.9m ✓
    BIN_1 to BIN_6: 2042.5m ✗
    BIN_1 to BIN_7: 453.6m ✓
    BIN_1 to BIN_8: 2341.7m ✗
    BIN_1 to BIN_9: 1341.0m ✓
    BIN_1 to BIN_10: 2500.7m ✗
    BIN_2 to BIN_3: 1888.5m ✗
    BIN_2 to BIN_4: 2341.0m ✗
    BIN_2 to BIN_5: 1705.4m ✗
    BIN_2 to BIN_6: 301.7m ✓
    BIN_2 to BIN_7: 2216.1m ✗
    BIN_2 to BIN_8: 407.7m ✓
    BIN_2 to BIN_9: 2300.3m ✗
    BIN_2 to BIN_10: 515.6m ✓
    BIN_3 to BIN_4: 1454.5m ✗
    BIN_3 to BIN_5: 367.4m ✓
    BIN_3 to BIN_6: 1925.0m ✗
    BIN_3 to BIN_7: 327.9m ✓
    BIN_3 to BIN_8: 2107.4m ✗
    BIN_3 to BIN_9: 1691.7m ✗
    BIN_3 to BIN_10: 2365.5m ✗
    BIN_4 to BIN_5: 1162.6m ✓
    BIN_4 to BIN_6: 2177.6m ✗
    BIN_4 to BIN_7: 1516.7m ✗
    BIN_4 to BIN_8: 2718.0m ✗
    BIN_4 to BIN_9: 325.5m ✓
    BIN_4 to BIN_10: 2612.2m ✗
    BIN_5 to BIN_6: 1691.3m ✗
    BIN_5 to BIN_7: 623.6m ✓
    BIN_5 to BIN_8: 1980.6m ✗
    BIN_5 to BIN_9: 1366.3m ✓
    BIN_5 to BIN_10: 2147.1m ✗
    BIN_6 to BIN_7: 2251.1m ✗
    BIN_6 to BIN_8: 686.1m ✓
    BIN_6 to BIN_9: 2102.2m ✗
    BIN_6 to BIN_10: 461.6m ✓
    BIN_7 to BIN_8: 2428.6m ✗
    BIN_7 to BIN_9: 1793.2m ✗
    BIN_7 to BIN_10: 2693.1m ✗
    BIN_8 to BIN_9: 2694.1m ✗
    BIN_8 to BIN_10: 644.4m ✓
    BIN_9 to BIN_10: 2512.2m ✗
  Processing bins sequentially:
  
  Processing bin BIN_1 (index 0):
    Finding nearby bins within 1400.0m:
      BIN_2: 2066.1m (too far)
      BIN_3: 421.5m (NEARBY)
      BIN_4: 1072.9m (NEARBY)
      BIN_5: 361.9m (NEARBY)
      BIN_6: 2042.5m (too far)
      BIN_7: 453.6m (NEARBY)
      BIN_8: 2341.7m (too far)
      BIN_9: 1341.0m (NEARBY)
      BIN_10: 2500.7m (too far)
    Found 5 nearby bins
    Nearby cluster IDs: set()
    Creating new cluster 0 with current bin + nearby bins
      Added BIN_1 to cluster 0
      Added BIN_3 to cluster 0
      Added BIN_4 to cluster 0
      Added BIN_5 to cluster 0
      Added BIN_7 to cluster 0
      Added BIN_9 to cluster 0
  
  Processing bin BIN_2 (index 1):
    Finding nearby bins within 1400.0m:
      BIN_1: 2066.1m (too far)
      BIN_3: 1888.5m (too far)
      BIN_4: 2341.0m (too far)
      BIN_5: 1705.4m (too far)
      BIN_6: 301.7m (NEARBY)
      BIN_7: 2216.1m (too far)
      BIN_8: 407.7m (NEARBY)
      BIN_9: 2300.3m (too far)
      BIN_10: 515.6m (NEARBY)
    Found 3 nearby bins
    Nearby cluster IDs: set()
    Creating new cluster 1 with current bin + nearby bins
      Added BIN_2 to cluster 1
      Added BIN_6 to cluster 1
      Added BIN_8 to cluster 1
      Added BIN_10 to cluster 1
  
  Processing bin BIN_3 (index 2):
    Finding nearby bins within 1400.0m:
      BIN_1: 421.5m (NEARBY)
        └─ Already in cluster 0
      BIN_2: 1888.5m (too far)
      BIN_4: 1454.5m (too far)
      BIN_5: 367.4m (NEARBY)
        └─ Already in cluster 0
      BIN_6: 1925.0m (too far)
      BIN_7: 327.9m (NEARBY)
        └─ Already in cluster 0
      BIN_8: 2107.4m (too far)
      BIN_9: 1691.7m (too far)
      BIN_10: 2365.5m (too far)
    Found 3 nearby bins
    Nearby cluster IDs: {0}
    Already in cluster 0
  
  Processing bin BIN_4 (index 3):
    Finding nearby bins within 1400.0m:
      BIN_1: 1072.9m (NEARBY)
        └─ Already in cluster 0
      BIN_2: 2341.0m (too far)
      BIN_3: 1454.5m (too far)
      BIN_5: 1162.6m (NEARBY)
        └─ Already in cluster 0
      BIN_6: 2177.6m (too far)
      BIN_7: 1516.7m (too far)
      BIN_8: 2718.0m (too far)
      BIN_9: 325.5m (NEARBY)
        └─ Already in cluster 0
      BIN_10: 2612.2m (too far)
    Found 3 nearby bins
    Nearby cluster IDs: {0}
    Already in cluster 0
  
  Processing bin BIN_5 (index 4):
    Finding nearby bins within 1400.0m:
      BIN_1: 361.9m (NEARBY)
        └─ Already in cluster 0
      BIN_2: 1705.4m (too far)
      BIN_3: 367.4m (NEARBY)
        └─ Already in cluster 0
      BIN_4: 1162.6m (NEARBY)
        └─ Already in cluster 0
      BIN_6: 1691.3m (too far)
      BIN_7: 623.6m (NEARBY)
        └─ Already in cluster 0
      BIN_8: 1980.6m (too far)
      BIN_9: 1366.3m (NEARBY)
        └─ Already in cluster 0
      BIN_10: 2147.1m (too far)
    Found 5 nearby bins
    Nearby cluster IDs: {0}
    Already in cluster 0
  
  Processing bin BIN_6 (index 5):
    Finding nearby bins within 1400.0m:
      BIN_1: 2042.5m (too far)
      BIN_2: 301.7m (NEARBY)
        └─ Already in cluster 1
      BIN_3: 1925.0m (too far)
      BIN_4: 2177.6m (too far)
      BIN_5: 1691.3m (too far)
      BIN_7: 2251.1m (too far)
      BIN_8: 686.1m (NEARBY)
        └─ Already in cluster 1
      BIN_9: 2102.2m (too far)
      BIN_10: 461.6m (NEARBY)
        └─ Already in cluster 1
    Found 3 nearby bins
    Nearby cluster IDs: {1}
    Already in cluster 1
  
  Processing bin BIN_7 (index 6):
    Finding nearby bins within 1400.0m:
      BIN_1: 453.6m (NEARBY)
        └─ Already in cluster 0
      BIN_2: 2216.1m (too far)
      BIN_3: 327.9m (NEARBY)
        └─ Already in cluster 0
      BIN_4: 1516.7m (too far)
      BIN_5: 623.6m (NEARBY)
        └─ Already in cluster 0
      BIN_6: 2251.1m (too far)
      BIN_8: 2428.6m (too far)
      BIN_9: 1793.2m (too far)
      BIN_10: 2693.1m (too far)
    Found 3 nearby bins
    Nearby cluster IDs: {0}
    Already in cluster 0
  
  Processing bin BIN_8 (index 7):
    Finding nearby bins within 1400.0m:
      BIN_1: 2341.7m (too far)
      BIN_2: 407.7m (NEARBY)
        └─ Already in cluster 1
      BIN_3: 2107.4m (too far)
      BIN_4: 2718.0m (too far)
      BIN_5: 1980.6m (too far)
      BIN_6: 686.1m (NEARBY)
        └─ Already in cluster 1
      BIN_7: 2428.6m (too far)
      BIN_9: 2694.1m (too far)
      BIN_10: 644.4m (NEARBY)
        └─ Already in cluster 1
    Found 3 nearby bins
    Nearby cluster IDs: {1}
    Already in cluster 1
  
  Processing bin BIN_9 (index 8):
    Finding nearby bins within 1400.0m:
      BIN_1: 1341.0m (NEARBY)
        └─ Already in cluster 0
      BIN_2: 2300.3m (too far)
      BIN_3: 1691.7m (too far)
      BIN_4: 325.5m (NEARBY)
        └─ Already in cluster 0
      BIN_5: 1366.3m (NEARBY)
        └─ Already in cluster 0
      BIN_6: 2102.2m (too far)
      BIN_7: 1793.2m (too far)
      BIN_8: 2694.1m (too far)
      BIN_10: 2512.2m (too far)
    Found 3 nearby bins
    Nearby cluster IDs: {0}
    Already in cluster 0
  
  Processing bin BIN_10 (index 9):
    Finding nearby bins within 1400.0m:
      BIN_1: 2500.7m (too far)
      BIN_2: 515.6m (NEARBY)
        └─ Already in cluster 1
      BIN_3: 2365.5m (too far)
      BIN_4: 2612.2m (too far)
      BIN_5: 2147.1m (too far)
      BIN_6: 461.6m (NEARBY)
        └─ Already in cluster 1
      BIN_7: 2693.1m (too far)
      BIN_8: 644.4m (NEARBY)
        └─ Already in cluster 1
      BIN_9: 2512.2m (too far)
    Found 3 nearby bins
    Nearby cluster IDs: {1}
    Already in cluster 1
  Cleaning up duplicate bins:
  Final clustering results: 2 clusters, sizes: [6, 4]
    Final Cluster 0: ['BIN_1', 'BIN_3', 'BIN_4', 'BIN_5', 'BIN_7', 'BIN_9']
    Final Cluster 1: ['BIN_2', 'BIN_6', 'BIN_8', 'BIN_10']

CLUSTERING RESULTS:
  Created 2 clusters
  Cluster 0: 6 bins - ['BIN_1', 'BIN_3', 'BIN_4', 'BIN_5', 'BIN_7', 'BIN_9']
    Internal distances:
      BIN_1 to BIN_3: 421.5m
      BIN_1 to BIN_4: 1072.9m
      BIN_1 to BIN_5: 361.9m
      BIN_1 to BIN_7: 453.6m
      BIN_1 to BIN_9: 1341.0m
      BIN_3 to BIN_4: 1454.5m
      BIN_3 to BIN_5: 367.4m
      BIN_3 to BIN_7: 327.9m
      BIN_3 to BIN_9: 1691.7m
      BIN_4 to BIN_5: 1162.6m
      BIN_4 to BIN_7: 1516.7m
      BIN_4 to BIN_9: 325.5m
      BIN_5 to BIN_7: 623.6m
      BIN_5 to BIN_9: 1366.3m
      BIN_7 to BIN_9: 1793.2m
    Max internal distance: 1793.2m
  Cluster 1: 4 bins - ['BIN_2', 'BIN_6', 'BIN_8', 'BIN_10']
    Internal distances:
      BIN_2 to BIN_6: 301.7m
      BIN_2 to BIN_8: 407.7m
      BIN_2 to BIN_10: 515.6m
      BIN_6 to BIN_8: 686.1m
      BIN_6 to BIN_10: 461.6m
      BIN_8 to BIN_10: 644.4m
    Max internal distance: 686.1m
============================================================
CLUSTERING DEBUG END
============================================================
🎯 Using collection queue priority routing: 1 bins
============================================================
CLUSTERING DEBUG START
============================================================
Input validation:
  bins_data type: <class 'list'>
  bins_data length: 10
  depot_data type: <class 'NoneType'>
  depot_data: None
  First bin structure: {'capacity': 500, 'fillLevel': 0.03166666666666667, 'fillRate': 6, 'id': 'BIN_1', 'lat': 33.613580131572526, 'lng': 73.05981561266454, 'threshold': 80, 'near_threshold_count': 0, 'dynamic_threshold': 50}
  All bin IDs: ['BIN_1', 'BIN_2', 'BIN_3', 'BIN_4', 'BIN_5', 'BIN_6', 'BIN_7', 'BIN_8', 'BIN_9', 'BIN_10']

CALCULATING BIN SERVICE RADIUS:
BIN RADIUS CALCULATION DEBUG:
  depot_data: None
  bins_data length: 10
  No depot data, using default bin radius: 1400m
Final bin service radius: 1400.0m

STARTING PROXIMITY CLUSTERING:
PROXIMITY CLUSTERING DEBUG:
  Bin service radius: 1400.0m
  Processing 10 bins
  All pairwise distances:
    BIN_1 to BIN_2: 2066.1m ✗
    BIN_1 to BIN_3: 421.5m ✓
    BIN_1 to BIN_4: 1072.9m ✓
    BIN_1 to BIN_5: 361.9m ✓
    BIN_1 to BIN_6: 2042.5m ✗
    BIN_1 to BIN_7: 453.6m ✓
    BIN_1 to BIN_8: 2341.7m ✗
    BIN_1 to BIN_9: 1341.0m ✓
    BIN_1 to BIN_10: 2500.7m ✗
    BIN_2 to BIN_3: 1888.5m ✗
    BIN_2 to BIN_4: 2341.0m ✗
    BIN_2 to BIN_5: 1705.4m ✗
    BIN_2 to BIN_6: 301.7m ✓
    BIN_2 to BIN_7: 2216.1m ✗
    BIN_2 to BIN_8: 407.7m ✓
    BIN_2 to BIN_9: 2300.3m ✗
    BIN_2 to BIN_10: 515.6m ✓
    BIN_3 to BIN_4: 1454.5m ✗
    BIN_3 to BIN_5: 367.4m ✓
    BIN_3 to BIN_6: 1925.0m ✗
    BIN_3 to BIN_7: 327.9m ✓
    BIN_3 to BIN_8: 2107.4m ✗
    BIN_3 to BIN_9: 1691.7m ✗
    BIN_3 to BIN_10: 2365.5m ✗
    BIN_4 to BIN_5: 1162.6m ✓
    BIN_4 to BIN_6: 2177.6m ✗
    BIN_4 to BIN_7: 1516.7m ✗
    BIN_4 to BIN_8: 2718.0m ✗
    BIN_4 to BIN_9: 325.5m ✓
    BIN_4 to BIN_10: 2612.2m ✗
    BIN_5 to BIN_6: 1691.3m ✗
    BIN_5 to BIN_7: 623.6m ✓
    BIN_5 to BIN_8: 1980.6m ✗
    BIN_5 to BIN_9: 1366.3m ✓
    BIN_5 to BIN_10: 2147.1m ✗
    BIN_6 to BIN_7: 2251.1m ✗
    BIN_6 to BIN_8: 686.1m ✓
    BIN_6 to BIN_9: 2102.2m ✗
    BIN_6 to BIN_10: 461.6m ✓
    BIN_7 to BIN_8: 2428.6m ✗
    BIN_7 to BIN_9: 1793.2m ✗
    BIN_7 to BIN_10: 2693.1m ✗
    BIN_8 to BIN_9: 2694.1m ✗
    BIN_8 to BIN_10: 644.4m ✓
    BIN_9 to BIN_10: 2512.2m ✗
  Processing bins sequentially:
  
  Processing bin BIN_1 (index 0):
    Finding nearby bins within 1400.0m:
      BIN_2: 2066.1m (too far)
      BIN_3: 421.5m (NEARBY)
      BIN_4: 1072.9m (NEARBY)
      BIN_5: 361.9m (NEARBY)
      BIN_6: 2042.5m (too far)
      BIN_7: 453.6m (NEARBY)
      BIN_8: 2341.7m (too far)
      BIN_9: 1341.0m (NEARBY)
      BIN_10: 2500.7m (too far)
    Found 5 nearby bins
    Nearby cluster IDs: set()
    Creating new cluster 0 with current bin + nearby bins
      Added BIN_1 to cluster 0
      Added BIN_3 to cluster 0
      Added BIN_4 to cluster 0
      Added BIN_5 to cluster 0
      Added BIN_7 to cluster 0
      Added BIN_9 to cluster 0
  
  Processing bin BIN_2 (index 1):
    Finding nearby bins within 1400.0m:
      BIN_1: 2066.1m (too far)
      BIN_3: 1888.5m (too far)
      BIN_4: 2341.0m (too far)
      BIN_5: 1705.4m (too far)
      BIN_6: 301.7m (NEARBY)
      BIN_7: 2216.1m (too far)
      BIN_8: 407.7m (NEARBY)
      BIN_9: 2300.3m (too far)
      BIN_10: 515.6m (NEARBY)
    Found 3 nearby bins
    Nearby cluster IDs: set()
    Creating new cluster 1 with current bin + nearby bins
      Added BIN_2 to cluster 1
      Added BIN_6 to cluster 1
      Added BIN_8 to cluster 1
      Added BIN_10 to cluster 1
  
  Processing bin BIN_3 (index 2):
    Finding nearby bins within 1400.0m:
      BIN_1: 421.5m (NEARBY)
        └─ Already in cluster 0
      BIN_2: 1888.5m (too far)
      BIN_4: 1454.5m (too far)
      BIN_5: 367.4m (NEARBY)
        └─ Already in cluster 0
      BIN_6: 1925.0m (too far)
      BIN_7: 327.9m (NEARBY)
        └─ Already in cluster 0
      BIN_8: 2107.4m (too far)
      BIN_9: 1691.7m (too far)
      BIN_10: 2365.5m (too far)
    Found 3 nearby bins
    Nearby cluster IDs: {0}
    Already in cluster 0
  
  Processing bin BIN_4 (index 3):
    Finding nearby bins within 1400.0m:
      BIN_1: 1072.9m (NEARBY)
        └─ Already in cluster 0
      BIN_2: 2341.0m (too far)
      BIN_3: 1454.5m (too far)
      BIN_5: 1162.6m (NEARBY)
        └─ Already in cluster 0
      BIN_6: 2177.6m (too far)
      BIN_7: 1516.7m (too far)
      BIN_8: 2718.0m (too far)
      BIN_9: 325.5m (NEARBY)
        └─ Already in cluster 0
      BIN_10: 2612.2m (too far)
    Found 3 nearby bins
    Nearby cluster IDs: {0}
    Already in cluster 0
  
  Processing bin BIN_5 (index 4):
    Finding nearby bins within 1400.0m:
      BIN_1: 361.9m (NEARBY)
        └─ Already in cluster 0
      BIN_2: 1705.4m (too far)
      BIN_3: 367.4m (NEARBY)
        └─ Already in cluster 0
      BIN_4: 1162.6m (NEARBY)
        └─ Already in cluster 0
      BIN_6: 1691.3m (too far)
      BIN_7: 623.6m (NEARBY)
        └─ Already in cluster 0
      BIN_8: 1980.6m (too far)
      BIN_9: 1366.3m (NEARBY)
        └─ Already in cluster 0
      BIN_10: 2147.1m (too far)
    Found 5 nearby bins
    Nearby cluster IDs: {0}
    Already in cluster 0
  
  Processing bin BIN_6 (index 5):
    Finding nearby bins within 1400.0m:
      BIN_1: 2042.5m (too far)
      BIN_2: 301.7m (NEARBY)
        └─ Already in cluster 1
      BIN_3: 1925.0m (too far)
      BIN_4: 2177.6m (too far)
      BIN_5: 1691.3m (too far)
      BIN_7: 2251.1m (too far)
      BIN_8: 686.1m (NEARBY)
        └─ Already in cluster 1
      BIN_9: 2102.2m (too far)
      BIN_10: 461.6m (NEARBY)
        └─ Already in cluster 1
    Found 3 nearby bins
    Nearby cluster IDs: {1}
    Already in cluster 1
  
  Processing bin BIN_7 (index 6):
    Finding nearby bins within 1400.0m:
      BIN_1: 453.6m (NEARBY)
        └─ Already in cluster 0
      BIN_2: 2216.1m (too far)
      BIN_3: 327.9m (NEARBY)
        └─ Already in cluster 0
      BIN_4: 1516.7m (too far)
      BIN_5: 623.6m (NEARBY)
        └─ Already in cluster 0
      BIN_6: 2251.1m (too far)
      BIN_8: 2428.6m (too far)
      BIN_9: 1793.2m (too far)
      BIN_10: 2693.1m (too far)
    Found 3 nearby bins
    Nearby cluster IDs: {0}
    Already in cluster 0
  
  Processing bin BIN_8 (index 7):
    Finding nearby bins within 1400.0m:
      BIN_1: 2341.7m (too far)
      BIN_2: 407.7m (NEARBY)
        └─ Already in cluster 1
      BIN_3: 2107.4m (too far)
      BIN_4: 2718.0m (too far)
      BIN_5: 1980.6m (too far)
      BIN_6: 686.1m (NEARBY)
        └─ Already in cluster 1
      BIN_7: 2428.6m (too far)
      BIN_9: 2694.1m (too far)
      BIN_10: 644.4m (NEARBY)
        └─ Already in cluster 1
    Found 3 nearby bins
    Nearby cluster IDs: {1}
    Already in cluster 1
  
  Processing bin BIN_9 (index 8):
    Finding nearby bins within 1400.0m:
      BIN_1: 1341.0m (NEARBY)
        └─ Already in cluster 0
      BIN_2: 2300.3m (too far)
      BIN_3: 1691.7m (too far)
      BIN_4: 325.5m (NEARBY)
        └─ Already in cluster 0
      BIN_5: 1366.3m (NEARBY)
        └─ Already in cluster 0
      BIN_6: 2102.2m (too far)
      BIN_7: 1793.2m (too far)
      BIN_8: 2694.1m (too far)
      BIN_10: 2512.2m (too far)
    Found 3 nearby bins
    Nearby cluster IDs: {0}
    Already in cluster 0
  
  Processing bin BIN_10 (index 9):
    Finding nearby bins within 1400.0m:
      BIN_1: 2500.7m (too far)
      BIN_2: 515.6m (NEARBY)
        └─ Already in cluster 1
      BIN_3: 2365.5m (too far)
      BIN_4: 2612.2m (too far)
      BIN_5: 2147.1m (too far)
      BIN_6: 461.6m (NEARBY)
        └─ Already in cluster 1
      BIN_7: 2693.1m (too far)
      BIN_8: 644.4m (NEARBY)
        └─ Already in cluster 1
      BIN_9: 2512.2m (too far)
    Found 3 nearby bins
    Nearby cluster IDs: {1}
    Already in cluster 1
  Cleaning up duplicate bins:
  Final clustering results: 2 clusters, sizes: [6, 4]
    Final Cluster 0: ['BIN_1', 'BIN_3', 'BIN_4', 'BIN_5', 'BIN_7', 'BIN_9']
    Final Cluster 1: ['BIN_2', 'BIN_6', 'BIN_8', 'BIN_10']

CLUSTERING RESULTS:
  Created 2 clusters
  Cluster 0: 6 bins - ['BIN_1', 'BIN_3', 'BIN_4', 'BIN_5', 'BIN_7', 'BIN_9']
    Internal distances:
      BIN_1 to BIN_3: 421.5m
      BIN_1 to BIN_4: 1072.9m
      BIN_1 to BIN_5: 361.9m
      BIN_1 to BIN_7: 453.6m
      BIN_1 to BIN_9: 1341.0m
      BIN_3 to BIN_4: 1454.5m
      BIN_3 to BIN_5: 367.4m
      BIN_3 to BIN_7: 327.9m
      BIN_3 to BIN_9: 1691.7m
      BIN_4 to BIN_5: 1162.6m
      BIN_4 to BIN_7: 1516.7m
      BIN_4 to BIN_9: 325.5m
      BIN_5 to BIN_7: 623.6m
      BIN_5 to BIN_9: 1366.3m
      BIN_7 to BIN_9: 1793.2m
    Max internal distance: 1793.2m
  Cluster 1: 4 bins - ['BIN_2', 'BIN_6', 'BIN_8', 'BIN_10']
    Internal distances:
      BIN_2 to BIN_6: 301.7m
      BIN_2 to BIN_8: 407.7m
      BIN_2 to BIN_10: 515.6m
      BIN_6 to BIN_8: 686.1m
      BIN_6 to BIN_10: 461.6m
      BIN_8 to BIN_10: 644.4m
    Max internal distance: 686.1m
============================================================
CLUSTERING DEBUG END
============================================================
🎯 Using collection queue priority routing: 1 bins
============================================================
CLUSTERING DEBUG START
============================================================
Input validation:
  bins_data type: <class 'list'>
  bins_data length: 10
  depot_data type: <class 'NoneType'>
  depot_data: None
  First bin structure: {'capacity': 500, 'fillLevel': 0.03333333333333333, 'fillRate': 6, 'id': 'BIN_1', 'lat': 33.613580131572526, 'lng': 73.05981561266454, 'threshold': 80, 'near_threshold_count': 0, 'dynamic_threshold': 50}
  All bin IDs: ['BIN_1', 'BIN_2', 'BIN_3', 'BIN_4', 'BIN_5', 'BIN_6', 'BIN_7', 'BIN_8', 'BIN_9', 'BIN_10']

CALCULATING BIN SERVICE RADIUS:
BIN RADIUS CALCULATION DEBUG:
  depot_data: None
  bins_data length: 10
  No depot data, using default bin radius: 1400m
Final bin service radius: 1400.0m

STARTING PROXIMITY CLUSTERING:
PROXIMITY CLUSTERING DEBUG:
  Bin service radius: 1400.0m
  Processing 10 bins
  All pairwise distances:
    BIN_1 to BIN_2: 2066.1m ✗
    BIN_1 to BIN_3: 421.5m ✓
    BIN_1 to BIN_4: 1072.9m ✓
    BIN_1 to BIN_5: 361.9m ✓
    BIN_1 to BIN_6: 2042.5m ✗
    BIN_1 to BIN_7: 453.6m ✓
    BIN_1 to BIN_8: 2341.7m ✗
    BIN_1 to BIN_9: 1341.0m ✓
    BIN_1 to BIN_10: 2500.7m ✗
    BIN_2 to BIN_3: 1888.5m ✗
    BIN_2 to BIN_4: 2341.0m ✗
    BIN_2 to BIN_5: 1705.4m ✗
    BIN_2 to BIN_6: 301.7m ✓
    BIN_2 to BIN_7: 2216.1m ✗
    BIN_2 to BIN_8: 407.7m ✓
    BIN_2 to BIN_9: 2300.3m ✗
    BIN_2 to BIN_10: 515.6m ✓
    BIN_3 to BIN_4: 1454.5m ✗
    BIN_3 to BIN_5: 367.4m ✓
    BIN_3 to BIN_6: 1925.0m ✗
    BIN_3 to BIN_7: 327.9m ✓
    BIN_3 to BIN_8: 2107.4m ✗
    BIN_3 to BIN_9: 1691.7m ✗
    BIN_3 to BIN_10: 2365.5m ✗
    BIN_4 to BIN_5: 1162.6m ✓
    BIN_4 to BIN_6: 2177.6m ✗
    BIN_4 to BIN_7: 1516.7m ✗
    BIN_4 to BIN_8: 2718.0m ✗
    BIN_4 to BIN_9: 325.5m ✓
    BIN_4 to BIN_10: 2612.2m ✗
    BIN_5 to BIN_6: 1691.3m ✗
    BIN_5 to BIN_7: 623.6m ✓
    BIN_5 to BIN_8: 1980.6m ✗
    BIN_5 to BIN_9: 1366.3m ✓
    BIN_5 to BIN_10: 2147.1m ✗
    BIN_6 to BIN_7: 2251.1m ✗
    BIN_6 to BIN_8: 686.1m ✓
    BIN_6 to BIN_9: 2102.2m ✗
    BIN_6 to BIN_10: 461.6m ✓
    BIN_7 to BIN_8: 2428.6m ✗
    BIN_7 to BIN_9: 1793.2m ✗
    BIN_7 to BIN_10: 2693.1m ✗
    BIN_8 to BIN_9: 2694.1m ✗
    BIN_8 to BIN_10: 644.4m ✓
    BIN_9 to BIN_10: 2512.2m ✗
  Processing bins sequentially:
  
  Processing bin BIN_1 (index 0):
    Finding nearby bins within 1400.0m:
      BIN_2: 2066.1m (too far)
      BIN_3: 421.5m (NEARBY)
      BIN_4: 1072.9m (NEARBY)
      BIN_5: 361.9m (NEARBY)
      BIN_6: 2042.5m (too far)
      BIN_7: 453.6m (NEARBY)
      BIN_8: 2341.7m (too far)
      BIN_9: 1341.0m (NEARBY)
      BIN_10: 2500.7m (too far)
    Found 5 nearby bins
    Nearby cluster IDs: set()
    Creating new cluster 0 with current bin + nearby bins
      Added BIN_1 to cluster 0
      Added BIN_3 to cluster 0
      Added BIN_4 to cluster 0
      Added BIN_5 to cluster 0
      Added BIN_7 to cluster 0
      Added BIN_9 to cluster 0
  
  Processing bin BIN_2 (index 1):
    Finding nearby bins within 1400.0m:
      BIN_1: 2066.1m (too far)
      BIN_3: 1888.5m (too far)
      BIN_4: 2341.0m (too far)
      BIN_5: 1705.4m (too far)
      BIN_6: 301.7m (NEARBY)
      BIN_7: 2216.1m (too far)
      BIN_8: 407.7m (NEARBY)
      BIN_9: 2300.3m (too far)
      BIN_10: 515.6m (NEARBY)
    Found 3 nearby bins
    Nearby cluster IDs: set()
    Creating new cluster 1 with current bin + nearby bins
      Added BIN_2 to cluster 1
      Added BIN_6 to cluster 1
      Added BIN_8 to cluster 1
      Added BIN_10 to cluster 1
  
  Processing bin BIN_3 (index 2):
    Finding nearby bins within 1400.0m:
      BIN_1: 421.5m (NEARBY)
        └─ Already in cluster 0
      BIN_2: 1888.5m (too far)
      BIN_4: 1454.5m (too far)
      BIN_5: 367.4m (NEARBY)
        └─ Already in cluster 0
      BIN_6: 1925.0m (too far)
      BIN_7: 327.9m (NEARBY)
        └─ Already in cluster 0
      BIN_8: 2107.4m (too far)
      BIN_9: 1691.7m (too far)
      BIN_10: 2365.5m (too far)
    Found 3 nearby bins
    Nearby cluster IDs: {0}
    Already in cluster 0
  
  Processing bin BIN_4 (index 3):
    Finding nearby bins within 1400.0m:
      BIN_1: 1072.9m (NEARBY)
        └─ Already in cluster 0
      BIN_2: 2341.0m (too far)
      BIN_3: 1454.5m (too far)
      BIN_5: 1162.6m (NEARBY)
        └─ Already in cluster 0
      BIN_6: 2177.6m (too far)
      BIN_7: 1516.7m (too far)
      BIN_8: 2718.0m (too far)
      BIN_9: 325.5m (NEARBY)
        └─ Already in cluster 0
      BIN_10: 2612.2m (too far)
    Found 3 nearby bins
    Nearby cluster IDs: {0}
    Already in cluster 0
  
  Processing bin BIN_5 (index 4):
    Finding nearby bins within 1400.0m:
      BIN_1: 361.9m (NEARBY)
        └─ Already in cluster 0
      BIN_2: 1705.4m (too far)
      BIN_3: 367.4m (NEARBY)
        └─ Already in cluster 0
      BIN_4: 1162.6m (NEARBY)
        └─ Already in cluster 0
      BIN_6: 1691.3m (too far)
      BIN_7: 623.6m (NEARBY)
        └─ Already in cluster 0
      BIN_8: 1980.6m (too far)
      BIN_9: 1366.3m (NEARBY)
        └─ Already in cluster 0
      BIN_10: 2147.1m (too far)
    Found 5 nearby bins
    Nearby cluster IDs: {0}
    Already in cluster 0
  
  Processing bin BIN_6 (index 5):
    Finding nearby bins within 1400.0m:
      BIN_1: 2042.5m (too far)
      BIN_2: 301.7m (NEARBY)
        └─ Already in cluster 1
      BIN_3: 1925.0m (too far)
      BIN_4: 2177.6m (too far)
      BIN_5: 1691.3m (too far)
      BIN_7: 2251.1m (too far)
      BIN_8: 686.1m (NEARBY)
        └─ Already in cluster 1
      BIN_9: 2102.2m (too far)
      BIN_10: 461.6m (NEARBY)
        └─ Already in cluster 1
    Found 3 nearby bins
    Nearby cluster IDs: {1}
    Already in cluster 1
  
  Processing bin BIN_7 (index 6):
    Finding nearby bins within 1400.0m:
      BIN_1: 453.6m (NEARBY)
        └─ Already in cluster 0
      BIN_2: 2216.1m (too far)
      BIN_3: 327.9m (NEARBY)
        └─ Already in cluster 0
      BIN_4: 1516.7m (too far)
      BIN_5: 623.6m (NEARBY)
        └─ Already in cluster 0
      BIN_6: 2251.1m (too far)
      BIN_8: 2428.6m (too far)
      BIN_9: 1793.2m (too far)
      BIN_10: 2693.1m (too far)
    Found 3 nearby bins
    Nearby cluster IDs: {0}
    Already in cluster 0
  
  Processing bin BIN_8 (index 7):
    Finding nearby bins within 1400.0m:
      BIN_1: 2341.7m (too far)
      BIN_2: 407.7m (NEARBY)
        └─ Already in cluster 1
      BIN_3: 2107.4m (too far)
      BIN_4: 2718.0m (too far)
      BIN_5: 1980.6m (too far)
      BIN_6: 686.1m (NEARBY)
        └─ Already in cluster 1
      BIN_7: 2428.6m (too far)
      BIN_9: 2694.1m (too far)
      BIN_10: 644.4m (NEARBY)
        └─ Already in cluster 1
    Found 3 nearby bins
    Nearby cluster IDs: {1}
    Already in cluster 1
  
  Processing bin BIN_9 (index 8):
    Finding nearby bins within 1400.0m:
      BIN_1: 1341.0m (NEARBY)
        └─ Already in cluster 0
      BIN_2: 2300.3m (too far)
      BIN_3: 1691.7m (too far)
      BIN_4: 325.5m (NEARBY)
        └─ Already in cluster 0
      BIN_5: 1366.3m (NEARBY)
        └─ Already in cluster 0
      BIN_6: 2102.2m (too far)
      BIN_7: 1793.2m (too far)
      BIN_8: 2694.1m (too far)
      BIN_10: 2512.2m (too far)
    Found 3 nearby bins
    Nearby cluster IDs: {0}
    Already in cluster 0
  
  Processing bin BIN_10 (index 9):
    Finding nearby bins within 1400.0m:
      BIN_1: 2500.7m (too far)
      BIN_2: 515.6m (NEARBY)
        └─ Already in cluster 1
      BIN_3: 2365.5m (too far)
      BIN_4: 2612.2m (too far)
      BIN_5: 2147.1m (too far)
      BIN_6: 461.6m (NEARBY)
        └─ Already in cluster 1
      BIN_7: 2693.1m (too far)
      BIN_8: 644.4m (NEARBY)
        └─ Already in cluster 1
      BIN_9: 2512.2m (too far)
    Found 3 nearby bins
    Nearby cluster IDs: {1}
    Already in cluster 1
  Cleaning up duplicate bins:
  Final clustering results: 2 clusters, sizes: [6, 4]
    Final Cluster 0: ['BIN_1', 'BIN_3', 'BIN_4', 'BIN_5', 'BIN_7', 'BIN_9']
    Final Cluster 1: ['BIN_2', 'BIN_6', 'BIN_8', 'BIN_10']

CLUSTERING RESULTS:
  Created 2 clusters
  Cluster 0: 6 bins - ['BIN_1', 'BIN_3', 'BIN_4', 'BIN_5', 'BIN_7', 'BIN_9']
    Internal distances:
      BIN_1 to BIN_3: 421.5m
      BIN_1 to BIN_4: 1072.9m
      BIN_1 to BIN_5: 361.9m
      BIN_1 to BIN_7: 453.6m
      BIN_1 to BIN_9: 1341.0m
      BIN_3 to BIN_4: 1454.5m
      BIN_3 to BIN_5: 367.4m
      BIN_3 to BIN_7: 327.9m
      BIN_3 to BIN_9: 1691.7m
      BIN_4 to BIN_5: 1162.6m
      BIN_4 to BIN_7: 1516.7m
      BIN_4 to BIN_9: 325.5m
      BIN_5 to BIN_7: 623.6m
      BIN_5 to BIN_9: 1366.3m
      BIN_7 to BIN_9: 1793.2m
    Max internal distance: 1793.2m
  Cluster 1: 4 bins - ['BIN_2', 'BIN_6', 'BIN_8', 'BIN_10']
    Internal distances:
      BIN_2 to BIN_6: 301.7m
      BIN_2 to BIN_8: 407.7m
      BIN_2 to BIN_10: 515.6m
      BIN_6 to BIN_8: 686.1m
      BIN_6 to BIN_10: 461.6m
      BIN_8 to BIN_10: 644.4m
    Max internal distance: 686.1m
============================================================
CLUSTERING DEBUG END
============================================================
🎯 Using collection queue priority routing: 1 bins
============================================================
CLUSTERING DEBUG START
============================================================
Input validation:
  bins_data type: <class 'list'>
  bins_data length: 10
  depot_data type: <class 'NoneType'>
  depot_data: None
  First bin structure: {'capacity': 500, 'fillLevel': 0.034999999999999996, 'fillRate': 6, 'id': 'BIN_1', 'lat': 33.613580131572526, 'lng': 73.05981561266454, 'threshold': 80, 'near_threshold_count': 0, 'dynamic_threshold': 50}
  All bin IDs: ['BIN_1', 'BIN_2', 'BIN_3', 'BIN_4', 'BIN_5', 'BIN_6', 'BIN_7', 'BIN_8', 'BIN_9', 'BIN_10']

CALCULATING BIN SERVICE RADIUS:
BIN RADIUS CALCULATION DEBUG:
  depot_data: None
  bins_data length: 10
  No depot data, using default bin radius: 1400m
Final bin service radius: 1400.0m

STARTING PROXIMITY CLUSTERING:
PROXIMITY CLUSTERING DEBUG:
  Bin service radius: 1400.0m
  Processing 10 bins
  All pairwise distances:
    BIN_1 to BIN_2: 2066.1m ✗
    BIN_1 to BIN_3: 421.5m ✓
    BIN_1 to BIN_4: 1072.9m ✓
    BIN_1 to BIN_5: 361.9m ✓
    BIN_1 to BIN_6: 2042.5m ✗
    BIN_1 to BIN_7: 453.6m ✓
    BIN_1 to BIN_8: 2341.7m ✗
    BIN_1 to BIN_9: 1341.0m ✓
    BIN_1 to BIN_10: 2500.7m ✗
    BIN_2 to BIN_3: 1888.5m ✗
    BIN_2 to BIN_4: 2341.0m ✗
    BIN_2 to BIN_5: 1705.4m ✗
    BIN_2 to BIN_6: 301.7m ✓
    BIN_2 to BIN_7: 2216.1m ✗
    BIN_2 to BIN_8: 407.7m ✓
    BIN_2 to BIN_9: 2300.3m ✗
    BIN_2 to BIN_10: 515.6m ✓
    BIN_3 to BIN_4: 1454.5m ✗
    BIN_3 to BIN_5: 367.4m ✓
    BIN_3 to BIN_6: 1925.0m ✗
    BIN_3 to BIN_7: 327.9m ✓
    BIN_3 to BIN_8: 2107.4m ✗
    BIN_3 to BIN_9: 1691.7m ✗
    BIN_3 to BIN_10: 2365.5m ✗
    BIN_4 to BIN_5: 1162.6m ✓
    BIN_4 to BIN_6: 2177.6m ✗
    BIN_4 to BIN_7: 1516.7m ✗
    BIN_4 to BIN_8: 2718.0m ✗
    BIN_4 to BIN_9: 325.5m ✓
    BIN_4 to BIN_10: 2612.2m ✗
    BIN_5 to BIN_6: 1691.3m ✗
    BIN_5 to BIN_7: 623.6m ✓
    BIN_5 to BIN_8: 1980.6m ✗
    BIN_5 to BIN_9: 1366.3m ✓
    BIN_5 to BIN_10: 2147.1m ✗
    BIN_6 to BIN_7: 2251.1m ✗
    BIN_6 to BIN_8: 686.1m ✓
    BIN_6 to BIN_9: 2102.2m ✗
    BIN_6 to BIN_10: 461.6m ✓
    BIN_7 to BIN_8: 2428.6m ✗
    BIN_7 to BIN_9: 1793.2m ✗
    BIN_7 to BIN_10: 2693.1m ✗
    BIN_8 to BIN_9: 2694.1m ✗
    BIN_8 to BIN_10: 644.4m ✓
    BIN_9 to BIN_10: 2512.2m ✗
  Processing bins sequentially:
  
  Processing bin BIN_1 (index 0):
    Finding nearby bins within 1400.0m:
      BIN_2: 2066.1m (too far)
      BIN_3: 421.5m (NEARBY)
      BIN_4: 1072.9m (NEARBY)
      BIN_5: 361.9m (NEARBY)
      BIN_6: 2042.5m (too far)
      BIN_7: 453.6m (NEARBY)
      BIN_8: 2341.7m (too far)
      BIN_9: 1341.0m (NEARBY)
      BIN_10: 2500.7m (too far)
    Found 5 nearby bins
    Nearby cluster IDs: set()
    Creating new cluster 0 with current bin + nearby bins
      Added BIN_1 to cluster 0
      Added BIN_3 to cluster 0
      Added BIN_4 to cluster 0
      Added BIN_5 to cluster 0
      Added BIN_7 to cluster 0
      Added BIN_9 to cluster 0
  
  Processing bin BIN_2 (index 1):
    Finding nearby bins within 1400.0m:
      BIN_1: 2066.1m (too far)
      BIN_3: 1888.5m (too far)
      BIN_4: 2341.0m (too far)
      BIN_5: 1705.4m (too far)
      BIN_6: 301.7m (NEARBY)
      BIN_7: 2216.1m (too far)
      BIN_8: 407.7m (NEARBY)
      BIN_9: 2300.3m (too far)
      BIN_10: 515.6m (NEARBY)
    Found 3 nearby bins
    Nearby cluster IDs: set()
    Creating new cluster 1 with current bin + nearby bins
      Added BIN_2 to cluster 1
      Added BIN_6 to cluster 1
      Added BIN_8 to cluster 1
      Added BIN_10 to cluster 1
  
  Processing bin BIN_3 (index 2):
    Finding nearby bins within 1400.0m:
      BIN_1: 421.5m (NEARBY)
        └─ Already in cluster 0
      BIN_2: 1888.5m (too far)
      BIN_4: 1454.5m (too far)
      BIN_5: 367.4m (NEARBY)
        └─ Already in cluster 0
      BIN_6: 1925.0m (too far)
      BIN_7: 327.9m (NEARBY)
        └─ Already in cluster 0
      BIN_8: 2107.4m (too far)
      BIN_9: 1691.7m (too far)
      BIN_10: 2365.5m (too far)
    Found 3 nearby bins
    Nearby cluster IDs: {0}
    Already in cluster 0
  
  Processing bin BIN_4 (index 3):
    Finding nearby bins within 1400.0m:
      BIN_1: 1072.9m (NEARBY)
        └─ Already in cluster 0
      BIN_2: 2341.0m (too far)
      BIN_3: 1454.5m (too far)
      BIN_5: 1162.6m (NEARBY)
        └─ Already in cluster 0
      BIN_6: 2177.6m (too far)
      BIN_7: 1516.7m (too far)
      BIN_8: 2718.0m (too far)
      BIN_9: 325.5m (NEARBY)
        └─ Already in cluster 0
      BIN_10: 2612.2m (too far)
    Found 3 nearby bins
    Nearby cluster IDs: {0}
    Already in cluster 0
  
  Processing bin BIN_5 (index 4):
    Finding nearby bins within 1400.0m:
      BIN_1: 361.9m (NEARBY)
        └─ Already in cluster 0
      BIN_2: 1705.4m (too far)
      BIN_3: 367.4m (NEARBY)
        └─ Already in cluster 0
      BIN_4: 1162.6m (NEARBY)
        └─ Already in cluster 0
      BIN_6: 1691.3m (too far)
      BIN_7: 623.6m (NEARBY)
        └─ Already in cluster 0
      BIN_8: 1980.6m (too far)
      BIN_9: 1366.3m (NEARBY)
        └─ Already in cluster 0
      BIN_10: 2147.1m (too far)
    Found 5 nearby bins
    Nearby cluster IDs: {0}
    Already in cluster 0
  
  Processing bin BIN_6 (index 5):
    Finding nearby bins within 1400.0m:
      BIN_1: 2042.5m (too far)
      BIN_2: 301.7m (NEARBY)
        └─ Already in cluster 1
      BIN_3: 1925.0m (too far)
      BIN_4: 2177.6m (too far)
      BIN_5: 1691.3m (too far)
      BIN_7: 2251.1m (too far)
      BIN_8: 686.1m (NEARBY)
        └─ Already in cluster 1
      BIN_9: 2102.2m (too far)
      BIN_10: 461.6m (NEARBY)
        └─ Already in cluster 1
    Found 3 nearby bins
    Nearby cluster IDs: {1}
    Already in cluster 1
  
  Processing bin BIN_7 (index 6):
    Finding nearby bins within 1400.0m:
      BIN_1: 453.6m (NEARBY)
        └─ Already in cluster 0
      BIN_2: 2216.1m (too far)
      BIN_3: 327.9m (NEARBY)
        └─ Already in cluster 0
      BIN_4: 1516.7m (too far)
      BIN_5: 623.6m (NEARBY)
        └─ Already in cluster 0
      BIN_6: 2251.1m (too far)
      BIN_8: 2428.6m (too far)
      BIN_9: 1793.2m (too far)
      BIN_10: 2693.1m (too far)
    Found 3 nearby bins
    Nearby cluster IDs: {0}
    Already in cluster 0
  
  Processing bin BIN_8 (index 7):
    Finding nearby bins within 1400.0m:
      BIN_1: 2341.7m (too far)
      BIN_2: 407.7m (NEARBY)
        └─ Already in cluster 1
      BIN_3: 2107.4m (too far)
      BIN_4: 2718.0m (too far)
      BIN_5: 1980.6m (too far)
      BIN_6: 686.1m (NEARBY)
        └─ Already in cluster 1
      BIN_7: 2428.6m (too far)
      BIN_9: 2694.1m (too far)
      BIN_10: 644.4m (NEARBY)
        └─ Already in cluster 1
    Found 3 nearby bins
    Nearby cluster IDs: {1}
    Already in cluster 1
  
  Processing bin BIN_9 (index 8):
    Finding nearby bins within 1400.0m:
      BIN_1: 1341.0m (NEARBY)
        └─ Already in cluster 0
      BIN_2: 2300.3m (too far)
      BIN_3: 1691.7m (too far)
      BIN_4: 325.5m (NEARBY)
        └─ Already in cluster 0
      BIN_5: 1366.3m (NEARBY)
        └─ Already in cluster 0
      BIN_6: 2102.2m (too far)
      BIN_7: 1793.2m (too far)
      BIN_8: 2694.1m (too far)
      BIN_10: 2512.2m (too far)
    Found 3 nearby bins
    Nearby cluster IDs: {0}
    Already in cluster 0
  
  Processing bin BIN_10 (index 9):
    Finding nearby bins within 1400.0m:
      BIN_1: 2500.7m (too far)
      BIN_2: 515.6m (NEARBY)
        └─ Already in cluster 1
      BIN_3: 2365.5m (too far)
      BIN_4: 2612.2m (too far)
      BIN_5: 2147.1m (too far)
      BIN_6: 461.6m (NEARBY)
        └─ Already in cluster 1
      BIN_7: 2693.1m (too far)
      BIN_8: 644.4m (NEARBY)
        └─ Already in cluster 1
      BIN_9: 2512.2m (too far)
    Found 3 nearby bins
    Nearby cluster IDs: {1}
    Already in cluster 1
  Cleaning up duplicate bins:
  Final clustering results: 2 clusters, sizes: [6, 4]
    Final Cluster 0: ['BIN_1', 'BIN_3', 'BIN_4', 'BIN_5', 'BIN_7', 'BIN_9']
    Final Cluster 1: ['BIN_2', 'BIN_6', 'BIN_8', 'BIN_10']

CLUSTERING RESULTS:
  Created 2 clusters
  Cluster 0: 6 bins - ['BIN_1', 'BIN_3', 'BIN_4', 'BIN_5', 'BIN_7', 'BIN_9']
    Internal distances:
      BIN_1 to BIN_3: 421.5m
      BIN_1 to BIN_4: 1072.9m
      BIN_1 to BIN_5: 361.9m
      BIN_1 to BIN_7: 453.6m
      BIN_1 to BIN_9: 1341.0m
      BIN_3 to BIN_4: 1454.5m
      BIN_3 to BIN_5: 367.4m
      BIN_3 to BIN_7: 327.9m
      BIN_3 to BIN_9: 1691.7m
      BIN_4 to BIN_5: 1162.6m
      BIN_4 to BIN_7: 1516.7m
      BIN_4 to BIN_9: 325.5m
      BIN_5 to BIN_7: 623.6m
      BIN_5 to BIN_9: 1366.3m
      BIN_7 to BIN_9: 1793.2m
    Max internal distance: 1793.2m
  Cluster 1: 4 bins - ['BIN_2', 'BIN_6', 'BIN_8', 'BIN_10']
    Internal distances:
      BIN_2 to BIN_6: 301.7m
      BIN_2 to BIN_8: 407.7m
      BIN_2 to BIN_10: 515.6m
      BIN_6 to BIN_8: 686.1m
      BIN_6 to BIN_10: 461.6m
      BIN_8 to BIN_10: 644.4m
    Max internal distance: 686.1m
============================================================
CLUSTERING DEBUG END
============================================================
🎯 Using collection queue priority routing: 1 bins
System loaded from: cleanify_system_20251007_130200.json
Starting simulation...
============================================================
CLUSTERING DEBUG START
============================================================
Input validation:
  bins_data type: <class 'list'>
  bins_data length: 10
  depot_data type: <class 'NoneType'>
  depot_data: None
  First bin structure: {'capacity': 500, 'fillLevel': 24, 'fillRate': 3.1, 'id': 'BIN_1', 'lat': 33.60920455921576, 'lng': 73.0824710401013, 'threshold': 80}
  All bin IDs: ['BIN_1', 'BIN_2', 'BIN_3', 'BIN_4', 'BIN_5', 'BIN_6', 'BIN_7', 'BIN_8', 'BIN_9', 'BIN_10']

CALCULATING BIN SERVICE RADIUS:
BIN RADIUS CALCULATION DEBUG:
  depot_data: None
  bins_data length: 10
  No depot data, using default bin radius: 1400m
Final bin service radius: 1400.0m

STARTING PROXIMITY CLUSTERING:
PROXIMITY CLUSTERING DEBUG:
  Bin service radius: 1400.0m
  Processing 10 bins
  All pairwise distances:
    BIN_1 to BIN_2: 932.8m ✓
    BIN_1 to BIN_3: 1158.9m ✓
    BIN_1 to BIN_4: 874.4m ✓
    BIN_1 to BIN_5: 6313.0m ✗
    BIN_1 to BIN_6: 5773.9m ✗
    BIN_1 to BIN_7: 4874.6m ✗
    BIN_1 to BIN_8: 6278.6m ✗
    BIN_1 to BIN_9: 5771.8m ✗
    BIN_1 to BIN_10: 5677.1m ✗
    BIN_2 to BIN_3: 1401.8m ✗
    BIN_2 to BIN_4: 1746.8m ✗
    BIN_2 to BIN_5: 6251.1m ✗
    BIN_2 to BIN_6: 5818.2m ✗
    BIN_2 to BIN_7: 4768.2m ✗
    BIN_2 to BIN_8: 7031.0m ✗
    BIN_2 to BIN_9: 6443.1m ✗
    BIN_2 to BIN_10: 6404.5m ✗
    BIN_3 to BIN_4: 1145.1m ✓
    BIN_3 to BIN_5: 7440.1m ✗
    BIN_3 to BIN_6: 6922.2m ✗
    BIN_3 to BIN_7: 5984.3m ✗
    BIN_3 to BIN_8: 7148.7m ✗
    BIN_3 to BIN_9: 6740.6m ✗
    BIN_3 to BIN_10: 6586.6m ✗
    BIN_4 to BIN_5: 6883.3m ✗
    BIN_4 to BIN_6: 6276.7m ✗
    BIN_4 to BIN_7: 5495.9m ✗
    BIN_4 to BIN_8: 6012.1m ✗
    BIN_4 to BIN_9: 5637.1m ✗
    BIN_4 to BIN_10: 5460.6m ✗
    BIN_5 to BIN_6: 842.3m ✓
    BIN_5 to BIN_7: 1489.4m ✗
    BIN_5 to BIN_8: 6234.7m ✗
    BIN_5 to BIN_9: 5220.5m ✗
    BIN_5 to BIN_10: 5695.6m ✗
    BIN_6 to BIN_7: 1299.1m ✓
    BIN_6 to BIN_8: 5416.7m ✗
    BIN_6 to BIN_9: 4399.9m ✗
    BIN_6 to BIN_10: 4865.3m ✗
    BIN_7 to BIN_8: 5977.3m ✗
    BIN_7 to BIN_9: 4975.2m ✗
    BIN_7 to BIN_10: 5354.1m ✗
    BIN_8 to BIN_9: 1018.0m ✓
    BIN_8 to BIN_10: 674.8m ✓
    BIN_9 to BIN_10: 554.9m ✓
  Processing bins sequentially:
  
  Processing bin BIN_1 (index 0):
    Finding nearby bins within 1400.0m:
      BIN_2: 932.8m (NEARBY)
      BIN_3: 1158.9m (NEARBY)
      BIN_4: 874.4m (NEARBY)
      BIN_5: 6313.0m (too far)
      BIN_6: 5773.9m (too far)
      BIN_7: 4874.6m (too far)
      BIN_8: 6278.6m (too far)
      BIN_9: 5771.8m (too far)
      BIN_10: 5677.1m (too far)
    Found 3 nearby bins
    Nearby cluster IDs: set()
    Creating new cluster 0 with current bin + nearby bins
      Added BIN_1 to cluster 0
      Added BIN_2 to cluster 0
      Added BIN_3 to cluster 0
      Added BIN_4 to cluster 0
  
  Processing bin BIN_2 (index 1):
    Finding nearby bins within 1400.0m:
      BIN_1: 932.8m (NEARBY)
        └─ Already in cluster 0
      BIN_3: 1401.8m (too far)
      BIN_4: 1746.8m (too far)
      BIN_5: 6251.1m (too far)
      BIN_6: 5818.2m (too far)
      BIN_7: 4768.2m (too far)
      BIN_8: 7031.0m (too far)
      BIN_9: 6443.1m (too far)
      BIN_10: 6404.5m (too far)
    Found 1 nearby bins
    Nearby cluster IDs: {0}
    Already in cluster 0
  
  Processing bin BIN_3 (index 2):
    Finding nearby bins within 1400.0m:
      BIN_1: 1158.9m (NEARBY)
        └─ Already in cluster 0
      BIN_2: 1401.8m (too far)
      BIN_4: 1145.1m (NEARBY)
        └─ Already in cluster 0
      BIN_5: 7440.1m (too far)
      BIN_6: 6922.2m (too far)
      BIN_7: 5984.3m (too far)
      BIN_8: 7148.7m (too far)
      BIN_9: 6740.6m (too far)
      BIN_10: 6586.6m (too far)
    Found 2 nearby bins
    Nearby cluster IDs: {0}
    Already in cluster 0
  
  Processing bin BIN_4 (index 3):
    Finding nearby bins within 1400.0m:
      BIN_1: 874.4m (NEARBY)
        └─ Already in cluster 0
      BIN_2: 1746.8m (too far)
      BIN_3: 1145.1m (NEARBY)
        └─ Already in cluster 0
      BIN_5: 6883.3m (too far)
      BIN_6: 6276.7m (too far)
      BIN_7: 5495.9m (too far)
      BIN_8: 6012.1m (too far)
      BIN_9: 5637.1m (too far)
      BIN_10: 5460.6m (too far)
    Found 2 nearby bins
    Nearby cluster IDs: {0}
    Already in cluster 0
  
  Processing bin BIN_5 (index 4):
    Finding nearby bins within 1400.0m:
      BIN_1: 6313.0m (too far)
      BIN_2: 6251.1m (too far)
      BIN_3: 7440.1m (too far)
      BIN_4: 6883.3m (too far)
      BIN_6: 842.3m (NEARBY)
      BIN_7: 1489.4m (too far)
      BIN_8: 6234.7m (too far)
      BIN_9: 5220.5m (too far)
      BIN_10: 5695.6m (too far)
    Found 1 nearby bins
    Nearby cluster IDs: set()
    Creating new cluster 1 with current bin + nearby bins
      Added BIN_5 to cluster 1
      Added BIN_6 to cluster 1
  
  Processing bin BIN_6 (index 5):
    Finding nearby bins within 1400.0m:
      BIN_1: 5773.9m (too far)
      BIN_2: 5818.2m (too far)
      BIN_3: 6922.2m (too far)
      BIN_4: 6276.7m (too far)
      BIN_5: 842.3m (NEARBY)
        └─ Already in cluster 1
      BIN_7: 1299.1m (NEARBY)
      BIN_8: 5416.7m (too far)
      BIN_9: 4399.9m (too far)
      BIN_10: 4865.3m (too far)
    Found 2 nearby bins
    Nearby cluster IDs: {1}
    Already in cluster 1
  
  Processing bin BIN_7 (index 6):
    Finding nearby bins within 1400.0m:
      BIN_1: 4874.6m (too far)
      BIN_2: 4768.2m (too far)
      BIN_3: 5984.3m (too far)
      BIN_4: 5495.9m (too far)
      BIN_5: 1489.4m (too far)
      BIN_6: 1299.1m (NEARBY)
        └─ Already in cluster 1
      BIN_8: 5977.3m (too far)
      BIN_9: 4975.2m (too far)
      BIN_10: 5354.1m (too far)
    Found 1 nearby bins
    Nearby cluster IDs: {1}
    Joined existing cluster 1
  
  Processing bin BIN_8 (index 7):
    Finding nearby bins within 1400.0m:
      BIN_1: 6278.6m (too far)
      BIN_2: 7031.0m (too far)
      BIN_3: 7148.7m (too far)
      BIN_4: 6012.1m (too far)
      BIN_5: 6234.7m (too far)
      BIN_6: 5416.7m (too far)
      BIN_7: 5977.3m (too far)
      BIN_9: 1018.0m (NEARBY)
      BIN_10: 674.8m (NEARBY)
    Found 2 nearby bins
    Nearby cluster IDs: set()
    Creating new cluster 2 with current bin + nearby bins
      Added BIN_8 to cluster 2
      Added BIN_9 to cluster 2
      Added BIN_10 to cluster 2
  
  Processing bin BIN_9 (index 8):
    Finding nearby bins within 1400.0m:
      BIN_1: 5771.8m (too far)
      BIN_2: 6443.1m (too far)
      BIN_3: 6740.6m (too far)
      BIN_4: 5637.1m (too far)
      BIN_5: 5220.5m (too far)
      BIN_6: 4399.9m (too far)
      BIN_7: 4975.2m (too far)
      BIN_8: 1018.0m (NEARBY)
        └─ Already in cluster 2
      BIN_10: 554.9m (NEARBY)
        └─ Already in cluster 2
    Found 2 nearby bins
    Nearby cluster IDs: {2}
    Already in cluster 2
  
  Processing bin BIN_10 (index 9):
    Finding nearby bins within 1400.0m:
      BIN_1: 5677.1m (too far)
      BIN_2: 6404.5m (too far)
      BIN_3: 6586.6m (too far)
      BIN_4: 5460.6m (too far)
      BIN_5: 5695.6m (too far)
      BIN_6: 4865.3m (too far)
      BIN_7: 5354.1m (too far)
      BIN_8: 674.8m (NEARBY)
        └─ Already in cluster 2
      BIN_9: 554.9m (NEARBY)
        └─ Already in cluster 2
    Found 2 nearby bins
    Nearby cluster IDs: {2}
    Already in cluster 2
  Cleaning up duplicate bins:
  Final clustering results: 3 clusters, sizes: [4, 3, 3]
    Final Cluster 0: ['BIN_1', 'BIN_2', 'BIN_3', 'BIN_4']
    Final Cluster 1: ['BIN_5', 'BIN_6', 'BIN_7']
    Final Cluster 2: ['BIN_8', 'BIN_9', 'BIN_10']

CLUSTERING RESULTS:
  Created 3 clusters
  Cluster 0: 4 bins - ['BIN_1', 'BIN_2', 'BIN_3', 'BIN_4']
    Internal distances:
      BIN_1 to BIN_2: 932.8m
      BIN_1 to BIN_3: 1158.9m
      BIN_1 to BIN_4: 874.4m
      BIN_2 to BIN_3: 1401.8m
      BIN_2 to BIN_4: 1746.8m
      BIN_3 to BIN_4: 1145.1m
    Max internal distance: 1746.8m
  Cluster 1: 3 bins - ['BIN_5', 'BIN_6', 'BIN_7']
    Internal distances:
      BIN_5 to BIN_6: 842.3m
      BIN_5 to BIN_7: 1489.4m
      BIN_6 to BIN_7: 1299.1m
    Max internal distance: 1489.4m
  Cluster 2: 3 bins - ['BIN_8', 'BIN_9', 'BIN_10']
    Internal distances:
      BIN_8 to BIN_9: 1018.0m
      BIN_8 to BIN_10: 674.8m
      BIN_9 to BIN_10: 554.9m
    Max internal distance: 1018.0m
============================================================
CLUSTERING DEBUG END
============================================================
============================================================
CLUSTERING DEBUG START
============================================================
Input validation:
  bins_data type: <class 'list'>
  bins_data length: 10
  depot_data type: <class 'NoneType'>
  depot_data: None
  First bin structure: {'capacity': 500, 'fillLevel': 24.00086111111111, 'fillRate': 3.1, 'id': 'BIN_1', 'lat': 33.60920455921576, 'lng': 73.0824710401013, 'threshold': 80, 'near_threshold_count': 0, 'dynamic_threshold': 50}
  All bin IDs: ['BIN_1', 'BIN_2', 'BIN_3', 'BIN_4', 'BIN_5', 'BIN_6', 'BIN_7', 'BIN_8', 'BIN_9', 'BIN_10']

CALCULATING BIN SERVICE RADIUS:
BIN RADIUS CALCULATION DEBUG:
  depot_data: None
  bins_data length: 10
  No depot data, using default bin radius: 1400m
Final bin service radius: 1400.0m

STARTING PROXIMITY CLUSTERING:
PROXIMITY CLUSTERING DEBUG:
  Bin service radius: 1400.0m
  Processing 10 bins
  All pairwise distances:
    BIN_1 to BIN_2: 932.8m ✓
    BIN_1 to BIN_3: 1158.9m ✓
    BIN_1 to BIN_4: 874.4m ✓
    BIN_1 to BIN_5: 6313.0m ✗
    BIN_1 to BIN_6: 5773.9m ✗
    BIN_1 to BIN_7: 4874.6m ✗
    BIN_1 to BIN_8: 6278.6m ✗
    BIN_1 to BIN_9: 5771.8m ✗
    BIN_1 to BIN_10: 5677.1m ✗
    BIN_2 to BIN_3: 1401.8m ✗
    BIN_2 to BIN_4: 1746.8m ✗
    BIN_2 to BIN_5: 6251.1m ✗
    BIN_2 to BIN_6: 5818.2m ✗
    BIN_2 to BIN_7: 4768.2m ✗
    BIN_2 to BIN_8: 7031.0m ✗
    BIN_2 to BIN_9: 6443.1m ✗
    BIN_2 to BIN_10: 6404.5m ✗
    BIN_3 to BIN_4: 1145.1m ✓
    BIN_3 to BIN_5: 7440.1m ✗
    BIN_3 to BIN_6: 6922.2m ✗
    BIN_3 to BIN_7: 5984.3m ✗
    BIN_3 to BIN_8: 7148.7m ✗
    BIN_3 to BIN_9: 6740.6m ✗
    BIN_3 to BIN_10: 6586.6m ✗
    BIN_4 to BIN_5: 6883.3m ✗
    BIN_4 to BIN_6: 6276.7m ✗
    BIN_4 to BIN_7: 5495.9m ✗
    BIN_4 to BIN_8: 6012.1m ✗
    BIN_4 to BIN_9: 5637.1m ✗
    BIN_4 to BIN_10: 5460.6m ✗
    BIN_5 to BIN_6: 842.3m ✓
    BIN_5 to BIN_7: 1489.4m ✗
    BIN_5 to BIN_8: 6234.7m ✗
    BIN_5 to BIN_9: 5220.5m ✗
    BIN_5 to BIN_10: 5695.6m ✗
    BIN_6 to BIN_7: 1299.1m ✓
    BIN_6 to BIN_8: 5416.7m ✗
    BIN_6 to BIN_9: 4399.9m ✗
    BIN_6 to BIN_10: 4865.3m ✗
    BIN_7 to BIN_8: 5977.3m ✗
    BIN_7 to BIN_9: 4975.2m ✗
    BIN_7 to BIN_10: 5354.1m ✗
    BIN_8 to BIN_9: 1018.0m ✓
    BIN_8 to BIN_10: 674.8m ✓
    BIN_9 to BIN_10: 554.9m ✓
  Processing bins sequentially:
  
  Processing bin BIN_1 (index 0):
    Finding nearby bins within 1400.0m:
      BIN_2: 932.8m (NEARBY)
      BIN_3: 1158.9m (NEARBY)
      BIN_4: 874.4m (NEARBY)
      BIN_5: 6313.0m (too far)
      BIN_6: 5773.9m (too far)
      BIN_7: 4874.6m (too far)
      BIN_8: 6278.6m (too far)
      BIN_9: 5771.8m (too far)
      BIN_10: 5677.1m (too far)
    Found 3 nearby bins
    Nearby cluster IDs: set()
    Creating new cluster 0 with current bin + nearby bins
      Added BIN_1 to cluster 0
      Added BIN_2 to cluster 0
      Added BIN_3 to cluster 0
      Added BIN_4 to cluster 0
  
  Processing bin BIN_2 (index 1):
    Finding nearby bins within 1400.0m:
      BIN_1: 932.8m (NEARBY)
        └─ Already in cluster 0
      BIN_3: 1401.8m (too far)
      BIN_4: 1746.8m (too far)
      BIN_5: 6251.1m (too far)
      BIN_6: 5818.2m (too far)
      BIN_7: 4768.2m (too far)
      BIN_8: 7031.0m (too far)
      BIN_9: 6443.1m (too far)
      BIN_10: 6404.5m (too far)
    Found 1 nearby bins
    Nearby cluster IDs: {0}
    Already in cluster 0
  
  Processing bin BIN_3 (index 2):
    Finding nearby bins within 1400.0m:
      BIN_1: 1158.9m (NEARBY)
        └─ Already in cluster 0
      BIN_2: 1401.8m (too far)
      BIN_4: 1145.1m (NEARBY)
        └─ Already in cluster 0
      BIN_5: 7440.1m (too far)
      BIN_6: 6922.2m (too far)
      BIN_7: 5984.3m (too far)
      BIN_8: 7148.7m (too far)
      BIN_9: 6740.6m (too far)
      BIN_10: 6586.6m (too far)
    Found 2 nearby bins
    Nearby cluster IDs: {0}
    Already in cluster 0
  
  Processing bin BIN_4 (index 3):
    Finding nearby bins within 1400.0m:
      BIN_1: 874.4m (NEARBY)
        └─ Already in cluster 0
      BIN_2: 1746.8m (too far)
      BIN_3: 1145.1m (NEARBY)
        └─ Already in cluster 0
      BIN_5: 6883.3m (too far)
      BIN_6: 6276.7m (too far)
      BIN_7: 5495.9m (too far)
      BIN_8: 6012.1m (too far)
      BIN_9: 5637.1m (too far)
      BIN_10: 5460.6m (too far)
    Found 2 nearby bins
    Nearby cluster IDs: {0}
    Already in cluster 0
  
  Processing bin BIN_5 (index 4):
    Finding nearby bins within 1400.0m:
      BIN_1: 6313.0m (too far)
      BIN_2: 6251.1m (too far)
      BIN_3: 7440.1m (too far)
      BIN_4: 6883.3m (too far)
      BIN_6: 842.3m (NEARBY)
      BIN_7: 1489.4m (too far)
      BIN_8: 6234.7m (too far)
      BIN_9: 5220.5m (too far)
      BIN_10: 5695.6m (too far)
    Found 1 nearby bins
    Nearby cluster IDs: set()
    Creating new cluster 1 with current bin + nearby bins
      Added BIN_5 to cluster 1
      Added BIN_6 to cluster 1
  
  Processing bin BIN_6 (index 5):
    Finding nearby bins within 1400.0m:
      BIN_1: 5773.9m (too far)
      BIN_2: 5818.2m (too far)
      BIN_3: 6922.2m (too far)
      BIN_4: 6276.7m (too far)
      BIN_5: 842.3m (NEARBY)
        └─ Already in cluster 1
      BIN_7: 1299.1m (NEARBY)
      BIN_8: 5416.7m (too far)
      BIN_9: 4399.9m (too far)
      BIN_10: 4865.3m (too far)
    Found 2 nearby bins
    Nearby cluster IDs: {1}
    Already in cluster 1
  
  Processing bin BIN_7 (index 6):
    Finding nearby bins within 1400.0m:
      BIN_1: 4874.6m (too far)
      BIN_2: 4768.2m (too far)
      BIN_3: 5984.3m (too far)
      BIN_4: 5495.9m (too far)
      BIN_5: 1489.4m (too far)
      BIN_6: 1299.1m (NEARBY)
        └─ Already in cluster 1
      BIN_8: 5977.3m (too far)
      BIN_9: 4975.2m (too far)
      BIN_10: 5354.1m (too far)
    Found 1 nearby bins
    Nearby cluster IDs: {1}
    Joined existing cluster 1
  
  Processing bin BIN_8 (index 7):
    Finding nearby bins within 1400.0m:
      BIN_1: 6278.6m (too far)
      BIN_2: 7031.0m (too far)
      BIN_3: 7148.7m (too far)
      BIN_4: 6012.1m (too far)
      BIN_5: 6234.7m (too far)
      BIN_6: 5416.7m (too far)
      BIN_7: 5977.3m (too far)
      BIN_9: 1018.0m (NEARBY)
      BIN_10: 674.8m (NEARBY)
    Found 2 nearby bins
    Nearby cluster IDs: set()
    Creating new cluster 2 with current bin + nearby bins
      Added BIN_8 to cluster 2
      Added BIN_9 to cluster 2
      Added BIN_10 to cluster 2
  
  Processing bin BIN_9 (index 8):
    Finding nearby bins within 1400.0m:
      BIN_1: 5771.8m (too far)
      BIN_2: 6443.1m (too far)
      BIN_3: 6740.6m (too far)
      BIN_4: 5637.1m (too far)
      BIN_5: 5220.5m (too far)
      BIN_6: 4399.9m (too far)
      BIN_7: 4975.2m (too far)
      BIN_8: 1018.0m (NEARBY)
        └─ Already in cluster 2
      BIN_10: 554.9m (NEARBY)
        └─ Already in cluster 2
    Found 2 nearby bins
    Nearby cluster IDs: {2}
    Already in cluster 2
  
  Processing bin BIN_10 (index 9):
    Finding nearby bins within 1400.0m:
      BIN_1: 5677.1m (too far)
      BIN_2: 6404.5m (too far)
      BIN_3: 6586.6m (too far)
      BIN_4: 5460.6m (too far)
      BIN_5: 5695.6m (too far)
      BIN_6: 4865.3m (too far)
      BIN_7: 5354.1m (too far)
      BIN_8: 674.8m (NEARBY)
        └─ Already in cluster 2
      BIN_9: 554.9m (NEARBY)
        └─ Already in cluster 2
    Found 2 nearby bins
    Nearby cluster IDs: {2}
    Already in cluster 2
  Cleaning up duplicate bins:
  Final clustering results: 3 clusters, sizes: [4, 3, 3]
    Final Cluster 0: ['BIN_1', 'BIN_2', 'BIN_3', 'BIN_4']
    Final Cluster 1: ['BIN_5', 'BIN_6', 'BIN_7']
    Final Cluster 2: ['BIN_8', 'BIN_9', 'BIN_10']

CLUSTERING RESULTS:
  Created 3 clusters
  Cluster 0: 4 bins - ['BIN_1', 'BIN_2', 'BIN_3', 'BIN_4']
    Internal distances:
      BIN_1 to BIN_2: 932.8m
      BIN_1 to BIN_3: 1158.9m
      BIN_1 to BIN_4: 874.4m
      BIN_2 to BIN_3: 1401.8m
      BIN_2 to BIN_4: 1746.8m
      BIN_3 to BIN_4: 1145.1m
    Max internal distance: 1746.8m
  Cluster 1: 3 bins - ['BIN_5', 'BIN_6', 'BIN_7']
    Internal distances:
      BIN_5 to BIN_6: 842.3m
      BIN_5 to BIN_7: 1489.4m
      BIN_6 to BIN_7: 1299.1m
    Max internal distance: 1489.4m
  Cluster 2: 3 bins - ['BIN_8', 'BIN_9', 'BIN_10']
    Internal distances:
      BIN_8 to BIN_9: 1018.0m
      BIN_8 to BIN_10: 674.8m
      BIN_9 to BIN_10: 554.9m
    Max internal distance: 1018.0m
============================================================
CLUSTERING DEBUG END
============================================================
============================================================
CLUSTERING DEBUG START
============================================================
Input validation:
  bins_data type: <class 'list'>
  bins_data length: 10
  depot_data type: <class 'NoneType'>
  depot_data: None
  First bin structure: {'capacity': 500, 'fillLevel': 24.00086111111111, 'fillRate': 3.1, 'id': 'BIN_1', 'lat': 33.60920455921576, 'lng': 73.0824710401013, 'threshold': 80, 'near_threshold_count': 0, 'dynamic_threshold': 50}
  All bin IDs: ['BIN_1', 'BIN_2', 'BIN_3', 'BIN_4', 'BIN_5', 'BIN_6', 'BIN_7', 'BIN_8', 'BIN_9', 'BIN_10']

CALCULATING BIN SERVICE RADIUS:
BIN RADIUS CALCULATION DEBUG:
  depot_data: None
  bins_data length: 10
  No depot data, using default bin radius: 1400m
Final bin service radius: 1400.0m

STARTING PROXIMITY CLUSTERING:
PROXIMITY CLUSTERING DEBUG:
  Bin service radius: 1400.0m
  Processing 10 bins
  All pairwise distances:
    BIN_1 to BIN_2: 932.8m ✓
    BIN_1 to BIN_3: 1158.9m ✓
    BIN_1 to BIN_4: 874.4m ✓
    BIN_1 to BIN_5: 6313.0m ✗
    BIN_1 to BIN_6: 5773.9m ✗
    BIN_1 to BIN_7: 4874.6m ✗
    BIN_1 to BIN_8: 6278.6m ✗
    BIN_1 to BIN_9: 5771.8m ✗
    BIN_1 to BIN_10: 5677.1m ✗
    BIN_2 to BIN_3: 1401.8m ✗
    BIN_2 to BIN_4: 1746.8m ✗
    BIN_2 to BIN_5: 6251.1m ✗
    BIN_2 to BIN_6: 5818.2m ✗
    BIN_2 to BIN_7: 4768.2m ✗
    BIN_2 to BIN_8: 7031.0m ✗
    BIN_2 to BIN_9: 6443.1m ✗
    BIN_2 to BIN_10: 6404.5m ✗
    BIN_3 to BIN_4: 1145.1m ✓
    BIN_3 to BIN_5: 7440.1m ✗
    BIN_3 to BIN_6: 6922.2m ✗
    BIN_3 to BIN_7: 5984.3m ✗
    BIN_3 to BIN_8: 7148.7m ✗
    BIN_3 to BIN_9: 6740.6m ✗
    BIN_3 to BIN_10: 6586.6m ✗
    BIN_4 to BIN_5: 6883.3m ✗
    BIN_4 to BIN_6: 6276.7m ✗
    BIN_4 to BIN_7: 5495.9m ✗
    BIN_4 to BIN_8: 6012.1m ✗
    BIN_4 to BIN_9: 5637.1m ✗
    BIN_4 to BIN_10: 5460.6m ✗
    BIN_5 to BIN_6: 842.3m ✓
    BIN_5 to BIN_7: 1489.4m ✗
    BIN_5 to BIN_8: 6234.7m ✗
    BIN_5 to BIN_9: 5220.5m ✗
    BIN_5 to BIN_10: 5695.6m ✗
    BIN_6 to BIN_7: 1299.1m ✓
    BIN_6 to BIN_8: 5416.7m ✗
    BIN_6 to BIN_9: 4399.9m ✗
    BIN_6 to BIN_10: 4865.3m ✗
    BIN_7 to BIN_8: 5977.3m ✗
    BIN_7 to BIN_9: 4975.2m ✗
    BIN_7 to BIN_10: 5354.1m ✗
    BIN_8 to BIN_9: 1018.0m ✓
    BIN_8 to BIN_10: 674.8m ✓
    BIN_9 to BIN_10: 554.9m ✓
  Processing bins sequentially:
  
  Processing bin BIN_1 (index 0):
    Finding nearby bins within 1400.0m:
      BIN_2: 932.8m (NEARBY)
      BIN_3: 1158.9m (NEARBY)
      BIN_4: 874.4m (NEARBY)
      BIN_5: 6313.0m (too far)
      BIN_6: 5773.9m (too far)
      BIN_7: 4874.6m (too far)
      BIN_8: 6278.6m (too far)
      BIN_9: 5771.8m (too far)
      BIN_10: 5677.1m (too far)
    Found 3 nearby bins
    Nearby cluster IDs: set()
    Creating new cluster 0 with current bin + nearby bins
      Added BIN_1 to cluster 0
      Added BIN_2 to cluster 0
      Added BIN_3 to cluster 0
      Added BIN_4 to cluster 0
  
  Processing bin BIN_2 (index 1):
    Finding nearby bins within 1400.0m:
      BIN_1: 932.8m (NEARBY)
        └─ Already in cluster 0
      BIN_3: 1401.8m (too far)
      BIN_4: 1746.8m (too far)
      BIN_5: 6251.1m (too far)
      BIN_6: 5818.2m (too far)
      BIN_7: 4768.2m (too far)
      BIN_8: 7031.0m (too far)
      BIN_9: 6443.1m (too far)
      BIN_10: 6404.5m (too far)
    Found 1 nearby bins
    Nearby cluster IDs: {0}
    Already in cluster 0
  
  Processing bin BIN_3 (index 2):
    Finding nearby bins within 1400.0m:
      BIN_1: 1158.9m (NEARBY)
        └─ Already in cluster 0
      BIN_2: 1401.8m (too far)
      BIN_4: 1145.1m (NEARBY)
        └─ Already in cluster 0
      BIN_5: 7440.1m (too far)
      BIN_6: 6922.2m (too far)
      BIN_7: 5984.3m (too far)
      BIN_8: 7148.7m (too far)
      BIN_9: 6740.6m (too far)
      BIN_10: 6586.6m (too far)
    Found 2 nearby bins
    Nearby cluster IDs: {0}
    Already in cluster 0
  
  Processing bin BIN_4 (index 3):
    Finding nearby bins within 1400.0m:
      BIN_1: 874.4m (NEARBY)
        └─ Already in cluster 0
      BIN_2: 1746.8m (too far)
      BIN_3: 1145.1m (NEARBY)
        └─ Already in cluster 0
      BIN_5: 6883.3m (too far)
      BIN_6: 6276.7m (too far)
      BIN_7: 5495.9m (too far)
      BIN_8: 6012.1m (too far)
      BIN_9: 5637.1m (too far)
      BIN_10: 5460.6m (too far)
    Found 2 nearby bins
    Nearby cluster IDs: {0}
    Already in cluster 0
  
  Processing bin BIN_5 (index 4):
    Finding nearby bins within 1400.0m:
      BIN_1: 6313.0m (too far)
      BIN_2: 6251.1m (too far)
      BIN_3: 7440.1m (too far)
      BIN_4: 6883.3m (too far)
      BIN_6: 842.3m (NEARBY)
      BIN_7: 1489.4m (too far)
      BIN_8: 6234.7m (too far)
      BIN_9: 5220.5m (too far)
      BIN_10: 5695.6m (too far)
    Found 1 nearby bins
    Nearby cluster IDs: set()
    Creating new cluster 1 with current bin + nearby bins
      Added BIN_5 to cluster 1
      Added BIN_6 to cluster 1
  
  Processing bin BIN_6 (index 5):
    Finding nearby bins within 1400.0m:
      BIN_1: 5773.9m (too far)
      BIN_2: 5818.2m (too far)
      BIN_3: 6922.2m (too far)
      BIN_4: 6276.7m (too far)
      BIN_5: 842.3m (NEARBY)
        └─ Already in cluster 1
      BIN_7: 1299.1m (NEARBY)
      BIN_8: 5416.7m (too far)
      BIN_9: 4399.9m (too far)
      BIN_10: 4865.3m (too far)
    Found 2 nearby bins
    Nearby cluster IDs: {1}
    Already in cluster 1
  
  Processing bin BIN_7 (index 6):
    Finding nearby bins within 1400.0m:
      BIN_1: 4874.6m (too far)
      BIN_2: 4768.2m (too far)
      BIN_3: 5984.3m (too far)
      BIN_4: 5495.9m (too far)
      BIN_5: 1489.4m (too far)
      BIN_6: 1299.1m (NEARBY)
        └─ Already in cluster 1
      BIN_8: 5977.3m (too far)
      BIN_9: 4975.2m (too far)
      BIN_10: 5354.1m (too far)
    Found 1 nearby bins
    Nearby cluster IDs: {1}
    Joined existing cluster 1
  
  Processing bin BIN_8 (index 7):
    Finding nearby bins within 1400.0m:
      BIN_1: 6278.6m (too far)
      BIN_2: 7031.0m (too far)
      BIN_3: 7148.7m (too far)
      BIN_4: 6012.1m (too far)
      BIN_5: 6234.7m (too far)
      BIN_6: 5416.7m (too far)
      BIN_7: 5977.3m (too far)
      BIN_9: 1018.0m (NEARBY)
      BIN_10: 674.8m (NEARBY)
    Found 2 nearby bins
    Nearby cluster IDs: set()
    Creating new cluster 2 with current bin + nearby bins
      Added BIN_8 to cluster 2
      Added BIN_9 to cluster 2
      Added BIN_10 to cluster 2
  
  Processing bin BIN_9 (index 8):
    Finding nearby bins within 1400.0m:
      BIN_1: 5771.8m (too far)
      BIN_2: 6443.1m (too far)
      BIN_3: 6740.6m (too far)
      BIN_4: 5637.1m (too far)
      BIN_5: 5220.5m (too far)
      BIN_6: 4399.9m (too far)
      BIN_7: 4975.2m (too far)
      BIN_8: 1018.0m (NEARBY)
        └─ Already in cluster 2
      BIN_10: 554.9m (NEARBY)
        └─ Already in cluster 2
    Found 2 nearby bins
    Nearby cluster IDs: {2}
    Already in cluster 2
  
  Processing bin BIN_10 (index 9):
    Finding nearby bins within 1400.0m:
      BIN_1: 5677.1m (too far)
      BIN_2: 6404.5m (too far)
      BIN_3: 6586.6m (too far)
      BIN_4: 5460.6m (too far)
      BIN_5: 5695.6m (too far)
      BIN_6: 4865.3m (too far)
      BIN_7: 5354.1m (too far)
      BIN_8: 674.8m (NEARBY)
        └─ Already in cluster 2
      BIN_9: 554.9m (NEARBY)
        └─ Already in cluster 2
    Found 2 nearby bins
    Nearby cluster IDs: {2}
    Already in cluster 2
  Cleaning up duplicate bins:
  Final clustering results: 3 clusters, sizes: [4, 3, 3]
    Final Cluster 0: ['BIN_1', 'BIN_2', 'BIN_3', 'BIN_4']
    Final Cluster 1: ['BIN_5', 'BIN_6', 'BIN_7']
    Final Cluster 2: ['BIN_8', 'BIN_9', 'BIN_10']

CLUSTERING RESULTS:
  Created 3 clusters
  Cluster 0: 4 bins - ['BIN_1', 'BIN_2', 'BIN_3', 'BIN_4']
    Internal distances:
      BIN_1 to BIN_2: 932.8m
      BIN_1 to BIN_3: 1158.9m
      BIN_1 to BIN_4: 874.4m
      BIN_2 to BIN_3: 1401.8m
      BIN_2 to BIN_4: 1746.8m
      BIN_3 to BIN_4: 1145.1m
    Max internal distance: 1746.8m
  Cluster 1: 3 bins - ['BIN_5', 'BIN_6', 'BIN_7']
    Internal distances:
      BIN_5 to BIN_6: 842.3m
      BIN_5 to BIN_7: 1489.4m
      BIN_6 to BIN_7: 1299.1m
    Max internal distance: 1489.4m
  Cluster 2: 3 bins - ['BIN_8', 'BIN_9', 'BIN_10']
    Internal distances:
      BIN_8 to BIN_9: 1018.0m
      BIN_8 to BIN_10: 674.8m
      BIN_9 to BIN_10: 554.9m
    Max internal distance: 1018.0m
============================================================
CLUSTERING DEBUG END
============================================================
============================================================
CLUSTERING DEBUG START
============================================================
Input validation:
  bins_data type: <class 'list'>
  bins_data length: 10
  depot_data type: <class 'NoneType'>
  depot_data: None
  First bin structure: {'capacity': 500, 'fillLevel': 24.00172222222222, 'fillRate': 3.1, 'id': 'BIN_1', 'lat': 33.60920455921576, 'lng': 73.0824710401013, 'threshold': 80, 'near_threshold_count': 0, 'dynamic_threshold': 50}
  All bin IDs: ['BIN_1', 'BIN_2', 'BIN_3', 'BIN_4', 'BIN_5', 'BIN_6', 'BIN_7', 'BIN_8', 'BIN_9', 'BIN_10']

CALCULATING BIN SERVICE RADIUS:
BIN RADIUS CALCULATION DEBUG:
  depot_data: None
  bins_data length: 10
  No depot data, using default bin radius: 1400m
Final bin service radius: 1400.0m

STARTING PROXIMITY CLUSTERING:
PROXIMITY CLUSTERING DEBUG:
  Bin service radius: 1400.0m
  Processing 10 bins
  All pairwise distances:
    BIN_1 to BIN_2: 932.8m ✓
    BIN_1 to BIN_3: 1158.9m ✓
    BIN_1 to BIN_4: 874.4m ✓
    BIN_1 to BIN_5: 6313.0m ✗
    BIN_1 to BIN_6: 5773.9m ✗
    BIN_1 to BIN_7: 4874.6m ✗
    BIN_1 to BIN_8: 6278.6m ✗
    BIN_1 to BIN_9: 5771.8m ✗
    BIN_1 to BIN_10: 5677.1m ✗
    BIN_2 to BIN_3: 1401.8m ✗
    BIN_2 to BIN_4: 1746.8m ✗
    BIN_2 to BIN_5: 6251.1m ✗
    BIN_2 to BIN_6: 5818.2m ✗
    BIN_2 to BIN_7: 4768.2m ✗
    BIN_2 to BIN_8: 7031.0m ✗
    BIN_2 to BIN_9: 6443.1m ✗
    BIN_2 to BIN_10: 6404.5m ✗
    BIN_3 to BIN_4: 1145.1m ✓
    BIN_3 to BIN_5: 7440.1m ✗
    BIN_3 to BIN_6: 6922.2m ✗
    BIN_3 to BIN_7: 5984.3m ✗
    BIN_3 to BIN_8: 7148.7m ✗
    BIN_3 to BIN_9: 6740.6m ✗
    BIN_3 to BIN_10: 6586.6m ✗
    BIN_4 to BIN_5: 6883.3m ✗
    BIN_4 to BIN_6: 6276.7m ✗
    BIN_4 to BIN_7: 5495.9m ✗
    BIN_4 to BIN_8: 6012.1m ✗
    BIN_4 to BIN_9: 5637.1m ✗
    BIN_4 to BIN_10: 5460.6m ✗
    BIN_5 to BIN_6: 842.3m ✓
    BIN_5 to BIN_7: 1489.4m ✗
    BIN_5 to BIN_8: 6234.7m ✗
    BIN_5 to BIN_9: 5220.5m ✗
    BIN_5 to BIN_10: 5695.6m ✗
    BIN_6 to BIN_7: 1299.1m ✓
    BIN_6 to BIN_8: 5416.7m ✗
    BIN_6 to BIN_9: 4399.9m ✗
    BIN_6 to BIN_10: 4865.3m ✗
    BIN_7 to BIN_8: 5977.3m ✗
    BIN_7 to BIN_9: 4975.2m ✗
    BIN_7 to BIN_10: 5354.1m ✗
    BIN_8 to BIN_9: 1018.0m ✓
    BIN_8 to BIN_10: 674.8m ✓
    BIN_9 to BIN_10: 554.9m ✓
  Processing bins sequentially:
  
  Processing bin BIN_1 (index 0):
    Finding nearby bins within 1400.0m:
      BIN_2: 932.8m (NEARBY)
      BIN_3: 1158.9m (NEARBY)
      BIN_4: 874.4m (NEARBY)
      BIN_5: 6313.0m (too far)
      BIN_6: 5773.9m (too far)
      BIN_7: 4874.6m (too far)
      BIN_8: 6278.6m (too far)
      BIN_9: 5771.8m (too far)
      BIN_10: 5677.1m (too far)
    Found 3 nearby bins
    Nearby cluster IDs: set()
    Creating new cluster 0 with current bin + nearby bins
      Added BIN_1 to cluster 0
      Added BIN_2 to cluster 0
      Added BIN_3 to cluster 0
      Added BIN_4 to cluster 0
  
  Processing bin BIN_2 (index 1):
    Finding nearby bins within 1400.0m:
      BIN_1: 932.8m (NEARBY)
        └─ Already in cluster 0
      BIN_3: 1401.8m (too far)
      BIN_4: 1746.8m (too far)
      BIN_5: 6251.1m (too far)
      BIN_6: 5818.2m (too far)
      BIN_7: 4768.2m (too far)
      BIN_8: 7031.0m (too far)
      BIN_9: 6443.1m (too far)
      BIN_10: 6404.5m (too far)
    Found 1 nearby bins
    Nearby cluster IDs: {0}
    Already in cluster 0
  
  Processing bin BIN_3 (index 2):
    Finding nearby bins within 1400.0m:
      BIN_1: 1158.9m (NEARBY)
        └─ Already in cluster 0
      BIN_2: 1401.8m (too far)
      BIN_4: 1145.1m (NEARBY)
        └─ Already in cluster 0
      BIN_5: 7440.1m (too far)
      BIN_6: 6922.2m (too far)
      BIN_7: 5984.3m (too far)
      BIN_8: 7148.7m (too far)
      BIN_9: 6740.6m (too far)
      BIN_10: 6586.6m (too far)
    Found 2 nearby bins
    Nearby cluster IDs: {0}
    Already in cluster 0
  
  Processing bin BIN_4 (index 3):
    Finding nearby bins within 1400.0m:
      BIN_1: 874.4m (NEARBY)
        └─ Already in cluster 0
      BIN_2: 1746.8m (too far)
      BIN_3: 1145.1m (NEARBY)
        └─ Already in cluster 0
      BIN_5: 6883.3m (too far)
      BIN_6: 6276.7m (too far)
      BIN_7: 5495.9m (too far)
      BIN_8: 6012.1m (too far)
      BIN_9: 5637.1m (too far)
      BIN_10: 5460.6m (too far)
    Found 2 nearby bins
    Nearby cluster IDs: {0}
    Already in cluster 0
  
  Processing bin BIN_5 (index 4):
    Finding nearby bins within 1400.0m:
      BIN_1: 6313.0m (too far)
      BIN_2: 6251.1m (too far)
      BIN_3: 7440.1m (too far)
      BIN_4: 6883.3m (too far)
      BIN_6: 842.3m (NEARBY)
      BIN_7: 1489.4m (too far)
      BIN_8: 6234.7m (too far)
      BIN_9: 5220.5m (too far)
      BIN_10: 5695.6m (too far)
    Found 1 nearby bins
    Nearby cluster IDs: set()
    Creating new cluster 1 with current bin + nearby bins
      Added BIN_5 to cluster 1
      Added BIN_6 to cluster 1
  
  Processing bin BIN_6 (index 5):
    Finding nearby bins within 1400.0m:
      BIN_1: 5773.9m (too far)
      BIN_2: 5818.2m (too far)
      BIN_3: 6922.2m (too far)
      BIN_4: 6276.7m (too far)
      BIN_5: 842.3m (NEARBY)
        └─ Already in cluster 1
      BIN_7: 1299.1m (NEARBY)
      BIN_8: 5416.7m (too far)
      BIN_9: 4399.9m (too far)
      BIN_10: 4865.3m (too far)
    Found 2 nearby bins
    Nearby cluster IDs: {1}
    Already in cluster 1
  
  Processing bin BIN_7 (index 6):
    Finding nearby bins within 1400.0m:
      BIN_1: 4874.6m (too far)
      BIN_2: 4768.2m (too far)
      BIN_3: 5984.3m (too far)
      BIN_4: 5495.9m (too far)
      BIN_5: 1489.4m (too far)
      BIN_6: 1299.1m (NEARBY)
        └─ Already in cluster 1
      BIN_8: 5977.3m (too far)
      BIN_9: 4975.2m (too far)
      BIN_10: 5354.1m (too far)
    Found 1 nearby bins
    Nearby cluster IDs: {1}
    Joined existing cluster 1
  
  Processing bin BIN_8 (index 7):
    Finding nearby bins within 1400.0m:
      BIN_1: 6278.6m (too far)
      BIN_2: 7031.0m (too far)
      BIN_3: 7148.7m (too far)
      BIN_4: 6012.1m (too far)
      BIN_5: 6234.7m (too far)
      BIN_6: 5416.7m (too far)
      BIN_7: 5977.3m (too far)
      BIN_9: 1018.0m (NEARBY)
      BIN_10: 674.8m (NEARBY)
    Found 2 nearby bins
    Nearby cluster IDs: set()
    Creating new cluster 2 with current bin + nearby bins
      Added BIN_8 to cluster 2
      Added BIN_9 to cluster 2
      Added BIN_10 to cluster 2
  
  Processing bin BIN_9 (index 8):
    Finding nearby bins within 1400.0m:
      BIN_1: 5771.8m (too far)
      BIN_2: 6443.1m (too far)
      BIN_3: 6740.6m (too far)
      BIN_4: 5637.1m (too far)
      BIN_5: 5220.5m (too far)
      BIN_6: 4399.9m (too far)
      BIN_7: 4975.2m (too far)
      BIN_8: 1018.0m (NEARBY)
        └─ Already in cluster 2
      BIN_10: 554.9m (NEARBY)
        └─ Already in cluster 2
    Found 2 nearby bins
    Nearby cluster IDs: {2}
    Already in cluster 2
  
  Processing bin BIN_10 (index 9):
    Finding nearby bins within 1400.0m:
      BIN_1: 5677.1m (too far)
      BIN_2: 6404.5m (too far)
      BIN_3: 6586.6m (too far)
      BIN_4: 5460.6m (too far)
      BIN_5: 5695.6m (too far)
      BIN_6: 4865.3m (too far)
      BIN_7: 5354.1m (too far)
      BIN_8: 674.8m (NEARBY)
        └─ Already in cluster 2
      BIN_9: 554.9m (NEARBY)
        └─ Already in cluster 2
    Found 2 nearby bins
    Nearby cluster IDs: {2}
    Already in cluster 2
  Cleaning up duplicate bins:
  Final clustering results: 3 clusters, sizes: [4, 3, 3]
    Final Cluster 0: ['BIN_1', 'BIN_2', 'BIN_3', 'BIN_4']
    Final Cluster 1: ['BIN_5', 'BIN_6', 'BIN_7']
    Final Cluster 2: ['BIN_8', 'BIN_9', 'BIN_10']

CLUSTERING RESULTS:
  Created 3 clusters
  Cluster 0: 4 bins - ['BIN_1', 'BIN_2', 'BIN_3', 'BIN_4']
    Internal distances:
      BIN_1 to BIN_2: 932.8m
      BIN_1 to BIN_3: 1158.9m
      BIN_1 to BIN_4: 874.4m
      BIN_2 to BIN_3: 1401.8m
      BIN_2 to BIN_4: 1746.8m
      BIN_3 to BIN_4: 1145.1m
    Max internal distance: 1746.8m
  Cluster 1: 3 bins - ['BIN_5', 'BIN_6', 'BIN_7']
    Internal distances:
      BIN_5 to BIN_6: 842.3m
      BIN_5 to BIN_7: 1489.4m
      BIN_6 to BIN_7: 1299.1m
    Max internal distance: 1489.4m
  Cluster 2: 3 bins - ['BIN_8', 'BIN_9', 'BIN_10']
    Internal distances:
      BIN_8 to BIN_9: 1018.0m
      BIN_8 to BIN_10: 674.8m
      BIN_9 to BIN_10: 554.9m
    Max internal distance: 1018.0m
============================================================
CLUSTERING DEBUG END
============================================================
============================================================
CLUSTERING DEBUG START
============================================================
Input validation:
  bins_data type: <class 'list'>
  bins_data length: 10
  depot_data type: <class 'NoneType'>
  depot_data: None
  First bin structure: {'capacity': 500, 'fillLevel': 24.00258333333333, 'fillRate': 3.1, 'id': 'BIN_1', 'lat': 33.60920455921576, 'lng': 73.0824710401013, 'threshold': 80, 'near_threshold_count': 0, 'dynamic_threshold': 50}
  All bin IDs: ['BIN_1', 'BIN_2', 'BIN_3', 'BIN_4', 'BIN_5', 'BIN_6', 'BIN_7', 'BIN_8', 'BIN_9', 'BIN_10']

CALCULATING BIN SERVICE RADIUS:
BIN RADIUS CALCULATION DEBUG:
  depot_data: None
  bins_data length: 10
  No depot data, using default bin radius: 1400m
Final bin service radius: 1400.0m

STARTING PROXIMITY CLUSTERING:
PROXIMITY CLUSTERING DEBUG:
  Bin service radius: 1400.0m
  Processing 10 bins
  All pairwise distances:
    BIN_1 to BIN_2: 932.8m ✓
    BIN_1 to BIN_3: 1158.9m ✓
    BIN_1 to BIN_4: 874.4m ✓
    BIN_1 to BIN_5: 6313.0m ✗
    BIN_1 to BIN_6: 5773.9m ✗
    BIN_1 to BIN_7: 4874.6m ✗
    BIN_1 to BIN_8: 6278.6m ✗
    BIN_1 to BIN_9: 5771.8m ✗
    BIN_1 to BIN_10: 5677.1m ✗
    BIN_2 to BIN_3: 1401.8m ✗
    BIN_2 to BIN_4: 1746.8m ✗
    BIN_2 to BIN_5: 6251.1m ✗
    BIN_2 to BIN_6: 5818.2m ✗
    BIN_2 to BIN_7: 4768.2m ✗
    BIN_2 to BIN_8: 7031.0m ✗
    BIN_2 to BIN_9: 6443.1m ✗
    BIN_2 to BIN_10: 6404.5m ✗
    BIN_3 to BIN_4: 1145.1m ✓
    BIN_3 to BIN_5: 7440.1m ✗
    BIN_3 to BIN_6: 6922.2m ✗
    BIN_3 to BIN_7: 5984.3m ✗
    BIN_3 to BIN_8: 7148.7m ✗
    BIN_3 to BIN_9: 6740.6m ✗
    BIN_3 to BIN_10: 6586.6m ✗
    BIN_4 to BIN_5: 6883.3m ✗
    BIN_4 to BIN_6: 6276.7m ✗
    BIN_4 to BIN_7: 5495.9m ✗
    BIN_4 to BIN_8: 6012.1m ✗
    BIN_4 to BIN_9: 5637.1m ✗
    BIN_4 to BIN_10: 5460.6m ✗
    BIN_5 to BIN_6: 842.3m ✓
    BIN_5 to BIN_7: 1489.4m ✗
    BIN_5 to BIN_8: 6234.7m ✗
    BIN_5 to BIN_9: 5220.5m ✗
    BIN_5 to BIN_10: 5695.6m ✗
    BIN_6 to BIN_7: 1299.1m ✓
    BIN_6 to BIN_8: 5416.7m ✗
    BIN_6 to BIN_9: 4399.9m ✗
    BIN_6 to BIN_10: 4865.3m ✗
    BIN_7 to BIN_8: 5977.3m ✗
    BIN_7 to BIN_9: 4975.2m ✗
    BIN_7 to BIN_10: 5354.1m ✗
    BIN_8 to BIN_9: 1018.0m ✓
    BIN_8 to BIN_10: 674.8m ✓
    BIN_9 to BIN_10: 554.9m ✓
  Processing bins sequentially:
  
  Processing bin BIN_1 (index 0):
    Finding nearby bins within 1400.0m:
      BIN_2: 932.8m (NEARBY)
      BIN_3: 1158.9m (NEARBY)
      BIN_4: 874.4m (NEARBY)
      BIN_5: 6313.0m (too far)
      BIN_6: 5773.9m (too far)
      BIN_7: 4874.6m (too far)
      BIN_8: 6278.6m (too far)
      BIN_9: 5771.8m (too far)
      BIN_10: 5677.1m (too far)
    Found 3 nearby bins
    Nearby cluster IDs: set()
    Creating new cluster 0 with current bin + nearby bins
      Added BIN_1 to cluster 0
      Added BIN_2 to cluster 0
      Added BIN_3 to cluster 0
      Added BIN_4 to cluster 0
  
  Processing bin BIN_2 (index 1):
    Finding nearby bins within 1400.0m:
      BIN_1: 932.8m (NEARBY)
        └─ Already in cluster 0
      BIN_3: 1401.8m (too far)
      BIN_4: 1746.8m (too far)
      BIN_5: 6251.1m (too far)
      BIN_6: 5818.2m (too far)
      BIN_7: 4768.2m (too far)
      BIN_8: 7031.0m (too far)
      BIN_9: 6443.1m (too far)
      BIN_10: 6404.5m (too far)
    Found 1 nearby bins
    Nearby cluster IDs: {0}
    Already in cluster 0
  
  Processing bin BIN_3 (index 2):
    Finding nearby bins within 1400.0m:
      BIN_1: 1158.9m (NEARBY)
        └─ Already in cluster 0
      BIN_2: 1401.8m (too far)
      BIN_4: 1145.1m (NEARBY)
        └─ Already in cluster 0
      BIN_5: 7440.1m (too far)
      BIN_6: 6922.2m (too far)
      BIN_7: 5984.3m (too far)
      BIN_8: 7148.7m (too far)
      BIN_9: 6740.6m (too far)
      BIN_10: 6586.6m (too far)
    Found 2 nearby bins
    Nearby cluster IDs: {0}
    Already in cluster 0
  
  Processing bin BIN_4 (index 3):
    Finding nearby bins within 1400.0m:
      BIN_1: 874.4m (NEARBY)
        └─ Already in cluster 0
      BIN_2: 1746.8m (too far)
      BIN_3: 1145.1m (NEARBY)
        └─ Already in cluster 0
      BIN_5: 6883.3m (too far)
      BIN_6: 6276.7m (too far)
      BIN_7: 5495.9m (too far)
      BIN_8: 6012.1m (too far)
      BIN_9: 5637.1m (too far)
      BIN_10: 5460.6m (too far)
    Found 2 nearby bins
    Nearby cluster IDs: {0}
    Already in cluster 0
  
  Processing bin BIN_5 (index 4):
    Finding nearby bins within 1400.0m:
      BIN_1: 6313.0m (too far)
      BIN_2: 6251.1m (too far)
      BIN_3: 7440.1m (too far)
      BIN_4: 6883.3m (too far)
      BIN_6: 842.3m (NEARBY)
      BIN_7: 1489.4m (too far)
      BIN_8: 6234.7m (too far)
      BIN_9: 5220.5m (too far)
      BIN_10: 5695.6m (too far)
    Found 1 nearby bins
    Nearby cluster IDs: set()
    Creating new cluster 1 with current bin + nearby bins
      Added BIN_5 to cluster 1
      Added BIN_6 to cluster 1
  
  Processing bin BIN_6 (index 5):
    Finding nearby bins within 1400.0m:
      BIN_1: 5773.9m (too far)
      BIN_2: 5818.2m (too far)
      BIN_3: 6922.2m (too far)
      BIN_4: 6276.7m (too far)
      BIN_5: 842.3m (NEARBY)
        └─ Already in cluster 1
      BIN_7: 1299.1m (NEARBY)
      BIN_8: 5416.7m (too far)
      BIN_9: 4399.9m (too far)
      BIN_10: 4865.3m (too far)
    Found 2 nearby bins
    Nearby cluster IDs: {1}
    Already in cluster 1
  
  Processing bin BIN_7 (index 6):
    Finding nearby bins within 1400.0m:
      BIN_1: 4874.6m (too far)
      BIN_2: 4768.2m (too far)
      BIN_3: 5984.3m (too far)
      BIN_4: 5495.9m (too far)
      BIN_5: 1489.4m (too far)
      BIN_6: 1299.1m (NEARBY)
        └─ Already in cluster 1
      BIN_8: 5977.3m (too far)
      BIN_9: 4975.2m (too far)
      BIN_10: 5354.1m (too far)
    Found 1 nearby bins
    Nearby cluster IDs: {1}
    Joined existing cluster 1
  
  Processing bin BIN_8 (index 7):
    Finding nearby bins within 1400.0m:
      BIN_1: 6278.6m (too far)
      BIN_2: 7031.0m (too far)
      BIN_3: 7148.7m (too far)
      BIN_4: 6012.1m (too far)
      BIN_5: 6234.7m (too far)
      BIN_6: 5416.7m (too far)
      BIN_7: 5977.3m (too far)
      BIN_9: 1018.0m (NEARBY)
      BIN_10: 674.8m (NEARBY)
    Found 2 nearby bins
    Nearby cluster IDs: set()
    Creating new cluster 2 with current bin + nearby bins
      Added BIN_8 to cluster 2
      Added BIN_9 to cluster 2
      Added BIN_10 to cluster 2
  
  Processing bin BIN_9 (index 8):
    Finding nearby bins within 1400.0m:
      BIN_1: 5771.8m (too far)
      BIN_2: 6443.1m (too far)
      BIN_3: 6740.6m (too far)
      BIN_4: 5637.1m (too far)
      BIN_5: 5220.5m (too far)
      BIN_6: 4399.9m (too far)
      BIN_7: 4975.2m (too far)
      BIN_8: 1018.0m (NEARBY)
        └─ Already in cluster 2
      BIN_10: 554.9m (NEARBY)
        └─ Already in cluster 2
    Found 2 nearby bins
    Nearby cluster IDs: {2}
    Already in cluster 2
  
  Processing bin BIN_10 (index 9):
    Finding nearby bins within 1400.0m:
      BIN_1: 5677.1m (too far)
      BIN_2: 6404.5m (too far)
      BIN_3: 6586.6m (too far)
      BIN_4: 5460.6m (too far)
      BIN_5: 5695.6m (too far)
      BIN_6: 4865.3m (too far)
      BIN_7: 5354.1m (too far)
      BIN_8: 674.8m (NEARBY)
        └─ Already in cluster 2
      BIN_9: 554.9m (NEARBY)
        └─ Already in cluster 2
    Found 2 nearby bins
    Nearby cluster IDs: {2}
    Already in cluster 2
  Cleaning up duplicate bins:
  Final clustering results: 3 clusters, sizes: [4, 3, 3]
    Final Cluster 0: ['BIN_1', 'BIN_2', 'BIN_3', 'BIN_4']
    Final Cluster 1: ['BIN_5', 'BIN_6', 'BIN_7']
    Final Cluster 2: ['BIN_8', 'BIN_9', 'BIN_10']

CLUSTERING RESULTS:
  Created 3 clusters
  Cluster 0: 4 bins - ['BIN_1', 'BIN_2', 'BIN_3', 'BIN_4']
    Internal distances:
      BIN_1 to BIN_2: 932.8m
      BIN_1 to BIN_3: 1158.9m
      BIN_1 to BIN_4: 874.4m
      BIN_2 to BIN_3: 1401.8m
      BIN_2 to BIN_4: 1746.8m
      BIN_3 to BIN_4: 1145.1m
    Max internal distance: 1746.8m
  Cluster 1: 3 bins - ['BIN_5', 'BIN_6', 'BIN_7']
    Internal distances:
      BIN_5 to BIN_6: 842.3m
      BIN_5 to BIN_7: 1489.4m
      BIN_6 to BIN_7: 1299.1m
    Max internal distance: 1489.4m
  Cluster 2: 3 bins - ['BIN_8', 'BIN_9', 'BIN_10']
    Internal distances:
      BIN_8 to BIN_9: 1018.0m
      BIN_8 to BIN_10: 674.8m
      BIN_9 to BIN_10: 554.9m
    Max internal distance: 1018.0m
============================================================
CLUSTERING DEBUG END
============================================================
============================================================
CLUSTERING DEBUG START
============================================================
Input validation:
  bins_data type: <class 'list'>
  bins_data length: 10
  depot_data type: <class 'NoneType'>
  depot_data: None
  First bin structure: {'capacity': 500, 'fillLevel': 24.00344444444444, 'fillRate': 3.1, 'id': 'BIN_1', 'lat': 33.60920455921576, 'lng': 73.0824710401013, 'threshold': 80, 'near_threshold_count': 0, 'dynamic_threshold': 50}
  All bin IDs: ['BIN_1', 'BIN_2', 'BIN_3', 'BIN_4', 'BIN_5', 'BIN_6', 'BIN_7', 'BIN_8', 'BIN_9', 'BIN_10']

CALCULATING BIN SERVICE RADIUS:
BIN RADIUS CALCULATION DEBUG:
  depot_data: None
  bins_data length: 10
  No depot data, using default bin radius: 1400m
Final bin service radius: 1400.0m

STARTING PROXIMITY CLUSTERING:
PROXIMITY CLUSTERING DEBUG:
  Bin service radius: 1400.0m
  Processing 10 bins
  All pairwise distances:
    BIN_1 to BIN_2: 932.8m ✓
    BIN_1 to BIN_3: 1158.9m ✓
    BIN_1 to BIN_4: 874.4m ✓
    BIN_1 to BIN_5: 6313.0m ✗
    BIN_1 to BIN_6: 5773.9m ✗
    BIN_1 to BIN_7: 4874.6m ✗
    BIN_1 to BIN_8: 6278.6m ✗
    BIN_1 to BIN_9: 5771.8m ✗
    BIN_1 to BIN_10: 5677.1m ✗
    BIN_2 to BIN_3: 1401.8m ✗
    BIN_2 to BIN_4: 1746.8m ✗
    BIN_2 to BIN_5: 6251.1m ✗
    BIN_2 to BIN_6: 5818.2m ✗
    BIN_2 to BIN_7: 4768.2m ✗
    BIN_2 to BIN_8: 7031.0m ✗
    BIN_2 to BIN_9: 6443.1m ✗
    BIN_2 to BIN_10: 6404.5m ✗
    BIN_3 to BIN_4: 1145.1m ✓
    BIN_3 to BIN_5: 7440.1m ✗
    BIN_3 to BIN_6: 6922.2m ✗
    BIN_3 to BIN_7: 5984.3m ✗
    BIN_3 to BIN_8: 7148.7m ✗
    BIN_3 to BIN_9: 6740.6m ✗
    BIN_3 to BIN_10: 6586.6m ✗
    BIN_4 to BIN_5: 6883.3m ✗
    BIN_4 to BIN_6: 6276.7m ✗
    BIN_4 to BIN_7: 5495.9m ✗
    BIN_4 to BIN_8: 6012.1m ✗
    BIN_4 to BIN_9: 5637.1m ✗
    BIN_4 to BIN_10: 5460.6m ✗
    BIN_5 to BIN_6: 842.3m ✓
    BIN_5 to BIN_7: 1489.4m ✗
    BIN_5 to BIN_8: 6234.7m ✗
    BIN_5 to BIN_9: 5220.5m ✗
    BIN_5 to BIN_10: 5695.6m ✗
    BIN_6 to BIN_7: 1299.1m ✓
    BIN_6 to BIN_8: 5416.7m ✗
    BIN_6 to BIN_9: 4399.9m ✗
    BIN_6 to BIN_10: 4865.3m ✗
    BIN_7 to BIN_8: 5977.3m ✗
    BIN_7 to BIN_9: 4975.2m ✗
    BIN_7 to BIN_10: 5354.1m ✗
    BIN_8 to BIN_9: 1018.0m ✓
    BIN_8 to BIN_10: 674.8m ✓
    BIN_9 to BIN_10: 554.9m ✓
  Processing bins sequentially:
  
  Processing bin BIN_1 (index 0):
    Finding nearby bins within 1400.0m:
      BIN_2: 932.8m (NEARBY)
      BIN_3: 1158.9m (NEARBY)
      BIN_4: 874.4m (NEARBY)
      BIN_5: 6313.0m (too far)
      BIN_6: 5773.9m (too far)
      BIN_7: 4874.6m (too far)
      BIN_8: 6278.6m (too far)
      BIN_9: 5771.8m (too far)
      BIN_10: 5677.1m (too far)
    Found 3 nearby bins
    Nearby cluster IDs: set()
    Creating new cluster 0 with current bin + nearby bins
      Added BIN_1 to cluster 0
      Added BIN_2 to cluster 0
      Added BIN_3 to cluster 0
      Added BIN_4 to cluster 0
  
  Processing bin BIN_2 (index 1):
    Finding nearby bins within 1400.0m:
      BIN_1: 932.8m (NEARBY)
        └─ Already in cluster 0
      BIN_3: 1401.8m (too far)
      BIN_4: 1746.8m (too far)
      BIN_5: 6251.1m (too far)
      BIN_6: 5818.2m (too far)
      BIN_7: 4768.2m (too far)
      BIN_8: 7031.0m (too far)
      BIN_9: 6443.1m (too far)
      BIN_10: 6404.5m (too far)
    Found 1 nearby bins
    Nearby cluster IDs: {0}
    Already in cluster 0
  
  Processing bin BIN_3 (index 2):
    Finding nearby bins within 1400.0m:
      BIN_1: 1158.9m (NEARBY)
        └─ Already in cluster 0
      BIN_2: 1401.8m (too far)
      BIN_4: 1145.1m (NEARBY)
        └─ Already in cluster 0
      BIN_5: 7440.1m (too far)
      BIN_6: 6922.2m (too far)
      BIN_7: 5984.3m (too far)
      BIN_8: 7148.7m (too far)
      BIN_9: 6740.6m (too far)
      BIN_10: 6586.6m (too far)
    Found 2 nearby bins
    Nearby cluster IDs: {0}
    Already in cluster 0
  
  Processing bin BIN_4 (index 3):
    Finding nearby bins within 1400.0m:
      BIN_1: 874.4m (NEARBY)
        └─ Already in cluster 0
      BIN_2: 1746.8m (too far)
      BIN_3: 1145.1m (NEARBY)
        └─ Already in cluster 0
      BIN_5: 6883.3m (too far)
      BIN_6: 6276.7m (too far)
      BIN_7: 5495.9m (too far)
      BIN_8: 6012.1m (too far)
      BIN_9: 5637.1m (too far)
      BIN_10: 5460.6m (too far)
    Found 2 nearby bins
    Nearby cluster IDs: {0}
    Already in cluster 0
  
  Processing bin BIN_5 (index 4):
    Finding nearby bins within 1400.0m:
      BIN_1: 6313.0m (too far)
      BIN_2: 6251.1m (too far)
      BIN_3: 7440.1m (too far)
      BIN_4: 6883.3m (too far)
      BIN_6: 842.3m (NEARBY)
      BIN_7: 1489.4m (too far)
      BIN_8: 6234.7m (too far)
      BIN_9: 5220.5m (too far)
      BIN_10: 5695.6m (too far)
    Found 1 nearby bins
    Nearby cluster IDs: set()
    Creating new cluster 1 with current bin + nearby bins
      Added BIN_5 to cluster 1
      Added BIN_6 to cluster 1
  
  Processing bin BIN_6 (index 5):
    Finding nearby bins within 1400.0m:
      BIN_1: 5773.9m (too far)
      BIN_2: 5818.2m (too far)
      BIN_3: 6922.2m (too far)
      BIN_4: 6276.7m (too far)
      BIN_5: 842.3m (NEARBY)
        └─ Already in cluster 1
      BIN_7: 1299.1m (NEARBY)
      BIN_8: 5416.7m (too far)
      BIN_9: 4399.9m (too far)
      BIN_10: 4865.3m (too far)
    Found 2 nearby bins
    Nearby cluster IDs: {1}
    Already in cluster 1
  
  Processing bin BIN_7 (index 6):
    Finding nearby bins within 1400.0m:
      BIN_1: 4874.6m (too far)
      BIN_2: 4768.2m (too far)
      BIN_3: 5984.3m (too far)
      BIN_4: 5495.9m (too far)
      BIN_5: 1489.4m (too far)
      BIN_6: 1299.1m (NEARBY)
        └─ Already in cluster 1
      BIN_8: 5977.3m (too far)
      BIN_9: 4975.2m (too far)
      BIN_10: 5354.1m (too far)
    Found 1 nearby bins
    Nearby cluster IDs: {1}
    Joined existing cluster 1
  
  Processing bin BIN_8 (index 7):
    Finding nearby bins within 1400.0m:
      BIN_1: 6278.6m (too far)
      BIN_2: 7031.0m (too far)
      BIN_3: 7148.7m (too far)
      BIN_4: 6012.1m (too far)
      BIN_5: 6234.7m (too far)
      BIN_6: 5416.7m (too far)
      BIN_7: 5977.3m (too far)
      BIN_9: 1018.0m (NEARBY)
      BIN_10: 674.8m (NEARBY)
    Found 2 nearby bins
    Nearby cluster IDs: set()
    Creating new cluster 2 with current bin + nearby bins
      Added BIN_8 to cluster 2
      Added BIN_9 to cluster 2
      Added BIN_10 to cluster 2
  
  Processing bin BIN_9 (index 8):
    Finding nearby bins within 1400.0m:
      BIN_1: 5771.8m (too far)
      BIN_2: 6443.1m (too far)
      BIN_3: 6740.6m (too far)
      BIN_4: 5637.1m (too far)
      BIN_5: 5220.5m (too far)
      BIN_6: 4399.9m (too far)
      BIN_7: 4975.2m (too far)
      BIN_8: 1018.0m (NEARBY)
        └─ Already in cluster 2
      BIN_10: 554.9m (NEARBY)
        └─ Already in cluster 2
    Found 2 nearby bins
    Nearby cluster IDs: {2}
    Already in cluster 2
  
  Processing bin BIN_10 (index 9):
    Finding nearby bins within 1400.0m:
      BIN_1: 5677.1m (too far)
      BIN_2: 6404.5m (too far)
      BIN_3: 6586.6m (too far)
      BIN_4: 5460.6m (too far)
      BIN_5: 5695.6m (too far)
      BIN_6: 4865.3m (too far)
      BIN_7: 5354.1m (too far)
      BIN_8: 674.8m (NEARBY)
        └─ Already in cluster 2
      BIN_9: 554.9m (NEARBY)
        └─ Already in cluster 2
    Found 2 nearby bins
    Nearby cluster IDs: {2}
    Already in cluster 2
  Cleaning up duplicate bins:
  Final clustering results: 3 clusters, sizes: [4, 3, 3]
    Final Cluster 0: ['BIN_1', 'BIN_2', 'BIN_3', 'BIN_4']
    Final Cluster 1: ['BIN_5', 'BIN_6', 'BIN_7']
    Final Cluster 2: ['BIN_8', 'BIN_9', 'BIN_10']

CLUSTERING RESULTS:
  Created 3 clusters
  Cluster 0: 4 bins - ['BIN_1', 'BIN_2', 'BIN_3', 'BIN_4']
    Internal distances:
      BIN_1 to BIN_2: 932.8m
      BIN_1 to BIN_3: 1158.9m
      BIN_1 to BIN_4: 874.4m
      BIN_2 to BIN_3: 1401.8m
      BIN_2 to BIN_4: 1746.8m
      BIN_3 to BIN_4: 1145.1m
    Max internal distance: 1746.8m
  Cluster 1: 3 bins - ['BIN_5', 'BIN_6', 'BIN_7']
    Internal distances:
      BIN_5 to BIN_6: 842.3m
      BIN_5 to BIN_7: 1489.4m
      BIN_6 to BIN_7: 1299.1m
    Max internal distance: 1489.4m
  Cluster 2: 3 bins - ['BIN_8', 'BIN_9', 'BIN_10']
    Internal distances:
      BIN_8 to BIN_9: 1018.0m
      BIN_8 to BIN_10: 674.8m
      BIN_9 to BIN_10: 554.9m
    Max internal distance: 1018.0m
============================================================
CLUSTERING DEBUG END
============================================================
============================================================
CLUSTERING DEBUG START
============================================================
Input validation:
  bins_data type: <class 'list'>
  bins_data length: 10
  depot_data type: <class 'NoneType'>
  depot_data: None
  First bin structure: {'capacity': 500, 'fillLevel': 24.00430555555555, 'fillRate': 3.1, 'id': 'BIN_1', 'lat': 33.60920455921576, 'lng': 73.0824710401013, 'threshold': 80, 'near_threshold_count': 0, 'dynamic_threshold': 50}
  All bin IDs: ['BIN_1', 'BIN_2', 'BIN_3', 'BIN_4', 'BIN_5', 'BIN_6', 'BIN_7', 'BIN_8', 'BIN_9', 'BIN_10']

CALCULATING BIN SERVICE RADIUS:
BIN RADIUS CALCULATION DEBUG:
  depot_data: None
  bins_data length: 10
  No depot data, using default bin radius: 1400m
Final bin service radius: 1400.0m

STARTING PROXIMITY CLUSTERING:
PROXIMITY CLUSTERING DEBUG:
  Bin service radius: 1400.0m
  Processing 10 bins
  All pairwise distances:
    BIN_1 to BIN_2: 932.8m ✓
    BIN_1 to BIN_3: 1158.9m ✓
    BIN_1 to BIN_4: 874.4m ✓
    BIN_1 to BIN_5: 6313.0m ✗
    BIN_1 to BIN_6: 5773.9m ✗
    BIN_1 to BIN_7: 4874.6m ✗
    BIN_1 to BIN_8: 6278.6m ✗
    BIN_1 to BIN_9: 5771.8m ✗
    BIN_1 to BIN_10: 5677.1m ✗
    BIN_2 to BIN_3: 1401.8m ✗
    BIN_2 to BIN_4: 1746.8m ✗
    BIN_2 to BIN_5: 6251.1m ✗
    BIN_2 to BIN_6: 5818.2m ✗
    BIN_2 to BIN_7: 4768.2m ✗
    BIN_2 to BIN_8: 7031.0m ✗
    BIN_2 to BIN_9: 6443.1m ✗
    BIN_2 to BIN_10: 6404.5m ✗
    BIN_3 to BIN_4: 1145.1m ✓
    BIN_3 to BIN_5: 7440.1m ✗
    BIN_3 to BIN_6: 6922.2m ✗
    BIN_3 to BIN_7: 5984.3m ✗
    BIN_3 to BIN_8: 7148.7m ✗
    BIN_3 to BIN_9: 6740.6m ✗
    BIN_3 to BIN_10: 6586.6m ✗
    BIN_4 to BIN_5: 6883.3m ✗
    BIN_4 to BIN_6: 6276.7m ✗
    BIN_4 to BIN_7: 5495.9m ✗
    BIN_4 to BIN_8: 6012.1m ✗
    BIN_4 to BIN_9: 5637.1m ✗
    BIN_4 to BIN_10: 5460.6m ✗
    BIN_5 to BIN_6: 842.3m ✓
    BIN_5 to BIN_7: 1489.4m ✗
    BIN_5 to BIN_8: 6234.7m ✗
    BIN_5 to BIN_9: 5220.5m ✗
    BIN_5 to BIN_10: 5695.6m ✗
    BIN_6 to BIN_7: 1299.1m ✓
    BIN_6 to BIN_8: 5416.7m ✗
    BIN_6 to BIN_9: 4399.9m ✗
    BIN_6 to BIN_10: 4865.3m ✗
    BIN_7 to BIN_8: 5977.3m ✗
    BIN_7 to BIN_9: 4975.2m ✗
    BIN_7 to BIN_10: 5354.1m ✗
    BIN_8 to BIN_9: 1018.0m ✓
    BIN_8 to BIN_10: 674.8m ✓
    BIN_9 to BIN_10: 554.9m ✓
  Processing bins sequentially:
  
  Processing bin BIN_1 (index 0):
    Finding nearby bins within 1400.0m:
      BIN_2: 932.8m (NEARBY)
      BIN_3: 1158.9m (NEARBY)
      BIN_4: 874.4m (NEARBY)
      BIN_5: 6313.0m (too far)
      BIN_6: 5773.9m (too far)
      BIN_7: 4874.6m (too far)
      BIN_8: 6278.6m (too far)
      BIN_9: 5771.8m (too far)
      BIN_10: 5677.1m (too far)
    Found 3 nearby bins
    Nearby cluster IDs: set()
    Creating new cluster 0 with current bin + nearby bins
      Added BIN_1 to cluster 0
      Added BIN_2 to cluster 0
      Added BIN_3 to cluster 0
      Added BIN_4 to cluster 0
  
  Processing bin BIN_2 (index 1):
    Finding nearby bins within 1400.0m:
      BIN_1: 932.8m (NEARBY)
        └─ Already in cluster 0
      BIN_3: 1401.8m (too far)
      BIN_4: 1746.8m (too far)
      BIN_5: 6251.1m (too far)
      BIN_6: 5818.2m (too far)
      BIN_7: 4768.2m (too far)
      BIN_8: 7031.0m (too far)
      BIN_9: 6443.1m (too far)
      BIN_10: 6404.5m (too far)
    Found 1 nearby bins
    Nearby cluster IDs: {0}
    Already in cluster 0
  
  Processing bin BIN_3 (index 2):
    Finding nearby bins within 1400.0m:
      BIN_1: 1158.9m (NEARBY)
        └─ Already in cluster 0
      BIN_2: 1401.8m (too far)
      BIN_4: 1145.1m (NEARBY)
        └─ Already in cluster 0
      BIN_5: 7440.1m (too far)
      BIN_6: 6922.2m (too far)
      BIN_7: 5984.3m (too far)
      BIN_8: 7148.7m (too far)
      BIN_9: 6740.6m (too far)
      BIN_10: 6586.6m (too far)
    Found 2 nearby bins
    Nearby cluster IDs: {0}
    Already in cluster 0
  
  Processing bin BIN_4 (index 3):
    Finding nearby bins within 1400.0m:
      BIN_1: 874.4m (NEARBY)
        └─ Already in cluster 0
      BIN_2: 1746.8m (too far)
      BIN_3: 1145.1m (NEARBY)
        └─ Already in cluster 0
      BIN_5: 6883.3m (too far)
      BIN_6: 6276.7m (too far)
      BIN_7: 5495.9m (too far)
      BIN_8: 6012.1m (too far)
      BIN_9: 5637.1m (too far)
      BIN_10: 5460.6m (too far)
    Found 2 nearby bins
    Nearby cluster IDs: {0}
    Already in cluster 0
  
  Processing bin BIN_5 (index 4):
    Finding nearby bins within 1400.0m:
      BIN_1: 6313.0m (too far)
      BIN_2: 6251.1m (too far)
      BIN_3: 7440.1m (too far)
      BIN_4: 6883.3m (too far)
      BIN_6: 842.3m (NEARBY)
      BIN_7: 1489.4m (too far)
      BIN_8: 6234.7m (too far)
      BIN_9: 5220.5m (too far)
      BIN_10: 5695.6m (too far)
    Found 1 nearby bins
    Nearby cluster IDs: set()
    Creating new cluster 1 with current bin + nearby bins
      Added BIN_5 to cluster 1
      Added BIN_6 to cluster 1
  
  Processing bin BIN_6 (index 5):
    Finding nearby bins within 1400.0m:
      BIN_1: 5773.9m (too far)
      BIN_2: 5818.2m (too far)
      BIN_3: 6922.2m (too far)
      BIN_4: 6276.7m (too far)
      BIN_5: 842.3m (NEARBY)
        └─ Already in cluster 1
      BIN_7: 1299.1m (NEARBY)
      BIN_8: 5416.7m (too far)
      BIN_9: 4399.9m (too far)
      BIN_10: 4865.3m (too far)
    Found 2 nearby bins
    Nearby cluster IDs: {1}
    Already in cluster 1
  
  Processing bin BIN_7 (index 6):
    Finding nearby bins within 1400.0m:
      BIN_1: 4874.6m (too far)
      BIN_2: 4768.2m (too far)
      BIN_3: 5984.3m (too far)
      BIN_4: 5495.9m (too far)
      BIN_5: 1489.4m (too far)
      BIN_6: 1299.1m (NEARBY)
        └─ Already in cluster 1
      BIN_8: 5977.3m (too far)
      BIN_9: 4975.2m (too far)
      BIN_10: 5354.1m (too far)
    Found 1 nearby bins
    Nearby cluster IDs: {1}
    Joined existing cluster 1
  
  Processing bin BIN_8 (index 7):
    Finding nearby bins within 1400.0m:
      BIN_1: 6278.6m (too far)
      BIN_2: 7031.0m (too far)
      BIN_3: 7148.7m (too far)
      BIN_4: 6012.1m (too far)
      BIN_5: 6234.7m (too far)
      BIN_6: 5416.7m (too far)
      BIN_7: 5977.3m (too far)
      BIN_9: 1018.0m (NEARBY)
      BIN_10: 674.8m (NEARBY)
    Found 2 nearby bins
    Nearby cluster IDs: set()
    Creating new cluster 2 with current bin + nearby bins
      Added BIN_8 to cluster 2
      Added BIN_9 to cluster 2
      Added BIN_10 to cluster 2
  
  Processing bin BIN_9 (index 8):
    Finding nearby bins within 1400.0m:
      BIN_1: 5771.8m (too far)
      BIN_2: 6443.1m (too far)
      BIN_3: 6740.6m (too far)
      BIN_4: 5637.1m (too far)
      BIN_5: 5220.5m (too far)
      BIN_6: 4399.9m (too far)
      BIN_7: 4975.2m (too far)
      BIN_8: 1018.0m (NEARBY)
        └─ Already in cluster 2
      BIN_10: 554.9m (NEARBY)
        └─ Already in cluster 2
    Found 2 nearby bins
    Nearby cluster IDs: {2}
    Already in cluster 2
  
  Processing bin BIN_10 (index 9):
    Finding nearby bins within 1400.0m:
      BIN_1: 5677.1m (too far)
      BIN_2: 6404.5m (too far)
      BIN_3: 6586.6m (too far)
      BIN_4: 5460.6m (too far)
      BIN_5: 5695.6m (too far)
      BIN_6: 4865.3m (too far)
      BIN_7: 5354.1m (too far)
      BIN_8: 674.8m (NEARBY)
        └─ Already in cluster 2
      BIN_9: 554.9m (NEARBY)
        └─ Already in cluster 2
    Found 2 nearby bins
    Nearby cluster IDs: {2}
    Already in cluster 2
  Cleaning up duplicate bins:
  Final clustering results: 3 clusters, sizes: [4, 3, 3]
    Final Cluster 0: ['BIN_1', 'BIN_2', 'BIN_3', 'BIN_4']
    Final Cluster 1: ['BIN_5', 'BIN_6', 'BIN_7']
    Final Cluster 2: ['BIN_8', 'BIN_9', 'BIN_10']

CLUSTERING RESULTS:
  Created 3 clusters
  Cluster 0: 4 bins - ['BIN_1', 'BIN_2', 'BIN_3', 'BIN_4']
    Internal distances:
      BIN_1 to BIN_2: 932.8m
      BIN_1 to BIN_3: 1158.9m
      BIN_1 to BIN_4: 874.4m
      BIN_2 to BIN_3: 1401.8m
      BIN_2 to BIN_4: 1746.8m
      BIN_3 to BIN_4: 1145.1m
    Max internal distance: 1746.8m
  Cluster 1: 3 bins - ['BIN_5', 'BIN_6', 'BIN_7']
    Internal distances:
      BIN_5 to BIN_6: 842.3m
      BIN_5 to BIN_7: 1489.4m
      BIN_6 to BIN_7: 1299.1m
    Max internal distance: 1489.4m
  Cluster 2: 3 bins - ['BIN_8', 'BIN_9', 'BIN_10']
    Internal distances:
      BIN_8 to BIN_9: 1018.0m
      BIN_8 to BIN_10: 674.8m
      BIN_9 to BIN_10: 554.9m
    Max internal distance: 1018.0m
============================================================
CLUSTERING DEBUG END
============================================================
============================================================
CLUSTERING DEBUG START
============================================================
Input validation:
  bins_data type: <class 'list'>
  bins_data length: 10
  depot_data type: <class 'NoneType'>
  depot_data: None
  First bin structure: {'capacity': 500, 'fillLevel': 24.00516666666666, 'fillRate': 3.1, 'id': 'BIN_1', 'lat': 33.60920455921576, 'lng': 73.0824710401013, 'threshold': 80, 'near_threshold_count': 0, 'dynamic_threshold': 50}
  All bin IDs: ['BIN_1', 'BIN_2', 'BIN_3', 'BIN_4', 'BIN_5', 'BIN_6', 'BIN_7', 'BIN_8', 'BIN_9', 'BIN_10']

CALCULATING BIN SERVICE RADIUS:
BIN RADIUS CALCULATION DEBUG:
  depot_data: None
  bins_data length: 10
  No depot data, using default bin radius: 1400m
Final bin service radius: 1400.0m

STARTING PROXIMITY CLUSTERING:
PROXIMITY CLUSTERING DEBUG:
  Bin service radius: 1400.0m
  Processing 10 bins
  All pairwise distances:
    BIN_1 to BIN_2: 932.8m ✓
    BIN_1 to BIN_3: 1158.9m ✓
    BIN_1 to BIN_4: 874.4m ✓
    BIN_1 to BIN_5: 6313.0m ✗
    BIN_1 to BIN_6: 5773.9m ✗
    BIN_1 to BIN_7: 4874.6m ✗
    BIN_1 to BIN_8: 6278.6m ✗
    BIN_1 to BIN_9: 5771.8m ✗
    BIN_1 to BIN_10: 5677.1m ✗
    BIN_2 to BIN_3: 1401.8m ✗
    BIN_2 to BIN_4: 1746.8m ✗
    BIN_2 to BIN_5: 6251.1m ✗
    BIN_2 to BIN_6: 5818.2m ✗
    BIN_2 to BIN_7: 4768.2m ✗
    BIN_2 to BIN_8: 7031.0m ✗
    BIN_2 to BIN_9: 6443.1m ✗
    BIN_2 to BIN_10: 6404.5m ✗
    BIN_3 to BIN_4: 1145.1m ✓
    BIN_3 to BIN_5: 7440.1m ✗
    BIN_3 to BIN_6: 6922.2m ✗
    BIN_3 to BIN_7: 5984.3m ✗
    BIN_3 to BIN_8: 7148.7m ✗
    BIN_3 to BIN_9: 6740.6m ✗
    BIN_3 to BIN_10: 6586.6m ✗
    BIN_4 to BIN_5: 6883.3m ✗
    BIN_4 to BIN_6: 6276.7m ✗
    BIN_4 to BIN_7: 5495.9m ✗
    BIN_4 to BIN_8: 6012.1m ✗
    BIN_4 to BIN_9: 5637.1m ✗
    BIN_4 to BIN_10: 5460.6m ✗
    BIN_5 to BIN_6: 842.3m ✓
    BIN_5 to BIN_7: 1489.4m ✗
    BIN_5 to BIN_8: 6234.7m ✗
    BIN_5 to BIN_9: 5220.5m ✗
    BIN_5 to BIN_10: 5695.6m ✗
    BIN_6 to BIN_7: 1299.1m ✓
    BIN_6 to BIN_8: 5416.7m ✗
    BIN_6 to BIN_9: 4399.9m ✗
    BIN_6 to BIN_10: 4865.3m ✗
    BIN_7 to BIN_8: 5977.3m ✗
    BIN_7 to BIN_9: 4975.2m ✗
    BIN_7 to BIN_10: 5354.1m ✗
    BIN_8 to BIN_9: 1018.0m ✓
    BIN_8 to BIN_10: 674.8m ✓
    BIN_9 to BIN_10: 554.9m ✓
  Processing bins sequentially:
  
  Processing bin BIN_1 (index 0):
    Finding nearby bins within 1400.0m:
      BIN_2: 932.8m (NEARBY)
      BIN_3: 1158.9m (NEARBY)
      BIN_4: 874.4m (NEARBY)
      BIN_5: 6313.0m (too far)
      BIN_6: 5773.9m (too far)
      BIN_7: 4874.6m (too far)
      BIN_8: 6278.6m (too far)
      BIN_9: 5771.8m (too far)
      BIN_10: 5677.1m (too far)
    Found 3 nearby bins
    Nearby cluster IDs: set()
    Creating new cluster 0 with current bin + nearby bins
      Added BIN_1 to cluster 0
      Added BIN_2 to cluster 0
      Added BIN_3 to cluster 0
      Added BIN_4 to cluster 0
  
  Processing bin BIN_2 (index 1):
    Finding nearby bins within 1400.0m:
      BIN_1: 932.8m (NEARBY)
        └─ Already in cluster 0
      BIN_3: 1401.8m (too far)
      BIN_4: 1746.8m (too far)
      BIN_5: 6251.1m (too far)
      BIN_6: 5818.2m (too far)
      BIN_7: 4768.2m (too far)
      BIN_8: 7031.0m (too far)
      BIN_9: 6443.1m (too far)
      BIN_10: 6404.5m (too far)
    Found 1 nearby bins
    Nearby cluster IDs: {0}
    Already in cluster 0
  
  Processing bin BIN_3 (index 2):
    Finding nearby bins within 1400.0m:
      BIN_1: 1158.9m (NEARBY)
        └─ Already in cluster 0
      BIN_2: 1401.8m (too far)
      BIN_4: 1145.1m (NEARBY)
        └─ Already in cluster 0
      BIN_5: 7440.1m (too far)
      BIN_6: 6922.2m (too far)
      BIN_7: 5984.3m (too far)
      BIN_8: 7148.7m (too far)
      BIN_9: 6740.6m (too far)
      BIN_10: 6586.6m (too far)
    Found 2 nearby bins
    Nearby cluster IDs: {0}
    Already in cluster 0
  
  Processing bin BIN_4 (index 3):
    Finding nearby bins within 1400.0m:
      BIN_1: 874.4m (NEARBY)
        └─ Already in cluster 0
      BIN_2: 1746.8m (too far)
      BIN_3: 1145.1m (NEARBY)
        └─ Already in cluster 0
      BIN_5: 6883.3m (too far)
      BIN_6: 6276.7m (too far)
      BIN_7: 5495.9m (too far)
      BIN_8: 6012.1m (too far)
      BIN_9: 5637.1m (too far)
      BIN_10: 5460.6m (too far)
    Found 2 nearby bins
    Nearby cluster IDs: {0}
    Already in cluster 0
  
  Processing bin BIN_5 (index 4):
    Finding nearby bins within 1400.0m:
      BIN_1: 6313.0m (too far)
      BIN_2: 6251.1m (too far)
      BIN_3: 7440.1m (too far)
      BIN_4: 6883.3m (too far)
      BIN_6: 842.3m (NEARBY)
      BIN_7: 1489.4m (too far)
      BIN_8: 6234.7m (too far)
      BIN_9: 5220.5m (too far)
      BIN_10: 5695.6m (too far)
    Found 1 nearby bins
    Nearby cluster IDs: set()
    Creating new cluster 1 with current bin + nearby bins
      Added BIN_5 to cluster 1
      Added BIN_6 to cluster 1
  
  Processing bin BIN_6 (index 5):
    Finding nearby bins within 1400.0m:
      BIN_1: 5773.9m (too far)
      BIN_2: 5818.2m (too far)
      BIN_3: 6922.2m (too far)
      BIN_4: 6276.7m (too far)
      BIN_5: 842.3m (NEARBY)
        └─ Already in cluster 1
      BIN_7: 1299.1m (NEARBY)
      BIN_8: 5416.7m (too far)
      BIN_9: 4399.9m (too far)
      BIN_10: 4865.3m (too far)
    Found 2 nearby bins
    Nearby cluster IDs: {1}
    Already in cluster 1
  
  Processing bin BIN_7 (index 6):
    Finding nearby bins within 1400.0m:
      BIN_1: 4874.6m (too far)
      BIN_2: 4768.2m (too far)
      BIN_3: 5984.3m (too far)
      BIN_4: 5495.9m (too far)
      BIN_5: 1489.4m (too far)
      BIN_6: 1299.1m (NEARBY)
        └─ Already in cluster 1
      BIN_8: 5977.3m (too far)
      BIN_9: 4975.2m (too far)
      BIN_10: 5354.1m (too far)
    Found 1 nearby bins
    Nearby cluster IDs: {1}
    Joined existing cluster 1
  
  Processing bin BIN_8 (index 7):
    Finding nearby bins within 1400.0m:
      BIN_1: 6278.6m (too far)
      BIN_2: 7031.0m (too far)
      BIN_3: 7148.7m (too far)
      BIN_4: 6012.1m (too far)
      BIN_5: 6234.7m (too far)
      BIN_6: 5416.7m (too far)
      BIN_7: 5977.3m (too far)
      BIN_9: 1018.0m (NEARBY)
      BIN_10: 674.8m (NEARBY)
    Found 2 nearby bins
    Nearby cluster IDs: set()
    Creating new cluster 2 with current bin + nearby bins
      Added BIN_8 to cluster 2
      Added BIN_9 to cluster 2
      Added BIN_10 to cluster 2
  
  Processing bin BIN_9 (index 8):
    Finding nearby bins within 1400.0m:
      BIN_1: 5771.8m (too far)
      BIN_2: 6443.1m (too far)
      BIN_3: 6740.6m (too far)
      BIN_4: 5637.1m (too far)
      BIN_5: 5220.5m (too far)
      BIN_6: 4399.9m (too far)
      BIN_7: 4975.2m (too far)
      BIN_8: 1018.0m (NEARBY)
        └─ Already in cluster 2
      BIN_10: 554.9m (NEARBY)
        └─ Already in cluster 2
    Found 2 nearby bins
    Nearby cluster IDs: {2}
    Already in cluster 2
  
  Processing bin BIN_10 (index 9):
    Finding nearby bins within 1400.0m:
      BIN_1: 5677.1m (too far)
      BIN_2: 6404.5m (too far)
      BIN_3: 6586.6m (too far)
      BIN_4: 5460.6m (too far)
      BIN_5: 5695.6m (too far)
      BIN_6: 4865.3m (too far)
      BIN_7: 5354.1m (too far)
      BIN_8: 674.8m (NEARBY)
        └─ Already in cluster 2
      BIN_9: 554.9m (NEARBY)
        └─ Already in cluster 2
    Found 2 nearby bins
    Nearby cluster IDs: {2}
    Already in cluster 2
  Cleaning up duplicate bins:
  Final clustering results: 3 clusters, sizes: [4, 3, 3]
    Final Cluster 0: ['BIN_1', 'BIN_2', 'BIN_3', 'BIN_4']
    Final Cluster 1: ['BIN_5', 'BIN_6', 'BIN_7']
    Final Cluster 2: ['BIN_8', 'BIN_9', 'BIN_10']

CLUSTERING RESULTS:
  Created 3 clusters
  Cluster 0: 4 bins - ['BIN_1', 'BIN_2', 'BIN_3', 'BIN_4']
    Internal distances:
      BIN_1 to BIN_2: 932.8m
      BIN_1 to BIN_3: 1158.9m
      BIN_1 to BIN_4: 874.4m
      BIN_2 to BIN_3: 1401.8m
      BIN_2 to BIN_4: 1746.8m
      BIN_3 to BIN_4: 1145.1m
    Max internal distance: 1746.8m
  Cluster 1: 3 bins - ['BIN_5', 'BIN_6', 'BIN_7']
    Internal distances:
      BIN_5 to BIN_6: 842.3m
      BIN_5 to BIN_7: 1489.4m
      BIN_6 to BIN_7: 1299.1m
    Max internal distance: 1489.4m
  Cluster 2: 3 bins - ['BIN_8', 'BIN_9', 'BIN_10']
    Internal distances:
      BIN_8 to BIN_9: 1018.0m
      BIN_8 to BIN_10: 674.8m
      BIN_9 to BIN_10: 554.9m
    Max internal distance: 1018.0m
============================================================
CLUSTERING DEBUG END
============================================================
============================================================
CLUSTERING DEBUG START
============================================================
Input validation:
  bins_data type: <class 'list'>
  bins_data length: 10
  depot_data type: <class 'NoneType'>
  depot_data: None
  First bin structure: {'capacity': 500, 'fillLevel': 24.00602777777777, 'fillRate': 3.1, 'id': 'BIN_1', 'lat': 33.60920455921576, 'lng': 73.0824710401013, 'threshold': 80, 'near_threshold_count': 0, 'dynamic_threshold': 50}
  All bin IDs: ['BIN_1', 'BIN_2', 'BIN_3', 'BIN_4', 'BIN_5', 'BIN_6', 'BIN_7', 'BIN_8', 'BIN_9', 'BIN_10']

CALCULATING BIN SERVICE RADIUS:
BIN RADIUS CALCULATION DEBUG:
  depot_data: None
  bins_data length: 10
  No depot data, using default bin radius: 1400m
Final bin service radius: 1400.0m

STARTING PROXIMITY CLUSTERING:
PROXIMITY CLUSTERING DEBUG:
  Bin service radius: 1400.0m
  Processing 10 bins
  All pairwise distances:
    BIN_1 to BIN_2: 932.8m ✓
    BIN_1 to BIN_3: 1158.9m ✓
    BIN_1 to BIN_4: 874.4m ✓
    BIN_1 to BIN_5: 6313.0m ✗
    BIN_1 to BIN_6: 5773.9m ✗
    BIN_1 to BIN_7: 4874.6m ✗
    BIN_1 to BIN_8: 6278.6m ✗
    BIN_1 to BIN_9: 5771.8m ✗
    BIN_1 to BIN_10: 5677.1m ✗
    BIN_2 to BIN_3: 1401.8m ✗
    BIN_2 to BIN_4: 1746.8m ✗
    BIN_2 to BIN_5: 6251.1m ✗
    BIN_2 to BIN_6: 5818.2m ✗
    BIN_2 to BIN_7: 4768.2m ✗
    BIN_2 to BIN_8: 7031.0m ✗
    BIN_2 to BIN_9: 6443.1m ✗
    BIN_2 to BIN_10: 6404.5m ✗
    BIN_3 to BIN_4: 1145.1m ✓
    BIN_3 to BIN_5: 7440.1m ✗
    BIN_3 to BIN_6: 6922.2m ✗
    BIN_3 to BIN_7: 5984.3m ✗
    BIN_3 to BIN_8: 7148.7m ✗
    BIN_3 to BIN_9: 6740.6m ✗
    BIN_3 to BIN_10: 6586.6m ✗
    BIN_4 to BIN_5: 6883.3m ✗
    BIN_4 to BIN_6: 6276.7m ✗
    BIN_4 to BIN_7: 5495.9m ✗
    BIN_4 to BIN_8: 6012.1m ✗
    BIN_4 to BIN_9: 5637.1m ✗
    BIN_4 to BIN_10: 5460.6m ✗
    BIN_5 to BIN_6: 842.3m ✓
    BIN_5 to BIN_7: 1489.4m ✗
    BIN_5 to BIN_8: 6234.7m ✗
    BIN_5 to BIN_9: 5220.5m ✗
    BIN_5 to BIN_10: 5695.6m ✗
    BIN_6 to BIN_7: 1299.1m ✓
    BIN_6 to BIN_8: 5416.7m ✗
    BIN_6 to BIN_9: 4399.9m ✗
    BIN_6 to BIN_10: 4865.3m ✗
    BIN_7 to BIN_8: 5977.3m ✗
    BIN_7 to BIN_9: 4975.2m ✗
    BIN_7 to BIN_10: 5354.1m ✗
    BIN_8 to BIN_9: 1018.0m ✓
    BIN_8 to BIN_10: 674.8m ✓
    BIN_9 to BIN_10: 554.9m ✓
  Processing bins sequentially:
  
  Processing bin BIN_1 (index 0):
    Finding nearby bins within 1400.0m:
      BIN_2: 932.8m (NEARBY)
      BIN_3: 1158.9m (NEARBY)
      BIN_4: 874.4m (NEARBY)
      BIN_5: 6313.0m (too far)
      BIN_6: 5773.9m (too far)
      BIN_7: 4874.6m (too far)
      BIN_8: 6278.6m (too far)
      BIN_9: 5771.8m (too far)
      BIN_10: 5677.1m (too far)
    Found 3 nearby bins
    Nearby cluster IDs: set()
    Creating new cluster 0 with current bin + nearby bins
      Added BIN_1 to cluster 0
      Added BIN_2 to cluster 0
      Added BIN_3 to cluster 0
      Added BIN_4 to cluster 0
  
  Processing bin BIN_2 (index 1):
    Finding nearby bins within 1400.0m:
      BIN_1: 932.8m (NEARBY)
        └─ Already in cluster 0
      BIN_3: 1401.8m (too far)
      BIN_4: 1746.8m (too far)
      BIN_5: 6251.1m (too far)
      BIN_6: 5818.2m (too far)
      BIN_7: 4768.2m (too far)
      BIN_8: 7031.0m (too far)
      BIN_9: 6443.1m (too far)
      BIN_10: 6404.5m (too far)
    Found 1 nearby bins
    Nearby cluster IDs: {0}
    Already in cluster 0
  
  Processing bin BIN_3 (index 2):
    Finding nearby bins within 1400.0m:
      BIN_1: 1158.9m (NEARBY)
        └─ Already in cluster 0
      BIN_2: 1401.8m (too far)
      BIN_4: 1145.1m (NEARBY)
        └─ Already in cluster 0
      BIN_5: 7440.1m (too far)
      BIN_6: 6922.2m (too far)
      BIN_7: 5984.3m (too far)
      BIN_8: 7148.7m (too far)
      BIN_9: 6740.6m (too far)
      BIN_10: 6586.6m (too far)
    Found 2 nearby bins
    Nearby cluster IDs: {0}
    Already in cluster 0
  
  Processing bin BIN_4 (index 3):
    Finding nearby bins within 1400.0m:
      BIN_1: 874.4m (NEARBY)
        └─ Already in cluster 0
      BIN_2: 1746.8m (too far)
      BIN_3: 1145.1m (NEARBY)
        └─ Already in cluster 0
      BIN_5: 6883.3m (too far)
      BIN_6: 6276.7m (too far)
      BIN_7: 5495.9m (too far)
      BIN_8: 6012.1m (too far)
      BIN_9: 5637.1m (too far)
      BIN_10: 5460.6m (too far)
    Found 2 nearby bins
    Nearby cluster IDs: {0}
    Already in cluster 0
  
  Processing bin BIN_5 (index 4):
    Finding nearby bins within 1400.0m:
      BIN_1: 6313.0m (too far)
      BIN_2: 6251.1m (too far)
      BIN_3: 7440.1m (too far)
      BIN_4: 6883.3m (too far)
      BIN_6: 842.3m (NEARBY)
      BIN_7: 1489.4m (too far)
      BIN_8: 6234.7m (too far)
      BIN_9: 5220.5m (too far)
      BIN_10: 5695.6m (too far)
    Found 1 nearby bins
    Nearby cluster IDs: set()
    Creating new cluster 1 with current bin + nearby bins
      Added BIN_5 to cluster 1
      Added BIN_6 to cluster 1
  
  Processing bin BIN_6 (index 5):
    Finding nearby bins within 1400.0m:
      BIN_1: 5773.9m (too far)
      BIN_2: 5818.2m (too far)
      BIN_3: 6922.2m (too far)
      BIN_4: 6276.7m (too far)
      BIN_5: 842.3m (NEARBY)
        └─ Already in cluster 1
      BIN_7: 1299.1m (NEARBY)
      BIN_8: 5416.7m (too far)
      BIN_9: 4399.9m (too far)
      BIN_10: 4865.3m (too far)
    Found 2 nearby bins
    Nearby cluster IDs: {1}
    Already in cluster 1
  
  Processing bin BIN_7 (index 6):
    Finding nearby bins within 1400.0m:
      BIN_1: 4874.6m (too far)
      BIN_2: 4768.2m (too far)
      BIN_3: 5984.3m (too far)
      BIN_4: 5495.9m (too far)
      BIN_5: 1489.4m (too far)
      BIN_6: 1299.1m (NEARBY)
        └─ Already in cluster 1
      BIN_8: 5977.3m (too far)
      BIN_9: 4975.2m (too far)
      BIN_10: 5354.1m (too far)
    Found 1 nearby bins
    Nearby cluster IDs: {1}
    Joined existing cluster 1
  
  Processing bin BIN_8 (index 7):
    Finding nearby bins within 1400.0m:
      BIN_1: 6278.6m (too far)
      BIN_2: 7031.0m (too far)
      BIN_3: 7148.7m (too far)
      BIN_4: 6012.1m (too far)
      BIN_5: 6234.7m (too far)
      BIN_6: 5416.7m (too far)
      BIN_7: 5977.3m (too far)
      BIN_9: 1018.0m (NEARBY)
      BIN_10: 674.8m (NEARBY)
    Found 2 nearby bins
    Nearby cluster IDs: set()
    Creating new cluster 2 with current bin + nearby bins
      Added BIN_8 to cluster 2
      Added BIN_9 to cluster 2
      Added BIN_10 to cluster 2
  
  Processing bin BIN_9 (index 8):
    Finding nearby bins within 1400.0m:
      BIN_1: 5771.8m (too far)
      BIN_2: 6443.1m (too far)
      BIN_3: 6740.6m (too far)
      BIN_4: 5637.1m (too far)
      BIN_5: 5220.5m (too far)
      BIN_6: 4399.9m (too far)
      BIN_7: 4975.2m (too far)
      BIN_8: 1018.0m (NEARBY)
        └─ Already in cluster 2
      BIN_10: 554.9m (NEARBY)
        └─ Already in cluster 2
    Found 2 nearby bins
    Nearby cluster IDs: {2}
    Already in cluster 2
  
  Processing bin BIN_10 (index 9):
    Finding nearby bins within 1400.0m:
      BIN_1: 5677.1m (too far)
      BIN_2: 6404.5m (too far)
      BIN_3: 6586.6m (too far)
      BIN_4: 5460.6m (too far)
      BIN_5: 5695.6m (too far)
      BIN_6: 4865.3m (too far)
      BIN_7: 5354.1m (too far)
      BIN_8: 674.8m (NEARBY)
        └─ Already in cluster 2
      BIN_9: 554.9m (NEARBY)
        └─ Already in cluster 2
    Found 2 nearby bins
    Nearby cluster IDs: {2}
    Already in cluster 2
  Cleaning up duplicate bins:
  Final clustering results: 3 clusters, sizes: [4, 3, 3]
    Final Cluster 0: ['BIN_1', 'BIN_2', 'BIN_3', 'BIN_4']
    Final Cluster 1: ['BIN_5', 'BIN_6', 'BIN_7']
    Final Cluster 2: ['BIN_8', 'BIN_9', 'BIN_10']

CLUSTERING RESULTS:
  Created 3 clusters
  Cluster 0: 4 bins - ['BIN_1', 'BIN_2', 'BIN_3', 'BIN_4']
    Internal distances:
      BIN_1 to BIN_2: 932.8m
      BIN_1 to BIN_3: 1158.9m
      BIN_1 to BIN_4: 874.4m
      BIN_2 to BIN_3: 1401.8m
      BIN_2 to BIN_4: 1746.8m
      BIN_3 to BIN_4: 1145.1m
    Max internal distance: 1746.8m
  Cluster 1: 3 bins - ['BIN_5', 'BIN_6', 'BIN_7']
    Internal distances:
      BIN_5 to BIN_6: 842.3m
      BIN_5 to BIN_7: 1489.4m
      BIN_6 to BIN_7: 1299.1m
    Max internal distance: 1489.4m
  Cluster 2: 3 bins - ['BIN_8', 'BIN_9', 'BIN_10']
    Internal distances:
      BIN_8 to BIN_9: 1018.0m
      BIN_8 to BIN_10: 674.8m
      BIN_9 to BIN_10: 554.9m
    Max internal distance: 1018.0m
============================================================
CLUSTERING DEBUG END
============================================================
System loaded from: cleanify_system_20250929_233211.json
============================================================
CLUSTERING DEBUG START
============================================================
Input validation:
  bins_data type: <class 'list'>
  bins_data length: 10
  depot_data type: <class 'NoneType'>
  depot_data: None
  First bin structure: {'capacity': 500, 'fillLevel': 0.0016666666666666666, 'fillRate': 6, 'id': 'BIN_1', 'lat': 33.613580131572526, 'lng': 73.05981561266454, 'threshold': 80, 'near_threshold_count': 0, 'dynamic_threshold': 50}
  All bin IDs: ['BIN_1', 'BIN_2', 'BIN_3', 'BIN_4', 'BIN_5', 'BIN_6', 'BIN_7', 'BIN_8', 'BIN_9', 'BIN_10']

CALCULATING BIN SERVICE RADIUS:
BIN RADIUS CALCULATION DEBUG:
  depot_data: None
  bins_data length: 10
  No depot data, using default bin radius: 1400m
Final bin service radius: 1400.0m

STARTING PROXIMITY CLUSTERING:
PROXIMITY CLUSTERING DEBUG:
  Bin service radius: 1400.0m
  Processing 10 bins
  All pairwise distances:
    BIN_1 to BIN_2: 2066.1m ✗
    BIN_1 to BIN_3: 421.5m ✓
    BIN_1 to BIN_4: 1072.9m ✓
    BIN_1 to BIN_5: 361.9m ✓
    BIN_1 to BIN_6: 2042.5m ✗
    BIN_1 to BIN_7: 453.6m ✓
    BIN_1 to BIN_8: 2341.7m ✗
    BIN_1 to BIN_9: 1341.0m ✓
    BIN_1 to BIN_10: 2500.7m ✗
    BIN_2 to BIN_3: 1888.5m ✗
    BIN_2 to BIN_4: 2341.0m ✗
    BIN_2 to BIN_5: 1705.4m ✗
    BIN_2 to BIN_6: 301.7m ✓
    BIN_2 to BIN_7: 2216.1m ✗
    BIN_2 to BIN_8: 407.7m ✓
    BIN_2 to BIN_9: 2300.3m ✗
    BIN_2 to BIN_10: 515.6m ✓
    BIN_3 to BIN_4: 1454.5m ✗
    BIN_3 to BIN_5: 367.4m ✓
    BIN_3 to BIN_6: 1925.0m ✗
    BIN_3 to BIN_7: 327.9m ✓
    BIN_3 to BIN_8: 2107.4m ✗
    BIN_3 to BIN_9: 1691.7m ✗
    BIN_3 to BIN_10: 2365.5m ✗
    BIN_4 to BIN_5: 1162.6m ✓
    BIN_4 to BIN_6: 2177.6m ✗
    BIN_4 to BIN_7: 1516.7m ✗
    BIN_4 to BIN_8: 2718.0m ✗
    BIN_4 to BIN_9: 325.5m ✓
    BIN_4 to BIN_10: 2612.2m ✗
    BIN_5 to BIN_6: 1691.3m ✗
    BIN_5 to BIN_7: 623.6m ✓
    BIN_5 to BIN_8: 1980.6m ✗
    BIN_5 to BIN_9: 1366.3m ✓
    BIN_5 to BIN_10: 2147.1m ✗
    BIN_6 to BIN_7: 2251.1m ✗
    BIN_6 to BIN_8: 686.1m ✓
    BIN_6 to BIN_9: 2102.2m ✗
    BIN_6 to BIN_10: 461.6m ✓
    BIN_7 to BIN_8: 2428.6m ✗
    BIN_7 to BIN_9: 1793.2m ✗
    BIN_7 to BIN_10: 2693.1m ✗
    BIN_8 to BIN_9: 2694.1m ✗
    BIN_8 to BIN_10: 644.4m ✓
    BIN_9 to BIN_10: 2512.2m ✗
  Processing bins sequentially:
  
  Processing bin BIN_1 (index 0):
    Finding nearby bins within 1400.0m:
      BIN_2: 2066.1m (too far)
      BIN_3: 421.5m (NEARBY)
      BIN_4: 1072.9m (NEARBY)
      BIN_5: 361.9m (NEARBY)
      BIN_6: 2042.5m (too far)
      BIN_7: 453.6m (NEARBY)
      BIN_8: 2341.7m (too far)
      BIN_9: 1341.0m (NEARBY)
      BIN_10: 2500.7m (too far)
    Found 5 nearby bins
    Nearby cluster IDs: set()
    Creating new cluster 0 with current bin + nearby bins
      Added BIN_1 to cluster 0
      Added BIN_3 to cluster 0
      Added BIN_4 to cluster 0
      Added BIN_5 to cluster 0
      Added BIN_7 to cluster 0
      Added BIN_9 to cluster 0
  
  Processing bin BIN_2 (index 1):
    Finding nearby bins within 1400.0m:
      BIN_1: 2066.1m (too far)
      BIN_3: 1888.5m (too far)
      BIN_4: 2341.0m (too far)
      BIN_5: 1705.4m (too far)
      BIN_6: 301.7m (NEARBY)
      BIN_7: 2216.1m (too far)
      BIN_8: 407.7m (NEARBY)
      BIN_9: 2300.3m (too far)
      BIN_10: 515.6m (NEARBY)
    Found 3 nearby bins
    Nearby cluster IDs: set()
    Creating new cluster 1 with current bin + nearby bins
      Added BIN_2 to cluster 1
      Added BIN_6 to cluster 1
      Added BIN_8 to cluster 1
      Added BIN_10 to cluster 1
  
  Processing bin BIN_3 (index 2):
    Finding nearby bins within 1400.0m:
      BIN_1: 421.5m (NEARBY)
        └─ Already in cluster 0
      BIN_2: 1888.5m (too far)
      BIN_4: 1454.5m (too far)
      BIN_5: 367.4m (NEARBY)
        └─ Already in cluster 0
      BIN_6: 1925.0m (too far)
      BIN_7: 327.9m (NEARBY)
        └─ Already in cluster 0
      BIN_8: 2107.4m (too far)
      BIN_9: 1691.7m (too far)
      BIN_10: 2365.5m (too far)
    Found 3 nearby bins
    Nearby cluster IDs: {0}
    Already in cluster 0
  
  Processing bin BIN_4 (index 3):
    Finding nearby bins within 1400.0m:
      BIN_1: 1072.9m (NEARBY)
        └─ Already in cluster 0
      BIN_2: 2341.0m (too far)
      BIN_3: 1454.5m (too far)
      BIN_5: 1162.6m (NEARBY)
        └─ Already in cluster 0
      BIN_6: 2177.6m (too far)
      BIN_7: 1516.7m (too far)
      BIN_8: 2718.0m (too far)
      BIN_9: 325.5m (NEARBY)
        └─ Already in cluster 0
      BIN_10: 2612.2m (too far)
    Found 3 nearby bins
    Nearby cluster IDs: {0}
    Already in cluster 0
  
  Processing bin BIN_5 (index 4):
    Finding nearby bins within 1400.0m:
      BIN_1: 361.9m (NEARBY)
        └─ Already in cluster 0
      BIN_2: 1705.4m (too far)
      BIN_3: 367.4m (NEARBY)
        └─ Already in cluster 0
      BIN_4: 1162.6m (NEARBY)
        └─ Already in cluster 0
      BIN_6: 1691.3m (too far)
      BIN_7: 623.6m (NEARBY)
        └─ Already in cluster 0
      BIN_8: 1980.6m (too far)
      BIN_9: 1366.3m (NEARBY)
        └─ Already in cluster 0
      BIN_10: 2147.1m (too far)
    Found 5 nearby bins
    Nearby cluster IDs: {0}
    Already in cluster 0
  
  Processing bin BIN_6 (index 5):
    Finding nearby bins within 1400.0m:
      BIN_1: 2042.5m (too far)
      BIN_2: 301.7m (NEARBY)
        └─ Already in cluster 1
      BIN_3: 1925.0m (too far)
      BIN_4: 2177.6m (too far)
      BIN_5: 1691.3m (too far)
      BIN_7: 2251.1m (too far)
      BIN_8: 686.1m (NEARBY)
        └─ Already in cluster 1
      BIN_9: 2102.2m (too far)
      BIN_10: 461.6m (NEARBY)
        └─ Already in cluster 1
    Found 3 nearby bins
    Nearby cluster IDs: {1}
    Already in cluster 1
  
  Processing bin BIN_7 (index 6):
    Finding nearby bins within 1400.0m:
      BIN_1: 453.6m (NEARBY)
        └─ Already in cluster 0
      BIN_2: 2216.1m (too far)
      BIN_3: 327.9m (NEARBY)
        └─ Already in cluster 0
      BIN_4: 1516.7m (too far)
      BIN_5: 623.6m (NEARBY)
        └─ Already in cluster 0
      BIN_6: 2251.1m (too far)
      BIN_8: 2428.6m (too far)
      BIN_9: 1793.2m (too far)
      BIN_10: 2693.1m (too far)
    Found 3 nearby bins
    Nearby cluster IDs: {0}
    Already in cluster 0
  
  Processing bin BIN_8 (index 7):
    Finding nearby bins within 1400.0m:
      BIN_1: 2341.7m (too far)
      BIN_2: 407.7m (NEARBY)
        └─ Already in cluster 1
      BIN_3: 2107.4m (too far)
      BIN_4: 2718.0m (too far)
      BIN_5: 1980.6m (too far)
      BIN_6: 686.1m (NEARBY)
        └─ Already in cluster 1
      BIN_7: 2428.6m (too far)
      BIN_9: 2694.1m (too far)
      BIN_10: 644.4m (NEARBY)
        └─ Already in cluster 1
    Found 3 nearby bins
    Nearby cluster IDs: {1}
    Already in cluster 1
  
  Processing bin BIN_9 (index 8):
    Finding nearby bins within 1400.0m:
      BIN_1: 1341.0m (NEARBY)
        └─ Already in cluster 0
      BIN_2: 2300.3m (too far)
      BIN_3: 1691.7m (too far)
      BIN_4: 325.5m (NEARBY)
        └─ Already in cluster 0
      BIN_5: 1366.3m (NEARBY)
        └─ Already in cluster 0
      BIN_6: 2102.2m (too far)
      BIN_7: 1793.2m (too far)
      BIN_8: 2694.1m (too far)
      BIN_10: 2512.2m (too far)
    Found 3 nearby bins
    Nearby cluster IDs: {0}
    Already in cluster 0
  
  Processing bin BIN_10 (index 9):
    Finding nearby bins within 1400.0m:
      BIN_1: 2500.7m (too far)
      BIN_2: 515.6m (NEARBY)
        └─ Already in cluster 1
      BIN_3: 2365.5m (too far)
      BIN_4: 2612.2m (too far)
      BIN_5: 2147.1m (too far)
      BIN_6: 461.6m (NEARBY)
        └─ Already in cluster 1
      BIN_7: 2693.1m (too far)
      BIN_8: 644.4m (NEARBY)
        └─ Already in cluster 1
      BIN_9: 2512.2m (too far)
    Found 3 nearby bins
    Nearby cluster IDs: {1}
    Already in cluster 1
  Cleaning up duplicate bins:
  Final clustering results: 2 clusters, sizes: [6, 4]
    Final Cluster 0: ['BIN_1', 'BIN_3', 'BIN_4', 'BIN_5', 'BIN_7', 'BIN_9']
    Final Cluster 1: ['BIN_2', 'BIN_6', 'BIN_8', 'BIN_10']

CLUSTERING RESULTS:
  Created 2 clusters
  Cluster 0: 6 bins - ['BIN_1', 'BIN_3', 'BIN_4', 'BIN_5', 'BIN_7', 'BIN_9']
    Internal distances:
      BIN_1 to BIN_3: 421.5m
      BIN_1 to BIN_4: 1072.9m
      BIN_1 to BIN_5: 361.9m
      BIN_1 to BIN_7: 453.6m
      BIN_1 to BIN_9: 1341.0m
      BIN_3 to BIN_4: 1454.5m
      BIN_3 to BIN_5: 367.4m
      BIN_3 to BIN_7: 327.9m
      BIN_3 to BIN_9: 1691.7m
      BIN_4 to BIN_5: 1162.6m
      BIN_4 to BIN_7: 1516.7m
      BIN_4 to BIN_9: 325.5m
      BIN_5 to BIN_7: 623.6m
      BIN_5 to BIN_9: 1366.3m
      BIN_7 to BIN_9: 1793.2m
    Max internal distance: 1793.2m
  Cluster 1: 4 bins - ['BIN_2', 'BIN_6', 'BIN_8', 'BIN_10']
    Internal distances:
      BIN_2 to BIN_6: 301.7m
      BIN_2 to BIN_8: 407.7m
      BIN_2 to BIN_10: 515.6m
      BIN_6 to BIN_8: 686.1m
      BIN_6 to BIN_10: 461.6m
      BIN_8 to BIN_10: 644.4m
    Max internal distance: 686.1m
============================================================
CLUSTERING DEBUG END
============================================================
🎯 Using collection queue priority routing: 2 bins
Starting simulation...
============================================================
CLUSTERING DEBUG START
============================================================
Input validation:
  bins_data type: <class 'list'>
  bins_data length: 10
  depot_data type: <class 'NoneType'>
  depot_data: None
  First bin structure: {'capacity': 500, 'fillLevel': 0.0016666666666666666, 'fillRate': 6, 'id': 'BIN_1', 'lat': 33.613580131572526, 'lng': 73.05981561266454, 'threshold': 80, 'near_threshold_count': 0, 'dynamic_threshold': 50}
  All bin IDs: ['BIN_1', 'BIN_2', 'BIN_3', 'BIN_4', 'BIN_5', 'BIN_6', 'BIN_7', 'BIN_8', 'BIN_9', 'BIN_10']

CALCULATING BIN SERVICE RADIUS:
BIN RADIUS CALCULATION DEBUG:
  depot_data: None
  bins_data length: 10
  No depot data, using default bin radius: 1400m
Final bin service radius: 1400.0m

STARTING PROXIMITY CLUSTERING:
PROXIMITY CLUSTERING DEBUG:
  Bin service radius: 1400.0m
  Processing 10 bins
  All pairwise distances:
    BIN_1 to BIN_2: 2066.1m ✗
    BIN_1 to BIN_3: 421.5m ✓
    BIN_1 to BIN_4: 1072.9m ✓
    BIN_1 to BIN_5: 361.9m ✓
    BIN_1 to BIN_6: 2042.5m ✗
    BIN_1 to BIN_7: 453.6m ✓
    BIN_1 to BIN_8: 2341.7m ✗
    BIN_1 to BIN_9: 1341.0m ✓
    BIN_1 to BIN_10: 2500.7m ✗
    BIN_2 to BIN_3: 1888.5m ✗
    BIN_2 to BIN_4: 2341.0m ✗
    BIN_2 to BIN_5: 1705.4m ✗
    BIN_2 to BIN_6: 301.7m ✓
    BIN_2 to BIN_7: 2216.1m ✗
    BIN_2 to BIN_8: 407.7m ✓
    BIN_2 to BIN_9: 2300.3m ✗
    BIN_2 to BIN_10: 515.6m ✓
    BIN_3 to BIN_4: 1454.5m ✗
    BIN_3 to BIN_5: 367.4m ✓
    BIN_3 to BIN_6: 1925.0m ✗
    BIN_3 to BIN_7: 327.9m ✓
    BIN_3 to BIN_8: 2107.4m ✗
    BIN_3 to BIN_9: 1691.7m ✗
    BIN_3 to BIN_10: 2365.5m ✗
    BIN_4 to BIN_5: 1162.6m ✓
    BIN_4 to BIN_6: 2177.6m ✗
    BIN_4 to BIN_7: 1516.7m ✗
    BIN_4 to BIN_8: 2718.0m ✗
    BIN_4 to BIN_9: 325.5m ✓
    BIN_4 to BIN_10: 2612.2m ✗
    BIN_5 to BIN_6: 1691.3m ✗
    BIN_5 to BIN_7: 623.6m ✓
    BIN_5 to BIN_8: 1980.6m ✗
    BIN_5 to BIN_9: 1366.3m ✓
    BIN_5 to BIN_10: 2147.1m ✗
    BIN_6 to BIN_7: 2251.1m ✗
    BIN_6 to BIN_8: 686.1m ✓
    BIN_6 to BIN_9: 2102.2m ✗
    BIN_6 to BIN_10: 461.6m ✓
    BIN_7 to BIN_8: 2428.6m ✗
    BIN_7 to BIN_9: 1793.2m ✗
    BIN_7 to BIN_10: 2693.1m ✗
    BIN_8 to BIN_9: 2694.1m ✗
    BIN_8 to BIN_10: 644.4m ✓
    BIN_9 to BIN_10: 2512.2m ✗
  Processing bins sequentially:
  
  Processing bin BIN_1 (index 0):
    Finding nearby bins within 1400.0m:
      BIN_2: 2066.1m (too far)
      BIN_3: 421.5m (NEARBY)
      BIN_4: 1072.9m (NEARBY)
      BIN_5: 361.9m (NEARBY)
      BIN_6: 2042.5m (too far)
      BIN_7: 453.6m (NEARBY)
      BIN_8: 2341.7m (too far)
      BIN_9: 1341.0m (NEARBY)
      BIN_10: 2500.7m (too far)
    Found 5 nearby bins
    Nearby cluster IDs: set()
    Creating new cluster 0 with current bin + nearby bins
      Added BIN_1 to cluster 0
      Added BIN_3 to cluster 0
      Added BIN_4 to cluster 0
      Added BIN_5 to cluster 0
      Added BIN_7 to cluster 0
      Added BIN_9 to cluster 0
  
  Processing bin BIN_2 (index 1):
    Finding nearby bins within 1400.0m:
      BIN_1: 2066.1m (too far)
      BIN_3: 1888.5m (too far)
      BIN_4: 2341.0m (too far)
      BIN_5: 1705.4m (too far)
      BIN_6: 301.7m (NEARBY)
      BIN_7: 2216.1m (too far)
      BIN_8: 407.7m (NEARBY)
      BIN_9: 2300.3m (too far)
      BIN_10: 515.6m (NEARBY)
    Found 3 nearby bins
    Nearby cluster IDs: set()
    Creating new cluster 1 with current bin + nearby bins
      Added BIN_2 to cluster 1
      Added BIN_6 to cluster 1
      Added BIN_8 to cluster 1
      Added BIN_10 to cluster 1
  
  Processing bin BIN_3 (index 2):
    Finding nearby bins within 1400.0m:
      BIN_1: 421.5m (NEARBY)
        └─ Already in cluster 0
      BIN_2: 1888.5m (too far)
      BIN_4: 1454.5m (too far)
      BIN_5: 367.4m (NEARBY)
        └─ Already in cluster 0
      BIN_6: 1925.0m (too far)
      BIN_7: 327.9m (NEARBY)
        └─ Already in cluster 0
      BIN_8: 2107.4m (too far)
      BIN_9: 1691.7m (too far)
      BIN_10: 2365.5m (too far)
    Found 3 nearby bins
    Nearby cluster IDs: {0}
    Already in cluster 0
  
  Processing bin BIN_4 (index 3):
    Finding nearby bins within 1400.0m:
      BIN_1: 1072.9m (NEARBY)
        └─ Already in cluster 0
      BIN_2: 2341.0m (too far)
      BIN_3: 1454.5m (too far)
      BIN_5: 1162.6m (NEARBY)
        └─ Already in cluster 0
      BIN_6: 2177.6m (too far)
      BIN_7: 1516.7m (too far)
      BIN_8: 2718.0m (too far)
      BIN_9: 325.5m (NEARBY)
        └─ Already in cluster 0
      BIN_10: 2612.2m (too far)
    Found 3 nearby bins
    Nearby cluster IDs: {0}
    Already in cluster 0
  
  Processing bin BIN_5 (index 4):
    Finding nearby bins within 1400.0m:
      BIN_1: 361.9m (NEARBY)
        └─ Already in cluster 0
      BIN_2: 1705.4m (too far)
      BIN_3: 367.4m (NEARBY)
        └─ Already in cluster 0
      BIN_4: 1162.6m (NEARBY)
        └─ Already in cluster 0
      BIN_6: 1691.3m (too far)
      BIN_7: 623.6m (NEARBY)
        └─ Already in cluster 0
      BIN_8: 1980.6m (too far)
      BIN_9: 1366.3m (NEARBY)
        └─ Already in cluster 0
      BIN_10: 2147.1m (too far)
    Found 5 nearby bins
    Nearby cluster IDs: {0}
    Already in cluster 0
  
  Processing bin BIN_6 (index 5):
    Finding nearby bins within 1400.0m:
      BIN_1: 2042.5m (too far)
      BIN_2: 301.7m (NEARBY)
        └─ Already in cluster 1
      BIN_3: 1925.0m (too far)
      BIN_4: 2177.6m (too far)
      BIN_5: 1691.3m (too far)
      BIN_7: 2251.1m (too far)
      BIN_8: 686.1m (NEARBY)
        └─ Already in cluster 1
      BIN_9: 2102.2m (too far)
      BIN_10: 461.6m (NEARBY)
        └─ Already in cluster 1
    Found 3 nearby bins
    Nearby cluster IDs: {1}
    Already in cluster 1
  
  Processing bin BIN_7 (index 6):
    Finding nearby bins within 1400.0m:
      BIN_1: 453.6m (NEARBY)
        └─ Already in cluster 0
      BIN_2: 2216.1m (too far)
      BIN_3: 327.9m (NEARBY)
        └─ Already in cluster 0
      BIN_4: 1516.7m (too far)
      BIN_5: 623.6m (NEARBY)
        └─ Already in cluster 0
      BIN_6: 2251.1m (too far)
      BIN_8: 2428.6m (too far)
      BIN_9: 1793.2m (too far)
      BIN_10: 2693.1m (too far)
    Found 3 nearby bins
    Nearby cluster IDs: {0}
    Already in cluster 0
  
  Processing bin BIN_8 (index 7):
    Finding nearby bins within 1400.0m:
      BIN_1: 2341.7m (too far)
      BIN_2: 407.7m (NEARBY)
        └─ Already in cluster 1
      BIN_3: 2107.4m (too far)
      BIN_4: 2718.0m (too far)
      BIN_5: 1980.6m (too far)
      BIN_6: 686.1m (NEARBY)
        └─ Already in cluster 1
      BIN_7: 2428.6m (too far)
      BIN_9: 2694.1m (too far)
      BIN_10: 644.4m (NEARBY)
        └─ Already in cluster 1
    Found 3 nearby bins
    Nearby cluster IDs: {1}
    Already in cluster 1
  
  Processing bin BIN_9 (index 8):
    Finding nearby bins within 1400.0m:
      BIN_1: 1341.0m (NEARBY)
        └─ Already in cluster 0
      BIN_2: 2300.3m (too far)
      BIN_3: 1691.7m (too far)
      BIN_4: 325.5m (NEARBY)
        └─ Already in cluster 0
      BIN_5: 1366.3m (NEARBY)
        └─ Already in cluster 0
      BIN_6: 2102.2m (too far)
      BIN_7: 1793.2m (too far)
      BIN_8: 2694.1m (too far)
      BIN_10: 2512.2m (too far)
    Found 3 nearby bins
    Nearby cluster IDs: {0}
    Already in cluster 0
  
  Processing bin BIN_10 (index 9):
    Finding nearby bins within 1400.0m:
      BIN_1: 2500.7m (too far)
      BIN_2: 515.6m (NEARBY)
        └─ Already in cluster 1
      BIN_3: 2365.5m (too far)
      BIN_4: 2612.2m (too far)
      BIN_5: 2147.1m (too far)
      BIN_6: 461.6m (NEARBY)
        └─ Already in cluster 1
      BIN_7: 2693.1m (too far)
      BIN_8: 644.4m (NEARBY)
        └─ Already in cluster 1
      BIN_9: 2512.2m (too far)
    Found 3 nearby bins
    Nearby cluster IDs: {1}
    Already in cluster 1
  Cleaning up duplicate bins:
  Final clustering results: 2 clusters, sizes: [6, 4]
    Final Cluster 0: ['BIN_1', 'BIN_3', 'BIN_4', 'BIN_5', 'BIN_7', 'BIN_9']
    Final Cluster 1: ['BIN_2', 'BIN_6', 'BIN_8', 'BIN_10']

CLUSTERING RESULTS:
  Created 2 clusters
  Cluster 0: 6 bins - ['BIN_1', 'BIN_3', 'BIN_4', 'BIN_5', 'BIN_7', 'BIN_9']
    Internal distances:
      BIN_1 to BIN_3: 421.5m
      BIN_1 to BIN_4: 1072.9m
      BIN_1 to BIN_5: 361.9m
      BIN_1 to BIN_7: 453.6m
      BIN_1 to BIN_9: 1341.0m
      BIN_3 to BIN_4: 1454.5m
      BIN_3 to BIN_5: 367.4m
      BIN_3 to BIN_7: 327.9m
      BIN_3 to BIN_9: 1691.7m
      BIN_4 to BIN_5: 1162.6m
      BIN_4 to BIN_7: 1516.7m
      BIN_4 to BIN_9: 325.5m
      BIN_5 to BIN_7: 623.6m
      BIN_5 to BIN_9: 1366.3m
      BIN_7 to BIN_9: 1793.2m
    Max internal distance: 1793.2m
  Cluster 1: 4 bins - ['BIN_2', 'BIN_6', 'BIN_8', 'BIN_10']
    Internal distances:
      BIN_2 to BIN_6: 301.7m
      BIN_2 to BIN_8: 407.7m
      BIN_2 to BIN_10: 515.6m
      BIN_6 to BIN_8: 686.1m
      BIN_6 to BIN_10: 461.6m
      BIN_8 to BIN_10: 644.4m
    Max internal distance: 686.1m
============================================================
CLUSTERING DEBUG END
============================================================
🎯 Using collection queue priority routing: 2 bins
============================================================
CLUSTERING DEBUG START
============================================================
Input validation:
  bins_data type: <class 'list'>
  bins_data length: 10
  depot_data type: <class 'NoneType'>
  depot_data: None
  First bin structure: {'capacity': 500, 'fillLevel': 0.003333333333333333, 'fillRate': 6, 'id': 'BIN_1', 'lat': 33.613580131572526, 'lng': 73.05981561266454, 'threshold': 80, 'near_threshold_count': 0, 'dynamic_threshold': 50}
  All bin IDs: ['BIN_1', 'BIN_2', 'BIN_3', 'BIN_4', 'BIN_5', 'BIN_6', 'BIN_7', 'BIN_8', 'BIN_9', 'BIN_10']

CALCULATING BIN SERVICE RADIUS:
BIN RADIUS CALCULATION DEBUG:
  depot_data: None
  bins_data length: 10
  No depot data, using default bin radius: 1400m
Final bin service radius: 1400.0m

STARTING PROXIMITY CLUSTERING:
PROXIMITY CLUSTERING DEBUG:
  Bin service radius: 1400.0m
  Processing 10 bins
  All pairwise distances:
    BIN_1 to BIN_2: 2066.1m ✗
    BIN_1 to BIN_3: 421.5m ✓
    BIN_1 to BIN_4: 1072.9m ✓
    BIN_1 to BIN_5: 361.9m ✓
    BIN_1 to BIN_6: 2042.5m ✗
    BIN_1 to BIN_7: 453.6m ✓
    BIN_1 to BIN_8: 2341.7m ✗
    BIN_1 to BIN_9: 1341.0m ✓
    BIN_1 to BIN_10: 2500.7m ✗
    BIN_2 to BIN_3: 1888.5m ✗
    BIN_2 to BIN_4: 2341.0m ✗
    BIN_2 to BIN_5: 1705.4m ✗
    BIN_2 to BIN_6: 301.7m ✓
    BIN_2 to BIN_7: 2216.1m ✗
    BIN_2 to BIN_8: 407.7m ✓
    BIN_2 to BIN_9: 2300.3m ✗
    BIN_2 to BIN_10: 515.6m ✓
    BIN_3 to BIN_4: 1454.5m ✗
    BIN_3 to BIN_5: 367.4m ✓
    BIN_3 to BIN_6: 1925.0m ✗
    BIN_3 to BIN_7: 327.9m ✓
    BIN_3 to BIN_8: 2107.4m ✗
    BIN_3 to BIN_9: 1691.7m ✗
    BIN_3 to BIN_10: 2365.5m ✗
    BIN_4 to BIN_5: 1162.6m ✓
    BIN_4 to BIN_6: 2177.6m ✗
    BIN_4 to BIN_7: 1516.7m ✗
    BIN_4 to BIN_8: 2718.0m ✗
    BIN_4 to BIN_9: 325.5m ✓
    BIN_4 to BIN_10: 2612.2m ✗
    BIN_5 to BIN_6: 1691.3m ✗
    BIN_5 to BIN_7: 623.6m ✓
    BIN_5 to BIN_8: 1980.6m ✗
    BIN_5 to BIN_9: 1366.3m ✓
    BIN_5 to BIN_10: 2147.1m ✗
    BIN_6 to BIN_7: 2251.1m ✗
    BIN_6 to BIN_8: 686.1m ✓
    BIN_6 to BIN_9: 2102.2m ✗
    BIN_6 to BIN_10: 461.6m ✓
    BIN_7 to BIN_8: 2428.6m ✗
    BIN_7 to BIN_9: 1793.2m ✗
    BIN_7 to BIN_10: 2693.1m ✗
    BIN_8 to BIN_9: 2694.1m ✗
    BIN_8 to BIN_10: 644.4m ✓
    BIN_9 to BIN_10: 2512.2m ✗
  Processing bins sequentially:
  
  Processing bin BIN_1 (index 0):
    Finding nearby bins within 1400.0m:
      BIN_2: 2066.1m (too far)
      BIN_3: 421.5m (NEARBY)
      BIN_4: 1072.9m (NEARBY)
      BIN_5: 361.9m (NEARBY)
      BIN_6: 2042.5m (too far)
      BIN_7: 453.6m (NEARBY)
      BIN_8: 2341.7m (too far)
      BIN_9: 1341.0m (NEARBY)
      BIN_10: 2500.7m (too far)
    Found 5 nearby bins
    Nearby cluster IDs: set()
    Creating new cluster 0 with current bin + nearby bins
      Added BIN_1 to cluster 0
      Added BIN_3 to cluster 0
      Added BIN_4 to cluster 0
      Added BIN_5 to cluster 0
      Added BIN_7 to cluster 0
      Added BIN_9 to cluster 0
  
  Processing bin BIN_2 (index 1):
    Finding nearby bins within 1400.0m:
      BIN_1: 2066.1m (too far)
      BIN_3: 1888.5m (too far)
      BIN_4: 2341.0m (too far)
      BIN_5: 1705.4m (too far)
      BIN_6: 301.7m (NEARBY)
      BIN_7: 2216.1m (too far)
      BIN_8: 407.7m (NEARBY)
      BIN_9: 2300.3m (too far)
      BIN_10: 515.6m (NEARBY)
    Found 3 nearby bins
    Nearby cluster IDs: set()
    Creating new cluster 1 with current bin + nearby bins
      Added BIN_2 to cluster 1
      Added BIN_6 to cluster 1
      Added BIN_8 to cluster 1
      Added BIN_10 to cluster 1
  
  Processing bin BIN_3 (index 2):
    Finding nearby bins within 1400.0m:
      BIN_1: 421.5m (NEARBY)
        └─ Already in cluster 0
      BIN_2: 1888.5m (too far)
      BIN_4: 1454.5m (too far)
      BIN_5: 367.4m (NEARBY)
        └─ Already in cluster 0
      BIN_6: 1925.0m (too far)
      BIN_7: 327.9m (NEARBY)
        └─ Already in cluster 0
      BIN_8: 2107.4m (too far)
      BIN_9: 1691.7m (too far)
      BIN_10: 2365.5m (too far)
    Found 3 nearby bins
    Nearby cluster IDs: {0}
    Already in cluster 0
  
  Processing bin BIN_4 (index 3):
    Finding nearby bins within 1400.0m:
      BIN_1: 1072.9m (NEARBY)
        └─ Already in cluster 0
      BIN_2: 2341.0m (too far)
      BIN_3: 1454.5m (too far)
      BIN_5: 1162.6m (NEARBY)
        └─ Already in cluster 0
      BIN_6: 2177.6m (too far)
      BIN_7: 1516.7m (too far)
      BIN_8: 2718.0m (too far)
      BIN_9: 325.5m (NEARBY)
        └─ Already in cluster 0
      BIN_10: 2612.2m (too far)
    Found 3 nearby bins
    Nearby cluster IDs: {0}
    Already in cluster 0
  
  Processing bin BIN_5 (index 4):
    Finding nearby bins within 1400.0m:
      BIN_1: 361.9m (NEARBY)
        └─ Already in cluster 0
      BIN_2: 1705.4m (too far)
      BIN_3: 367.4m (NEARBY)
        └─ Already in cluster 0
      BIN_4: 1162.6m (NEARBY)
        └─ Already in cluster 0
      BIN_6: 1691.3m (too far)
      BIN_7: 623.6m (NEARBY)
        └─ Already in cluster 0
      BIN_8: 1980.6m (too far)
      BIN_9: 1366.3m (NEARBY)
        └─ Already in cluster 0
      BIN_10: 2147.1m (too far)
    Found 5 nearby bins
    Nearby cluster IDs: {0}
    Already in cluster 0
  
  Processing bin BIN_6 (index 5):
    Finding nearby bins within 1400.0m:
      BIN_1: 2042.5m (too far)
      BIN_2: 301.7m (NEARBY)
        └─ Already in cluster 1
      BIN_3: 1925.0m (too far)
      BIN_4: 2177.6m (too far)
      BIN_5: 1691.3m (too far)
      BIN_7: 2251.1m (too far)
      BIN_8: 686.1m (NEARBY)
        └─ Already in cluster 1
      BIN_9: 2102.2m (too far)
      BIN_10: 461.6m (NEARBY)
        └─ Already in cluster 1
    Found 3 nearby bins
    Nearby cluster IDs: {1}
    Already in cluster 1
  
  Processing bin BIN_7 (index 6):
    Finding nearby bins within 1400.0m:
      BIN_1: 453.6m (NEARBY)
        └─ Already in cluster 0
      BIN_2: 2216.1m (too far)
      BIN_3: 327.9m (NEARBY)
        └─ Already in cluster 0
      BIN_4: 1516.7m (too far)
      BIN_5: 623.6m (NEARBY)
        └─ Already in cluster 0
      BIN_6: 2251.1m (too far)
      BIN_8: 2428.6m (too far)
      BIN_9: 1793.2m (too far)
      BIN_10: 2693.1m (too far)
    Found 3 nearby bins
    Nearby cluster IDs: {0}
    Already in cluster 0
  
  Processing bin BIN_8 (index 7):
    Finding nearby bins within 1400.0m:
      BIN_1: 2341.7m (too far)
      BIN_2: 407.7m (NEARBY)
        └─ Already in cluster 1
      BIN_3: 2107.4m (too far)
      BIN_4: 2718.0m (too far)
      BIN_5: 1980.6m (too far)
      BIN_6: 686.1m (NEARBY)
        └─ Already in cluster 1
      BIN_7: 2428.6m (too far)
      BIN_9: 2694.1m (too far)
      BIN_10: 644.4m (NEARBY)
        └─ Already in cluster 1
    Found 3 nearby bins
    Nearby cluster IDs: {1}
    Already in cluster 1
  
  Processing bin BIN_9 (index 8):
    Finding nearby bins within 1400.0m:
      BIN_1: 1341.0m (NEARBY)
        └─ Already in cluster 0
      BIN_2: 2300.3m (too far)
      BIN_3: 1691.7m (too far)
      BIN_4: 325.5m (NEARBY)
        └─ Already in cluster 0
      BIN_5: 1366.3m (NEARBY)
        └─ Already in cluster 0
      BIN_6: 2102.2m (too far)
      BIN_7: 1793.2m (too far)
      BIN_8: 2694.1m (too far)
      BIN_10: 2512.2m (too far)
    Found 3 nearby bins
    Nearby cluster IDs: {0}
    Already in cluster 0
  
  Processing bin BIN_10 (index 9):
    Finding nearby bins within 1400.0m:
      BIN_1: 2500.7m (too far)
      BIN_2: 515.6m (NEARBY)
        └─ Already in cluster 1
      BIN_3: 2365.5m (too far)
      BIN_4: 2612.2m (too far)
      BIN_5: 2147.1m (too far)
      BIN_6: 461.6m (NEARBY)
        └─ Already in cluster 1
      BIN_7: 2693.1m (too far)
      BIN_8: 644.4m (NEARBY)
        └─ Already in cluster 1
      BIN_9: 2512.2m (too far)
    Found 3 nearby bins
    Nearby cluster IDs: {1}
    Already in cluster 1
  Cleaning up duplicate bins:
  Final clustering results: 2 clusters, sizes: [6, 4]
    Final Cluster 0: ['BIN_1', 'BIN_3', 'BIN_4', 'BIN_5', 'BIN_7', 'BIN_9']
    Final Cluster 1: ['BIN_2', 'BIN_6', 'BIN_8', 'BIN_10']

CLUSTERING RESULTS:
  Created 2 clusters
  Cluster 0: 6 bins - ['BIN_1', 'BIN_3', 'BIN_4', 'BIN_5', 'BIN_7', 'BIN_9']
    Internal distances:
      BIN_1 to BIN_3: 421.5m
      BIN_1 to BIN_4: 1072.9m
      BIN_1 to BIN_5: 361.9m
      BIN_1 to BIN_7: 453.6m
      BIN_1 to BIN_9: 1341.0m
      BIN_3 to BIN_4: 1454.5m
      BIN_3 to BIN_5: 367.4m
      BIN_3 to BIN_7: 327.9m
      BIN_3 to BIN_9: 1691.7m
      BIN_4 to BIN_5: 1162.6m
      BIN_4 to BIN_7: 1516.7m
      BIN_4 to BIN_9: 325.5m
      BIN_5 to BIN_7: 623.6m
      BIN_5 to BIN_9: 1366.3m
      BIN_7 to BIN_9: 1793.2m
    Max internal distance: 1793.2m
  Cluster 1: 4 bins - ['BIN_2', 'BIN_6', 'BIN_8', 'BIN_10']
    Internal distances:
      BIN_2 to BIN_6: 301.7m
      BIN_2 to BIN_8: 407.7m
      BIN_2 to BIN_10: 515.6m
      BIN_6 to BIN_8: 686.1m
      BIN_6 to BIN_10: 461.6m
      BIN_8 to BIN_10: 644.4m
    Max internal distance: 686.1m
============================================================
CLUSTERING DEBUG END
============================================================
🎯 Using collection queue priority routing: 2 bins
System loaded from: cleanify_system_20250929_233211.json
Starting simulation...
============================================================
CLUSTERING DEBUG START
============================================================
Input validation:
  bins_data type: <class 'list'>
  bins_data length: 10
  depot_data type: <class 'NoneType'>
  depot_data: None
  First bin structure: {'capacity': 500, 'fillLevel': 0, 'fillRate': 6, 'id': 'BIN_1', 'lat': 33.613580131572526, 'lng': 73.05981561266454, 'threshold': 80}
  All bin IDs: ['BIN_1', 'BIN_2', 'BIN_3', 'BIN_4', 'BIN_5', 'BIN_6', 'BIN_7', 'BIN_8', 'BIN_9', 'BIN_10']

CALCULATING BIN SERVICE RADIUS:
BIN RADIUS CALCULATION DEBUG:
  depot_data: None
  bins_data length: 10
  No depot data, using default bin radius: 1400m
Final bin service radius: 1400.0m

STARTING PROXIMITY CLUSTERING:
PROXIMITY CLUSTERING DEBUG:
  Bin service radius: 1400.0m
  Processing 10 bins
  All pairwise distances:
    BIN_1 to BIN_2: 2066.1m ✗
    BIN_1 to BIN_3: 421.5m ✓
    BIN_1 to BIN_4: 1072.9m ✓
    BIN_1 to BIN_5: 361.9m ✓
    BIN_1 to BIN_6: 2042.5m ✗
    BIN_1 to BIN_7: 453.6m ✓
    BIN_1 to BIN_8: 2341.7m ✗
    BIN_1 to BIN_9: 1341.0m ✓
    BIN_1 to BIN_10: 2500.7m ✗
    BIN_2 to BIN_3: 1888.5m ✗
    BIN_2 to BIN_4: 2341.0m ✗
    BIN_2 to BIN_5: 1705.4m ✗
    BIN_2 to BIN_6: 301.7m ✓
    BIN_2 to BIN_7: 2216.1m ✗
    BIN_2 to BIN_8: 407.7m ✓
    BIN_2 to BIN_9: 2300.3m ✗
    BIN_2 to BIN_10: 515.6m ✓
    BIN_3 to BIN_4: 1454.5m ✗
    BIN_3 to BIN_5: 367.4m ✓
    BIN_3 to BIN_6: 1925.0m ✗
    BIN_3 to BIN_7: 327.9m ✓
    BIN_3 to BIN_8: 2107.4m ✗
    BIN_3 to BIN_9: 1691.7m ✗
    BIN_3 to BIN_10: 2365.5m ✗
    BIN_4 to BIN_5: 1162.6m ✓
    BIN_4 to BIN_6: 2177.6m ✗
    BIN_4 to BIN_7: 1516.7m ✗
    BIN_4 to BIN_8: 2718.0m ✗
    BIN_4 to BIN_9: 325.5m ✓
    BIN_4 to BIN_10: 2612.2m ✗
    BIN_5 to BIN_6: 1691.3m ✗
    BIN_5 to BIN_7: 623.6m ✓
    BIN_5 to BIN_8: 1980.6m ✗
    BIN_5 to BIN_9: 1366.3m ✓
    BIN_5 to BIN_10: 2147.1m ✗
    BIN_6 to BIN_7: 2251.1m ✗
    BIN_6 to BIN_8: 686.1m ✓
    BIN_6 to BIN_9: 2102.2m ✗
    BIN_6 to BIN_10: 461.6m ✓
    BIN_7 to BIN_8: 2428.6m ✗
    BIN_7 to BIN_9: 1793.2m ✗
    BIN_7 to BIN_10: 2693.1m ✗
    BIN_8 to BIN_9: 2694.1m ✗
    BIN_8 to BIN_10: 644.4m ✓
    BIN_9 to BIN_10: 2512.2m ✗
  Processing bins sequentially:
  
  Processing bin BIN_1 (index 0):
    Finding nearby bins within 1400.0m:
      BIN_2: 2066.1m (too far)
      BIN_3: 421.5m (NEARBY)
      BIN_4: 1072.9m (NEARBY)
      BIN_5: 361.9m (NEARBY)
      BIN_6: 2042.5m (too far)
      BIN_7: 453.6m (NEARBY)
      BIN_8: 2341.7m (too far)
      BIN_9: 1341.0m (NEARBY)
      BIN_10: 2500.7m (too far)
    Found 5 nearby bins
    Nearby cluster IDs: set()
    Creating new cluster 0 with current bin + nearby bins
      Added BIN_1 to cluster 0
      Added BIN_3 to cluster 0
      Added BIN_4 to cluster 0
      Added BIN_5 to cluster 0
      Added BIN_7 to cluster 0
      Added BIN_9 to cluster 0
  
  Processing bin BIN_2 (index 1):
    Finding nearby bins within 1400.0m:
      BIN_1: 2066.1m (too far)
      BIN_3: 1888.5m (too far)
      BIN_4: 2341.0m (too far)
      BIN_5: 1705.4m (too far)
      BIN_6: 301.7m (NEARBY)
      BIN_7: 2216.1m (too far)
      BIN_8: 407.7m (NEARBY)
      BIN_9: 2300.3m (too far)
      BIN_10: 515.6m (NEARBY)
    Found 3 nearby bins
    Nearby cluster IDs: set()
    Creating new cluster 1 with current bin + nearby bins
      Added BIN_2 to cluster 1
      Added BIN_6 to cluster 1
      Added BIN_8 to cluster 1
      Added BIN_10 to cluster 1
  
  Processing bin BIN_3 (index 2):
    Finding nearby bins within 1400.0m:
      BIN_1: 421.5m (NEARBY)
        └─ Already in cluster 0
      BIN_2: 1888.5m (too far)
      BIN_4: 1454.5m (too far)
      BIN_5: 367.4m (NEARBY)
        └─ Already in cluster 0
      BIN_6: 1925.0m (too far)
      BIN_7: 327.9m (NEARBY)
        └─ Already in cluster 0
      BIN_8: 2107.4m (too far)
      BIN_9: 1691.7m (too far)
      BIN_10: 2365.5m (too far)
    Found 3 nearby bins
    Nearby cluster IDs: {0}
    Already in cluster 0
  
  Processing bin BIN_4 (index 3):
    Finding nearby bins within 1400.0m:
      BIN_1: 1072.9m (NEARBY)
        └─ Already in cluster 0
      BIN_2: 2341.0m (too far)
      BIN_3: 1454.5m (too far)
      BIN_5: 1162.6m (NEARBY)
        └─ Already in cluster 0
      BIN_6: 2177.6m (too far)
      BIN_7: 1516.7m (too far)
      BIN_8: 2718.0m (too far)
      BIN_9: 325.5m (NEARBY)
        └─ Already in cluster 0
      BIN_10: 2612.2m (too far)
    Found 3 nearby bins
    Nearby cluster IDs: {0}
    Already in cluster 0
  
  Processing bin BIN_5 (index 4):
    Finding nearby bins within 1400.0m:
      BIN_1: 361.9m (NEARBY)
        └─ Already in cluster 0
      BIN_2: 1705.4m (too far)
      BIN_3: 367.4m (NEARBY)
        └─ Already in cluster 0
      BIN_4: 1162.6m (NEARBY)
        └─ Already in cluster 0
      BIN_6: 1691.3m (too far)
      BIN_7: 623.6m (NEARBY)
        └─ Already in cluster 0
      BIN_8: 1980.6m (too far)
      BIN_9: 1366.3m (NEARBY)
        └─ Already in cluster 0
      BIN_10: 2147.1m (too far)
    Found 5 nearby bins
    Nearby cluster IDs: {0}
    Already in cluster 0
  
  Processing bin BIN_6 (index 5):
    Finding nearby bins within 1400.0m:
      BIN_1: 2042.5m (too far)
      BIN_2: 301.7m (NEARBY)
        └─ Already in cluster 1
      BIN_3: 1925.0m (too far)
      BIN_4: 2177.6m (too far)
      BIN_5: 1691.3m (too far)
      BIN_7: 2251.1m (too far)
      BIN_8: 686.1m (NEARBY)
        └─ Already in cluster 1
      BIN_9: 2102.2m (too far)
      BIN_10: 461.6m (NEARBY)
        └─ Already in cluster 1
    Found 3 nearby bins
    Nearby cluster IDs: {1}
    Already in cluster 1
  
  Processing bin BIN_7 (index 6):
    Finding nearby bins within 1400.0m:
      BIN_1: 453.6m (NEARBY)
        └─ Already in cluster 0
      BIN_2: 2216.1m (too far)
      BIN_3: 327.9m (NEARBY)
        └─ Already in cluster 0
      BIN_4: 1516.7m (too far)
      BIN_5: 623.6m (NEARBY)
        └─ Already in cluster 0
      BIN_6: 2251.1m (too far)
      BIN_8: 2428.6m (too far)
      BIN_9: 1793.2m (too far)
      BIN_10: 2693.1m (too far)
    Found 3 nearby bins
    Nearby cluster IDs: {0}
    Already in cluster 0
  
  Processing bin BIN_8 (index 7):
    Finding nearby bins within 1400.0m:
      BIN_1: 2341.7m (too far)
      BIN_2: 407.7m (NEARBY)
        └─ Already in cluster 1
      BIN_3: 2107.4m (too far)
      BIN_4: 2718.0m (too far)
      BIN_5: 1980.6m (too far)
      BIN_6: 686.1m (NEARBY)
        └─ Already in cluster 1
      BIN_7: 2428.6m (too far)
      BIN_9: 2694.1m (too far)
      BIN_10: 644.4m (NEARBY)
        └─ Already in cluster 1
    Found 3 nearby bins
    Nearby cluster IDs: {1}
    Already in cluster 1
  
  Processing bin BIN_9 (index 8):
    Finding nearby bins within 1400.0m:
      BIN_1: 1341.0m (NEARBY)
        └─ Already in cluster 0
      BIN_2: 2300.3m (too far)
      BIN_3: 1691.7m (too far)
      BIN_4: 325.5m (NEARBY)
        └─ Already in cluster 0
      BIN_5: 1366.3m (NEARBY)
        └─ Already in cluster 0
      BIN_6: 2102.2m (too far)
      BIN_7: 1793.2m (too far)
      BIN_8: 2694.1m (too far)
      BIN_10: 2512.2m (too far)
    Found 3 nearby bins
    Nearby cluster IDs: {0}
    Already in cluster 0
  
  Processing bin BIN_10 (index 9):
    Finding nearby bins within 1400.0m:
      BIN_1: 2500.7m (too far)
      BIN_2: 515.6m (NEARBY)
        └─ Already in cluster 1
      BIN_3: 2365.5m (too far)
      BIN_4: 2612.2m (too far)
      BIN_5: 2147.1m (too far)
      BIN_6: 461.6m (NEARBY)
        └─ Already in cluster 1
      BIN_7: 2693.1m (too far)
      BIN_8: 644.4m (NEARBY)
        └─ Already in cluster 1
      BIN_9: 2512.2m (too far)
    Found 3 nearby bins
    Nearby cluster IDs: {1}
    Already in cluster 1
  Cleaning up duplicate bins:
  Final clustering results: 2 clusters, sizes: [6, 4]
    Final Cluster 0: ['BIN_1', 'BIN_3', 'BIN_4', 'BIN_5', 'BIN_7', 'BIN_9']
    Final Cluster 1: ['BIN_2', 'BIN_6', 'BIN_8', 'BIN_10']

CLUSTERING RESULTS:
  Created 2 clusters
  Cluster 0: 6 bins - ['BIN_1', 'BIN_3', 'BIN_4', 'BIN_5', 'BIN_7', 'BIN_9']
    Internal distances:
      BIN_1 to BIN_3: 421.5m
      BIN_1 to BIN_4: 1072.9m
      BIN_1 to BIN_5: 361.9m
      BIN_1 to BIN_7: 453.6m
      BIN_1 to BIN_9: 1341.0m
      BIN_3 to BIN_4: 1454.5m
      BIN_3 to BIN_5: 367.4m
      BIN_3 to BIN_7: 327.9m
      BIN_3 to BIN_9: 1691.7m
      BIN_4 to BIN_5: 1162.6m
      BIN_4 to BIN_7: 1516.7m
      BIN_4 to BIN_9: 325.5m
      BIN_5 to BIN_7: 623.6m
      BIN_5 to BIN_9: 1366.3m
      BIN_7 to BIN_9: 1793.2m
    Max internal distance: 1793.2m
  Cluster 1: 4 bins - ['BIN_2', 'BIN_6', 'BIN_8', 'BIN_10']
    Internal distances:
      BIN_2 to BIN_6: 301.7m
      BIN_2 to BIN_8: 407.7m
      BIN_2 to BIN_10: 515.6m
      BIN_6 to BIN_8: 686.1m
      BIN_6 to BIN_10: 461.6m
      BIN_8 to BIN_10: 644.4m
    Max internal distance: 686.1m
============================================================
CLUSTERING DEBUG END
============================================================
🎯 Using collection queue priority routing: 2 bins
============================================================
CLUSTERING DEBUG START
============================================================
Input validation:
  bins_data type: <class 'list'>
  bins_data length: 10
  depot_data type: <class 'NoneType'>
  depot_data: None
  First bin structure: {'capacity': 500, 'fillLevel': 0.0016666666666666666, 'fillRate': 6, 'id': 'BIN_1', 'lat': 33.613580131572526, 'lng': 73.05981561266454, 'threshold': 80, 'near_threshold_count': 0, 'dynamic_threshold': 50}
  All bin IDs: ['BIN_1', 'BIN_2', 'BIN_3', 'BIN_4', 'BIN_5', 'BIN_6', 'BIN_7', 'BIN_8', 'BIN_9', 'BIN_10']

CALCULATING BIN SERVICE RADIUS:
BIN RADIUS CALCULATION DEBUG:
  depot_data: None
  bins_data length: 10
  No depot data, using default bin radius: 1400m
Final bin service radius: 1400.0m

STARTING PROXIMITY CLUSTERING:
PROXIMITY CLUSTERING DEBUG:
  Bin service radius: 1400.0m
  Processing 10 bins
  All pairwise distances:
    BIN_1 to BIN_2: 2066.1m ✗
    BIN_1 to BIN_3: 421.5m ✓
    BIN_1 to BIN_4: 1072.9m ✓
    BIN_1 to BIN_5: 361.9m ✓
    BIN_1 to BIN_6: 2042.5m ✗
    BIN_1 to BIN_7: 453.6m ✓
    BIN_1 to BIN_8: 2341.7m ✗
    BIN_1 to BIN_9: 1341.0m ✓
    BIN_1 to BIN_10: 2500.7m ✗
    BIN_2 to BIN_3: 1888.5m ✗
    BIN_2 to BIN_4: 2341.0m ✗
    BIN_2 to BIN_5: 1705.4m ✗
    BIN_2 to BIN_6: 301.7m ✓
    BIN_2 to BIN_7: 2216.1m ✗
    BIN_2 to BIN_8: 407.7m ✓
    BIN_2 to BIN_9: 2300.3m ✗
    BIN_2 to BIN_10: 515.6m ✓
    BIN_3 to BIN_4: 1454.5m ✗
    BIN_3 to BIN_5: 367.4m ✓
    BIN_3 to BIN_6: 1925.0m ✗
    BIN_3 to BIN_7: 327.9m ✓
    BIN_3 to BIN_8: 2107.4m ✗
    BIN_3 to BIN_9: 1691.7m ✗
    BIN_3 to BIN_10: 2365.5m ✗
    BIN_4 to BIN_5: 1162.6m ✓
    BIN_4 to BIN_6: 2177.6m ✗
    BIN_4 to BIN_7: 1516.7m ✗
    BIN_4 to BIN_8: 2718.0m ✗
    BIN_4 to BIN_9: 325.5m ✓
    BIN_4 to BIN_10: 2612.2m ✗
    BIN_5 to BIN_6: 1691.3m ✗
    BIN_5 to BIN_7: 623.6m ✓
    BIN_5 to BIN_8: 1980.6m ✗
    BIN_5 to BIN_9: 1366.3m ✓
    BIN_5 to BIN_10: 2147.1m ✗
    BIN_6 to BIN_7: 2251.1m ✗
    BIN_6 to BIN_8: 686.1m ✓
    BIN_6 to BIN_9: 2102.2m ✗
    BIN_6 to BIN_10: 461.6m ✓
    BIN_7 to BIN_8: 2428.6m ✗
    BIN_7 to BIN_9: 1793.2m ✗
    BIN_7 to BIN_10: 2693.1m ✗
    BIN_8 to BIN_9: 2694.1m ✗
    BIN_8 to BIN_10: 644.4m ✓
    BIN_9 to BIN_10: 2512.2m ✗
  Processing bins sequentially:
  
  Processing bin BIN_1 (index 0):
    Finding nearby bins within 1400.0m:
      BIN_2: 2066.1m (too far)
      BIN_3: 421.5m (NEARBY)
      BIN_4: 1072.9m (NEARBY)
      BIN_5: 361.9m (NEARBY)
      BIN_6: 2042.5m (too far)
      BIN_7: 453.6m (NEARBY)
      BIN_8: 2341.7m (too far)
      BIN_9: 1341.0m (NEARBY)
      BIN_10: 2500.7m (too far)
    Found 5 nearby bins
    Nearby cluster IDs: set()
    Creating new cluster 0 with current bin + nearby bins
      Added BIN_1 to cluster 0
      Added BIN_3 to cluster 0
      Added BIN_4 to cluster 0
      Added BIN_5 to cluster 0
      Added BIN_7 to cluster 0
      Added BIN_9 to cluster 0
  
  Processing bin BIN_2 (index 1):
    Finding nearby bins within 1400.0m:
      BIN_1: 2066.1m (too far)
      BIN_3: 1888.5m (too far)
      BIN_4: 2341.0m (too far)
      BIN_5: 1705.4m (too far)
      BIN_6: 301.7m (NEARBY)
      BIN_7: 2216.1m (too far)
      BIN_8: 407.7m (NEARBY)
      BIN_9: 2300.3m (too far)
      BIN_10: 515.6m (NEARBY)
    Found 3 nearby bins
    Nearby cluster IDs: set()
    Creating new cluster 1 with current bin + nearby bins
      Added BIN_2 to cluster 1
      Added BIN_6 to cluster 1
      Added BIN_8 to cluster 1
      Added BIN_10 to cluster 1
  
  Processing bin BIN_3 (index 2):
    Finding nearby bins within 1400.0m:
      BIN_1: 421.5m (NEARBY)
        └─ Already in cluster 0
      BIN_2: 1888.5m (too far)
      BIN_4: 1454.5m (too far)
      BIN_5: 367.4m (NEARBY)
        └─ Already in cluster 0
      BIN_6: 1925.0m (too far)
      BIN_7: 327.9m (NEARBY)
        └─ Already in cluster 0
      BIN_8: 2107.4m (too far)
      BIN_9: 1691.7m (too far)
      BIN_10: 2365.5m (too far)
    Found 3 nearby bins
    Nearby cluster IDs: {0}
    Already in cluster 0
  
  Processing bin BIN_4 (index 3):
    Finding nearby bins within 1400.0m:
      BIN_1: 1072.9m (NEARBY)
        └─ Already in cluster 0
      BIN_2: 2341.0m (too far)
      BIN_3: 1454.5m (too far)
      BIN_5: 1162.6m (NEARBY)
        └─ Already in cluster 0
      BIN_6: 2177.6m (too far)
      BIN_7: 1516.7m (too far)
      BIN_8: 2718.0m (too far)
      BIN_9: 325.5m (NEARBY)
        └─ Already in cluster 0
      BIN_10: 2612.2m (too far)
    Found 3 nearby bins
    Nearby cluster IDs: {0}
    Already in cluster 0
  
  Processing bin BIN_5 (index 4):
    Finding nearby bins within 1400.0m:
      BIN_1: 361.9m (NEARBY)
        └─ Already in cluster 0
      BIN_2: 1705.4m (too far)
      BIN_3: 367.4m (NEARBY)
        └─ Already in cluster 0
      BIN_4: 1162.6m (NEARBY)
        └─ Already in cluster 0
      BIN_6: 1691.3m (too far)
      BIN_7: 623.6m (NEARBY)
        └─ Already in cluster 0
      BIN_8: 1980.6m (too far)
      BIN_9: 1366.3m (NEARBY)
        └─ Already in cluster 0
      BIN_10: 2147.1m (too far)
    Found 5 nearby bins
    Nearby cluster IDs: {0}
    Already in cluster 0
  
  Processing bin BIN_6 (index 5):
    Finding nearby bins within 1400.0m:
      BIN_1: 2042.5m (too far)
      BIN_2: 301.7m (NEARBY)
        └─ Already in cluster 1
      BIN_3: 1925.0m (too far)
      BIN_4: 2177.6m (too far)
      BIN_5: 1691.3m (too far)
      BIN_7: 2251.1m (too far)
      BIN_8: 686.1m (NEARBY)
        └─ Already in cluster 1
      BIN_9: 2102.2m (too far)
      BIN_10: 461.6m (NEARBY)
        └─ Already in cluster 1
    Found 3 nearby bins
    Nearby cluster IDs: {1}
    Already in cluster 1
  
  Processing bin BIN_7 (index 6):
    Finding nearby bins within 1400.0m:
      BIN_1: 453.6m (NEARBY)
        └─ Already in cluster 0
      BIN_2: 2216.1m (too far)
      BIN_3: 327.9m (NEARBY)
        └─ Already in cluster 0
      BIN_4: 1516.7m (too far)
      BIN_5: 623.6m (NEARBY)
        └─ Already in cluster 0
      BIN_6: 2251.1m (too far)
      BIN_8: 2428.6m (too far)
      BIN_9: 1793.2m (too far)
      BIN_10: 2693.1m (too far)
    Found 3 nearby bins
    Nearby cluster IDs: {0}
    Already in cluster 0
  
  Processing bin BIN_8 (index 7):
    Finding nearby bins within 1400.0m:
      BIN_1: 2341.7m (too far)
      BIN_2: 407.7m (NEARBY)
        └─ Already in cluster 1
      BIN_3: 2107.4m (too far)
      BIN_4: 2718.0m (too far)
      BIN_5: 1980.6m (too far)
      BIN_6: 686.1m (NEARBY)
        └─ Already in cluster 1
      BIN_7: 2428.6m (too far)
      BIN_9: 2694.1m (too far)
      BIN_10: 644.4m (NEARBY)
        └─ Already in cluster 1
    Found 3 nearby bins
    Nearby cluster IDs: {1}
    Already in cluster 1
  
  Processing bin BIN_9 (index 8):
    Finding nearby bins within 1400.0m:
      BIN_1: 1341.0m (NEARBY)
        └─ Already in cluster 0
      BIN_2: 2300.3m (too far)
      BIN_3: 1691.7m (too far)
      BIN_4: 325.5m (NEARBY)
        └─ Already in cluster 0
      BIN_5: 1366.3m (NEARBY)
        └─ Already in cluster 0
      BIN_6: 2102.2m (too far)
      BIN_7: 1793.2m (too far)
      BIN_8: 2694.1m (too far)
      BIN_10: 2512.2m (too far)
    Found 3 nearby bins
    Nearby cluster IDs: {0}
    Already in cluster 0
  
  Processing bin BIN_10 (index 9):
    Finding nearby bins within 1400.0m:
      BIN_1: 2500.7m (too far)
      BIN_2: 515.6m (NEARBY)
        └─ Already in cluster 1
      BIN_3: 2365.5m (too far)
      BIN_4: 2612.2m (too far)
      BIN_5: 2147.1m (too far)
      BIN_6: 461.6m (NEARBY)
        └─ Already in cluster 1
      BIN_7: 2693.1m (too far)
      BIN_8: 644.4m (NEARBY)
        └─ Already in cluster 1
      BIN_9: 2512.2m (too far)
    Found 3 nearby bins
    Nearby cluster IDs: {1}
    Already in cluster 1
  Cleaning up duplicate bins:
  Final clustering results: 2 clusters, sizes: [6, 4]
    Final Cluster 0: ['BIN_1', 'BIN_3', 'BIN_4', 'BIN_5', 'BIN_7', 'BIN_9']
    Final Cluster 1: ['BIN_2', 'BIN_6', 'BIN_8', 'BIN_10']

CLUSTERING RESULTS:
  Created 2 clusters
  Cluster 0: 6 bins - ['BIN_1', 'BIN_3', 'BIN_4', 'BIN_5', 'BIN_7', 'BIN_9']
    Internal distances:
      BIN_1 to BIN_3: 421.5m
      BIN_1 to BIN_4: 1072.9m
      BIN_1 to BIN_5: 361.9m
      BIN_1 to BIN_7: 453.6m
      BIN_1 to BIN_9: 1341.0m
      BIN_3 to BIN_4: 1454.5m
      BIN_3 to BIN_5: 367.4m
      BIN_3 to BIN_7: 327.9m
      BIN_3 to BIN_9: 1691.7m
      BIN_4 to BIN_5: 1162.6m
      BIN_4 to BIN_7: 1516.7m
      BIN_4 to BIN_9: 325.5m
      BIN_5 to BIN_7: 623.6m
      BIN_5 to BIN_9: 1366.3m
      BIN_7 to BIN_9: 1793.2m
    Max internal distance: 1793.2m
  Cluster 1: 4 bins - ['BIN_2', 'BIN_6', 'BIN_8', 'BIN_10']
    Internal distances:
      BIN_2 to BIN_6: 301.7m
      BIN_2 to BIN_8: 407.7m
      BIN_2 to BIN_10: 515.6m
      BIN_6 to BIN_8: 686.1m
      BIN_6 to BIN_10: 461.6m
      BIN_8 to BIN_10: 644.4m
    Max internal distance: 686.1m
============================================================
CLUSTERING DEBUG END
============================================================
============================================================
CLUSTERING DEBUG START
============================================================
Input validation:
  bins_data type: <class 'list'>
  bins_data length: 10
  depot_data type: <class 'NoneType'>
  depot_data: None
  First bin structure: {'capacity': 500, 'fillLevel': 0.0016666666666666666, 'fillRate': 6, 'id': 'BIN_1', 'lat': 33.613580131572526, 'lng': 73.05981561266454, 'threshold': 80, 'near_threshold_count': 0, 'dynamic_threshold': 50}
  All bin IDs: ['BIN_1', 'BIN_2', 'BIN_3', 'BIN_4', 'BIN_5', 'BIN_6', 'BIN_7', 'BIN_8', 'BIN_9', 'BIN_10']

CALCULATING BIN SERVICE RADIUS:
BIN RADIUS CALCULATION DEBUG:
  depot_data: None
  bins_data length: 10
  No depot data, using default bin radius: 1400m
Final bin service radius: 1400.0m

STARTING PROXIMITY CLUSTERING:
PROXIMITY CLUSTERING DEBUG:
  Bin service radius: 1400.0m
  Processing 10 bins
  All pairwise distances:
    BIN_1 to BIN_2: 2066.1m ✗
    BIN_1 to BIN_3: 421.5m ✓
    BIN_1 to BIN_4: 1072.9m ✓
    BIN_1 to BIN_5: 361.9m ✓
    BIN_1 to BIN_6: 2042.5m ✗
    BIN_1 to BIN_7: 453.6m ✓
    BIN_1 to BIN_8: 2341.7m ✗
    BIN_1 to BIN_9: 1341.0m ✓
    BIN_1 to BIN_10: 2500.7m ✗
    BIN_2 to BIN_3: 1888.5m ✗
    BIN_2 to BIN_4: 2341.0m ✗
    BIN_2 to BIN_5: 1705.4m ✗
    BIN_2 to BIN_6: 301.7m ✓
    BIN_2 to BIN_7: 2216.1m ✗
    BIN_2 to BIN_8: 407.7m ✓
    BIN_2 to BIN_9: 2300.3m ✗
    BIN_2 to BIN_10: 515.6m ✓
    BIN_3 to BIN_4: 1454.5m ✗
    BIN_3 to BIN_5: 367.4m ✓
    BIN_3 to BIN_6: 1925.0m ✗
    BIN_3 to BIN_7: 327.9m ✓
    BIN_3 to BIN_8: 2107.4m ✗
    BIN_3 to BIN_9: 1691.7m ✗
    BIN_3 to BIN_10: 2365.5m ✗
    BIN_4 to BIN_5: 1162.6m ✓
    BIN_4 to BIN_6: 2177.6m ✗
    BIN_4 to BIN_7: 1516.7m ✗
    BIN_4 to BIN_8: 2718.0m ✗
    BIN_4 to BIN_9: 325.5m ✓
    BIN_4 to BIN_10: 2612.2m ✗
    BIN_5 to BIN_6: 1691.3m ✗
    BIN_5 to BIN_7: 623.6m ✓
    BIN_5 to BIN_8: 1980.6m ✗
    BIN_5 to BIN_9: 1366.3m ✓
    BIN_5 to BIN_10: 2147.1m ✗
    BIN_6 to BIN_7: 2251.1m ✗
    BIN_6 to BIN_8: 686.1m ✓
    BIN_6 to BIN_9: 2102.2m ✗
    BIN_6 to BIN_10: 461.6m ✓
    BIN_7 to BIN_8: 2428.6m ✗
    BIN_7 to BIN_9: 1793.2m ✗
    BIN_7 to BIN_10: 2693.1m ✗
    BIN_8 to BIN_9: 2694.1m ✗
    BIN_8 to BIN_10: 644.4m ✓
    BIN_9 to BIN_10: 2512.2m ✗
  Processing bins sequentially:
  
  Processing bin BIN_1 (index 0):
    Finding nearby bins within 1400.0m:
      BIN_2: 2066.1m (too far)
      BIN_3: 421.5m (NEARBY)
      BIN_4: 1072.9m (NEARBY)
      BIN_5: 361.9m (NEARBY)
      BIN_6: 2042.5m (too far)
      BIN_7: 453.6m (NEARBY)
      BIN_8: 2341.7m (too far)
      BIN_9: 1341.0m (NEARBY)
      BIN_10: 2500.7m (too far)
    Found 5 nearby bins
    Nearby cluster IDs: set()
    Creating new cluster 0 with current bin + nearby bins
      Added BIN_1 to cluster 0
      Added BIN_3 to cluster 0
      Added BIN_4 to cluster 0
      Added BIN_5 to cluster 0
      Added BIN_7 to cluster 0
      Added BIN_9 to cluster 0
  
  Processing bin BIN_2 (index 1):
    Finding nearby bins within 1400.0m:
      BIN_1: 2066.1m (too far)
      BIN_3: 1888.5m (too far)
      BIN_4: 2341.0m (too far)
      BIN_5: 1705.4m (too far)
      BIN_6: 301.7m (NEARBY)
      BIN_7: 2216.1m (too far)
      BIN_8: 407.7m (NEARBY)
      BIN_9: 2300.3m (too far)
      BIN_10: 515.6m (NEARBY)
    Found 3 nearby bins
    Nearby cluster IDs: set()
    Creating new cluster 1 with current bin + nearby bins
      Added BIN_2 to cluster 1
      Added BIN_6 to cluster 1
      Added BIN_8 to cluster 1
      Added BIN_10 to cluster 1
  
  Processing bin BIN_3 (index 2):
    Finding nearby bins within 1400.0m:
      BIN_1: 421.5m (NEARBY)
        └─ Already in cluster 0
      BIN_2: 1888.5m (too far)
      BIN_4: 1454.5m (too far)
      BIN_5: 367.4m (NEARBY)
        └─ Already in cluster 0
      BIN_6: 1925.0m (too far)
      BIN_7: 327.9m (NEARBY)
        └─ Already in cluster 0
      BIN_8: 2107.4m (too far)
      BIN_9: 1691.7m (too far)
      BIN_10: 2365.5m (too far)
    Found 3 nearby bins
    Nearby cluster IDs: {0}
    Already in cluster 0
  
  Processing bin BIN_4 (index 3):
    Finding nearby bins within 1400.0m:
      BIN_1: 1072.9m (NEARBY)
        └─ Already in cluster 0
      BIN_2: 2341.0m (too far)
      BIN_3: 1454.5m (too far)
      BIN_5: 1162.6m (NEARBY)
        └─ Already in cluster 0
      BIN_6: 2177.6m (too far)
      BIN_7: 1516.7m (too far)
      BIN_8: 2718.0m (too far)
      BIN_9: 325.5m (NEARBY)
        └─ Already in cluster 0
      BIN_10: 2612.2m (too far)
    Found 3 nearby bins
    Nearby cluster IDs: {0}
    Already in cluster 0
  
  Processing bin BIN_5 (index 4):
    Finding nearby bins within 1400.0m:
      BIN_1: 361.9m (NEARBY)
        └─ Already in cluster 0
      BIN_2: 1705.4m (too far)
      BIN_3: 367.4m (NEARBY)
        └─ Already in cluster 0
      BIN_4: 1162.6m (NEARBY)
        └─ Already in cluster 0
      BIN_6: 1691.3m (too far)
      BIN_7: 623.6m (NEARBY)
        └─ Already in cluster 0
      BIN_8: 1980.6m (too far)
      BIN_9: 1366.3m (NEARBY)
        └─ Already in cluster 0
      BIN_10: 2147.1m (too far)
    Found 5 nearby bins
    Nearby cluster IDs: {0}
    Already in cluster 0
  
  Processing bin BIN_6 (index 5):
    Finding nearby bins within 1400.0m:
      BIN_1: 2042.5m (too far)
      BIN_2: 301.7m (NEARBY)
        └─ Already in cluster 1
      BIN_3: 1925.0m (too far)
      BIN_4: 2177.6m (too far)
      BIN_5: 1691.3m (too far)
      BIN_7: 2251.1m (too far)
      BIN_8: 686.1m (NEARBY)
        └─ Already in cluster 1
      BIN_9: 2102.2m (too far)
      BIN_10: 461.6m (NEARBY)
        └─ Already in cluster 1
    Found 3 nearby bins
    Nearby cluster IDs: {1}
    Already in cluster 1
  
  Processing bin BIN_7 (index 6):
    Finding nearby bins within 1400.0m:
      BIN_1: 453.6m (NEARBY)
        └─ Already in cluster 0
      BIN_2: 2216.1m (too far)
      BIN_3: 327.9m (NEARBY)
        └─ Already in cluster 0
      BIN_4: 1516.7m (too far)
      BIN_5: 623.6m (NEARBY)
        └─ Already in cluster 0
      BIN_6: 2251.1m (too far)
      BIN_8: 2428.6m (too far)
      BIN_9: 1793.2m (too far)
      BIN_10: 2693.1m (too far)
    Found 3 nearby bins
    Nearby cluster IDs: {0}
    Already in cluster 0
  
  Processing bin BIN_8 (index 7):
    Finding nearby bins within 1400.0m:
      BIN_1: 2341.7m (too far)
      BIN_2: 407.7m (NEARBY)
        └─ Already in cluster 1
      BIN_3: 2107.4m (too far)
      BIN_4: 2718.0m (too far)
      BIN_5: 1980.6m (too far)
      BIN_6: 686.1m (NEARBY)
        └─ Already in cluster 1
      BIN_7: 2428.6m (too far)
      BIN_9: 2694.1m (too far)
      BIN_10: 644.4m (NEARBY)
        └─ Already in cluster 1
    Found 3 nearby bins
    Nearby cluster IDs: {1}
    Already in cluster 1
  
  Processing bin BIN_9 (index 8):
    Finding nearby bins within 1400.0m:
      BIN_1: 1341.0m (NEARBY)
        └─ Already in cluster 0
      BIN_2: 2300.3m (too far)
      BIN_3: 1691.7m (too far)
      BIN_4: 325.5m (NEARBY)
        └─ Already in cluster 0
      BIN_5: 1366.3m (NEARBY)
        └─ Already in cluster 0
      BIN_6: 2102.2m (too far)
      BIN_7: 1793.2m (too far)
      BIN_8: 2694.1m (too far)
      BIN_10: 2512.2m (too far)
    Found 3 nearby bins
    Nearby cluster IDs: {0}
    Already in cluster 0
  
  Processing bin BIN_10 (index 9):
    Finding nearby bins within 1400.0m:
      BIN_1: 2500.7m (too far)
      BIN_2: 515.6m (NEARBY)
        └─ Already in cluster 1
      BIN_3: 2365.5m (too far)
      BIN_4: 2612.2m (too far)
      BIN_5: 2147.1m (too far)
      BIN_6: 461.6m (NEARBY)
        └─ Already in cluster 1
      BIN_7: 2693.1m (too far)
      BIN_8: 644.4m (NEARBY)
        └─ Already in cluster 1
      BIN_9: 2512.2m (too far)
    Found 3 nearby bins
    Nearby cluster IDs: {1}
    Already in cluster 1
  Cleaning up duplicate bins:
  Final clustering results: 2 clusters, sizes: [6, 4]
    Final Cluster 0: ['BIN_1', 'BIN_3', 'BIN_4', 'BIN_5', 'BIN_7', 'BIN_9']
    Final Cluster 1: ['BIN_2', 'BIN_6', 'BIN_8', 'BIN_10']

CLUSTERING RESULTS:
  Created 2 clusters
  Cluster 0: 6 bins - ['BIN_1', 'BIN_3', 'BIN_4', 'BIN_5', 'BIN_7', 'BIN_9']
    Internal distances:
      BIN_1 to BIN_3: 421.5m
      BIN_1 to BIN_4: 1072.9m
      BIN_1 to BIN_5: 361.9m
      BIN_1 to BIN_7: 453.6m
      BIN_1 to BIN_9: 1341.0m
      BIN_3 to BIN_4: 1454.5m
      BIN_3 to BIN_5: 367.4m
      BIN_3 to BIN_7: 327.9m
      BIN_3 to BIN_9: 1691.7m
      BIN_4 to BIN_5: 1162.6m
      BIN_4 to BIN_7: 1516.7m
      BIN_4 to BIN_9: 325.5m
      BIN_5 to BIN_7: 623.6m
      BIN_5 to BIN_9: 1366.3m
      BIN_7 to BIN_9: 1793.2m
    Max internal distance: 1793.2m
  Cluster 1: 4 bins - ['BIN_2', 'BIN_6', 'BIN_8', 'BIN_10']
    Internal distances:
      BIN_2 to BIN_6: 301.7m
      BIN_2 to BIN_8: 407.7m
      BIN_2 to BIN_10: 515.6m
      BIN_6 to BIN_8: 686.1m
      BIN_6 to BIN_10: 461.6m
      BIN_8 to BIN_10: 644.4m
    Max internal distance: 686.1m
============================================================
CLUSTERING DEBUG END
============================================================
🎯 Using collection queue priority routing: 2 bins
============================================================
CLUSTERING DEBUG START
============================================================
Input validation:
  bins_data type: <class 'list'>
  bins_data length: 10
  depot_data type: <class 'NoneType'>
  depot_data: None
  First bin structure: {'capacity': 500, 'fillLevel': 0.003333333333333333, 'fillRate': 6, 'id': 'BIN_1', 'lat': 33.613580131572526, 'lng': 73.05981561266454, 'threshold': 80, 'near_threshold_count': 0, 'dynamic_threshold': 50}
  All bin IDs: ['BIN_1', 'BIN_2', 'BIN_3', 'BIN_4', 'BIN_5', 'BIN_6', 'BIN_7', 'BIN_8', 'BIN_9', 'BIN_10']

CALCULATING BIN SERVICE RADIUS:
BIN RADIUS CALCULATION DEBUG:
  depot_data: None
  bins_data length: 10
  No depot data, using default bin radius: 1400m
Final bin service radius: 1400.0m

STARTING PROXIMITY CLUSTERING:
PROXIMITY CLUSTERING DEBUG:
  Bin service radius: 1400.0m
  Processing 10 bins
  All pairwise distances:
    BIN_1 to BIN_2: 2066.1m ✗
    BIN_1 to BIN_3: 421.5m ✓
    BIN_1 to BIN_4: 1072.9m ✓
    BIN_1 to BIN_5: 361.9m ✓
    BIN_1 to BIN_6: 2042.5m ✗
    BIN_1 to BIN_7: 453.6m ✓
    BIN_1 to BIN_8: 2341.7m ✗
    BIN_1 to BIN_9: 1341.0m ✓
    BIN_1 to BIN_10: 2500.7m ✗
    BIN_2 to BIN_3: 1888.5m ✗
    BIN_2 to BIN_4: 2341.0m ✗
    BIN_2 to BIN_5: 1705.4m ✗
    BIN_2 to BIN_6: 301.7m ✓
    BIN_2 to BIN_7: 2216.1m ✗
    BIN_2 to BIN_8: 407.7m ✓
    BIN_2 to BIN_9: 2300.3m ✗
    BIN_2 to BIN_10: 515.6m ✓
    BIN_3 to BIN_4: 1454.5m ✗
    BIN_3 to BIN_5: 367.4m ✓
    BIN_3 to BIN_6: 1925.0m ✗
    BIN_3 to BIN_7: 327.9m ✓
    BIN_3 to BIN_8: 2107.4m ✗
    BIN_3 to BIN_9: 1691.7m ✗
    BIN_3 to BIN_10: 2365.5m ✗
    BIN_4 to BIN_5: 1162.6m ✓
    BIN_4 to BIN_6: 2177.6m ✗
    BIN_4 to BIN_7: 1516.7m ✗
    BIN_4 to BIN_8: 2718.0m ✗
    BIN_4 to BIN_9: 325.5m ✓
    BIN_4 to BIN_10: 2612.2m ✗
    BIN_5 to BIN_6: 1691.3m ✗
    BIN_5 to BIN_7: 623.6m ✓
    BIN_5 to BIN_8: 1980.6m ✗
    BIN_5 to BIN_9: 1366.3m ✓
    BIN_5 to BIN_10: 2147.1m ✗
    BIN_6 to BIN_7: 2251.1m ✗
    BIN_6 to BIN_8: 686.1m ✓
    BIN_6 to BIN_9: 2102.2m ✗
    BIN_6 to BIN_10: 461.6m ✓
    BIN_7 to BIN_8: 2428.6m ✗
    BIN_7 to BIN_9: 1793.2m ✗
    BIN_7 to BIN_10: 2693.1m ✗
    BIN_8 to BIN_9: 2694.1m ✗
    BIN_8 to BIN_10: 644.4m ✓
    BIN_9 to BIN_10: 2512.2m ✗
  Processing bins sequentially:
  
  Processing bin BIN_1 (index 0):
    Finding nearby bins within 1400.0m:
      BIN_2: 2066.1m (too far)
      BIN_3: 421.5m (NEARBY)
      BIN_4: 1072.9m (NEARBY)
      BIN_5: 361.9m (NEARBY)
      BIN_6: 2042.5m (too far)
      BIN_7: 453.6m (NEARBY)
      BIN_8: 2341.7m (too far)
      BIN_9: 1341.0m (NEARBY)
      BIN_10: 2500.7m (too far)
    Found 5 nearby bins
    Nearby cluster IDs: set()
    Creating new cluster 0 with current bin + nearby bins
      Added BIN_1 to cluster 0
      Added BIN_3 to cluster 0
      Added BIN_4 to cluster 0
      Added BIN_5 to cluster 0
      Added BIN_7 to cluster 0
      Added BIN_9 to cluster 0
  
  Processing bin BIN_2 (index 1):
    Finding nearby bins within 1400.0m:
      BIN_1: 2066.1m (too far)
      BIN_3: 1888.5m (too far)
      BIN_4: 2341.0m (too far)
      BIN_5: 1705.4m (too far)
      BIN_6: 301.7m (NEARBY)
      BIN_7: 2216.1m (too far)
      BIN_8: 407.7m (NEARBY)
      BIN_9: 2300.3m (too far)
      BIN_10: 515.6m (NEARBY)
    Found 3 nearby bins
    Nearby cluster IDs: set()
    Creating new cluster 1 with current bin + nearby bins
      Added BIN_2 to cluster 1
      Added BIN_6 to cluster 1
      Added BIN_8 to cluster 1
      Added BIN_10 to cluster 1
  
  Processing bin BIN_3 (index 2):
    Finding nearby bins within 1400.0m:
      BIN_1: 421.5m (NEARBY)
        └─ Already in cluster 0
      BIN_2: 1888.5m (too far)
      BIN_4: 1454.5m (too far)
      BIN_5: 367.4m (NEARBY)
        └─ Already in cluster 0
      BIN_6: 1925.0m (too far)
      BIN_7: 327.9m (NEARBY)
        └─ Already in cluster 0
      BIN_8: 2107.4m (too far)
      BIN_9: 1691.7m (too far)
      BIN_10: 2365.5m (too far)
    Found 3 nearby bins
    Nearby cluster IDs: {0}
    Already in cluster 0
  
  Processing bin BIN_4 (index 3):
    Finding nearby bins within 1400.0m:
      BIN_1: 1072.9m (NEARBY)
        └─ Already in cluster 0
      BIN_2: 2341.0m (too far)
      BIN_3: 1454.5m (too far)
      BIN_5: 1162.6m (NEARBY)
        └─ Already in cluster 0
      BIN_6: 2177.6m (too far)
      BIN_7: 1516.7m (too far)
      BIN_8: 2718.0m (too far)
      BIN_9: 325.5m (NEARBY)
        └─ Already in cluster 0
      BIN_10: 2612.2m (too far)
    Found 3 nearby bins
    Nearby cluster IDs: {0}
    Already in cluster 0
  
  Processing bin BIN_5 (index 4):
    Finding nearby bins within 1400.0m:
      BIN_1: 361.9m (NEARBY)
        └─ Already in cluster 0
      BIN_2: 1705.4m (too far)
      BIN_3: 367.4m (NEARBY)
        └─ Already in cluster 0
      BIN_4: 1162.6m (NEARBY)
        └─ Already in cluster 0
      BIN_6: 1691.3m (too far)
      BIN_7: 623.6m (NEARBY)
        └─ Already in cluster 0
      BIN_8: 1980.6m (too far)
      BIN_9: 1366.3m (NEARBY)
        └─ Already in cluster 0
      BIN_10: 2147.1m (too far)
    Found 5 nearby bins
    Nearby cluster IDs: {0}
    Already in cluster 0
  
  Processing bin BIN_6 (index 5):
    Finding nearby bins within 1400.0m:
      BIN_1: 2042.5m (too far)
      BIN_2: 301.7m (NEARBY)
        └─ Already in cluster 1
      BIN_3: 1925.0m (too far)
      BIN_4: 2177.6m (too far)
      BIN_5: 1691.3m (too far)
      BIN_7: 2251.1m (too far)
      BIN_8: 686.1m (NEARBY)
        └─ Already in cluster 1
      BIN_9: 2102.2m (too far)
      BIN_10: 461.6m (NEARBY)
        └─ Already in cluster 1
    Found 3 nearby bins
    Nearby cluster IDs: {1}
    Already in cluster 1
  
  Processing bin BIN_7 (index 6):
    Finding nearby bins within 1400.0m:
      BIN_1: 453.6m (NEARBY)
        └─ Already in cluster 0
      BIN_2: 2216.1m (too far)
      BIN_3: 327.9m (NEARBY)
        └─ Already in cluster 0
      BIN_4: 1516.7m (too far)
      BIN_5: 623.6m (NEARBY)
        └─ Already in cluster 0
      BIN_6: 2251.1m (too far)
      BIN_8: 2428.6m (too far)
      BIN_9: 1793.2m (too far)
      BIN_10: 2693.1m (too far)
    Found 3 nearby bins
    Nearby cluster IDs: {0}
    Already in cluster 0
  
  Processing bin BIN_8 (index 7):
    Finding nearby bins within 1400.0m:
      BIN_1: 2341.7m (too far)
      BIN_2: 407.7m (NEARBY)
        └─ Already in cluster 1
      BIN_3: 2107.4m (too far)
      BIN_4: 2718.0m (too far)
      BIN_5: 1980.6m (too far)
      BIN_6: 686.1m (NEARBY)
        └─ Already in cluster 1
      BIN_7: 2428.6m (too far)
      BIN_9: 2694.1m (too far)
      BIN_10: 644.4m (NEARBY)
        └─ Already in cluster 1
    Found 3 nearby bins
    Nearby cluster IDs: {1}
    Already in cluster 1
  
  Processing bin BIN_9 (index 8):
    Finding nearby bins within 1400.0m:
      BIN_1: 1341.0m (NEARBY)
        └─ Already in cluster 0
      BIN_2: 2300.3m (too far)
      BIN_3: 1691.7m (too far)
      BIN_4: 325.5m (NEARBY)
        └─ Already in cluster 0
      BIN_5: 1366.3m (NEARBY)
        └─ Already in cluster 0
      BIN_6: 2102.2m (too far)
      BIN_7: 1793.2m (too far)
      BIN_8: 2694.1m (too far)
      BIN_10: 2512.2m (too far)
    Found 3 nearby bins
    Nearby cluster IDs: {0}
    Already in cluster 0
  
  Processing bin BIN_10 (index 9):
    Finding nearby bins within 1400.0m:
      BIN_1: 2500.7m (too far)
      BIN_2: 515.6m (NEARBY)
        └─ Already in cluster 1
      BIN_3: 2365.5m (too far)
      BIN_4: 2612.2m (too far)
      BIN_5: 2147.1m (too far)
      BIN_6: 461.6m (NEARBY)
        └─ Already in cluster 1
      BIN_7: 2693.1m (too far)
      BIN_8: 644.4m (NEARBY)
        └─ Already in cluster 1
      BIN_9: 2512.2m (too far)
    Found 3 nearby bins
    Nearby cluster IDs: {1}
    Already in cluster 1
  Cleaning up duplicate bins:
  Final clustering results: 2 clusters, sizes: [6, 4]
    Final Cluster 0: ['BIN_1', 'BIN_3', 'BIN_4', 'BIN_5', 'BIN_7', 'BIN_9']
    Final Cluster 1: ['BIN_2', 'BIN_6', 'BIN_8', 'BIN_10']

CLUSTERING RESULTS:
  Created 2 clusters
  Cluster 0: 6 bins - ['BIN_1', 'BIN_3', 'BIN_4', 'BIN_5', 'BIN_7', 'BIN_9']
    Internal distances:
      BIN_1 to BIN_3: 421.5m
      BIN_1 to BIN_4: 1072.9m
      BIN_1 to BIN_5: 361.9m
      BIN_1 to BIN_7: 453.6m
      BIN_1 to BIN_9: 1341.0m
      BIN_3 to BIN_4: 1454.5m
      BIN_3 to BIN_5: 367.4m
      BIN_3 to BIN_7: 327.9m
      BIN_3 to BIN_9: 1691.7m
      BIN_4 to BIN_5: 1162.6m
      BIN_4 to BIN_7: 1516.7m
      BIN_4 to BIN_9: 325.5m
      BIN_5 to BIN_7: 623.6m
      BIN_5 to BIN_9: 1366.3m
      BIN_7 to BIN_9: 1793.2m
    Max internal distance: 1793.2m
  Cluster 1: 4 bins - ['BIN_2', 'BIN_6', 'BIN_8', 'BIN_10']
    Internal distances:
      BIN_2 to BIN_6: 301.7m
      BIN_2 to BIN_8: 407.7m
      BIN_2 to BIN_10: 515.6m
      BIN_6 to BIN_8: 686.1m
      BIN_6 to BIN_10: 461.6m
      BIN_8 to BIN_10: 644.4m
    Max internal distance: 686.1m
============================================================
CLUSTERING DEBUG END
============================================================
🎯 Using collection queue priority routing: 2 bins
System loaded from: cleanify_system_20251007_130200.json
System loaded from: cleanify_system_20250819_110748.json
System loaded from: cleanify_system_20250818_123220.json
Starting simulation...
============================================================
CLUSTERING DEBUG START
============================================================
Input validation:
  bins_data type: <class 'list'>
  bins_data length: 7
  depot_data type: <class 'NoneType'>
  depot_data: None
  First bin structure: {'capacity': 500, 'fillLevel': 34, 'fillRate': 13, 'id': 'BIN_1', 'lat': 33.695235625277846, 'lng': 73.03494220161595, 'threshold': 80}
  All bin IDs: ['BIN_1', 'BIN_2', 'BIN_3', 'BIN_4', 'BIN_5', 'BIN_6', 'BIN_7']

CALCULATING BIN SERVICE RADIUS:
BIN RADIUS CALCULATION DEBUG:
  depot_data: None
  bins_data length: 7
  No depot data, using default bin radius: 1400m
Final bin service radius: 1400.0m

STARTING PROXIMITY CLUSTERING:
PROXIMITY CLUSTERING DEBUG:
  Bin service radius: 1400.0m
  Processing 7 bins
  All pairwise distances:
    BIN_1 to BIN_2: 55.1m ✓
    BIN_1 to BIN_3: 88.4m ✓
    BIN_1 to BIN_4: 93.2m ✓
    BIN_1 to BIN_5: 1267.7m ✓
    BIN_1 to BIN_6: 1266.3m ✓
    BIN_1 to BIN_7: 1306.6m ✓
    BIN_2 to BIN_3: 65.4m ✓
    BIN_2 to BIN_4: 105.7m ✓
    BIN_2 to BIN_5: 1212.6m ✓
    BIN_2 to BIN_6: 1211.2m ✓
    BIN_2 to BIN_7: 1251.4m ✓
    BIN_3 to BIN_4: 61.4m ✓
    BIN_3 to BIN_5: 1211.2m ✓
    BIN_3 to BIN_6: 1206.1m ✓
    BIN_3 to BIN_7: 1248.2m ✓
    BIN_4 to BIN_5: 1268.0m ✓
    BIN_4 to BIN_6: 1261.6m ✓
    BIN_4 to BIN_7: 1304.4m ✓
    BIN_5 to BIN_6: 68.4m ✓
    BIN_5 to BIN_7: 50.8m ✓
    BIN_6 to BIN_7: 54.5m ✓
  Processing bins sequentially:
  
  Processing bin BIN_1 (index 0):
    Finding nearby bins within 1400.0m:
      BIN_2: 55.1m (NEARBY)
      BIN_3: 88.4m (NEARBY)
      BIN_4: 93.2m (NEARBY)
      BIN_5: 1267.7m (NEARBY)
      BIN_6: 1266.3m (NEARBY)
      BIN_7: 1306.6m (NEARBY)
    Found 6 nearby bins
    Nearby cluster IDs: set()
    Creating new cluster 0 with current bin + nearby bins
      Added BIN_1 to cluster 0
      Added BIN_2 to cluster 0
      Added BIN_3 to cluster 0
      Added BIN_4 to cluster 0
      Added BIN_5 to cluster 0
      Added BIN_6 to cluster 0
      Added BIN_7 to cluster 0
  
  Processing bin BIN_2 (index 1):
    Finding nearby bins within 1400.0m:
      BIN_1: 55.1m (NEARBY)
        └─ Already in cluster 0
      BIN_3: 65.4m (NEARBY)
        └─ Already in cluster 0
      BIN_4: 105.7m (NEARBY)
        └─ Already in cluster 0
      BIN_5: 1212.6m (NEARBY)
        └─ Already in cluster 0
      BIN_6: 1211.2m (NEARBY)
        └─ Already in cluster 0
      BIN_7: 1251.4m (NEARBY)
        └─ Already in cluster 0
    Found 6 nearby bins
    Nearby cluster IDs: {0}
    Already in cluster 0
  
  Processing bin BIN_3 (index 2):
    Finding nearby bins within 1400.0m:
      BIN_1: 88.4m (NEARBY)
        └─ Already in cluster 0
      BIN_2: 65.4m (NEARBY)
        └─ Already in cluster 0
      BIN_4: 61.4m (NEARBY)
        └─ Already in cluster 0
      BIN_5: 1211.2m (NEARBY)
        └─ Already in cluster 0
      BIN_6: 1206.1m (NEARBY)
        └─ Already in cluster 0
      BIN_7: 1248.2m (NEARBY)
        └─ Already in cluster 0
    Found 6 nearby bins
    Nearby cluster IDs: {0}
    Already in cluster 0
  
  Processing bin BIN_4 (index 3):
    Finding nearby bins within 1400.0m:
      BIN_1: 93.2m (NEARBY)
        └─ Already in cluster 0
      BIN_2: 105.7m (NEARBY)
        └─ Already in cluster 0
      BIN_3: 61.4m (NEARBY)
        └─ Already in cluster 0
      BIN_5: 1268.0m (NEARBY)
        └─ Already in cluster 0
      BIN_6: 1261.6m (NEARBY)
        └─ Already in cluster 0
      BIN_7: 1304.4m (NEARBY)
        └─ Already in cluster 0
    Found 6 nearby bins
    Nearby cluster IDs: {0}
    Already in cluster 0
  
  Processing bin BIN_5 (index 4):
    Finding nearby bins within 1400.0m:
      BIN_1: 1267.7m (NEARBY)
        └─ Already in cluster 0
      BIN_2: 1212.6m (NEARBY)
        └─ Already in cluster 0
      BIN_3: 1211.2m (NEARBY)
        └─ Already in cluster 0
      BIN_4: 1268.0m (NEARBY)
        └─ Already in cluster 0
      BIN_6: 68.4m (NEARBY)
        └─ Already in cluster 0
      BIN_7: 50.8m (NEARBY)
        └─ Already in cluster 0
    Found 6 nearby bins
    Nearby cluster IDs: {0}
    Already in cluster 0
  
  Processing bin BIN_6 (index 5):
    Finding nearby bins within 1400.0m:
      BIN_1: 1266.3m (NEARBY)
        └─ Already in cluster 0
      BIN_2: 1211.2m (NEARBY)
        └─ Already in cluster 0
      BIN_3: 1206.1m (NEARBY)
        └─ Already in cluster 0
      BIN_4: 1261.6m (NEARBY)
        └─ Already in cluster 0
      BIN_5: 68.4m (NEARBY)
        └─ Already in cluster 0
      BIN_7: 54.5m (NEARBY)
        └─ Already in cluster 0
    Found 6 nearby bins
    Nearby cluster IDs: {0}
    Already in cluster 0
  
  Processing bin BIN_7 (index 6):
    Finding nearby bins within 1400.0m:
      BIN_1: 1306.6m (NEARBY)
        └─ Already in cluster 0
      BIN_2: 1251.4m (NEARBY)
        └─ Already in cluster 0
      BIN_3: 1248.2m (NEARBY)
        └─ Already in cluster 0
      BIN_4: 1304.4m (NEARBY)
        └─ Already in cluster 0
      BIN_5: 50.8m (NEARBY)
        └─ Already in cluster 0
      BIN_6: 54.5m (NEARBY)
        └─ Already in cluster 0
    Found 6 nearby bins
    Nearby cluster IDs: {0}
    Already in cluster 0
  Cleaning up duplicate bins:
  Final clustering results: 1 clusters, sizes: [7]
    Final Cluster 0: ['BIN_1', 'BIN_2', 'BIN_3', 'BIN_4', 'BIN_5', 'BIN_6', 'BIN_7']

CLUSTERING RESULTS:
  Created 1 clusters
  Cluster 0: 7 bins - ['BIN_1', 'BIN_2', 'BIN_3', 'BIN_4', 'BIN_5', 'BIN_6', 'BIN_7']
    Internal distances:
      BIN_1 to BIN_2: 55.1m
      BIN_1 to BIN_3: 88.4m
      BIN_1 to BIN_4: 93.2m
      BIN_1 to BIN_5: 1267.7m
      BIN_1 to BIN_6: 1266.3m
      BIN_1 to BIN_7: 1306.6m
      BIN_2 to BIN_3: 65.4m
      BIN_2 to BIN_4: 105.7m
      BIN_2 to BIN_5: 1212.6m
      BIN_2 to BIN_6: 1211.2m
      BIN_2 to BIN_7: 1251.4m
      BIN_3 to BIN_4: 61.4m
      BIN_3 to BIN_5: 1211.2m
      BIN_3 to BIN_6: 1206.1m
      BIN_3 to BIN_7: 1248.2m
      BIN_4 to BIN_5: 1268.0m
      BIN_4 to BIN_6: 1261.6m
      BIN_4 to BIN_7: 1304.4m
      BIN_5 to BIN_6: 68.4m
      BIN_5 to BIN_7: 50.8m
      BIN_6 to BIN_7: 54.5m
    Max internal distance: 1306.6m
============================================================
CLUSTERING DEBUG END
============================================================
🎯 Using collection queue priority routing: 6 bins
============================================================
CLUSTERING DEBUG START
============================================================
Input validation:
  bins_data type: <class 'list'>
  bins_data length: 7
  depot_data type: <class 'NoneType'>
  depot_data: None
  First bin structure: {'capacity': 500, 'fillLevel': 34.00361111111111, 'fillRate': 13, 'id': 'BIN_1', 'lat': 33.695235625277846, 'lng': 73.03494220161595, 'threshold': 80, 'near_threshold_count': 0, 'dynamic_threshold': 50}
  All bin IDs: ['BIN_1', 'BIN_2', 'BIN_3', 'BIN_4', 'BIN_5', 'BIN_6', 'BIN_7']

CALCULATING BIN SERVICE RADIUS:
BIN RADIUS CALCULATION DEBUG:
  depot_data: None
  bins_data length: 7
  No depot data, using default bin radius: 1400m
Final bin service radius: 1400.0m

STARTING PROXIMITY CLUSTERING:
PROXIMITY CLUSTERING DEBUG:
  Bin service radius: 1400.0m
  Processing 7 bins
  All pairwise distances:
    BIN_1 to BIN_2: 55.1m ✓
    BIN_1 to BIN_3: 88.4m ✓
    BIN_1 to BIN_4: 93.2m ✓
    BIN_1 to BIN_5: 1267.7m ✓
    BIN_1 to BIN_6: 1266.3m ✓
    BIN_1 to BIN_7: 1306.6m ✓
    BIN_2 to BIN_3: 65.4m ✓
    BIN_2 to BIN_4: 105.7m ✓
    BIN_2 to BIN_5: 1212.6m ✓
    BIN_2 to BIN_6: 1211.2m ✓
    BIN_2 to BIN_7: 1251.4m ✓
    BIN_3 to BIN_4: 61.4m ✓
    BIN_3 to BIN_5: 1211.2m ✓
    BIN_3 to BIN_6: 1206.1m ✓
    BIN_3 to BIN_7: 1248.2m ✓
    BIN_4 to BIN_5: 1268.0m ✓
    BIN_4 to BIN_6: 1261.6m ✓
    BIN_4 to BIN_7: 1304.4m ✓
    BIN_5 to BIN_6: 68.4m ✓
    BIN_5 to BIN_7: 50.8m ✓
    BIN_6 to BIN_7: 54.5m ✓
  Processing bins sequentially:
  
  Processing bin BIN_1 (index 0):
    Finding nearby bins within 1400.0m:
      BIN_2: 55.1m (NEARBY)
      BIN_3: 88.4m (NEARBY)
      BIN_4: 93.2m (NEARBY)
      BIN_5: 1267.7m (NEARBY)
      BIN_6: 1266.3m (NEARBY)
      BIN_7: 1306.6m (NEARBY)
    Found 6 nearby bins
    Nearby cluster IDs: set()
    Creating new cluster 0 with current bin + nearby bins
      Added BIN_1 to cluster 0
      Added BIN_2 to cluster 0
      Added BIN_3 to cluster 0
      Added BIN_4 to cluster 0
      Added BIN_5 to cluster 0
      Added BIN_6 to cluster 0
      Added BIN_7 to cluster 0
  
  Processing bin BIN_2 (index 1):
    Finding nearby bins within 1400.0m:
      BIN_1: 55.1m (NEARBY)
        └─ Already in cluster 0
      BIN_3: 65.4m (NEARBY)
        └─ Already in cluster 0
      BIN_4: 105.7m (NEARBY)
        └─ Already in cluster 0
      BIN_5: 1212.6m (NEARBY)
        └─ Already in cluster 0
      BIN_6: 1211.2m (NEARBY)
        └─ Already in cluster 0
      BIN_7: 1251.4m (NEARBY)
        └─ Already in cluster 0
    Found 6 nearby bins
    Nearby cluster IDs: {0}
    Already in cluster 0
  
  Processing bin BIN_3 (index 2):
    Finding nearby bins within 1400.0m:
      BIN_1: 88.4m (NEARBY)
        └─ Already in cluster 0
      BIN_2: 65.4m (NEARBY)
        └─ Already in cluster 0
      BIN_4: 61.4m (NEARBY)
        └─ Already in cluster 0
      BIN_5: 1211.2m (NEARBY)
        └─ Already in cluster 0
      BIN_6: 1206.1m (NEARBY)
        └─ Already in cluster 0
      BIN_7: 1248.2m (NEARBY)
        └─ Already in cluster 0
    Found 6 nearby bins
    Nearby cluster IDs: {0}
    Already in cluster 0
  
  Processing bin BIN_4 (index 3):
    Finding nearby bins within 1400.0m:
      BIN_1: 93.2m (NEARBY)
        └─ Already in cluster 0
      BIN_2: 105.7m (NEARBY)
        └─ Already in cluster 0
      BIN_3: 61.4m (NEARBY)
        └─ Already in cluster 0
      BIN_5: 1268.0m (NEARBY)
        └─ Already in cluster 0
      BIN_6: 1261.6m (NEARBY)
        └─ Already in cluster 0
      BIN_7: 1304.4m (NEARBY)
        └─ Already in cluster 0
    Found 6 nearby bins
    Nearby cluster IDs: {0}
    Already in cluster 0
  
  Processing bin BIN_5 (index 4):
    Finding nearby bins within 1400.0m:
      BIN_1: 1267.7m (NEARBY)
        └─ Already in cluster 0
      BIN_2: 1212.6m (NEARBY)
        └─ Already in cluster 0
      BIN_3: 1211.2m (NEARBY)
        └─ Already in cluster 0
      BIN_4: 1268.0m (NEARBY)
        └─ Already in cluster 0
      BIN_6: 68.4m (NEARBY)
        └─ Already in cluster 0
      BIN_7: 50.8m (NEARBY)
        └─ Already in cluster 0
    Found 6 nearby bins
    Nearby cluster IDs: {0}
    Already in cluster 0
  
  Processing bin BIN_6 (index 5):
    Finding nearby bins within 1400.0m:
      BIN_1: 1266.3m (NEARBY)
        └─ Already in cluster 0
      BIN_2: 1211.2m (NEARBY)
        └─ Already in cluster 0
      BIN_3: 1206.1m (NEARBY)
        └─ Already in cluster 0
      BIN_4: 1261.6m (NEARBY)
        └─ Already in cluster 0
      BIN_5: 68.4m (NEARBY)
        └─ Already in cluster 0
      BIN_7: 54.5m (NEARBY)
        └─ Already in cluster 0
    Found 6 nearby bins
    Nearby cluster IDs: {0}
    Already in cluster 0
  
  Processing bin BIN_7 (index 6):
    Finding nearby bins within 1400.0m:
      BIN_1: 1306.6m (NEARBY)
        └─ Already in cluster 0
      BIN_2: 1251.4m (NEARBY)
        └─ Already in cluster 0
      BIN_3: 1248.2m (NEARBY)
        └─ Already in cluster 0
      BIN_4: 1304.4m (NEARBY)
        └─ Already in cluster 0
      BIN_5: 50.8m (NEARBY)
        └─ Already in cluster 0
      BIN_6: 54.5m (NEARBY)
        └─ Already in cluster 0
    Found 6 nearby bins
    Nearby cluster IDs: {0}
    Already in cluster 0
  Cleaning up duplicate bins:
  Final clustering results: 1 clusters, sizes: [7]
    Final Cluster 0: ['BIN_1', 'BIN_2', 'BIN_3', 'BIN_4', 'BIN_5', 'BIN_6', 'BIN_7']

CLUSTERING RESULTS:
  Created 1 clusters
  Cluster 0: 7 bins - ['BIN_1', 'BIN_2', 'BIN_3', 'BIN_4', 'BIN_5', 'BIN_6', 'BIN_7']
    Internal distances:
      BIN_1 to BIN_2: 55.1m
      BIN_1 to BIN_3: 88.4m
      BIN_1 to BIN_4: 93.2m
      BIN_1 to BIN_5: 1267.7m
      BIN_1 to BIN_6: 1266.3m
      BIN_1 to BIN_7: 1306.6m
      BIN_2 to BIN_3: 65.4m
      BIN_2 to BIN_4: 105.7m
      BIN_2 to BIN_5: 1212.6m
      BIN_2 to BIN_6: 1211.2m
      BIN_2 to BIN_7: 1251.4m
      BIN_3 to BIN_4: 61.4m
      BIN_3 to BIN_5: 1211.2m
      BIN_3 to BIN_6: 1206.1m
      BIN_3 to BIN_7: 1248.2m
      BIN_4 to BIN_5: 1268.0m
      BIN_4 to BIN_6: 1261.6m
      BIN_4 to BIN_7: 1304.4m
      BIN_5 to BIN_6: 68.4m
      BIN_5 to BIN_7: 50.8m
      BIN_6 to BIN_7: 54.5m
    Max internal distance: 1306.6m
============================================================
CLUSTERING DEBUG END
============================================================
============================================================
CLUSTERING DEBUG START
============================================================
Input validation:
  bins_data type: <class 'list'>
  bins_data length: 7
  depot_data type: <class 'NoneType'>
  depot_data: None
  First bin structure: {'capacity': 500, 'fillLevel': 34.00361111111111, 'fillRate': 13, 'id': 'BIN_1', 'lat': 33.695235625277846, 'lng': 73.03494220161595, 'threshold': 80, 'near_threshold_count': 0, 'dynamic_threshold': 50}
  All bin IDs: ['BIN_1', 'BIN_2', 'BIN_3', 'BIN_4', 'BIN_5', 'BIN_6', 'BIN_7']

CALCULATING BIN SERVICE RADIUS:
BIN RADIUS CALCULATION DEBUG:
  depot_data: None
  bins_data length: 7
  No depot data, using default bin radius: 1400m
Final bin service radius: 1400.0m

STARTING PROXIMITY CLUSTERING:
PROXIMITY CLUSTERING DEBUG:
  Bin service radius: 1400.0m
  Processing 7 bins
  All pairwise distances:
    BIN_1 to BIN_2: 55.1m ✓
    BIN_1 to BIN_3: 88.4m ✓
    BIN_1 to BIN_4: 93.2m ✓
    BIN_1 to BIN_5: 1267.7m ✓
    BIN_1 to BIN_6: 1266.3m ✓
    BIN_1 to BIN_7: 1306.6m ✓
    BIN_2 to BIN_3: 65.4m ✓
    BIN_2 to BIN_4: 105.7m ✓
    BIN_2 to BIN_5: 1212.6m ✓
    BIN_2 to BIN_6: 1211.2m ✓
    BIN_2 to BIN_7: 1251.4m ✓
    BIN_3 to BIN_4: 61.4m ✓
    BIN_3 to BIN_5: 1211.2m ✓
    BIN_3 to BIN_6: 1206.1m ✓
    BIN_3 to BIN_7: 1248.2m ✓
    BIN_4 to BIN_5: 1268.0m ✓
    BIN_4 to BIN_6: 1261.6m ✓
    BIN_4 to BIN_7: 1304.4m ✓
    BIN_5 to BIN_6: 68.4m ✓
    BIN_5 to BIN_7: 50.8m ✓
    BIN_6 to BIN_7: 54.5m ✓
  Processing bins sequentially:
  
  Processing bin BIN_1 (index 0):
    Finding nearby bins within 1400.0m:
      BIN_2: 55.1m (NEARBY)
      BIN_3: 88.4m (NEARBY)
      BIN_4: 93.2m (NEARBY)
      BIN_5: 1267.7m (NEARBY)
      BIN_6: 1266.3m (NEARBY)
      BIN_7: 1306.6m (NEARBY)
    Found 6 nearby bins
    Nearby cluster IDs: set()
    Creating new cluster 0 with current bin + nearby bins
      Added BIN_1 to cluster 0
      Added BIN_2 to cluster 0
      Added BIN_3 to cluster 0
      Added BIN_4 to cluster 0
      Added BIN_5 to cluster 0
      Added BIN_6 to cluster 0
      Added BIN_7 to cluster 0
  
  Processing bin BIN_2 (index 1):
    Finding nearby bins within 1400.0m:
      BIN_1: 55.1m (NEARBY)
        └─ Already in cluster 0
      BIN_3: 65.4m (NEARBY)
        └─ Already in cluster 0
      BIN_4: 105.7m (NEARBY)
        └─ Already in cluster 0
      BIN_5: 1212.6m (NEARBY)
        └─ Already in cluster 0
      BIN_6: 1211.2m (NEARBY)
        └─ Already in cluster 0
      BIN_7: 1251.4m (NEARBY)
        └─ Already in cluster 0
    Found 6 nearby bins
    Nearby cluster IDs: {0}
    Already in cluster 0
  
  Processing bin BIN_3 (index 2):
    Finding nearby bins within 1400.0m:
      BIN_1: 88.4m (NEARBY)
        └─ Already in cluster 0
      BIN_2: 65.4m (NEARBY)
        └─ Already in cluster 0
      BIN_4: 61.4m (NEARBY)
        └─ Already in cluster 0
      BIN_5: 1211.2m (NEARBY)
        └─ Already in cluster 0
      BIN_6: 1206.1m (NEARBY)
        └─ Already in cluster 0
      BIN_7: 1248.2m (NEARBY)
        └─ Already in cluster 0
    Found 6 nearby bins
    Nearby cluster IDs: {0}
    Already in cluster 0
  
  Processing bin BIN_4 (index 3):
    Finding nearby bins within 1400.0m:
      BIN_1: 93.2m (NEARBY)
        └─ Already in cluster 0
      BIN_2: 105.7m (NEARBY)
        └─ Already in cluster 0
      BIN_3: 61.4m (NEARBY)
        └─ Already in cluster 0
      BIN_5: 1268.0m (NEARBY)
        └─ Already in cluster 0
      BIN_6: 1261.6m (NEARBY)
        └─ Already in cluster 0
      BIN_7: 1304.4m (NEARBY)
        └─ Already in cluster 0
    Found 6 nearby bins
    Nearby cluster IDs: {0}
    Already in cluster 0
  
  Processing bin BIN_5 (index 4):
    Finding nearby bins within 1400.0m:
      BIN_1: 1267.7m (NEARBY)
        └─ Already in cluster 0
      BIN_2: 1212.6m (NEARBY)
        └─ Already in cluster 0
      BIN_3: 1211.2m (NEARBY)
        └─ Already in cluster 0
      BIN_4: 1268.0m (NEARBY)
        └─ Already in cluster 0
      BIN_6: 68.4m (NEARBY)
        └─ Already in cluster 0
      BIN_7: 50.8m (NEARBY)
        └─ Already in cluster 0
    Found 6 nearby bins
    Nearby cluster IDs: {0}
    Already in cluster 0
  
  Processing bin BIN_6 (index 5):
    Finding nearby bins within 1400.0m:
      BIN_1: 1266.3m (NEARBY)
        └─ Already in cluster 0
      BIN_2: 1211.2m (NEARBY)
        └─ Already in cluster 0
      BIN_3: 1206.1m (NEARBY)
        └─ Already in cluster 0
      BIN_4: 1261.6m (NEARBY)
        └─ Already in cluster 0
      BIN_5: 68.4m (NEARBY)
        └─ Already in cluster 0
      BIN_7: 54.5m (NEARBY)
        └─ Already in cluster 0
    Found 6 nearby bins
    Nearby cluster IDs: {0}
    Already in cluster 0
  
  Processing bin BIN_7 (index 6):
    Finding nearby bins within 1400.0m:
      BIN_1: 1306.6m (NEARBY)
        └─ Already in cluster 0
      BIN_2: 1251.4m (NEARBY)
        └─ Already in cluster 0
      BIN_3: 1248.2m (NEARBY)
        └─ Already in cluster 0
      BIN_4: 1304.4m (NEARBY)
        └─ Already in cluster 0
      BIN_5: 50.8m (NEARBY)
        └─ Already in cluster 0
      BIN_6: 54.5m (NEARBY)
        └─ Already in cluster 0
    Found 6 nearby bins
    Nearby cluster IDs: {0}
    Already in cluster 0
  Cleaning up duplicate bins:
  Final clustering results: 1 clusters, sizes: [7]
    Final Cluster 0: ['BIN_1', 'BIN_2', 'BIN_3', 'BIN_4', 'BIN_5', 'BIN_6', 'BIN_7']

CLUSTERING RESULTS:
  Created 1 clusters
  Cluster 0: 7 bins - ['BIN_1', 'BIN_2', 'BIN_3', 'BIN_4', 'BIN_5', 'BIN_6', 'BIN_7']
    Internal distances:
      BIN_1 to BIN_2: 55.1m
      BIN_1 to BIN_3: 88.4m
      BIN_1 to BIN_4: 93.2m
      BIN_1 to BIN_5: 1267.7m
      BIN_1 to BIN_6: 1266.3m
      BIN_1 to BIN_7: 1306.6m
      BIN_2 to BIN_3: 65.4m
      BIN_2 to BIN_4: 105.7m
      BIN_2 to BIN_5: 1212.6m
      BIN_2 to BIN_6: 1211.2m
      BIN_2 to BIN_7: 1251.4m
      BIN_3 to BIN_4: 61.4m
      BIN_3 to BIN_5: 1211.2m
      BIN_3 to BIN_6: 1206.1m
      BIN_3 to BIN_7: 1248.2m
      BIN_4 to BIN_5: 1268.0m
      BIN_4 to BIN_6: 1261.6m
      BIN_4 to BIN_7: 1304.4m
      BIN_5 to BIN_6: 68.4m
      BIN_5 to BIN_7: 50.8m
      BIN_6 to BIN_7: 54.5m
    Max internal distance: 1306.6m
============================================================
CLUSTERING DEBUG END
============================================================
🎯 Using collection queue priority routing: 6 bins
============================================================
CLUSTERING DEBUG START
============================================================
Input validation:
  bins_data type: <class 'list'>
  bins_data length: 7
  depot_data type: <class 'NoneType'>
  depot_data: None
  First bin structure: {'capacity': 500, 'fillLevel': 34.007222222222225, 'fillRate': 13, 'id': 'BIN_1', 'lat': 33.695235625277846, 'lng': 73.03494220161595, 'threshold': 80, 'near_threshold_count': 0, 'dynamic_threshold': 50}
  All bin IDs: ['BIN_1', 'BIN_2', 'BIN_3', 'BIN_4', 'BIN_5', 'BIN_6', 'BIN_7']

CALCULATING BIN SERVICE RADIUS:
BIN RADIUS CALCULATION DEBUG:
  depot_data: None
  bins_data length: 7
  No depot data, using default bin radius: 1400m
Final bin service radius: 1400.0m

STARTING PROXIMITY CLUSTERING:
PROXIMITY CLUSTERING DEBUG:
  Bin service radius: 1400.0m
  Processing 7 bins
  All pairwise distances:
    BIN_1 to BIN_2: 55.1m ✓
    BIN_1 to BIN_3: 88.4m ✓
    BIN_1 to BIN_4: 93.2m ✓
    BIN_1 to BIN_5: 1267.7m ✓
    BIN_1 to BIN_6: 1266.3m ✓
    BIN_1 to BIN_7: 1306.6m ✓
    BIN_2 to BIN_3: 65.4m ✓
    BIN_2 to BIN_4: 105.7m ✓
    BIN_2 to BIN_5: 1212.6m ✓
    BIN_2 to BIN_6: 1211.2m ✓
    BIN_2 to BIN_7: 1251.4m ✓
    BIN_3 to BIN_4: 61.4m ✓
    BIN_3 to BIN_5: 1211.2m ✓
    BIN_3 to BIN_6: 1206.1m ✓
    BIN_3 to BIN_7: 1248.2m ✓
    BIN_4 to BIN_5: 1268.0m ✓
    BIN_4 to BIN_6: 1261.6m ✓
    BIN_4 to BIN_7: 1304.4m ✓
    BIN_5 to BIN_6: 68.4m ✓
    BIN_5 to BIN_7: 50.8m ✓
    BIN_6 to BIN_7: 54.5m ✓
  Processing bins sequentially:
  
  Processing bin BIN_1 (index 0):
    Finding nearby bins within 1400.0m:
      BIN_2: 55.1m (NEARBY)
      BIN_3: 88.4m (NEARBY)
      BIN_4: 93.2m (NEARBY)
      BIN_5: 1267.7m (NEARBY)
      BIN_6: 1266.3m (NEARBY)
      BIN_7: 1306.6m (NEARBY)
    Found 6 nearby bins
    Nearby cluster IDs: set()
    Creating new cluster 0 with current bin + nearby bins
      Added BIN_1 to cluster 0
      Added BIN_2 to cluster 0
      Added BIN_3 to cluster 0
      Added BIN_4 to cluster 0
      Added BIN_5 to cluster 0
      Added BIN_6 to cluster 0
      Added BIN_7 to cluster 0
  
  Processing bin BIN_2 (index 1):
    Finding nearby bins within 1400.0m:
      BIN_1: 55.1m (NEARBY)
        └─ Already in cluster 0
      BIN_3: 65.4m (NEARBY)
        └─ Already in cluster 0
      BIN_4: 105.7m (NEARBY)
        └─ Already in cluster 0
      BIN_5: 1212.6m (NEARBY)
        └─ Already in cluster 0
      BIN_6: 1211.2m (NEARBY)
        └─ Already in cluster 0
      BIN_7: 1251.4m (NEARBY)
        └─ Already in cluster 0
    Found 6 nearby bins
    Nearby cluster IDs: {0}
    Already in cluster 0
  
  Processing bin BIN_3 (index 2):
    Finding nearby bins within 1400.0m:
      BIN_1: 88.4m (NEARBY)
        └─ Already in cluster 0
      BIN_2: 65.4m (NEARBY)
        └─ Already in cluster 0
      BIN_4: 61.4m (NEARBY)
        └─ Already in cluster 0
      BIN_5: 1211.2m (NEARBY)
        └─ Already in cluster 0
      BIN_6: 1206.1m (NEARBY)
        └─ Already in cluster 0
      BIN_7: 1248.2m (NEARBY)
        └─ Already in cluster 0
    Found 6 nearby bins
    Nearby cluster IDs: {0}
    Already in cluster 0
  
  Processing bin BIN_4 (index 3):
    Finding nearby bins within 1400.0m:
      BIN_1: 93.2m (NEARBY)
        └─ Already in cluster 0
      BIN_2: 105.7m (NEARBY)
        └─ Already in cluster 0
      BIN_3: 61.4m (NEARBY)
        └─ Already in cluster 0
      BIN_5: 1268.0m (NEARBY)
        └─ Already in cluster 0
      BIN_6: 1261.6m (NEARBY)
        └─ Already in cluster 0
      BIN_7: 1304.4m (NEARBY)
        └─ Already in cluster 0
    Found 6 nearby bins
    Nearby cluster IDs: {0}
    Already in cluster 0
  
  Processing bin BIN_5 (index 4):
    Finding nearby bins within 1400.0m:
      BIN_1: 1267.7m (NEARBY)
        └─ Already in cluster 0
      BIN_2: 1212.6m (NEARBY)
        └─ Already in cluster 0
      BIN_3: 1211.2m (NEARBY)
        └─ Already in cluster 0
      BIN_4: 1268.0m (NEARBY)
        └─ Already in cluster 0
      BIN_6: 68.4m (NEARBY)
        └─ Already in cluster 0
      BIN_7: 50.8m (NEARBY)
        └─ Already in cluster 0
    Found 6 nearby bins
    Nearby cluster IDs: {0}
    Already in cluster 0
  
  Processing bin BIN_6 (index 5):
    Finding nearby bins within 1400.0m:
      BIN_1: 1266.3m (NEARBY)
        └─ Already in cluster 0
      BIN_2: 1211.2m (NEARBY)
        └─ Already in cluster 0
      BIN_3: 1206.1m (NEARBY)
        └─ Already in cluster 0
      BIN_4: 1261.6m (NEARBY)
        └─ Already in cluster 0
      BIN_5: 68.4m (NEARBY)
        └─ Already in cluster 0
      BIN_7: 54.5m (NEARBY)
        └─ Already in cluster 0
    Found 6 nearby bins
    Nearby cluster IDs: {0}
    Already in cluster 0
  
  Processing bin BIN_7 (index 6):
    Finding nearby bins within 1400.0m:
      BIN_1: 1306.6m (NEARBY)
        └─ Already in cluster 0
      BIN_2: 1251.4m (NEARBY)
        └─ Already in cluster 0
      BIN_3: 1248.2m (NEARBY)
        └─ Already in cluster 0
      BIN_4: 1304.4m (NEARBY)
        └─ Already in cluster 0
      BIN_5: 50.8m (NEARBY)
        └─ Already in cluster 0
      BIN_6: 54.5m (NEARBY)
        └─ Already in cluster 0
    Found 6 nearby bins
    Nearby cluster IDs: {0}
    Already in cluster 0
  Cleaning up duplicate bins:
  Final clustering results: 1 clusters, sizes: [7]
    Final Cluster 0: ['BIN_1', 'BIN_2', 'BIN_3', 'BIN_4', 'BIN_5', 'BIN_6', 'BIN_7']

CLUSTERING RESULTS:
  Created 1 clusters
  Cluster 0: 7 bins - ['BIN_1', 'BIN_2', 'BIN_3', 'BIN_4', 'BIN_5', 'BIN_6', 'BIN_7']
    Internal distances:
      BIN_1 to BIN_2: 55.1m
      BIN_1 to BIN_3: 88.4m
      BIN_1 to BIN_4: 93.2m
      BIN_1 to BIN_5: 1267.7m
      BIN_1 to BIN_6: 1266.3m
      BIN_1 to BIN_7: 1306.6m
      BIN_2 to BIN_3: 65.4m
      BIN_2 to BIN_4: 105.7m
      BIN_2 to BIN_5: 1212.6m
      BIN_2 to BIN_6: 1211.2m
      BIN_2 to BIN_7: 1251.4m
      BIN_3 to BIN_4: 61.4m
      BIN_3 to BIN_5: 1211.2m
      BIN_3 to BIN_6: 1206.1m
      BIN_3 to BIN_7: 1248.2m
      BIN_4 to BIN_5: 1268.0m
      BIN_4 to BIN_6: 1261.6m
      BIN_4 to BIN_7: 1304.4m
      BIN_5 to BIN_6: 68.4m
      BIN_5 to BIN_7: 50.8m
      BIN_6 to BIN_7: 54.5m
    Max internal distance: 1306.6m
============================================================
CLUSTERING DEBUG END
============================================================
🎯 Using collection queue priority routing: 6 bins
============================================================
CLUSTERING DEBUG START
============================================================
Input validation:
  bins_data type: <class 'list'>
  bins_data length: 7
  depot_data type: <class 'NoneType'>
  depot_data: None
  First bin structure: {'capacity': 500, 'fillLevel': 34.01083333333334, 'fillRate': 13, 'id': 'BIN_1', 'lat': 33.695235625277846, 'lng': 73.03494220161595, 'threshold': 80, 'near_threshold_count': 0, 'dynamic_threshold': 50}
  All bin IDs: ['BIN_1', 'BIN_2', 'BIN_3', 'BIN_4', 'BIN_5', 'BIN_6', 'BIN_7']

CALCULATING BIN SERVICE RADIUS:
BIN RADIUS CALCULATION DEBUG:
  depot_data: None
  bins_data length: 7
  No depot data, using default bin radius: 1400m
Final bin service radius: 1400.0m

STARTING PROXIMITY CLUSTERING:
PROXIMITY CLUSTERING DEBUG:
  Bin service radius: 1400.0m
  Processing 7 bins
  All pairwise distances:
    BIN_1 to BIN_2: 55.1m ✓
    BIN_1 to BIN_3: 88.4m ✓
    BIN_1 to BIN_4: 93.2m ✓
    BIN_1 to BIN_5: 1267.7m ✓
    BIN_1 to BIN_6: 1266.3m ✓
    BIN_1 to BIN_7: 1306.6m ✓
    BIN_2 to BIN_3: 65.4m ✓
    BIN_2 to BIN_4: 105.7m ✓
    BIN_2 to BIN_5: 1212.6m ✓
    BIN_2 to BIN_6: 1211.2m ✓
    BIN_2 to BIN_7: 1251.4m ✓
    BIN_3 to BIN_4: 61.4m ✓
    BIN_3 to BIN_5: 1211.2m ✓
    BIN_3 to BIN_6: 1206.1m ✓
    BIN_3 to BIN_7: 1248.2m ✓
    BIN_4 to BIN_5: 1268.0m ✓
    BIN_4 to BIN_6: 1261.6m ✓
    BIN_4 to BIN_7: 1304.4m ✓
    BIN_5 to BIN_6: 68.4m ✓
    BIN_5 to BIN_7: 50.8m ✓
    BIN_6 to BIN_7: 54.5m ✓
  Processing bins sequentially:
  
  Processing bin BIN_1 (index 0):
    Finding nearby bins within 1400.0m:
      BIN_2: 55.1m (NEARBY)
      BIN_3: 88.4m (NEARBY)
      BIN_4: 93.2m (NEARBY)
      BIN_5: 1267.7m (NEARBY)
      BIN_6: 1266.3m (NEARBY)
      BIN_7: 1306.6m (NEARBY)
    Found 6 nearby bins
    Nearby cluster IDs: set()
    Creating new cluster 0 with current bin + nearby bins
      Added BIN_1 to cluster 0
      Added BIN_2 to cluster 0
      Added BIN_3 to cluster 0
      Added BIN_4 to cluster 0
      Added BIN_5 to cluster 0
      Added BIN_6 to cluster 0
      Added BIN_7 to cluster 0
  
  Processing bin BIN_2 (index 1):
    Finding nearby bins within 1400.0m:
      BIN_1: 55.1m (NEARBY)
        └─ Already in cluster 0
      BIN_3: 65.4m (NEARBY)
        └─ Already in cluster 0
      BIN_4: 105.7m (NEARBY)
        └─ Already in cluster 0
      BIN_5: 1212.6m (NEARBY)
        └─ Already in cluster 0
      BIN_6: 1211.2m (NEARBY)
        └─ Already in cluster 0
      BIN_7: 1251.4m (NEARBY)
        └─ Already in cluster 0
    Found 6 nearby bins
    Nearby cluster IDs: {0}
    Already in cluster 0
  
  Processing bin BIN_3 (index 2):
    Finding nearby bins within 1400.0m:
      BIN_1: 88.4m (NEARBY)
        └─ Already in cluster 0
      BIN_2: 65.4m (NEARBY)
        └─ Already in cluster 0
      BIN_4: 61.4m (NEARBY)
        └─ Already in cluster 0
      BIN_5: 1211.2m (NEARBY)
        └─ Already in cluster 0
      BIN_6: 1206.1m (NEARBY)
        └─ Already in cluster 0
      BIN_7: 1248.2m (NEARBY)
        └─ Already in cluster 0
    Found 6 nearby bins
    Nearby cluster IDs: {0}
    Already in cluster 0
  
  Processing bin BIN_4 (index 3):
    Finding nearby bins within 1400.0m:
      BIN_1: 93.2m (NEARBY)
        └─ Already in cluster 0
      BIN_2: 105.7m (NEARBY)
        └─ Already in cluster 0
      BIN_3: 61.4m (NEARBY)
        └─ Already in cluster 0
      BIN_5: 1268.0m (NEARBY)
        └─ Already in cluster 0
      BIN_6: 1261.6m (NEARBY)
        └─ Already in cluster 0
      BIN_7: 1304.4m (NEARBY)
        └─ Already in cluster 0
    Found 6 nearby bins
    Nearby cluster IDs: {0}
    Already in cluster 0
  
  Processing bin BIN_5 (index 4):
    Finding nearby bins within 1400.0m:
      BIN_1: 1267.7m (NEARBY)
        └─ Already in cluster 0
      BIN_2: 1212.6m (NEARBY)
        └─ Already in cluster 0
      BIN_3: 1211.2m (NEARBY)
        └─ Already in cluster 0
      BIN_4: 1268.0m (NEARBY)
        └─ Already in cluster 0
      BIN_6: 68.4m (NEARBY)
        └─ Already in cluster 0
      BIN_7: 50.8m (NEARBY)
        └─ Already in cluster 0
    Found 6 nearby bins
    Nearby cluster IDs: {0}
    Already in cluster 0
  
  Processing bin BIN_6 (index 5):
    Finding nearby bins within 1400.0m:
      BIN_1: 1266.3m (NEARBY)
        └─ Already in cluster 0
      BIN_2: 1211.2m (NEARBY)
        └─ Already in cluster 0
      BIN_3: 1206.1m (NEARBY)
        └─ Already in cluster 0
      BIN_4: 1261.6m (NEARBY)
        └─ Already in cluster 0
      BIN_5: 68.4m (NEARBY)
        └─ Already in cluster 0
      BIN_7: 54.5m (NEARBY)
        └─ Already in cluster 0
    Found 6 nearby bins
    Nearby cluster IDs: {0}
    Already in cluster 0
  
  Processing bin BIN_7 (index 6):
    Finding nearby bins within 1400.0m:
      BIN_1: 1306.6m (NEARBY)
        └─ Already in cluster 0
      BIN_2: 1251.4m (NEARBY)
        └─ Already in cluster 0
      BIN_3: 1248.2m (NEARBY)
        └─ Already in cluster 0
      BIN_4: 1304.4m (NEARBY)
        └─ Already in cluster 0
      BIN_5: 50.8m (NEARBY)
        └─ Already in cluster 0
      BIN_6: 54.5m (NEARBY)
        └─ Already in cluster 0
    Found 6 nearby bins
    Nearby cluster IDs: {0}
    Already in cluster 0
  Cleaning up duplicate bins:
  Final clustering results: 1 clusters, sizes: [7]
    Final Cluster 0: ['BIN_1', 'BIN_2', 'BIN_3', 'BIN_4', 'BIN_5', 'BIN_6', 'BIN_7']

CLUSTERING RESULTS:
  Created 1 clusters
  Cluster 0: 7 bins - ['BIN_1', 'BIN_2', 'BIN_3', 'BIN_4', 'BIN_5', 'BIN_6', 'BIN_7']
    Internal distances:
      BIN_1 to BIN_2: 55.1m
      BIN_1 to BIN_3: 88.4m
      BIN_1 to BIN_4: 93.2m
      BIN_1 to BIN_5: 1267.7m
      BIN_1 to BIN_6: 1266.3m
      BIN_1 to BIN_7: 1306.6m
      BIN_2 to BIN_3: 65.4m
      BIN_2 to BIN_4: 105.7m
      BIN_2 to BIN_5: 1212.6m
      BIN_2 to BIN_6: 1211.2m
      BIN_2 to BIN_7: 1251.4m
      BIN_3 to BIN_4: 61.4m
      BIN_3 to BIN_5: 1211.2m
      BIN_3 to BIN_6: 1206.1m
      BIN_3 to BIN_7: 1248.2m
      BIN_4 to BIN_5: 1268.0m
      BIN_4 to BIN_6: 1261.6m
      BIN_4 to BIN_7: 1304.4m
      BIN_5 to BIN_6: 68.4m
      BIN_5 to BIN_7: 50.8m
      BIN_6 to BIN_7: 54.5m
    Max internal distance: 1306.6m
============================================================
CLUSTERING DEBUG END
============================================================
🎯 Using collection queue priority routing: 6 bins
============================================================
CLUSTERING DEBUG START
============================================================
Input validation:
  bins_data type: <class 'list'>
  bins_data length: 7
  depot_data type: <class 'NoneType'>
  depot_data: None
  First bin structure: {'capacity': 500, 'fillLevel': 34.01444444444445, 'fillRate': 13, 'id': 'BIN_1', 'lat': 33.695235625277846, 'lng': 73.03494220161595, 'threshold': 80, 'near_threshold_count': 0, 'dynamic_threshold': 50}
  All bin IDs: ['BIN_1', 'BIN_2', 'BIN_3', 'BIN_4', 'BIN_5', 'BIN_6', 'BIN_7']

CALCULATING BIN SERVICE RADIUS:
BIN RADIUS CALCULATION DEBUG:
  depot_data: None
  bins_data length: 7
  No depot data, using default bin radius: 1400m
Final bin service radius: 1400.0m

STARTING PROXIMITY CLUSTERING:
PROXIMITY CLUSTERING DEBUG:
  Bin service radius: 1400.0m
  Processing 7 bins
  All pairwise distances:
    BIN_1 to BIN_2: 55.1m ✓
    BIN_1 to BIN_3: 88.4m ✓
    BIN_1 to BIN_4: 93.2m ✓
    BIN_1 to BIN_5: 1267.7m ✓
    BIN_1 to BIN_6: 1266.3m ✓
    BIN_1 to BIN_7: 1306.6m ✓
    BIN_2 to BIN_3: 65.4m ✓
    BIN_2 to BIN_4: 105.7m ✓
    BIN_2 to BIN_5: 1212.6m ✓
    BIN_2 to BIN_6: 1211.2m ✓
    BIN_2 to BIN_7: 1251.4m ✓
    BIN_3 to BIN_4: 61.4m ✓
    BIN_3 to BIN_5: 1211.2m ✓
    BIN_3 to BIN_6: 1206.1m ✓
    BIN_3 to BIN_7: 1248.2m ✓
    BIN_4 to BIN_5: 1268.0m ✓
    BIN_4 to BIN_6: 1261.6m ✓
    BIN_4 to BIN_7: 1304.4m ✓
    BIN_5 to BIN_6: 68.4m ✓
    BIN_5 to BIN_7: 50.8m ✓
    BIN_6 to BIN_7: 54.5m ✓
  Processing bins sequentially:
  
  Processing bin BIN_1 (index 0):
    Finding nearby bins within 1400.0m:
      BIN_2: 55.1m (NEARBY)
      BIN_3: 88.4m (NEARBY)
      BIN_4: 93.2m (NEARBY)
      BIN_5: 1267.7m (NEARBY)
      BIN_6: 1266.3m (NEARBY)
      BIN_7: 1306.6m (NEARBY)
    Found 6 nearby bins
    Nearby cluster IDs: set()
    Creating new cluster 0 with current bin + nearby bins
      Added BIN_1 to cluster 0
      Added BIN_2 to cluster 0
      Added BIN_3 to cluster 0
      Added BIN_4 to cluster 0
      Added BIN_5 to cluster 0
      Added BIN_6 to cluster 0
      Added BIN_7 to cluster 0
  
  Processing bin BIN_2 (index 1):
    Finding nearby bins within 1400.0m:
      BIN_1: 55.1m (NEARBY)
        └─ Already in cluster 0
      BIN_3: 65.4m (NEARBY)
        └─ Already in cluster 0
      BIN_4: 105.7m (NEARBY)
        └─ Already in cluster 0
      BIN_5: 1212.6m (NEARBY)
        └─ Already in cluster 0
      BIN_6: 1211.2m (NEARBY)
        └─ Already in cluster 0
      BIN_7: 1251.4m (NEARBY)
        └─ Already in cluster 0
    Found 6 nearby bins
    Nearby cluster IDs: {0}
    Already in cluster 0
  
  Processing bin BIN_3 (index 2):
    Finding nearby bins within 1400.0m:
      BIN_1: 88.4m (NEARBY)
        └─ Already in cluster 0
      BIN_2: 65.4m (NEARBY)
        └─ Already in cluster 0
      BIN_4: 61.4m (NEARBY)
        └─ Already in cluster 0
      BIN_5: 1211.2m (NEARBY)
        └─ Already in cluster 0
      BIN_6: 1206.1m (NEARBY)
        └─ Already in cluster 0
      BIN_7: 1248.2m (NEARBY)
        └─ Already in cluster 0
    Found 6 nearby bins
    Nearby cluster IDs: {0}
    Already in cluster 0
  
  Processing bin BIN_4 (index 3):
    Finding nearby bins within 1400.0m:
      BIN_1: 93.2m (NEARBY)
        └─ Already in cluster 0
      BIN_2: 105.7m (NEARBY)
        └─ Already in cluster 0
      BIN_3: 61.4m (NEARBY)
        └─ Already in cluster 0
      BIN_5: 1268.0m (NEARBY)
        └─ Already in cluster 0
      BIN_6: 1261.6m (NEARBY)
        └─ Already in cluster 0
      BIN_7: 1304.4m (NEARBY)
        └─ Already in cluster 0
    Found 6 nearby bins
    Nearby cluster IDs: {0}
    Already in cluster 0
  
  Processing bin BIN_5 (index 4):
    Finding nearby bins within 1400.0m:
      BIN_1: 1267.7m (NEARBY)
        └─ Already in cluster 0
      BIN_2: 1212.6m (NEARBY)
        └─ Already in cluster 0
      BIN_3: 1211.2m (NEARBY)
        └─ Already in cluster 0
      BIN_4: 1268.0m (NEARBY)
        └─ Already in cluster 0
      BIN_6: 68.4m (NEARBY)
        └─ Already in cluster 0
      BIN_7: 50.8m (NEARBY)
        └─ Already in cluster 0
    Found 6 nearby bins
    Nearby cluster IDs: {0}
    Already in cluster 0
  
  Processing bin BIN_6 (index 5):
    Finding nearby bins within 1400.0m:
      BIN_1: 1266.3m (NEARBY)
        └─ Already in cluster 0
      BIN_2: 1211.2m (NEARBY)
        └─ Already in cluster 0
      BIN_3: 1206.1m (NEARBY)
        └─ Already in cluster 0
      BIN_4: 1261.6m (NEARBY)
        └─ Already in cluster 0
      BIN_5: 68.4m (NEARBY)
        └─ Already in cluster 0
      BIN_7: 54.5m (NEARBY)
        └─ Already in cluster 0
    Found 6 nearby bins
    Nearby cluster IDs: {0}
    Already in cluster 0
  
  Processing bin BIN_7 (index 6):
    Finding nearby bins within 1400.0m:
      BIN_1: 1306.6m (NEARBY)
        └─ Already in cluster 0
      BIN_2: 1251.4m (NEARBY)
        └─ Already in cluster 0
      BIN_3: 1248.2m (NEARBY)
        └─ Already in cluster 0
      BIN_4: 1304.4m (NEARBY)
        └─ Already in cluster 0
      BIN_5: 50.8m (NEARBY)
        └─ Already in cluster 0
      BIN_6: 54.5m (NEARBY)
        └─ Already in cluster 0
    Found 6 nearby bins
    Nearby cluster IDs: {0}
    Already in cluster 0
  Cleaning up duplicate bins:
  Final clustering results: 1 clusters, sizes: [7]
    Final Cluster 0: ['BIN_1', 'BIN_2', 'BIN_3', 'BIN_4', 'BIN_5', 'BIN_6', 'BIN_7']

CLUSTERING RESULTS:
  Created 1 clusters
  Cluster 0: 7 bins - ['BIN_1', 'BIN_2', 'BIN_3', 'BIN_4', 'BIN_5', 'BIN_6', 'BIN_7']
    Internal distances:
      BIN_1 to BIN_2: 55.1m
      BIN_1 to BIN_3: 88.4m
      BIN_1 to BIN_4: 93.2m
      BIN_1 to BIN_5: 1267.7m
      BIN_1 to BIN_6: 1266.3m
      BIN_1 to BIN_7: 1306.6m
      BIN_2 to BIN_3: 65.4m
      BIN_2 to BIN_4: 105.7m
      BIN_2 to BIN_5: 1212.6m
      BIN_2 to BIN_6: 1211.2m
      BIN_2 to BIN_7: 1251.4m
      BIN_3 to BIN_4: 61.4m
      BIN_3 to BIN_5: 1211.2m
      BIN_3 to BIN_6: 1206.1m
      BIN_3 to BIN_7: 1248.2m
      BIN_4 to BIN_5: 1268.0m
      BIN_4 to BIN_6: 1261.6m
      BIN_4 to BIN_7: 1304.4m
      BIN_5 to BIN_6: 68.4m
      BIN_5 to BIN_7: 50.8m
      BIN_6 to BIN_7: 54.5m
    Max internal distance: 1306.6m
============================================================
CLUSTERING DEBUG END
============================================================
🎯 Using collection queue priority routing: 6 bins
============================================================
CLUSTERING DEBUG START
============================================================
Input validation:
  bins_data type: <class 'list'>
  bins_data length: 7
  depot_data type: <class 'NoneType'>
  depot_data: None
  First bin structure: {'capacity': 500, 'fillLevel': 34.01805555555556, 'fillRate': 13, 'id': 'BIN_1', 'lat': 33.695235625277846, 'lng': 73.03494220161595, 'threshold': 80, 'near_threshold_count': 0, 'dynamic_threshold': 50}
  All bin IDs: ['BIN_1', 'BIN_2', 'BIN_3', 'BIN_4', 'BIN_5', 'BIN_6', 'BIN_7']

CALCULATING BIN SERVICE RADIUS:
BIN RADIUS CALCULATION DEBUG:
  depot_data: None
  bins_data length: 7
  No depot data, using default bin radius: 1400m
Final bin service radius: 1400.0m

STARTING PROXIMITY CLUSTERING:
PROXIMITY CLUSTERING DEBUG:
  Bin service radius: 1400.0m
  Processing 7 bins
  All pairwise distances:
    BIN_1 to BIN_2: 55.1m ✓
    BIN_1 to BIN_3: 88.4m ✓
    BIN_1 to BIN_4: 93.2m ✓
    BIN_1 to BIN_5: 1267.7m ✓
    BIN_1 to BIN_6: 1266.3m ✓
    BIN_1 to BIN_7: 1306.6m ✓
    BIN_2 to BIN_3: 65.4m ✓
    BIN_2 to BIN_4: 105.7m ✓
    BIN_2 to BIN_5: 1212.6m ✓
    BIN_2 to BIN_6: 1211.2m ✓
    BIN_2 to BIN_7: 1251.4m ✓
    BIN_3 to BIN_4: 61.4m ✓
    BIN_3 to BIN_5: 1211.2m ✓
    BIN_3 to BIN_6: 1206.1m ✓
    BIN_3 to BIN_7: 1248.2m ✓
    BIN_4 to BIN_5: 1268.0m ✓
    BIN_4 to BIN_6: 1261.6m ✓
    BIN_4 to BIN_7: 1304.4m ✓
    BIN_5 to BIN_6: 68.4m ✓
    BIN_5 to BIN_7: 50.8m ✓
    BIN_6 to BIN_7: 54.5m ✓
  Processing bins sequentially:
  
  Processing bin BIN_1 (index 0):
    Finding nearby bins within 1400.0m:
      BIN_2: 55.1m (NEARBY)
      BIN_3: 88.4m (NEARBY)
      BIN_4: 93.2m (NEARBY)
      BIN_5: 1267.7m (NEARBY)
      BIN_6: 1266.3m (NEARBY)
      BIN_7: 1306.6m (NEARBY)
    Found 6 nearby bins
    Nearby cluster IDs: set()
    Creating new cluster 0 with current bin + nearby bins
      Added BIN_1 to cluster 0
      Added BIN_2 to cluster 0
      Added BIN_3 to cluster 0
      Added BIN_4 to cluster 0
      Added BIN_5 to cluster 0
      Added BIN_6 to cluster 0
      Added BIN_7 to cluster 0
  
  Processing bin BIN_2 (index 1):
    Finding nearby bins within 1400.0m:
      BIN_1: 55.1m (NEARBY)
        └─ Already in cluster 0
      BIN_3: 65.4m (NEARBY)
        └─ Already in cluster 0
      BIN_4: 105.7m (NEARBY)
        └─ Already in cluster 0
      BIN_5: 1212.6m (NEARBY)
        └─ Already in cluster 0
      BIN_6: 1211.2m (NEARBY)
        └─ Already in cluster 0
      BIN_7: 1251.4m (NEARBY)
        └─ Already in cluster 0
    Found 6 nearby bins
    Nearby cluster IDs: {0}
    Already in cluster 0
  
  Processing bin BIN_3 (index 2):
    Finding nearby bins within 1400.0m:
      BIN_1: 88.4m (NEARBY)
        └─ Already in cluster 0
      BIN_2: 65.4m (NEARBY)
        └─ Already in cluster 0
      BIN_4: 61.4m (NEARBY)
        └─ Already in cluster 0
      BIN_5: 1211.2m (NEARBY)
        └─ Already in cluster 0
      BIN_6: 1206.1m (NEARBY)
        └─ Already in cluster 0
      BIN_7: 1248.2m (NEARBY)
        └─ Already in cluster 0
    Found 6 nearby bins
    Nearby cluster IDs: {0}
    Already in cluster 0
  
  Processing bin BIN_4 (index 3):
    Finding nearby bins within 1400.0m:
      BIN_1: 93.2m (NEARBY)
        └─ Already in cluster 0
      BIN_2: 105.7m (NEARBY)
        └─ Already in cluster 0
      BIN_3: 61.4m (NEARBY)
        └─ Already in cluster 0
      BIN_5: 1268.0m (NEARBY)
        └─ Already in cluster 0
      BIN_6: 1261.6m (NEARBY)
        └─ Already in cluster 0
      BIN_7: 1304.4m (NEARBY)
        └─ Already in cluster 0
    Found 6 nearby bins
    Nearby cluster IDs: {0}
    Already in cluster 0
  
  Processing bin BIN_5 (index 4):
    Finding nearby bins within 1400.0m:
      BIN_1: 1267.7m (NEARBY)
        └─ Already in cluster 0
      BIN_2: 1212.6m (NEARBY)
        └─ Already in cluster 0
      BIN_3: 1211.2m (NEARBY)
        └─ Already in cluster 0
      BIN_4: 1268.0m (NEARBY)
        └─ Already in cluster 0
      BIN_6: 68.4m (NEARBY)
        └─ Already in cluster 0
      BIN_7: 50.8m (NEARBY)
        └─ Already in cluster 0
    Found 6 nearby bins
    Nearby cluster IDs: {0}
    Already in cluster 0
  
  Processing bin BIN_6 (index 5):
    Finding nearby bins within 1400.0m:
      BIN_1: 1266.3m (NEARBY)
        └─ Already in cluster 0
      BIN_2: 1211.2m (NEARBY)
        └─ Already in cluster 0
      BIN_3: 1206.1m (NEARBY)
        └─ Already in cluster 0
      BIN_4: 1261.6m (NEARBY)
        └─ Already in cluster 0
      BIN_5: 68.4m (NEARBY)
        └─ Already in cluster 0
      BIN_7: 54.5m (NEARBY)
        └─ Already in cluster 0
    Found 6 nearby bins
    Nearby cluster IDs: {0}
    Already in cluster 0
  
  Processing bin BIN_7 (index 6):
    Finding nearby bins within 1400.0m:
      BIN_1: 1306.6m (NEARBY)
        └─ Already in cluster 0
      BIN_2: 1251.4m (NEARBY)
        └─ Already in cluster 0
      BIN_3: 1248.2m (NEARBY)
        └─ Already in cluster 0
      BIN_4: 1304.4m (NEARBY)
        └─ Already in cluster 0
      BIN_5: 50.8m (NEARBY)
        └─ Already in cluster 0
      BIN_6: 54.5m (NEARBY)
        └─ Already in cluster 0
    Found 6 nearby bins
    Nearby cluster IDs: {0}
    Already in cluster 0
  Cleaning up duplicate bins:
  Final clustering results: 1 clusters, sizes: [7]
    Final Cluster 0: ['BIN_1', 'BIN_2', 'BIN_3', 'BIN_4', 'BIN_5', 'BIN_6', 'BIN_7']

CLUSTERING RESULTS:
  Created 1 clusters
  Cluster 0: 7 bins - ['BIN_1', 'BIN_2', 'BIN_3', 'BIN_4', 'BIN_5', 'BIN_6', 'BIN_7']
    Internal distances:
      BIN_1 to BIN_2: 55.1m
      BIN_1 to BIN_3: 88.4m
      BIN_1 to BIN_4: 93.2m
      BIN_1 to BIN_5: 1267.7m
      BIN_1 to BIN_6: 1266.3m
      BIN_1 to BIN_7: 1306.6m
      BIN_2 to BIN_3: 65.4m
      BIN_2 to BIN_4: 105.7m
      BIN_2 to BIN_5: 1212.6m
      BIN_2 to BIN_6: 1211.2m
      BIN_2 to BIN_7: 1251.4m
      BIN_3 to BIN_4: 61.4m
      BIN_3 to BIN_5: 1211.2m
      BIN_3 to BIN_6: 1206.1m
      BIN_3 to BIN_7: 1248.2m
      BIN_4 to BIN_5: 1268.0m
      BIN_4 to BIN_6: 1261.6m
      BIN_4 to BIN_7: 1304.4m
      BIN_5 to BIN_6: 68.4m
      BIN_5 to BIN_7: 50.8m
      BIN_6 to BIN_7: 54.5m
    Max internal distance: 1306.6m
============================================================
CLUSTERING DEBUG END
============================================================
🎯 Using collection queue priority routing: 6 bins
============================================================
CLUSTERING DEBUG START
============================================================
Input validation:
  bins_data type: <class 'list'>
  bins_data length: 7
  depot_data type: <class 'NoneType'>
  depot_data: None
  First bin structure: {'capacity': 500, 'fillLevel': 34.021666666666675, 'fillRate': 13, 'id': 'BIN_1', 'lat': 33.695235625277846, 'lng': 73.03494220161595, 'threshold': 80, 'near_threshold_count': 0, 'dynamic_threshold': 50}
  All bin IDs: ['BIN_1', 'BIN_2', 'BIN_3', 'BIN_4', 'BIN_5', 'BIN_6', 'BIN_7']

CALCULATING BIN SERVICE RADIUS:
BIN RADIUS CALCULATION DEBUG:
  depot_data: None
  bins_data length: 7
  No depot data, using default bin radius: 1400m
Final bin service radius: 1400.0m

STARTING PROXIMITY CLUSTERING:
PROXIMITY CLUSTERING DEBUG:
  Bin service radius: 1400.0m
  Processing 7 bins
  All pairwise distances:
    BIN_1 to BIN_2: 55.1m ✓
    BIN_1 to BIN_3: 88.4m ✓
    BIN_1 to BIN_4: 93.2m ✓
    BIN_1 to BIN_5: 1267.7m ✓
    BIN_1 to BIN_6: 1266.3m ✓
    BIN_1 to BIN_7: 1306.6m ✓
    BIN_2 to BIN_3: 65.4m ✓
    BIN_2 to BIN_4: 105.7m ✓
    BIN_2 to BIN_5: 1212.6m ✓
    BIN_2 to BIN_6: 1211.2m ✓
    BIN_2 to BIN_7: 1251.4m ✓
    BIN_3 to BIN_4: 61.4m ✓
    BIN_3 to BIN_5: 1211.2m ✓
    BIN_3 to BIN_6: 1206.1m ✓
    BIN_3 to BIN_7: 1248.2m ✓
    BIN_4 to BIN_5: 1268.0m ✓
    BIN_4 to BIN_6: 1261.6m ✓
    BIN_4 to BIN_7: 1304.4m ✓
    BIN_5 to BIN_6: 68.4m ✓
    BIN_5 to BIN_7: 50.8m ✓
    BIN_6 to BIN_7: 54.5m ✓
  Processing bins sequentially:
  
  Processing bin BIN_1 (index 0):
    Finding nearby bins within 1400.0m:
      BIN_2: 55.1m (NEARBY)
      BIN_3: 88.4m (NEARBY)
      BIN_4: 93.2m (NEARBY)
      BIN_5: 1267.7m (NEARBY)
      BIN_6: 1266.3m (NEARBY)
      BIN_7: 1306.6m (NEARBY)
    Found 6 nearby bins
    Nearby cluster IDs: set()
    Creating new cluster 0 with current bin + nearby bins
      Added BIN_1 to cluster 0
      Added BIN_2 to cluster 0
      Added BIN_3 to cluster 0
      Added BIN_4 to cluster 0
      Added BIN_5 to cluster 0
      Added BIN_6 to cluster 0
      Added BIN_7 to cluster 0
  
  Processing bin BIN_2 (index 1):
    Finding nearby bins within 1400.0m:
      BIN_1: 55.1m (NEARBY)
        └─ Already in cluster 0
      BIN_3: 65.4m (NEARBY)
        └─ Already in cluster 0
      BIN_4: 105.7m (NEARBY)
        └─ Already in cluster 0
      BIN_5: 1212.6m (NEARBY)
        └─ Already in cluster 0
      BIN_6: 1211.2m (NEARBY)
        └─ Already in cluster 0
      BIN_7: 1251.4m (NEARBY)
        └─ Already in cluster 0
    Found 6 nearby bins
    Nearby cluster IDs: {0}
    Already in cluster 0
  
  Processing bin BIN_3 (index 2):
    Finding nearby bins within 1400.0m:
      BIN_1: 88.4m (NEARBY)
        └─ Already in cluster 0
      BIN_2: 65.4m (NEARBY)
        └─ Already in cluster 0
      BIN_4: 61.4m (NEARBY)
        └─ Already in cluster 0
      BIN_5: 1211.2m (NEARBY)
        └─ Already in cluster 0
      BIN_6: 1206.1m (NEARBY)
        └─ Already in cluster 0
      BIN_7: 1248.2m (NEARBY)
        └─ Already in cluster 0
    Found 6 nearby bins
    Nearby cluster IDs: {0}
    Already in cluster 0
  
  Processing bin BIN_4 (index 3):
    Finding nearby bins within 1400.0m:
      BIN_1: 93.2m (NEARBY)
        └─ Already in cluster 0
      BIN_2: 105.7m (NEARBY)
        └─ Already in cluster 0
      BIN_3: 61.4m (NEARBY)
        └─ Already in cluster 0
      BIN_5: 1268.0m (NEARBY)
        └─ Already in cluster 0
      BIN_6: 1261.6m (NEARBY)
        └─ Already in cluster 0
      BIN_7: 1304.4m (NEARBY)
        └─ Already in cluster 0
    Found 6 nearby bins
    Nearby cluster IDs: {0}
    Already in cluster 0
  
  Processing bin BIN_5 (index 4):
    Finding nearby bins within 1400.0m:
      BIN_1: 1267.7m (NEARBY)
        └─ Already in cluster 0
      BIN_2: 1212.6m (NEARBY)
        └─ Already in cluster 0
      BIN_3: 1211.2m (NEARBY)
        └─ Already in cluster 0
      BIN_4: 1268.0m (NEARBY)
        └─ Already in cluster 0
      BIN_6: 68.4m (NEARBY)
        └─ Already in cluster 0
      BIN_7: 50.8m (NEARBY)
        └─ Already in cluster 0
    Found 6 nearby bins
    Nearby cluster IDs: {0}
    Already in cluster 0
  
  Processing bin BIN_6 (index 5):
    Finding nearby bins within 1400.0m:
      BIN_1: 1266.3m (NEARBY)
        └─ Already in cluster 0
      BIN_2: 1211.2m (NEARBY)
        └─ Already in cluster 0
      BIN_3: 1206.1m (NEARBY)
        └─ Already in cluster 0
      BIN_4: 1261.6m (NEARBY)
        └─ Already in cluster 0
      BIN_5: 68.4m (NEARBY)
        └─ Already in cluster 0
      BIN_7: 54.5m (NEARBY)
        └─ Already in cluster 0
    Found 6 nearby bins
    Nearby cluster IDs: {0}
    Already in cluster 0
  
  Processing bin BIN_7 (index 6):
    Finding nearby bins within 1400.0m:
      BIN_1: 1306.6m (NEARBY)
        └─ Already in cluster 0
      BIN_2: 1251.4m (NEARBY)
        └─ Already in cluster 0
      BIN_3: 1248.2m (NEARBY)
        └─ Already in cluster 0
      BIN_4: 1304.4m (NEARBY)
        └─ Already in cluster 0
      BIN_5: 50.8m (NEARBY)
        └─ Already in cluster 0
      BIN_6: 54.5m (NEARBY)
        └─ Already in cluster 0
    Found 6 nearby bins
    Nearby cluster IDs: {0}
    Already in cluster 0
  Cleaning up duplicate bins:
  Final clustering results: 1 clusters, sizes: [7]
    Final Cluster 0: ['BIN_1', 'BIN_2', 'BIN_3', 'BIN_4', 'BIN_5', 'BIN_6', 'BIN_7']

CLUSTERING RESULTS:
  Created 1 clusters
  Cluster 0: 7 bins - ['BIN_1', 'BIN_2', 'BIN_3', 'BIN_4', 'BIN_5', 'BIN_6', 'BIN_7']
    Internal distances:
      BIN_1 to BIN_2: 55.1m
      BIN_1 to BIN_3: 88.4m
      BIN_1 to BIN_4: 93.2m
      BIN_1 to BIN_5: 1267.7m
      BIN_1 to BIN_6: 1266.3m
      BIN_1 to BIN_7: 1306.6m
      BIN_2 to BIN_3: 65.4m
      BIN_2 to BIN_4: 105.7m
      BIN_2 to BIN_5: 1212.6m
      BIN_2 to BIN_6: 1211.2m
      BIN_2 to BIN_7: 1251.4m
      BIN_3 to BIN_4: 61.4m
      BIN_3 to BIN_5: 1211.2m
      BIN_3 to BIN_6: 1206.1m
      BIN_3 to BIN_7: 1248.2m
      BIN_4 to BIN_5: 1268.0m
      BIN_4 to BIN_6: 1261.6m
      BIN_4 to BIN_7: 1304.4m
      BIN_5 to BIN_6: 68.4m
      BIN_5 to BIN_7: 50.8m
      BIN_6 to BIN_7: 54.5m
    Max internal distance: 1306.6m
============================================================
CLUSTERING DEBUG END
============================================================
🎯 Using collection queue priority routing: 6 bins
============================================================
CLUSTERING DEBUG START
============================================================
Input validation:
  bins_data type: <class 'list'>
  bins_data length: 7
  depot_data type: <class 'NoneType'>
  depot_data: None
  First bin structure: {'capacity': 500, 'fillLevel': 34.02527777777779, 'fillRate': 13, 'id': 'BIN_1', 'lat': 33.695235625277846, 'lng': 73.03494220161595, 'threshold': 80, 'near_threshold_count': 0, 'dynamic_threshold': 50}
  All bin IDs: ['BIN_1', 'BIN_2', 'BIN_3', 'BIN_4', 'BIN_5', 'BIN_6', 'BIN_7']

CALCULATING BIN SERVICE RADIUS:
BIN RADIUS CALCULATION DEBUG:
  depot_data: None
  bins_data length: 7
  No depot data, using default bin radius: 1400m
Final bin service radius: 1400.0m

STARTING PROXIMITY CLUSTERING:
PROXIMITY CLUSTERING DEBUG:
  Bin service radius: 1400.0m
  Processing 7 bins
  All pairwise distances:
    BIN_1 to BIN_2: 55.1m ✓
    BIN_1 to BIN_3: 88.4m ✓
    BIN_1 to BIN_4: 93.2m ✓
    BIN_1 to BIN_5: 1267.7m ✓
    BIN_1 to BIN_6: 1266.3m ✓
    BIN_1 to BIN_7: 1306.6m ✓
    BIN_2 to BIN_3: 65.4m ✓
    BIN_2 to BIN_4: 105.7m ✓
    BIN_2 to BIN_5: 1212.6m ✓
    BIN_2 to BIN_6: 1211.2m ✓
    BIN_2 to BIN_7: 1251.4m ✓
    BIN_3 to BIN_4: 61.4m ✓
    BIN_3 to BIN_5: 1211.2m ✓
    BIN_3 to BIN_6: 1206.1m ✓
    BIN_3 to BIN_7: 1248.2m ✓
    BIN_4 to BIN_5: 1268.0m ✓
    BIN_4 to BIN_6: 1261.6m ✓
    BIN_4 to BIN_7: 1304.4m ✓
    BIN_5 to BIN_6: 68.4m ✓
    BIN_5 to BIN_7: 50.8m ✓
    BIN_6 to BIN_7: 54.5m ✓
  Processing bins sequentially:
  
  Processing bin BIN_1 (index 0):
    Finding nearby bins within 1400.0m:
      BIN_2: 55.1m (NEARBY)
      BIN_3: 88.4m (NEARBY)
      BIN_4: 93.2m (NEARBY)
      BIN_5: 1267.7m (NEARBY)
      BIN_6: 1266.3m (NEARBY)
      BIN_7: 1306.6m (NEARBY)
    Found 6 nearby bins
    Nearby cluster IDs: set()
    Creating new cluster 0 with current bin + nearby bins
      Added BIN_1 to cluster 0
      Added BIN_2 to cluster 0
      Added BIN_3 to cluster 0
      Added BIN_4 to cluster 0
      Added BIN_5 to cluster 0
      Added BIN_6 to cluster 0
      Added BIN_7 to cluster 0
  
  Processing bin BIN_2 (index 1):
    Finding nearby bins within 1400.0m:
      BIN_1: 55.1m (NEARBY)
        └─ Already in cluster 0
      BIN_3: 65.4m (NEARBY)
        └─ Already in cluster 0
      BIN_4: 105.7m (NEARBY)
        └─ Already in cluster 0
      BIN_5: 1212.6m (NEARBY)
        └─ Already in cluster 0
      BIN_6: 1211.2m (NEARBY)
        └─ Already in cluster 0
      BIN_7: 1251.4m (NEARBY)
        └─ Already in cluster 0
    Found 6 nearby bins
    Nearby cluster IDs: {0}
    Already in cluster 0
  
  Processing bin BIN_3 (index 2):
    Finding nearby bins within 1400.0m:
      BIN_1: 88.4m (NEARBY)
        └─ Already in cluster 0
      BIN_2: 65.4m (NEARBY)
        └─ Already in cluster 0
      BIN_4: 61.4m (NEARBY)
        └─ Already in cluster 0
      BIN_5: 1211.2m (NEARBY)
        └─ Already in cluster 0
      BIN_6: 1206.1m (NEARBY)
        └─ Already in cluster 0
      BIN_7: 1248.2m (NEARBY)
        └─ Already in cluster 0
    Found 6 nearby bins
    Nearby cluster IDs: {0}
    Already in cluster 0
  
  Processing bin BIN_4 (index 3):
    Finding nearby bins within 1400.0m:
      BIN_1: 93.2m (NEARBY)
        └─ Already in cluster 0
      BIN_2: 105.7m (NEARBY)
        └─ Already in cluster 0
      BIN_3: 61.4m (NEARBY)
        └─ Already in cluster 0
      BIN_5: 1268.0m (NEARBY)
        └─ Already in cluster 0
      BIN_6: 1261.6m (NEARBY)
        └─ Already in cluster 0
      BIN_7: 1304.4m (NEARBY)
        └─ Already in cluster 0
    Found 6 nearby bins
    Nearby cluster IDs: {0}
    Already in cluster 0
  
  Processing bin BIN_5 (index 4):
    Finding nearby bins within 1400.0m:
      BIN_1: 1267.7m (NEARBY)
        └─ Already in cluster 0
      BIN_2: 1212.6m (NEARBY)
        └─ Already in cluster 0
      BIN_3: 1211.2m (NEARBY)
        └─ Already in cluster 0
      BIN_4: 1268.0m (NEARBY)
        └─ Already in cluster 0
      BIN_6: 68.4m (NEARBY)
        └─ Already in cluster 0
      BIN_7: 50.8m (NEARBY)
        └─ Already in cluster 0
    Found 6 nearby bins
    Nearby cluster IDs: {0}
    Already in cluster 0
  
  Processing bin BIN_6 (index 5):
    Finding nearby bins within 1400.0m:
      BIN_1: 1266.3m (NEARBY)
        └─ Already in cluster 0
      BIN_2: 1211.2m (NEARBY)
        └─ Already in cluster 0
      BIN_3: 1206.1m (NEARBY)
        └─ Already in cluster 0
      BIN_4: 1261.6m (NEARBY)
        └─ Already in cluster 0
      BIN_5: 68.4m (NEARBY)
        └─ Already in cluster 0
      BIN_7: 54.5m (NEARBY)
        └─ Already in cluster 0
    Found 6 nearby bins
    Nearby cluster IDs: {0}
    Already in cluster 0
  
  Processing bin BIN_7 (index 6):
    Finding nearby bins within 1400.0m:
      BIN_1: 1306.6m (NEARBY)
        └─ Already in cluster 0
      BIN_2: 1251.4m (NEARBY)
        └─ Already in cluster 0
      BIN_3: 1248.2m (NEARBY)
        └─ Already in cluster 0
      BIN_4: 1304.4m (NEARBY)
        └─ Already in cluster 0
      BIN_5: 50.8m (NEARBY)
        └─ Already in cluster 0
      BIN_6: 54.5m (NEARBY)
        └─ Already in cluster 0
    Found 6 nearby bins
    Nearby cluster IDs: {0}
    Already in cluster 0
  Cleaning up duplicate bins:
  Final clustering results: 1 clusters, sizes: [7]
    Final Cluster 0: ['BIN_1', 'BIN_2', 'BIN_3', 'BIN_4', 'BIN_5', 'BIN_6', 'BIN_7']

CLUSTERING RESULTS:
  Created 1 clusters
  Cluster 0: 7 bins - ['BIN_1', 'BIN_2', 'BIN_3', 'BIN_4', 'BIN_5', 'BIN_6', 'BIN_7']
    Internal distances:
      BIN_1 to BIN_2: 55.1m
      BIN_1 to BIN_3: 88.4m
      BIN_1 to BIN_4: 93.2m
      BIN_1 to BIN_5: 1267.7m
      BIN_1 to BIN_6: 1266.3m
      BIN_1 to BIN_7: 1306.6m
      BIN_2 to BIN_3: 65.4m
      BIN_2 to BIN_4: 105.7m
      BIN_2 to BIN_5: 1212.6m
      BIN_2 to BIN_6: 1211.2m
      BIN_2 to BIN_7: 1251.4m
      BIN_3 to BIN_4: 61.4m
      BIN_3 to BIN_5: 1211.2m
      BIN_3 to BIN_6: 1206.1m
      BIN_3 to BIN_7: 1248.2m
      BIN_4 to BIN_5: 1268.0m
      BIN_4 to BIN_6: 1261.6m
      BIN_4 to BIN_7: 1304.4m
      BIN_5 to BIN_6: 68.4m
      BIN_5 to BIN_7: 50.8m
      BIN_6 to BIN_7: 54.5m
    Max internal distance: 1306.6m
============================================================
CLUSTERING DEBUG END
============================================================
🎯 Using collection queue priority routing: 6 bins
============================================================
CLUSTERING DEBUG START
============================================================
Input validation:
  bins_data type: <class 'list'>
  bins_data length: 7
  depot_data type: <class 'NoneType'>
  depot_data: None
  First bin structure: {'capacity': 500, 'fillLevel': 34.0288888888889, 'fillRate': 13, 'id': 'BIN_1', 'lat': 33.695235625277846, 'lng': 73.03494220161595, 'threshold': 80, 'near_threshold_count': 0, 'dynamic_threshold': 50}
  All bin IDs: ['BIN_1', 'BIN_2', 'BIN_3', 'BIN_4', 'BIN_5', 'BIN_6', 'BIN_7']

CALCULATING BIN SERVICE RADIUS:
BIN RADIUS CALCULATION DEBUG:
  depot_data: None
  bins_data length: 7
  No depot data, using default bin radius: 1400m
Final bin service radius: 1400.0m

STARTING PROXIMITY CLUSTERING:
PROXIMITY CLUSTERING DEBUG:
  Bin service radius: 1400.0m
  Processing 7 bins
  All pairwise distances:
    BIN_1 to BIN_2: 55.1m ✓
    BIN_1 to BIN_3: 88.4m ✓
    BIN_1 to BIN_4: 93.2m ✓
    BIN_1 to BIN_5: 1267.7m ✓
    BIN_1 to BIN_6: 1266.3m ✓
    BIN_1 to BIN_7: 1306.6m ✓
    BIN_2 to BIN_3: 65.4m ✓
    BIN_2 to BIN_4: 105.7m ✓
    BIN_2 to BIN_5: 1212.6m ✓
    BIN_2 to BIN_6: 1211.2m ✓
    BIN_2 to BIN_7: 1251.4m ✓
    BIN_3 to BIN_4: 61.4m ✓
    BIN_3 to BIN_5: 1211.2m ✓
    BIN_3 to BIN_6: 1206.1m ✓
    BIN_3 to BIN_7: 1248.2m ✓
    BIN_4 to BIN_5: 1268.0m ✓
    BIN_4 to BIN_6: 1261.6m ✓
    BIN_4 to BIN_7: 1304.4m ✓
    BIN_5 to BIN_6: 68.4m ✓
    BIN_5 to BIN_7: 50.8m ✓
    BIN_6 to BIN_7: 54.5m ✓
  Processing bins sequentially:
  
  Processing bin BIN_1 (index 0):
    Finding nearby bins within 1400.0m:
      BIN_2: 55.1m (NEARBY)
      BIN_3: 88.4m (NEARBY)
      BIN_4: 93.2m (NEARBY)
      BIN_5: 1267.7m (NEARBY)
      BIN_6: 1266.3m (NEARBY)
      BIN_7: 1306.6m (NEARBY)
    Found 6 nearby bins
    Nearby cluster IDs: set()
    Creating new cluster 0 with current bin + nearby bins
      Added BIN_1 to cluster 0
      Added BIN_2 to cluster 0
      Added BIN_3 to cluster 0
      Added BIN_4 to cluster 0
      Added BIN_5 to cluster 0
      Added BIN_6 to cluster 0
      Added BIN_7 to cluster 0
  
  Processing bin BIN_2 (index 1):
    Finding nearby bins within 1400.0m:
      BIN_1: 55.1m (NEARBY)
        └─ Already in cluster 0
      BIN_3: 65.4m (NEARBY)
        └─ Already in cluster 0
      BIN_4: 105.7m (NEARBY)
        └─ Already in cluster 0
      BIN_5: 1212.6m (NEARBY)
        └─ Already in cluster 0
      BIN_6: 1211.2m (NEARBY)
        └─ Already in cluster 0
      BIN_7: 1251.4m (NEARBY)
        └─ Already in cluster 0
    Found 6 nearby bins
    Nearby cluster IDs: {0}
    Already in cluster 0
  
  Processing bin BIN_3 (index 2):
    Finding nearby bins within 1400.0m:
      BIN_1: 88.4m (NEARBY)
        └─ Already in cluster 0
      BIN_2: 65.4m (NEARBY)
        └─ Already in cluster 0
      BIN_4: 61.4m (NEARBY)
        └─ Already in cluster 0
      BIN_5: 1211.2m (NEARBY)
        └─ Already in cluster 0
      BIN_6: 1206.1m (NEARBY)
        └─ Already in cluster 0
      BIN_7: 1248.2m (NEARBY)
        └─ Already in cluster 0
    Found 6 nearby bins
    Nearby cluster IDs: {0}
    Already in cluster 0
  
  Processing bin BIN_4 (index 3):
    Finding nearby bins within 1400.0m:
      BIN_1: 93.2m (NEARBY)
        └─ Already in cluster 0
      BIN_2: 105.7m (NEARBY)
        └─ Already in cluster 0
      BIN_3: 61.4m (NEARBY)
        └─ Already in cluster 0
      BIN_5: 1268.0m (NEARBY)
        └─ Already in cluster 0
      BIN_6: 1261.6m (NEARBY)
        └─ Already in cluster 0
      BIN_7: 1304.4m (NEARBY)
        └─ Already in cluster 0
    Found 6 nearby bins
    Nearby cluster IDs: {0}
    Already in cluster 0
  
  Processing bin BIN_5 (index 4):
    Finding nearby bins within 1400.0m:
      BIN_1: 1267.7m (NEARBY)
        └─ Already in cluster 0
      BIN_2: 1212.6m (NEARBY)
        └─ Already in cluster 0
      BIN_3: 1211.2m (NEARBY)
        └─ Already in cluster 0
      BIN_4: 1268.0m (NEARBY)
        └─ Already in cluster 0
      BIN_6: 68.4m (NEARBY)
        └─ Already in cluster 0
      BIN_7: 50.8m (NEARBY)
        └─ Already in cluster 0
    Found 6 nearby bins
    Nearby cluster IDs: {0}
    Already in cluster 0
  
  Processing bin BIN_6 (index 5):
    Finding nearby bins within 1400.0m:
      BIN_1: 1266.3m (NEARBY)
        └─ Already in cluster 0
      BIN_2: 1211.2m (NEARBY)
        └─ Already in cluster 0
      BIN_3: 1206.1m (NEARBY)
        └─ Already in cluster 0
      BIN_4: 1261.6m (NEARBY)
        └─ Already in cluster 0
      BIN_5: 68.4m (NEARBY)
        └─ Already in cluster 0
      BIN_7: 54.5m (NEARBY)
        └─ Already in cluster 0
    Found 6 nearby bins
    Nearby cluster IDs: {0}
    Already in cluster 0
  
  Processing bin BIN_7 (index 6):
    Finding nearby bins within 1400.0m:
      BIN_1: 1306.6m (NEARBY)
        └─ Already in cluster 0
      BIN_2: 1251.4m (NEARBY)
        └─ Already in cluster 0
      BIN_3: 1248.2m (NEARBY)
        └─ Already in cluster 0
      BIN_4: 1304.4m (NEARBY)
        └─ Already in cluster 0
      BIN_5: 50.8m (NEARBY)
        └─ Already in cluster 0
      BIN_6: 54.5m (NEARBY)
        └─ Already in cluster 0
    Found 6 nearby bins
    Nearby cluster IDs: {0}
    Already in cluster 0
  Cleaning up duplicate bins:
  Final clustering results: 1 clusters, sizes: [7]
    Final Cluster 0: ['BIN_1', 'BIN_2', 'BIN_3', 'BIN_4', 'BIN_5', 'BIN_6', 'BIN_7']

CLUSTERING RESULTS:
  Created 1 clusters
  Cluster 0: 7 bins - ['BIN_1', 'BIN_2', 'BIN_3', 'BIN_4', 'BIN_5', 'BIN_6', 'BIN_7']
    Internal distances:
      BIN_1 to BIN_2: 55.1m
      BIN_1 to BIN_3: 88.4m
      BIN_1 to BIN_4: 93.2m
      BIN_1 to BIN_5: 1267.7m
      BIN_1 to BIN_6: 1266.3m
      BIN_1 to BIN_7: 1306.6m
      BIN_2 to BIN_3: 65.4m
      BIN_2 to BIN_4: 105.7m
      BIN_2 to BIN_5: 1212.6m
      BIN_2 to BIN_6: 1211.2m
      BIN_2 to BIN_7: 1251.4m
      BIN_3 to BIN_4: 61.4m
      BIN_3 to BIN_5: 1211.2m
      BIN_3 to BIN_6: 1206.1m
      BIN_3 to BIN_7: 1248.2m
      BIN_4 to BIN_5: 1268.0m
      BIN_4 to BIN_6: 1261.6m
      BIN_4 to BIN_7: 1304.4m
      BIN_5 to BIN_6: 68.4m
      BIN_5 to BIN_7: 50.8m
      BIN_6 to BIN_7: 54.5m
    Max internal distance: 1306.6m
============================================================
CLUSTERING DEBUG END
============================================================
🎯 Using collection queue priority routing: 6 bins
============================================================
CLUSTERING DEBUG START
============================================================
Input validation:
  bins_data type: <class 'list'>
  bins_data length: 7
  depot_data type: <class 'NoneType'>
  depot_data: None
  First bin structure: {'capacity': 500, 'fillLevel': 34.03250000000001, 'fillRate': 13, 'id': 'BIN_1', 'lat': 33.695235625277846, 'lng': 73.03494220161595, 'threshold': 80, 'near_threshold_count': 0, 'dynamic_threshold': 50}
  All bin IDs: ['BIN_1', 'BIN_2', 'BIN_3', 'BIN_4', 'BIN_5', 'BIN_6', 'BIN_7']

CALCULATING BIN SERVICE RADIUS:
BIN RADIUS CALCULATION DEBUG:
  depot_data: None
  bins_data length: 7
  No depot data, using default bin radius: 1400m
Final bin service radius: 1400.0m

STARTING PROXIMITY CLUSTERING:
PROXIMITY CLUSTERING DEBUG:
  Bin service radius: 1400.0m
  Processing 7 bins
  All pairwise distances:
    BIN_1 to BIN_2: 55.1m ✓
    BIN_1 to BIN_3: 88.4m ✓
    BIN_1 to BIN_4: 93.2m ✓
    BIN_1 to BIN_5: 1267.7m ✓
    BIN_1 to BIN_6: 1266.3m ✓
    BIN_1 to BIN_7: 1306.6m ✓
    BIN_2 to BIN_3: 65.4m ✓
    BIN_2 to BIN_4: 105.7m ✓
    BIN_2 to BIN_5: 1212.6m ✓
    BIN_2 to BIN_6: 1211.2m ✓
    BIN_2 to BIN_7: 1251.4m ✓
    BIN_3 to BIN_4: 61.4m ✓
    BIN_3 to BIN_5: 1211.2m ✓
    BIN_3 to BIN_6: 1206.1m ✓
    BIN_3 to BIN_7: 1248.2m ✓
    BIN_4 to BIN_5: 1268.0m ✓
    BIN_4 to BIN_6: 1261.6m ✓
    BIN_4 to BIN_7: 1304.4m ✓
    BIN_5 to BIN_6: 68.4m ✓
    BIN_5 to BIN_7: 50.8m ✓
    BIN_6 to BIN_7: 54.5m ✓
  Processing bins sequentially:
  
  Processing bin BIN_1 (index 0):
    Finding nearby bins within 1400.0m:
      BIN_2: 55.1m (NEARBY)
      BIN_3: 88.4m (NEARBY)
      BIN_4: 93.2m (NEARBY)
      BIN_5: 1267.7m (NEARBY)
      BIN_6: 1266.3m (NEARBY)
      BIN_7: 1306.6m (NEARBY)
    Found 6 nearby bins
    Nearby cluster IDs: set()
    Creating new cluster 0 with current bin + nearby bins
      Added BIN_1 to cluster 0
      Added BIN_2 to cluster 0
      Added BIN_3 to cluster 0
      Added BIN_4 to cluster 0
      Added BIN_5 to cluster 0
      Added BIN_6 to cluster 0
      Added BIN_7 to cluster 0
  
  Processing bin BIN_2 (index 1):
    Finding nearby bins within 1400.0m:
      BIN_1: 55.1m (NEARBY)
        └─ Already in cluster 0
      BIN_3: 65.4m (NEARBY)
        └─ Already in cluster 0
      BIN_4: 105.7m (NEARBY)
        └─ Already in cluster 0
      BIN_5: 1212.6m (NEARBY)
        └─ Already in cluster 0
      BIN_6: 1211.2m (NEARBY)
        └─ Already in cluster 0
      BIN_7: 1251.4m (NEARBY)
        └─ Already in cluster 0
    Found 6 nearby bins
    Nearby cluster IDs: {0}
    Already in cluster 0
  
  Processing bin BIN_3 (index 2):
    Finding nearby bins within 1400.0m:
      BIN_1: 88.4m (NEARBY)
        └─ Already in cluster 0
      BIN_2: 65.4m (NEARBY)
        └─ Already in cluster 0
      BIN_4: 61.4m (NEARBY)
        └─ Already in cluster 0
      BIN_5: 1211.2m (NEARBY)
        └─ Already in cluster 0
      BIN_6: 1206.1m (NEARBY)
        └─ Already in cluster 0
      BIN_7: 1248.2m (NEARBY)
        └─ Already in cluster 0
    Found 6 nearby bins
    Nearby cluster IDs: {0}
    Already in cluster 0
  
  Processing bin BIN_4 (index 3):
    Finding nearby bins within 1400.0m:
      BIN_1: 93.2m (NEARBY)
        └─ Already in cluster 0
      BIN_2: 105.7m (NEARBY)
        └─ Already in cluster 0
      BIN_3: 61.4m (NEARBY)
        └─ Already in cluster 0
      BIN_5: 1268.0m (NEARBY)
        └─ Already in cluster 0
      BIN_6: 1261.6m (NEARBY)
        └─ Already in cluster 0
      BIN_7: 1304.4m (NEARBY)
        └─ Already in cluster 0
    Found 6 nearby bins
    Nearby cluster IDs: {0}
    Already in cluster 0
  
  Processing bin BIN_5 (index 4):
    Finding nearby bins within 1400.0m:
      BIN_1: 1267.7m (NEARBY)
        └─ Already in cluster 0
      BIN_2: 1212.6m (NEARBY)
        └─ Already in cluster 0
      BIN_3: 1211.2m (NEARBY)
        └─ Already in cluster 0
      BIN_4: 1268.0m (NEARBY)
        └─ Already in cluster 0
      BIN_6: 68.4m (NEARBY)
        └─ Already in cluster 0
      BIN_7: 50.8m (NEARBY)
        └─ Already in cluster 0
    Found 6 nearby bins
    Nearby cluster IDs: {0}
    Already in cluster 0
  
  Processing bin BIN_6 (index 5):
    Finding nearby bins within 1400.0m:
      BIN_1: 1266.3m (NEARBY)
        └─ Already in cluster 0
      BIN_2: 1211.2m (NEARBY)
        └─ Already in cluster 0
      BIN_3: 1206.1m (NEARBY)
        └─ Already in cluster 0
      BIN_4: 1261.6m (NEARBY)
        └─ Already in cluster 0
      BIN_5: 68.4m (NEARBY)
        └─ Already in cluster 0
      BIN_7: 54.5m (NEARBY)
        └─ Already in cluster 0
    Found 6 nearby bins
    Nearby cluster IDs: {0}
    Already in cluster 0
  
  Processing bin BIN_7 (index 6):
    Finding nearby bins within 1400.0m:
      BIN_1: 1306.6m (NEARBY)
        └─ Already in cluster 0
      BIN_2: 1251.4m (NEARBY)
        └─ Already in cluster 0
      BIN_3: 1248.2m (NEARBY)
        └─ Already in cluster 0
      BIN_4: 1304.4m (NEARBY)
        └─ Already in cluster 0
      BIN_5: 50.8m (NEARBY)
        └─ Already in cluster 0
      BIN_6: 54.5m (NEARBY)
        └─ Already in cluster 0
    Found 6 nearby bins
    Nearby cluster IDs: {0}
    Already in cluster 0
  Cleaning up duplicate bins:
  Final clustering results: 1 clusters, sizes: [7]
    Final Cluster 0: ['BIN_1', 'BIN_2', 'BIN_3', 'BIN_4', 'BIN_5', 'BIN_6', 'BIN_7']

CLUSTERING RESULTS:
  Created 1 clusters
  Cluster 0: 7 bins - ['BIN_1', 'BIN_2', 'BIN_3', 'BIN_4', 'BIN_5', 'BIN_6', 'BIN_7']
    Internal distances:
      BIN_1 to BIN_2: 55.1m
      BIN_1 to BIN_3: 88.4m
      BIN_1 to BIN_4: 93.2m
      BIN_1 to BIN_5: 1267.7m
      BIN_1 to BIN_6: 1266.3m
      BIN_1 to BIN_7: 1306.6m
      BIN_2 to BIN_3: 65.4m
      BIN_2 to BIN_4: 105.7m
      BIN_2 to BIN_5: 1212.6m
      BIN_2 to BIN_6: 1211.2m
      BIN_2 to BIN_7: 1251.4m
      BIN_3 to BIN_4: 61.4m
      BIN_3 to BIN_5: 1211.2m
      BIN_3 to BIN_6: 1206.1m
      BIN_3 to BIN_7: 1248.2m
      BIN_4 to BIN_5: 1268.0m
      BIN_4 to BIN_6: 1261.6m
      BIN_4 to BIN_7: 1304.4m
      BIN_5 to BIN_6: 68.4m
      BIN_5 to BIN_7: 50.8m
      BIN_6 to BIN_7: 54.5m
    Max internal distance: 1306.6m
============================================================
CLUSTERING DEBUG END
============================================================
🎯 Using collection queue priority routing: 6 bins
============================================================
CLUSTERING DEBUG START
============================================================
Input validation:
  bins_data type: <class 'list'>
  bins_data length: 7
  depot_data type: <class 'NoneType'>
  depot_data: None
  First bin structure: {'capacity': 500, 'fillLevel': 34.036111111111126, 'fillRate': 13, 'id': 'BIN_1', 'lat': 33.695235625277846, 'lng': 73.03494220161595, 'threshold': 80, 'near_threshold_count': 0, 'dynamic_threshold': 50}
  All bin IDs: ['BIN_1', 'BIN_2', 'BIN_3', 'BIN_4', 'BIN_5', 'BIN_6', 'BIN_7']

CALCULATING BIN SERVICE RADIUS:
BIN RADIUS CALCULATION DEBUG:
  depot_data: None
  bins_data length: 7
  No depot data, using default bin radius: 1400m
Final bin service radius: 1400.0m

STARTING PROXIMITY CLUSTERING:
PROXIMITY CLUSTERING DEBUG:
  Bin service radius: 1400.0m
  Processing 7 bins
  All pairwise distances:
    BIN_1 to BIN_2: 55.1m ✓
    BIN_1 to BIN_3: 88.4m ✓
    BIN_1 to BIN_4: 93.2m ✓
    BIN_1 to BIN_5: 1267.7m ✓
    BIN_1 to BIN_6: 1266.3m ✓
    BIN_1 to BIN_7: 1306.6m ✓
    BIN_2 to BIN_3: 65.4m ✓
    BIN_2 to BIN_4: 105.7m ✓
    BIN_2 to BIN_5: 1212.6m ✓
    BIN_2 to BIN_6: 1211.2m ✓
    BIN_2 to BIN_7: 1251.4m ✓
    BIN_3 to BIN_4: 61.4m ✓
    BIN_3 to BIN_5: 1211.2m ✓
    BIN_3 to BIN_6: 1206.1m ✓
    BIN_3 to BIN_7: 1248.2m ✓
    BIN_4 to BIN_5: 1268.0m ✓
    BIN_4 to BIN_6: 1261.6m ✓
    BIN_4 to BIN_7: 1304.4m ✓
    BIN_5 to BIN_6: 68.4m ✓
    BIN_5 to BIN_7: 50.8m ✓
    BIN_6 to BIN_7: 54.5m ✓
  Processing bins sequentially:
  
  Processing bin BIN_1 (index 0):
    Finding nearby bins within 1400.0m:
      BIN_2: 55.1m (NEARBY)
      BIN_3: 88.4m (NEARBY)
      BIN_4: 93.2m (NEARBY)
      BIN_5: 1267.7m (NEARBY)
      BIN_6: 1266.3m (NEARBY)
      BIN_7: 1306.6m (NEARBY)
    Found 6 nearby bins
    Nearby cluster IDs: set()
    Creating new cluster 0 with current bin + nearby bins
      Added BIN_1 to cluster 0
      Added BIN_2 to cluster 0
      Added BIN_3 to cluster 0
      Added BIN_4 to cluster 0
      Added BIN_5 to cluster 0
      Added BIN_6 to cluster 0
      Added BIN_7 to cluster 0
  
  Processing bin BIN_2 (index 1):
    Finding nearby bins within 1400.0m:
      BIN_1: 55.1m (NEARBY)
        └─ Already in cluster 0
      BIN_3: 65.4m (NEARBY)
        └─ Already in cluster 0
      BIN_4: 105.7m (NEARBY)
        └─ Already in cluster 0
      BIN_5: 1212.6m (NEARBY)
        └─ Already in cluster 0
      BIN_6: 1211.2m (NEARBY)
        └─ Already in cluster 0
      BIN_7: 1251.4m (NEARBY)
        └─ Already in cluster 0
    Found 6 nearby bins
    Nearby cluster IDs: {0}
    Already in cluster 0
  
  Processing bin BIN_3 (index 2):
    Finding nearby bins within 1400.0m:
      BIN_1: 88.4m (NEARBY)
        └─ Already in cluster 0
      BIN_2: 65.4m (NEARBY)
        └─ Already in cluster 0
      BIN_4: 61.4m (NEARBY)
        └─ Already in cluster 0
      BIN_5: 1211.2m (NEARBY)
        └─ Already in cluster 0
      BIN_6: 1206.1m (NEARBY)
        └─ Already in cluster 0
      BIN_7: 1248.2m (NEARBY)
        └─ Already in cluster 0
    Found 6 nearby bins
    Nearby cluster IDs: {0}
    Already in cluster 0
  
  Processing bin BIN_4 (index 3):
    Finding nearby bins within 1400.0m:
      BIN_1: 93.2m (NEARBY)
        └─ Already in cluster 0
      BIN_2: 105.7m (NEARBY)
        └─ Already in cluster 0
      BIN_3: 61.4m (NEARBY)
        └─ Already in cluster 0
      BIN_5: 1268.0m (NEARBY)
        └─ Already in cluster 0
      BIN_6: 1261.6m (NEARBY)
        └─ Already in cluster 0
      BIN_7: 1304.4m (NEARBY)
        └─ Already in cluster 0
    Found 6 nearby bins
    Nearby cluster IDs: {0}
    Already in cluster 0
  
  Processing bin BIN_5 (index 4):
    Finding nearby bins within 1400.0m:
      BIN_1: 1267.7m (NEARBY)
        └─ Already in cluster 0
      BIN_2: 1212.6m (NEARBY)
        └─ Already in cluster 0
      BIN_3: 1211.2m (NEARBY)
        └─ Already in cluster 0
      BIN_4: 1268.0m (NEARBY)
        └─ Already in cluster 0
      BIN_6: 68.4m (NEARBY)
        └─ Already in cluster 0
      BIN_7: 50.8m (NEARBY)
        └─ Already in cluster 0
    Found 6 nearby bins
    Nearby cluster IDs: {0}
    Already in cluster 0
  
  Processing bin BIN_6 (index 5):
    Finding nearby bins within 1400.0m:
      BIN_1: 1266.3m (NEARBY)
        └─ Already in cluster 0
      BIN_2: 1211.2m (NEARBY)
        └─ Already in cluster 0
      BIN_3: 1206.1m (NEARBY)
        └─ Already in cluster 0
      BIN_4: 1261.6m (NEARBY)
        └─ Already in cluster 0
      BIN_5: 68.4m (NEARBY)
        └─ Already in cluster 0
      BIN_7: 54.5m (NEARBY)
        └─ Already in cluster 0
    Found 6 nearby bins
    Nearby cluster IDs: {0}
    Already in cluster 0
  
  Processing bin BIN_7 (index 6):
    Finding nearby bins within 1400.0m:
      BIN_1: 1306.6m (NEARBY)
        └─ Already in cluster 0
      BIN_2: 1251.4m (NEARBY)
        └─ Already in cluster 0
      BIN_3: 1248.2m (NEARBY)
        └─ Already in cluster 0
      BIN_4: 1304.4m (NEARBY)
        └─ Already in cluster 0
      BIN_5: 50.8m (NEARBY)
        └─ Already in cluster 0
      BIN_6: 54.5m (NEARBY)
        └─ Already in cluster 0
    Found 6 nearby bins
    Nearby cluster IDs: {0}
    Already in cluster 0
  Cleaning up duplicate bins:
  Final clustering results: 1 clusters, sizes: [7]
    Final Cluster 0: ['BIN_1', 'BIN_2', 'BIN_3', 'BIN_4', 'BIN_5', 'BIN_6', 'BIN_7']

CLUSTERING RESULTS:
  Created 1 clusters
  Cluster 0: 7 bins - ['BIN_1', 'BIN_2', 'BIN_3', 'BIN_4', 'BIN_5', 'BIN_6', 'BIN_7']
    Internal distances:
      BIN_1 to BIN_2: 55.1m
      BIN_1 to BIN_3: 88.4m
      BIN_1 to BIN_4: 93.2m
      BIN_1 to BIN_5: 1267.7m
      BIN_1 to BIN_6: 1266.3m
      BIN_1 to BIN_7: 1306.6m
      BIN_2 to BIN_3: 65.4m
      BIN_2 to BIN_4: 105.7m
      BIN_2 to BIN_5: 1212.6m
      BIN_2 to BIN_6: 1211.2m
      BIN_2 to BIN_7: 1251.4m
      BIN_3 to BIN_4: 61.4m
      BIN_3 to BIN_5: 1211.2m
      BIN_3 to BIN_6: 1206.1m
      BIN_3 to BIN_7: 1248.2m
      BIN_4 to BIN_5: 1268.0m
      BIN_4 to BIN_6: 1261.6m
      BIN_4 to BIN_7: 1304.4m
      BIN_5 to BIN_6: 68.4m
      BIN_5 to BIN_7: 50.8m
      BIN_6 to BIN_7: 54.5m
    Max internal distance: 1306.6m
============================================================
CLUSTERING DEBUG END
============================================================
🎯 Using collection queue priority routing: 6 bins
System loaded from: cleanify_system_20250818_123220.json
Starting simulation...
============================================================
CLUSTERING DEBUG START
============================================================
Input validation:
  bins_data type: <class 'list'>
  bins_data length: 7
  depot_data type: <class 'NoneType'>
  depot_data: None
  First bin structure: {'capacity': 500, 'fillLevel': 34, 'fillRate': 13, 'id': 'BIN_1', 'lat': 33.695235625277846, 'lng': 73.03494220161595, 'threshold': 80}
  All bin IDs: ['BIN_1', 'BIN_2', 'BIN_3', 'BIN_4', 'BIN_5', 'BIN_6', 'BIN_7']

CALCULATING BIN SERVICE RADIUS:
BIN RADIUS CALCULATION DEBUG:
  depot_data: None
  bins_data length: 7
  No depot data, using default bin radius: 1400m
Final bin service radius: 1400.0m

STARTING PROXIMITY CLUSTERING:
PROXIMITY CLUSTERING DEBUG:
  Bin service radius: 1400.0m
  Processing 7 bins
  All pairwise distances:
    BIN_1 to BIN_2: 55.1m ✓
    BIN_1 to BIN_3: 88.4m ✓
    BIN_1 to BIN_4: 93.2m ✓
    BIN_1 to BIN_5: 1267.7m ✓
    BIN_1 to BIN_6: 1266.3m ✓
    BIN_1 to BIN_7: 1306.6m ✓
    BIN_2 to BIN_3: 65.4m ✓
    BIN_2 to BIN_4: 105.7m ✓
    BIN_2 to BIN_5: 1212.6m ✓
    BIN_2 to BIN_6: 1211.2m ✓
    BIN_2 to BIN_7: 1251.4m ✓
    BIN_3 to BIN_4: 61.4m ✓
    BIN_3 to BIN_5: 1211.2m ✓
    BIN_3 to BIN_6: 1206.1m ✓
    BIN_3 to BIN_7: 1248.2m ✓
    BIN_4 to BIN_5: 1268.0m ✓
    BIN_4 to BIN_6: 1261.6m ✓
    BIN_4 to BIN_7: 1304.4m ✓
    BIN_5 to BIN_6: 68.4m ✓
    BIN_5 to BIN_7: 50.8m ✓
    BIN_6 to BIN_7: 54.5m ✓
  Processing bins sequentially:
  
  Processing bin BIN_1 (index 0):
    Finding nearby bins within 1400.0m:
      BIN_2: 55.1m (NEARBY)
      BIN_3: 88.4m (NEARBY)
      BIN_4: 93.2m (NEARBY)
      BIN_5: 1267.7m (NEARBY)
      BIN_6: 1266.3m (NEARBY)
      BIN_7: 1306.6m (NEARBY)
    Found 6 nearby bins
    Nearby cluster IDs: set()
    Creating new cluster 0 with current bin + nearby bins
      Added BIN_1 to cluster 0
      Added BIN_2 to cluster 0
      Added BIN_3 to cluster 0
      Added BIN_4 to cluster 0
      Added BIN_5 to cluster 0
      Added BIN_6 to cluster 0
      Added BIN_7 to cluster 0
  
  Processing bin BIN_2 (index 1):
    Finding nearby bins within 1400.0m:
      BIN_1: 55.1m (NEARBY)
        └─ Already in cluster 0
      BIN_3: 65.4m (NEARBY)
        └─ Already in cluster 0
      BIN_4: 105.7m (NEARBY)
        └─ Already in cluster 0
      BIN_5: 1212.6m (NEARBY)
        └─ Already in cluster 0
      BIN_6: 1211.2m (NEARBY)
        └─ Already in cluster 0
      BIN_7: 1251.4m (NEARBY)
        └─ Already in cluster 0
    Found 6 nearby bins
    Nearby cluster IDs: {0}
    Already in cluster 0
  
  Processing bin BIN_3 (index 2):
    Finding nearby bins within 1400.0m:
      BIN_1: 88.4m (NEARBY)
        └─ Already in cluster 0
      BIN_2: 65.4m (NEARBY)
        └─ Already in cluster 0
      BIN_4: 61.4m (NEARBY)
        └─ Already in cluster 0
      BIN_5: 1211.2m (NEARBY)
        └─ Already in cluster 0
      BIN_6: 1206.1m (NEARBY)
        └─ Already in cluster 0
      BIN_7: 1248.2m (NEARBY)
        └─ Already in cluster 0
    Found 6 nearby bins
    Nearby cluster IDs: {0}
    Already in cluster 0
  
  Processing bin BIN_4 (index 3):
    Finding nearby bins within 1400.0m:
      BIN_1: 93.2m (NEARBY)
        └─ Already in cluster 0
      BIN_2: 105.7m (NEARBY)
        └─ Already in cluster 0
      BIN_3: 61.4m (NEARBY)
        └─ Already in cluster 0
      BIN_5: 1268.0m (NEARBY)
        └─ Already in cluster 0
      BIN_6: 1261.6m (NEARBY)
        └─ Already in cluster 0
      BIN_7: 1304.4m (NEARBY)
        └─ Already in cluster 0
    Found 6 nearby bins
    Nearby cluster IDs: {0}
    Already in cluster 0
  
  Processing bin BIN_5 (index 4):
    Finding nearby bins within 1400.0m:
      BIN_1: 1267.7m (NEARBY)
        └─ Already in cluster 0
      BIN_2: 1212.6m (NEARBY)
        └─ Already in cluster 0
      BIN_3: 1211.2m (NEARBY)
        └─ Already in cluster 0
      BIN_4: 1268.0m (NEARBY)
        └─ Already in cluster 0
      BIN_6: 68.4m (NEARBY)
        └─ Already in cluster 0
      BIN_7: 50.8m (NEARBY)
        └─ Already in cluster 0
    Found 6 nearby bins
    Nearby cluster IDs: {0}
    Already in cluster 0
  
  Processing bin BIN_6 (index 5):
    Finding nearby bins within 1400.0m:
      BIN_1: 1266.3m (NEARBY)
        └─ Already in cluster 0
      BIN_2: 1211.2m (NEARBY)
        └─ Already in cluster 0
      BIN_3: 1206.1m (NEARBY)
        └─ Already in cluster 0
      BIN_4: 1261.6m (NEARBY)
        └─ Already in cluster 0
      BIN_5: 68.4m (NEARBY)
        └─ Already in cluster 0
      BIN_7: 54.5m (NEARBY)
        └─ Already in cluster 0
    Found 6 nearby bins
    Nearby cluster IDs: {0}
    Already in cluster 0
  
  Processing bin BIN_7 (index 6):
    Finding nearby bins within 1400.0m:
      BIN_1: 1306.6m (NEARBY)
        └─ Already in cluster 0
      BIN_2: 1251.4m (NEARBY)
        └─ Already in cluster 0
      BIN_3: 1248.2m (NEARBY)
        └─ Already in cluster 0
      BIN_4: 1304.4m (NEARBY)
        └─ Already in cluster 0
      BIN_5: 50.8m (NEARBY)
        └─ Already in cluster 0
      BIN_6: 54.5m (NEARBY)
        └─ Already in cluster 0
    Found 6 nearby bins
    Nearby cluster IDs: {0}
    Already in cluster 0
  Cleaning up duplicate bins:
  Final clustering results: 1 clusters, sizes: [7]
    Final Cluster 0: ['BIN_1', 'BIN_2', 'BIN_3', 'BIN_4', 'BIN_5', 'BIN_6', 'BIN_7']

CLUSTERING RESULTS:
  Created 1 clusters
  Cluster 0: 7 bins - ['BIN_1', 'BIN_2', 'BIN_3', 'BIN_4', 'BIN_5', 'BIN_6', 'BIN_7']
    Internal distances:
      BIN_1 to BIN_2: 55.1m
      BIN_1 to BIN_3: 88.4m
      BIN_1 to BIN_4: 93.2m
      BIN_1 to BIN_5: 1267.7m
      BIN_1 to BIN_6: 1266.3m
      BIN_1 to BIN_7: 1306.6m
      BIN_2 to BIN_3: 65.4m
      BIN_2 to BIN_4: 105.7m
      BIN_2 to BIN_5: 1212.6m
      BIN_2 to BIN_6: 1211.2m
      BIN_2 to BIN_7: 1251.4m
      BIN_3 to BIN_4: 61.4m
      BIN_3 to BIN_5: 1211.2m
      BIN_3 to BIN_6: 1206.1m
      BIN_3 to BIN_7: 1248.2m
      BIN_4 to BIN_5: 1268.0m
      BIN_4 to BIN_6: 1261.6m
      BIN_4 to BIN_7: 1304.4m
      BIN_5 to BIN_6: 68.4m
      BIN_5 to BIN_7: 50.8m
      BIN_6 to BIN_7: 54.5m
    Max internal distance: 1306.6m
============================================================
CLUSTERING DEBUG END
============================================================
🎯 Using collection queue priority routing: 6 bins
============================================================
CLUSTERING DEBUG START
============================================================
Input validation:
  bins_data type: <class 'list'>
  bins_data length: 7
  depot_data type: <class 'NoneType'>
  depot_data: None
  First bin structure: {'capacity': 500, 'fillLevel': 34.00361111111111, 'fillRate': 13, 'id': 'BIN_1', 'lat': 33.695235625277846, 'lng': 73.03494220161595, 'threshold': 80, 'near_threshold_count': 0, 'dynamic_threshold': 50}
  All bin IDs: ['BIN_1', 'BIN_2', 'BIN_3', 'BIN_4', 'BIN_5', 'BIN_6', 'BIN_7']

CALCULATING BIN SERVICE RADIUS:
BIN RADIUS CALCULATION DEBUG:
  depot_data: None
  bins_data length: 7
  No depot data, using default bin radius: 1400m
Final bin service radius: 1400.0m

STARTING PROXIMITY CLUSTERING:
PROXIMITY CLUSTERING DEBUG:
  Bin service radius: 1400.0m
  Processing 7 bins
  All pairwise distances:
    BIN_1 to BIN_2: 55.1m ✓
    BIN_1 to BIN_3: 88.4m ✓
    BIN_1 to BIN_4: 93.2m ✓
    BIN_1 to BIN_5: 1267.7m ✓
    BIN_1 to BIN_6: 1266.3m ✓
    BIN_1 to BIN_7: 1306.6m ✓
    BIN_2 to BIN_3: 65.4m ✓
    BIN_2 to BIN_4: 105.7m ✓
    BIN_2 to BIN_5: 1212.6m ✓
    BIN_2 to BIN_6: 1211.2m ✓
    BIN_2 to BIN_7: 1251.4m ✓
    BIN_3 to BIN_4: 61.4m ✓
    BIN_3 to BIN_5: 1211.2m ✓
    BIN_3 to BIN_6: 1206.1m ✓
    BIN_3 to BIN_7: 1248.2m ✓
    BIN_4 to BIN_5: 1268.0m ✓
    BIN_4 to BIN_6: 1261.6m ✓
    BIN_4 to BIN_7: 1304.4m ✓
    BIN_5 to BIN_6: 68.4m ✓
    BIN_5 to BIN_7: 50.8m ✓
    BIN_6 to BIN_7: 54.5m ✓
  Processing bins sequentially:
  
  Processing bin BIN_1 (index 0):
    Finding nearby bins within 1400.0m:
      BIN_2: 55.1m (NEARBY)
      BIN_3: 88.4m (NEARBY)
      BIN_4: 93.2m (NEARBY)
      BIN_5: 1267.7m (NEARBY)
      BIN_6: 1266.3m (NEARBY)
      BIN_7: 1306.6m (NEARBY)
    Found 6 nearby bins
    Nearby cluster IDs: set()
    Creating new cluster 0 with current bin + nearby bins
      Added BIN_1 to cluster 0
      Added BIN_2 to cluster 0
      Added BIN_3 to cluster 0
      Added BIN_4 to cluster 0
      Added BIN_5 to cluster 0
      Added BIN_6 to cluster 0
      Added BIN_7 to cluster 0
  
  Processing bin BIN_2 (index 1):
    Finding nearby bins within 1400.0m:
      BIN_1: 55.1m (NEARBY)
        └─ Already in cluster 0
      BIN_3: 65.4m (NEARBY)
        └─ Already in cluster 0
      BIN_4: 105.7m (NEARBY)
        └─ Already in cluster 0
      BIN_5: 1212.6m (NEARBY)
        └─ Already in cluster 0
      BIN_6: 1211.2m (NEARBY)
        └─ Already in cluster 0
      BIN_7: 1251.4m (NEARBY)
        └─ Already in cluster 0
    Found 6 nearby bins
    Nearby cluster IDs: {0}
    Already in cluster 0
  
  Processing bin BIN_3 (index 2):
    Finding nearby bins within 1400.0m:
      BIN_1: 88.4m (NEARBY)
        └─ Already in cluster 0
      BIN_2: 65.4m (NEARBY)
        └─ Already in cluster 0
      BIN_4: 61.4m (NEARBY)
        └─ Already in cluster 0
      BIN_5: 1211.2m (NEARBY)
        └─ Already in cluster 0
      BIN_6: 1206.1m (NEARBY)
        └─ Already in cluster 0
      BIN_7: 1248.2m (NEARBY)
        └─ Already in cluster 0
    Found 6 nearby bins
    Nearby cluster IDs: {0}
    Already in cluster 0
  
  Processing bin BIN_4 (index 3):
    Finding nearby bins within 1400.0m:
      BIN_1: 93.2m (NEARBY)
        └─ Already in cluster 0
      BIN_2: 105.7m (NEARBY)
        └─ Already in cluster 0
      BIN_3: 61.4m (NEARBY)
        └─ Already in cluster 0
      BIN_5: 1268.0m (NEARBY)
        └─ Already in cluster 0
      BIN_6: 1261.6m (NEARBY)
        └─ Already in cluster 0
      BIN_7: 1304.4m (NEARBY)
        └─ Already in cluster 0
    Found 6 nearby bins
    Nearby cluster IDs: {0}
    Already in cluster 0
  
  Processing bin BIN_5 (index 4):
    Finding nearby bins within 1400.0m:
      BIN_1: 1267.7m (NEARBY)
        └─ Already in cluster 0
      BIN_2: 1212.6m (NEARBY)
        └─ Already in cluster 0
      BIN_3: 1211.2m (NEARBY)
        └─ Already in cluster 0
      BIN_4: 1268.0m (NEARBY)
        └─ Already in cluster 0
      BIN_6: 68.4m (NEARBY)
        └─ Already in cluster 0
      BIN_7: 50.8m (NEARBY)
        └─ Already in cluster 0
    Found 6 nearby bins
    Nearby cluster IDs: {0}
    Already in cluster 0
  
  Processing bin BIN_6 (index 5):
    Finding nearby bins within 1400.0m:
      BIN_1: 1266.3m (NEARBY)
        └─ Already in cluster 0
      BIN_2: 1211.2m (NEARBY)
        └─ Already in cluster 0
      BIN_3: 1206.1m (NEARBY)
        └─ Already in cluster 0
      BIN_4: 1261.6m (NEARBY)
        └─ Already in cluster 0
      BIN_5: 68.4m (NEARBY)
        └─ Already in cluster 0
      BIN_7: 54.5m (NEARBY)
        └─ Already in cluster 0
    Found 6 nearby bins
    Nearby cluster IDs: {0}
    Already in cluster 0
  
  Processing bin BIN_7 (index 6):
    Finding nearby bins within 1400.0m:
      BIN_1: 1306.6m (NEARBY)
        └─ Already in cluster 0
      BIN_2: 1251.4m (NEARBY)
        └─ Already in cluster 0
      BIN_3: 1248.2m (NEARBY)
        └─ Already in cluster 0
      BIN_4: 1304.4m (NEARBY)
        └─ Already in cluster 0
      BIN_5: 50.8m (NEARBY)
        └─ Already in cluster 0
      BIN_6: 54.5m (NEARBY)
        └─ Already in cluster 0
    Found 6 nearby bins
    Nearby cluster IDs: {0}
    Already in cluster 0
  Cleaning up duplicate bins:
  Final clustering results: 1 clusters, sizes: [7]
    Final Cluster 0: ['BIN_1', 'BIN_2', 'BIN_3', 'BIN_4', 'BIN_5', 'BIN_6', 'BIN_7']

CLUSTERING RESULTS:
  Created 1 clusters
  Cluster 0: 7 bins - ['BIN_1', 'BIN_2', 'BIN_3', 'BIN_4', 'BIN_5', 'BIN_6', 'BIN_7']
    Internal distances:
      BIN_1 to BIN_2: 55.1m
      BIN_1 to BIN_3: 88.4m
      BIN_1 to BIN_4: 93.2m
      BIN_1 to BIN_5: 1267.7m
      BIN_1 to BIN_6: 1266.3m
      BIN_1 to BIN_7: 1306.6m
      BIN_2 to BIN_3: 65.4m
      BIN_2 to BIN_4: 105.7m
      BIN_2 to BIN_5: 1212.6m
      BIN_2 to BIN_6: 1211.2m
      BIN_2 to BIN_7: 1251.4m
      BIN_3 to BIN_4: 61.4m
      BIN_3 to BIN_5: 1211.2m
      BIN_3 to BIN_6: 1206.1m
      BIN_3 to BIN_7: 1248.2m
      BIN_4 to BIN_5: 1268.0m
      BIN_4 to BIN_6: 1261.6m
      BIN_4 to BIN_7: 1304.4m
      BIN_5 to BIN_6: 68.4m
      BIN_5 to BIN_7: 50.8m
      BIN_6 to BIN_7: 54.5m
    Max internal distance: 1306.6m
============================================================
CLUSTERING DEBUG END
============================================================
============================================================
CLUSTERING DEBUG START
============================================================
Input validation:
  bins_data type: <class 'list'>
  bins_data length: 7
  depot_data type: <class 'NoneType'>
  depot_data: None
  First bin structure: {'capacity': 500, 'fillLevel': 34.00361111111111, 'fillRate': 13, 'id': 'BIN_1', 'lat': 33.695235625277846, 'lng': 73.03494220161595, 'threshold': 80, 'near_threshold_count': 0, 'dynamic_threshold': 50}
  All bin IDs: ['BIN_1', 'BIN_2', 'BIN_3', 'BIN_4', 'BIN_5', 'BIN_6', 'BIN_7']

CALCULATING BIN SERVICE RADIUS:
BIN RADIUS CALCULATION DEBUG:
  depot_data: None
  bins_data length: 7
  No depot data, using default bin radius: 1400m
Final bin service radius: 1400.0m

STARTING PROXIMITY CLUSTERING:
PROXIMITY CLUSTERING DEBUG:
  Bin service radius: 1400.0m
  Processing 7 bins
  All pairwise distances:
    BIN_1 to BIN_2: 55.1m ✓
    BIN_1 to BIN_3: 88.4m ✓
    BIN_1 to BIN_4: 93.2m ✓
    BIN_1 to BIN_5: 1267.7m ✓
    BIN_1 to BIN_6: 1266.3m ✓
    BIN_1 to BIN_7: 1306.6m ✓
    BIN_2 to BIN_3: 65.4m ✓
    BIN_2 to BIN_4: 105.7m ✓
    BIN_2 to BIN_5: 1212.6m ✓
    BIN_2 to BIN_6: 1211.2m ✓
    BIN_2 to BIN_7: 1251.4m ✓
    BIN_3 to BIN_4: 61.4m ✓
    BIN_3 to BIN_5: 1211.2m ✓
    BIN_3 to BIN_6: 1206.1m ✓
    BIN_3 to BIN_7: 1248.2m ✓
    BIN_4 to BIN_5: 1268.0m ✓
    BIN_4 to BIN_6: 1261.6m ✓
    BIN_4 to BIN_7: 1304.4m ✓
    BIN_5 to BIN_6: 68.4m ✓
    BIN_5 to BIN_7: 50.8m ✓
    BIN_6 to BIN_7: 54.5m ✓
  Processing bins sequentially:
  
  Processing bin BIN_1 (index 0):
    Finding nearby bins within 1400.0m:
      BIN_2: 55.1m (NEARBY)
      BIN_3: 88.4m (NEARBY)
      BIN_4: 93.2m (NEARBY)
      BIN_5: 1267.7m (NEARBY)
      BIN_6: 1266.3m (NEARBY)
      BIN_7: 1306.6m (NEARBY)
    Found 6 nearby bins
    Nearby cluster IDs: set()
    Creating new cluster 0 with current bin + nearby bins
      Added BIN_1 to cluster 0
      Added BIN_2 to cluster 0
      Added BIN_3 to cluster 0
      Added BIN_4 to cluster 0
      Added BIN_5 to cluster 0
      Added BIN_6 to cluster 0
      Added BIN_7 to cluster 0
  
  Processing bin BIN_2 (index 1):
    Finding nearby bins within 1400.0m:
      BIN_1: 55.1m (NEARBY)
        └─ Already in cluster 0
      BIN_3: 65.4m (NEARBY)
        └─ Already in cluster 0
      BIN_4: 105.7m (NEARBY)
        └─ Already in cluster 0
      BIN_5: 1212.6m (NEARBY)
        └─ Already in cluster 0
      BIN_6: 1211.2m (NEARBY)
        └─ Already in cluster 0
      BIN_7: 1251.4m (NEARBY)
        └─ Already in cluster 0
    Found 6 nearby bins
    Nearby cluster IDs: {0}
    Already in cluster 0
  
  Processing bin BIN_3 (index 2):
    Finding nearby bins within 1400.0m:
      BIN_1: 88.4m (NEARBY)
        └─ Already in cluster 0
      BIN_2: 65.4m (NEARBY)
        └─ Already in cluster 0
      BIN_4: 61.4m (NEARBY)
        └─ Already in cluster 0
      BIN_5: 1211.2m (NEARBY)
        └─ Already in cluster 0
      BIN_6: 1206.1m (NEARBY)
        └─ Already in cluster 0
      BIN_7: 1248.2m (NEARBY)
        └─ Already in cluster 0
    Found 6 nearby bins
    Nearby cluster IDs: {0}
    Already in cluster 0
  
  Processing bin BIN_4 (index 3):
    Finding nearby bins within 1400.0m:
      BIN_1: 93.2m (NEARBY)
        └─ Already in cluster 0
      BIN_2: 105.7m (NEARBY)
        └─ Already in cluster 0
      BIN_3: 61.4m (NEARBY)
        └─ Already in cluster 0
      BIN_5: 1268.0m (NEARBY)
        └─ Already in cluster 0
      BIN_6: 1261.6m (NEARBY)
        └─ Already in cluster 0
      BIN_7: 1304.4m (NEARBY)
        └─ Already in cluster 0
    Found 6 nearby bins
    Nearby cluster IDs: {0}
    Already in cluster 0
  
  Processing bin BIN_5 (index 4):
    Finding nearby bins within 1400.0m:
      BIN_1: 1267.7m (NEARBY)
        └─ Already in cluster 0
      BIN_2: 1212.6m (NEARBY)
        └─ Already in cluster 0
      BIN_3: 1211.2m (NEARBY)
        └─ Already in cluster 0
      BIN_4: 1268.0m (NEARBY)
        └─ Already in cluster 0
      BIN_6: 68.4m (NEARBY)
        └─ Already in cluster 0
      BIN_7: 50.8m (NEARBY)
        └─ Already in cluster 0
    Found 6 nearby bins
    Nearby cluster IDs: {0}
    Already in cluster 0
  
  Processing bin BIN_6 (index 5):
    Finding nearby bins within 1400.0m:
      BIN_1: 1266.3m (NEARBY)
        └─ Already in cluster 0
      BIN_2: 1211.2m (NEARBY)
        └─ Already in cluster 0
      BIN_3: 1206.1m (NEARBY)
        └─ Already in cluster 0
      BIN_4: 1261.6m (NEARBY)
        └─ Already in cluster 0
      BIN_5: 68.4m (NEARBY)
        └─ Already in cluster 0
      BIN_7: 54.5m (NEARBY)
        └─ Already in cluster 0
    Found 6 nearby bins
    Nearby cluster IDs: {0}
    Already in cluster 0
  
  Processing bin BIN_7 (index 6):
    Finding nearby bins within 1400.0m:
      BIN_1: 1306.6m (NEARBY)
        └─ Already in cluster 0
      BIN_2: 1251.4m (NEARBY)
        └─ Already in cluster 0
      BIN_3: 1248.2m (NEARBY)
        └─ Already in cluster 0
      BIN_4: 1304.4m (NEARBY)
        └─ Already in cluster 0
      BIN_5: 50.8m (NEARBY)
        └─ Already in cluster 0
      BIN_6: 54.5m (NEARBY)
        └─ Already in cluster 0
    Found 6 nearby bins
    Nearby cluster IDs: {0}
    Already in cluster 0
  Cleaning up duplicate bins:
  Final clustering results: 1 clusters, sizes: [7]
    Final Cluster 0: ['BIN_1', 'BIN_2', 'BIN_3', 'BIN_4', 'BIN_5', 'BIN_6', 'BIN_7']

CLUSTERING RESULTS:
  Created 1 clusters
  Cluster 0: 7 bins - ['BIN_1', 'BIN_2', 'BIN_3', 'BIN_4', 'BIN_5', 'BIN_6', 'BIN_7']
    Internal distances:
      BIN_1 to BIN_2: 55.1m
      BIN_1 to BIN_3: 88.4m
      BIN_1 to BIN_4: 93.2m
      BIN_1 to BIN_5: 1267.7m
      BIN_1 to BIN_6: 1266.3m
      BIN_1 to BIN_7: 1306.6m
      BIN_2 to BIN_3: 65.4m
      BIN_2 to BIN_4: 105.7m
      BIN_2 to BIN_5: 1212.6m
      BIN_2 to BIN_6: 1211.2m
      BIN_2 to BIN_7: 1251.4m
      BIN_3 to BIN_4: 61.4m
      BIN_3 to BIN_5: 1211.2m
      BIN_3 to BIN_6: 1206.1m
      BIN_3 to BIN_7: 1248.2m
      BIN_4 to BIN_5: 1268.0m
      BIN_4 to BIN_6: 1261.6m
      BIN_4 to BIN_7: 1304.4m
      BIN_5 to BIN_6: 68.4m
      BIN_5 to BIN_7: 50.8m
      BIN_6 to BIN_7: 54.5m
    Max internal distance: 1306.6m
============================================================
CLUSTERING DEBUG END
============================================================
🎯 Using collection queue priority routing: 6 bins
============================================================
CLUSTERING DEBUG START
============================================================
Input validation:
  bins_data type: <class 'list'>
  bins_data length: 7
  depot_data type: <class 'NoneType'>
  depot_data: None
  First bin structure: {'capacity': 500, 'fillLevel': 34.007222222222225, 'fillRate': 13, 'id': 'BIN_1', 'lat': 33.695235625277846, 'lng': 73.03494220161595, 'threshold': 80, 'near_threshold_count': 0, 'dynamic_threshold': 50}
  All bin IDs: ['BIN_1', 'BIN_2', 'BIN_3', 'BIN_4', 'BIN_5', 'BIN_6', 'BIN_7']

CALCULATING BIN SERVICE RADIUS:
BIN RADIUS CALCULATION DEBUG:
  depot_data: None
  bins_data length: 7
  No depot data, using default bin radius: 1400m
Final bin service radius: 1400.0m

STARTING PROXIMITY CLUSTERING:
PROXIMITY CLUSTERING DEBUG:
  Bin service radius: 1400.0m
  Processing 7 bins
  All pairwise distances:
    BIN_1 to BIN_2: 55.1m ✓
    BIN_1 to BIN_3: 88.4m ✓
    BIN_1 to BIN_4: 93.2m ✓
    BIN_1 to BIN_5: 1267.7m ✓
    BIN_1 to BIN_6: 1266.3m ✓
    BIN_1 to BIN_7: 1306.6m ✓
    BIN_2 to BIN_3: 65.4m ✓
    BIN_2 to BIN_4: 105.7m ✓
    BIN_2 to BIN_5: 1212.6m ✓
    BIN_2 to BIN_6: 1211.2m ✓
    BIN_2 to BIN_7: 1251.4m ✓
    BIN_3 to BIN_4: 61.4m ✓
    BIN_3 to BIN_5: 1211.2m ✓
    BIN_3 to BIN_6: 1206.1m ✓
    BIN_3 to BIN_7: 1248.2m ✓
    BIN_4 to BIN_5: 1268.0m ✓
    BIN_4 to BIN_6: 1261.6m ✓
    BIN_4 to BIN_7: 1304.4m ✓
    BIN_5 to BIN_6: 68.4m ✓
    BIN_5 to BIN_7: 50.8m ✓
    BIN_6 to BIN_7: 54.5m ✓
  Processing bins sequentially:
  
  Processing bin BIN_1 (index 0):
    Finding nearby bins within 1400.0m:
      BIN_2: 55.1m (NEARBY)
      BIN_3: 88.4m (NEARBY)
      BIN_4: 93.2m (NEARBY)
      BIN_5: 1267.7m (NEARBY)
      BIN_6: 1266.3m (NEARBY)
      BIN_7: 1306.6m (NEARBY)
    Found 6 nearby bins
    Nearby cluster IDs: set()
    Creating new cluster 0 with current bin + nearby bins
      Added BIN_1 to cluster 0
      Added BIN_2 to cluster 0
      Added BIN_3 to cluster 0
      Added BIN_4 to cluster 0
      Added BIN_5 to cluster 0
      Added BIN_6 to cluster 0
      Added BIN_7 to cluster 0
  
  Processing bin BIN_2 (index 1):
    Finding nearby bins within 1400.0m:
      BIN_1: 55.1m (NEARBY)
        └─ Already in cluster 0
      BIN_3: 65.4m (NEARBY)
        └─ Already in cluster 0
      BIN_4: 105.7m (NEARBY)
        └─ Already in cluster 0
      BIN_5: 1212.6m (NEARBY)
        └─ Already in cluster 0
      BIN_6: 1211.2m (NEARBY)
        └─ Already in cluster 0
      BIN_7: 1251.4m (NEARBY)
        └─ Already in cluster 0
    Found 6 nearby bins
    Nearby cluster IDs: {0}
    Already in cluster 0
  
  Processing bin BIN_3 (index 2):
    Finding nearby bins within 1400.0m:
      BIN_1: 88.4m (NEARBY)
        └─ Already in cluster 0
      BIN_2: 65.4m (NEARBY)
        └─ Already in cluster 0
      BIN_4: 61.4m (NEARBY)
        └─ Already in cluster 0
      BIN_5: 1211.2m (NEARBY)
        └─ Already in cluster 0
      BIN_6: 1206.1m (NEARBY)
        └─ Already in cluster 0
      BIN_7: 1248.2m (NEARBY)
        └─ Already in cluster 0
    Found 6 nearby bins
    Nearby cluster IDs: {0}
    Already in cluster 0
  
  Processing bin BIN_4 (index 3):
    Finding nearby bins within 1400.0m:
      BIN_1: 93.2m (NEARBY)
        └─ Already in cluster 0
      BIN_2: 105.7m (NEARBY)
        └─ Already in cluster 0
      BIN_3: 61.4m (NEARBY)
        └─ Already in cluster 0
      BIN_5: 1268.0m (NEARBY)
        └─ Already in cluster 0
      BIN_6: 1261.6m (NEARBY)
        └─ Already in cluster 0
      BIN_7: 1304.4m (NEARBY)
        └─ Already in cluster 0
    Found 6 nearby bins
    Nearby cluster IDs: {0}
    Already in cluster 0
  
  Processing bin BIN_5 (index 4):
    Finding nearby bins within 1400.0m:
      BIN_1: 1267.7m (NEARBY)
        └─ Already in cluster 0
      BIN_2: 1212.6m (NEARBY)
        └─ Already in cluster 0
      BIN_3: 1211.2m (NEARBY)
        └─ Already in cluster 0
      BIN_4: 1268.0m (NEARBY)
        └─ Already in cluster 0
      BIN_6: 68.4m (NEARBY)
        └─ Already in cluster 0
      BIN_7: 50.8m (NEARBY)
        └─ Already in cluster 0
    Found 6 nearby bins
    Nearby cluster IDs: {0}
    Already in cluster 0
  
  Processing bin BIN_6 (index 5):
    Finding nearby bins within 1400.0m:
      BIN_1: 1266.3m (NEARBY)
        └─ Already in cluster 0
      BIN_2: 1211.2m (NEARBY)
        └─ Already in cluster 0
      BIN_3: 1206.1m (NEARBY)
        └─ Already in cluster 0
      BIN_4: 1261.6m (NEARBY)
        └─ Already in cluster 0
      BIN_5: 68.4m (NEARBY)
        └─ Already in cluster 0
      BIN_7: 54.5m (NEARBY)
        └─ Already in cluster 0
    Found 6 nearby bins
    Nearby cluster IDs: {0}
    Already in cluster 0
  
  Processing bin BIN_7 (index 6):
    Finding nearby bins within 1400.0m:
      BIN_1: 1306.6m (NEARBY)
        └─ Already in cluster 0
      BIN_2: 1251.4m (NEARBY)
        └─ Already in cluster 0
      BIN_3: 1248.2m (NEARBY)
        └─ Already in cluster 0
      BIN_4: 1304.4m (NEARBY)
        └─ Already in cluster 0
      BIN_5: 50.8m (NEARBY)
        └─ Already in cluster 0
      BIN_6: 54.5m (NEARBY)
        └─ Already in cluster 0
    Found 6 nearby bins
    Nearby cluster IDs: {0}
    Already in cluster 0
  Cleaning up duplicate bins:
  Final clustering results: 1 clusters, sizes: [7]
    Final Cluster 0: ['BIN_1', 'BIN_2', 'BIN_3', 'BIN_4', 'BIN_5', 'BIN_6', 'BIN_7']

CLUSTERING RESULTS:
  Created 1 clusters
  Cluster 0: 7 bins - ['BIN_1', 'BIN_2', 'BIN_3', 'BIN_4', 'BIN_5', 'BIN_6', 'BIN_7']
    Internal distances:
      BIN_1 to BIN_2: 55.1m
      BIN_1 to BIN_3: 88.4m
      BIN_1 to BIN_4: 93.2m
      BIN_1 to BIN_5: 1267.7m
      BIN_1 to BIN_6: 1266.3m
      BIN_1 to BIN_7: 1306.6m
      BIN_2 to BIN_3: 65.4m
      BIN_2 to BIN_4: 105.7m
      BIN_2 to BIN_5: 1212.6m
      BIN_2 to BIN_6: 1211.2m
      BIN_2 to BIN_7: 1251.4m
      BIN_3 to BIN_4: 61.4m
      BIN_3 to BIN_5: 1211.2m
      BIN_3 to BIN_6: 1206.1m
      BIN_3 to BIN_7: 1248.2m
      BIN_4 to BIN_5: 1268.0m
      BIN_4 to BIN_6: 1261.6m
      BIN_4 to BIN_7: 1304.4m
      BIN_5 to BIN_6: 68.4m
      BIN_5 to BIN_7: 50.8m
      BIN_6 to BIN_7: 54.5m
    Max internal distance: 1306.6m
============================================================
CLUSTERING DEBUG END
============================================================
🎯 Using collection queue priority routing: 6 bins
============================================================
CLUSTERING DEBUG START
============================================================
Input validation:
  bins_data type: <class 'list'>
  bins_data length: 7
  depot_data type: <class 'NoneType'>
  depot_data: None
  First bin structure: {'capacity': 500, 'fillLevel': 34.01083333333334, 'fillRate': 13, 'id': 'BIN_1', 'lat': 33.695235625277846, 'lng': 73.03494220161595, 'threshold': 80, 'near_threshold_count': 0, 'dynamic_threshold': 50}
  All bin IDs: ['BIN_1', 'BIN_2', 'BIN_3', 'BIN_4', 'BIN_5', 'BIN_6', 'BIN_7']

CALCULATING BIN SERVICE RADIUS:
BIN RADIUS CALCULATION DEBUG:
  depot_data: None
  bins_data length: 7
  No depot data, using default bin radius: 1400m
Final bin service radius: 1400.0m

STARTING PROXIMITY CLUSTERING:
PROXIMITY CLUSTERING DEBUG:
  Bin service radius: 1400.0m
  Processing 7 bins
  All pairwise distances:
    BIN_1 to BIN_2: 55.1m ✓
    BIN_1 to BIN_3: 88.4m ✓
    BIN_1 to BIN_4: 93.2m ✓
    BIN_1 to BIN_5: 1267.7m ✓
    BIN_1 to BIN_6: 1266.3m ✓
    BIN_1 to BIN_7: 1306.6m ✓
    BIN_2 to BIN_3: 65.4m ✓
    BIN_2 to BIN_4: 105.7m ✓
    BIN_2 to BIN_5: 1212.6m ✓
    BIN_2 to BIN_6: 1211.2m ✓
    BIN_2 to BIN_7: 1251.4m ✓
    BIN_3 to BIN_4: 61.4m ✓
    BIN_3 to BIN_5: 1211.2m ✓
    BIN_3 to BIN_6: 1206.1m ✓
    BIN_3 to BIN_7: 1248.2m ✓
    BIN_4 to BIN_5: 1268.0m ✓
    BIN_4 to BIN_6: 1261.6m ✓
    BIN_4 to BIN_7: 1304.4m ✓
    BIN_5 to BIN_6: 68.4m ✓
    BIN_5 to BIN_7: 50.8m ✓
    BIN_6 to BIN_7: 54.5m ✓
  Processing bins sequentially:
  
  Processing bin BIN_1 (index 0):
    Finding nearby bins within 1400.0m:
      BIN_2: 55.1m (NEARBY)
      BIN_3: 88.4m (NEARBY)
      BIN_4: 93.2m (NEARBY)
      BIN_5: 1267.7m (NEARBY)
      BIN_6: 1266.3m (NEARBY)
      BIN_7: 1306.6m (NEARBY)
    Found 6 nearby bins
    Nearby cluster IDs: set()
    Creating new cluster 0 with current bin + nearby bins
      Added BIN_1 to cluster 0
      Added BIN_2 to cluster 0
      Added BIN_3 to cluster 0
      Added BIN_4 to cluster 0
      Added BIN_5 to cluster 0
      Added BIN_6 to cluster 0
      Added BIN_7 to cluster 0
  
  Processing bin BIN_2 (index 1):
    Finding nearby bins within 1400.0m:
      BIN_1: 55.1m (NEARBY)
        └─ Already in cluster 0
      BIN_3: 65.4m (NEARBY)
        └─ Already in cluster 0
      BIN_4: 105.7m (NEARBY)
        └─ Already in cluster 0
      BIN_5: 1212.6m (NEARBY)
        └─ Already in cluster 0
      BIN_6: 1211.2m (NEARBY)
        └─ Already in cluster 0
      BIN_7: 1251.4m (NEARBY)
        └─ Already in cluster 0
    Found 6 nearby bins
    Nearby cluster IDs: {0}
    Already in cluster 0
  
  Processing bin BIN_3 (index 2):
    Finding nearby bins within 1400.0m:
      BIN_1: 88.4m (NEARBY)
        └─ Already in cluster 0
      BIN_2: 65.4m (NEARBY)
        └─ Already in cluster 0
      BIN_4: 61.4m (NEARBY)
        └─ Already in cluster 0
      BIN_5: 1211.2m (NEARBY)
        └─ Already in cluster 0
      BIN_6: 1206.1m (NEARBY)
        └─ Already in cluster 0
      BIN_7: 1248.2m (NEARBY)
        └─ Already in cluster 0
    Found 6 nearby bins
    Nearby cluster IDs: {0}
    Already in cluster 0
  
  Processing bin BIN_4 (index 3):
    Finding nearby bins within 1400.0m:
      BIN_1: 93.2m (NEARBY)
        └─ Already in cluster 0
      BIN_2: 105.7m (NEARBY)
        └─ Already in cluster 0
      BIN_3: 61.4m (NEARBY)
        └─ Already in cluster 0
      BIN_5: 1268.0m (NEARBY)
        └─ Already in cluster 0
      BIN_6: 1261.6m (NEARBY)
        └─ Already in cluster 0
      BIN_7: 1304.4m (NEARBY)
        └─ Already in cluster 0
    Found 6 nearby bins
    Nearby cluster IDs: {0}
    Already in cluster 0
  
  Processing bin BIN_5 (index 4):
    Finding nearby bins within 1400.0m:
      BIN_1: 1267.7m (NEARBY)
        └─ Already in cluster 0
      BIN_2: 1212.6m (NEARBY)
        └─ Already in cluster 0
      BIN_3: 1211.2m (NEARBY)
        └─ Already in cluster 0
      BIN_4: 1268.0m (NEARBY)
        └─ Already in cluster 0
      BIN_6: 68.4m (NEARBY)
        └─ Already in cluster 0
      BIN_7: 50.8m (NEARBY)
        └─ Already in cluster 0
    Found 6 nearby bins
    Nearby cluster IDs: {0}
    Already in cluster 0
  
  Processing bin BIN_6 (index 5):
    Finding nearby bins within 1400.0m:
      BIN_1: 1266.3m (NEARBY)
        └─ Already in cluster 0
      BIN_2: 1211.2m (NEARBY)
        └─ Already in cluster 0
      BIN_3: 1206.1m (NEARBY)
        └─ Already in cluster 0
      BIN_4: 1261.6m (NEARBY)
        └─ Already in cluster 0
      BIN_5: 68.4m (NEARBY)
        └─ Already in cluster 0
      BIN_7: 54.5m (NEARBY)
        └─ Already in cluster 0
    Found 6 nearby bins
    Nearby cluster IDs: {0}
    Already in cluster 0
  
  Processing bin BIN_7 (index 6):
    Finding nearby bins within 1400.0m:
      BIN_1: 1306.6m (NEARBY)
        └─ Already in cluster 0
      BIN_2: 1251.4m (NEARBY)
        └─ Already in cluster 0
      BIN_3: 1248.2m (NEARBY)
        └─ Already in cluster 0
      BIN_4: 1304.4m (NEARBY)
        └─ Already in cluster 0
      BIN_5: 50.8m (NEARBY)
        └─ Already in cluster 0
      BIN_6: 54.5m (NEARBY)
        └─ Already in cluster 0
    Found 6 nearby bins
    Nearby cluster IDs: {0}
    Already in cluster 0
  Cleaning up duplicate bins:
  Final clustering results: 1 clusters, sizes: [7]
    Final Cluster 0: ['BIN_1', 'BIN_2', 'BIN_3', 'BIN_4', 'BIN_5', 'BIN_6', 'BIN_7']

CLUSTERING RESULTS:
  Created 1 clusters
  Cluster 0: 7 bins - ['BIN_1', 'BIN_2', 'BIN_3', 'BIN_4', 'BIN_5', 'BIN_6', 'BIN_7']
    Internal distances:
      BIN_1 to BIN_2: 55.1m
      BIN_1 to BIN_3: 88.4m
      BIN_1 to BIN_4: 93.2m
      BIN_1 to BIN_5: 1267.7m
      BIN_1 to BIN_6: 1266.3m
      BIN_1 to BIN_7: 1306.6m
      BIN_2 to BIN_3: 65.4m
      BIN_2 to BIN_4: 105.7m
      BIN_2 to BIN_5: 1212.6m
      BIN_2 to BIN_6: 1211.2m
      BIN_2 to BIN_7: 1251.4m
      BIN_3 to BIN_4: 61.4m
      BIN_3 to BIN_5: 1211.2m
      BIN_3 to BIN_6: 1206.1m
      BIN_3 to BIN_7: 1248.2m
      BIN_4 to BIN_5: 1268.0m
      BIN_4 to BIN_6: 1261.6m
      BIN_4 to BIN_7: 1304.4m
      BIN_5 to BIN_6: 68.4m
      BIN_5 to BIN_7: 50.8m
      BIN_6 to BIN_7: 54.5m
    Max internal distance: 1306.6m
============================================================
CLUSTERING DEBUG END
============================================================
🎯 Using collection queue priority routing: 6 bins
============================================================
CLUSTERING DEBUG START
============================================================
Input validation:
  bins_data type: <class 'list'>
  bins_data length: 7
  depot_data type: <class 'NoneType'>
  depot_data: None
  First bin structure: {'capacity': 500, 'fillLevel': 34.01444444444445, 'fillRate': 13, 'id': 'BIN_1', 'lat': 33.695235625277846, 'lng': 73.03494220161595, 'threshold': 80, 'near_threshold_count': 0, 'dynamic_threshold': 50}
  All bin IDs: ['BIN_1', 'BIN_2', 'BIN_3', 'BIN_4', 'BIN_5', 'BIN_6', 'BIN_7']

CALCULATING BIN SERVICE RADIUS:
BIN RADIUS CALCULATION DEBUG:
  depot_data: None
  bins_data length: 7
  No depot data, using default bin radius: 1400m
Final bin service radius: 1400.0m

STARTING PROXIMITY CLUSTERING:
PROXIMITY CLUSTERING DEBUG:
  Bin service radius: 1400.0m
  Processing 7 bins
  All pairwise distances:
    BIN_1 to BIN_2: 55.1m ✓
    BIN_1 to BIN_3: 88.4m ✓
    BIN_1 to BIN_4: 93.2m ✓
    BIN_1 to BIN_5: 1267.7m ✓
    BIN_1 to BIN_6: 1266.3m ✓
    BIN_1 to BIN_7: 1306.6m ✓
    BIN_2 to BIN_3: 65.4m ✓
    BIN_2 to BIN_4: 105.7m ✓
    BIN_2 to BIN_5: 1212.6m ✓
    BIN_2 to BIN_6: 1211.2m ✓
    BIN_2 to BIN_7: 1251.4m ✓
    BIN_3 to BIN_4: 61.4m ✓
    BIN_3 to BIN_5: 1211.2m ✓
    BIN_3 to BIN_6: 1206.1m ✓
    BIN_3 to BIN_7: 1248.2m ✓
    BIN_4 to BIN_5: 1268.0m ✓
    BIN_4 to BIN_6: 1261.6m ✓
    BIN_4 to BIN_7: 1304.4m ✓
    BIN_5 to BIN_6: 68.4m ✓
    BIN_5 to BIN_7: 50.8m ✓
    BIN_6 to BIN_7: 54.5m ✓
  Processing bins sequentially:
  
  Processing bin BIN_1 (index 0):
    Finding nearby bins within 1400.0m:
      BIN_2: 55.1m (NEARBY)
      BIN_3: 88.4m (NEARBY)
      BIN_4: 93.2m (NEARBY)
      BIN_5: 1267.7m (NEARBY)
      BIN_6: 1266.3m (NEARBY)
      BIN_7: 1306.6m (NEARBY)
    Found 6 nearby bins
    Nearby cluster IDs: set()
    Creating new cluster 0 with current bin + nearby bins
      Added BIN_1 to cluster 0
      Added BIN_2 to cluster 0
      Added BIN_3 to cluster 0
      Added BIN_4 to cluster 0
      Added BIN_5 to cluster 0
      Added BIN_6 to cluster 0
      Added BIN_7 to cluster 0
  
  Processing bin BIN_2 (index 1):
    Finding nearby bins within 1400.0m:
      BIN_1: 55.1m (NEARBY)
        └─ Already in cluster 0
      BIN_3: 65.4m (NEARBY)
        └─ Already in cluster 0
      BIN_4: 105.7m (NEARBY)
        └─ Already in cluster 0
      BIN_5: 1212.6m (NEARBY)
        └─ Already in cluster 0
      BIN_6: 1211.2m (NEARBY)
        └─ Already in cluster 0
      BIN_7: 1251.4m (NEARBY)
        └─ Already in cluster 0
    Found 6 nearby bins
    Nearby cluster IDs: {0}
    Already in cluster 0
  
  Processing bin BIN_3 (index 2):
    Finding nearby bins within 1400.0m:
      BIN_1: 88.4m (NEARBY)
        └─ Already in cluster 0
      BIN_2: 65.4m (NEARBY)
        └─ Already in cluster 0
      BIN_4: 61.4m (NEARBY)
        └─ Already in cluster 0
      BIN_5: 1211.2m (NEARBY)
        └─ Already in cluster 0
      BIN_6: 1206.1m (NEARBY)
        └─ Already in cluster 0
      BIN_7: 1248.2m (NEARBY)
        └─ Already in cluster 0
    Found 6 nearby bins
    Nearby cluster IDs: {0}
    Already in cluster 0
  
  Processing bin BIN_4 (index 3):
    Finding nearby bins within 1400.0m:
      BIN_1: 93.2m (NEARBY)
        └─ Already in cluster 0
      BIN_2: 105.7m (NEARBY)
        └─ Already in cluster 0
      BIN_3: 61.4m (NEARBY)
        └─ Already in cluster 0
      BIN_5: 1268.0m (NEARBY)
        └─ Already in cluster 0
      BIN_6: 1261.6m (NEARBY)
        └─ Already in cluster 0
      BIN_7: 1304.4m (NEARBY)
        └─ Already in cluster 0
    Found 6 nearby bins
    Nearby cluster IDs: {0}
    Already in cluster 0
  
  Processing bin BIN_5 (index 4):
    Finding nearby bins within 1400.0m:
      BIN_1: 1267.7m (NEARBY)
        └─ Already in cluster 0
      BIN_2: 1212.6m (NEARBY)
        └─ Already in cluster 0
      BIN_3: 1211.2m (NEARBY)
        └─ Already in cluster 0
      BIN_4: 1268.0m (NEARBY)
        └─ Already in cluster 0
      BIN_6: 68.4m (NEARBY)
        └─ Already in cluster 0
      BIN_7: 50.8m (NEARBY)
        └─ Already in cluster 0
    Found 6 nearby bins
    Nearby cluster IDs: {0}
    Already in cluster 0
  
  Processing bin BIN_6 (index 5):
    Finding nearby bins within 1400.0m:
      BIN_1: 1266.3m (NEARBY)
        └─ Already in cluster 0
      BIN_2: 1211.2m (NEARBY)
        └─ Already in cluster 0
      BIN_3: 1206.1m (NEARBY)
        └─ Already in cluster 0
      BIN_4: 1261.6m (NEARBY)
        └─ Already in cluster 0
      BIN_5: 68.4m (NEARBY)
        └─ Already in cluster 0
      BIN_7: 54.5m (NEARBY)
        └─ Already in cluster 0
    Found 6 nearby bins
    Nearby cluster IDs: {0}
    Already in cluster 0
  
  Processing bin BIN_7 (index 6):
    Finding nearby bins within 1400.0m:
      BIN_1: 1306.6m (NEARBY)
        └─ Already in cluster 0
      BIN_2: 1251.4m (NEARBY)
        └─ Already in cluster 0
      BIN_3: 1248.2m (NEARBY)
        └─ Already in cluster 0
      BIN_4: 1304.4m (NEARBY)
        └─ Already in cluster 0
      BIN_5: 50.8m (NEARBY)
        └─ Already in cluster 0
      BIN_6: 54.5m (NEARBY)
        └─ Already in cluster 0
    Found 6 nearby bins
    Nearby cluster IDs: {0}
    Already in cluster 0
  Cleaning up duplicate bins:
  Final clustering results: 1 clusters, sizes: [7]
    Final Cluster 0: ['BIN_1', 'BIN_2', 'BIN_3', 'BIN_4', 'BIN_5', 'BIN_6', 'BIN_7']

CLUSTERING RESULTS:
  Created 1 clusters
  Cluster 0: 7 bins - ['BIN_1', 'BIN_2', 'BIN_3', 'BIN_4', 'BIN_5', 'BIN_6', 'BIN_7']
    Internal distances:
      BIN_1 to BIN_2: 55.1m
      BIN_1 to BIN_3: 88.4m
      BIN_1 to BIN_4: 93.2m
      BIN_1 to BIN_5: 1267.7m
      BIN_1 to BIN_6: 1266.3m
      BIN_1 to BIN_7: 1306.6m
      BIN_2 to BIN_3: 65.4m
      BIN_2 to BIN_4: 105.7m
      BIN_2 to BIN_5: 1212.6m
      BIN_2 to BIN_6: 1211.2m
      BIN_2 to BIN_7: 1251.4m
      BIN_3 to BIN_4: 61.4m
      BIN_3 to BIN_5: 1211.2m
      BIN_3 to BIN_6: 1206.1m
      BIN_3 to BIN_7: 1248.2m
      BIN_4 to BIN_5: 1268.0m
      BIN_4 to BIN_6: 1261.6m
      BIN_4 to BIN_7: 1304.4m
      BIN_5 to BIN_6: 68.4m
      BIN_5 to BIN_7: 50.8m
      BIN_6 to BIN_7: 54.5m
    Max internal distance: 1306.6m
============================================================
CLUSTERING DEBUG END
============================================================
🎯 Using collection queue priority routing: 6 bins
============================================================
CLUSTERING DEBUG START
============================================================
Input validation:
  bins_data type: <class 'list'>
  bins_data length: 7
  depot_data type: <class 'NoneType'>
  depot_data: None
  First bin structure: {'capacity': 500, 'fillLevel': 34.01805555555556, 'fillRate': 13, 'id': 'BIN_1', 'lat': 33.695235625277846, 'lng': 73.03494220161595, 'threshold': 80, 'near_threshold_count': 0, 'dynamic_threshold': 50}
  All bin IDs: ['BIN_1', 'BIN_2', 'BIN_3', 'BIN_4', 'BIN_5', 'BIN_6', 'BIN_7']

CALCULATING BIN SERVICE RADIUS:
BIN RADIUS CALCULATION DEBUG:
  depot_data: None
  bins_data length: 7
  No depot data, using default bin radius: 1400m
Final bin service radius: 1400.0m

STARTING PROXIMITY CLUSTERING:
PROXIMITY CLUSTERING DEBUG:
  Bin service radius: 1400.0m
  Processing 7 bins
  All pairwise distances:
    BIN_1 to BIN_2: 55.1m ✓
    BIN_1 to BIN_3: 88.4m ✓
    BIN_1 to BIN_4: 93.2m ✓
    BIN_1 to BIN_5: 1267.7m ✓
    BIN_1 to BIN_6: 1266.3m ✓
    BIN_1 to BIN_7: 1306.6m ✓
    BIN_2 to BIN_3: 65.4m ✓
    BIN_2 to BIN_4: 105.7m ✓
    BIN_2 to BIN_5: 1212.6m ✓
    BIN_2 to BIN_6: 1211.2m ✓
    BIN_2 to BIN_7: 1251.4m ✓
    BIN_3 to BIN_4: 61.4m ✓
    BIN_3 to BIN_5: 1211.2m ✓
    BIN_3 to BIN_6: 1206.1m ✓
    BIN_3 to BIN_7: 1248.2m ✓
    BIN_4 to BIN_5: 1268.0m ✓
    BIN_4 to BIN_6: 1261.6m ✓
    BIN_4 to BIN_7: 1304.4m ✓
    BIN_5 to BIN_6: 68.4m ✓
    BIN_5 to BIN_7: 50.8m ✓
    BIN_6 to BIN_7: 54.5m ✓
  Processing bins sequentially:
  
  Processing bin BIN_1 (index 0):
    Finding nearby bins within 1400.0m:
      BIN_2: 55.1m (NEARBY)
      BIN_3: 88.4m (NEARBY)
      BIN_4: 93.2m (NEARBY)
      BIN_5: 1267.7m (NEARBY)
      BIN_6: 1266.3m (NEARBY)
      BIN_7: 1306.6m (NEARBY)
    Found 6 nearby bins
    Nearby cluster IDs: set()
    Creating new cluster 0 with current bin + nearby bins
      Added BIN_1 to cluster 0
      Added BIN_2 to cluster 0
      Added BIN_3 to cluster 0
      Added BIN_4 to cluster 0
      Added BIN_5 to cluster 0
      Added BIN_6 to cluster 0
      Added BIN_7 to cluster 0
  
  Processing bin BIN_2 (index 1):
    Finding nearby bins within 1400.0m:
      BIN_1: 55.1m (NEARBY)
        └─ Already in cluster 0
      BIN_3: 65.4m (NEARBY)
        └─ Already in cluster 0
      BIN_4: 105.7m (NEARBY)
        └─ Already in cluster 0
      BIN_5: 1212.6m (NEARBY)
        └─ Already in cluster 0
      BIN_6: 1211.2m (NEARBY)
        └─ Already in cluster 0
      BIN_7: 1251.4m (NEARBY)
        └─ Already in cluster 0
    Found 6 nearby bins
    Nearby cluster IDs: {0}
    Already in cluster 0
  
  Processing bin BIN_3 (index 2):
    Finding nearby bins within 1400.0m:
      BIN_1: 88.4m (NEARBY)
        └─ Already in cluster 0
      BIN_2: 65.4m (NEARBY)
        └─ Already in cluster 0
      BIN_4: 61.4m (NEARBY)
        └─ Already in cluster 0
      BIN_5: 1211.2m (NEARBY)
        └─ Already in cluster 0
      BIN_6: 1206.1m (NEARBY)
        └─ Already in cluster 0
      BIN_7: 1248.2m (NEARBY)
        └─ Already in cluster 0
    Found 6 nearby bins
    Nearby cluster IDs: {0}
    Already in cluster 0
  
  Processing bin BIN_4 (index 3):
    Finding nearby bins within 1400.0m:
      BIN_1: 93.2m (NEARBY)
        └─ Already in cluster 0
      BIN_2: 105.7m (NEARBY)
        └─ Already in cluster 0
      BIN_3: 61.4m (NEARBY)
        └─ Already in cluster 0
      BIN_5: 1268.0m (NEARBY)
        └─ Already in cluster 0
      BIN_6: 1261.6m (NEARBY)
        └─ Already in cluster 0
      BIN_7: 1304.4m (NEARBY)
        └─ Already in cluster 0
    Found 6 nearby bins
    Nearby cluster IDs: {0}
    Already in cluster 0
  
  Processing bin BIN_5 (index 4):
    Finding nearby bins within 1400.0m:
      BIN_1: 1267.7m (NEARBY)
        └─ Already in cluster 0
      BIN_2: 1212.6m (NEARBY)
        └─ Already in cluster 0
      BIN_3: 1211.2m (NEARBY)
        └─ Already in cluster 0
      BIN_4: 1268.0m (NEARBY)
        └─ Already in cluster 0
      BIN_6: 68.4m (NEARBY)
        └─ Already in cluster 0
      BIN_7: 50.8m (NEARBY)
        └─ Already in cluster 0
    Found 6 nearby bins
    Nearby cluster IDs: {0}
    Already in cluster 0
  
  Processing bin BIN_6 (index 5):
    Finding nearby bins within 1400.0m:
      BIN_1: 1266.3m (NEARBY)
        └─ Already in cluster 0
      BIN_2: 1211.2m (NEARBY)
        └─ Already in cluster 0
      BIN_3: 1206.1m (NEARBY)
        └─ Already in cluster 0
      BIN_4: 1261.6m (NEARBY)
        └─ Already in cluster 0
      BIN_5: 68.4m (NEARBY)
        └─ Already in cluster 0
      BIN_7: 54.5m (NEARBY)
        └─ Already in cluster 0
    Found 6 nearby bins
    Nearby cluster IDs: {0}
    Already in cluster 0
  
  Processing bin BIN_7 (index 6):
    Finding nearby bins within 1400.0m:
      BIN_1: 1306.6m (NEARBY)
        └─ Already in cluster 0
      BIN_2: 1251.4m (NEARBY)
        └─ Already in cluster 0
      BIN_3: 1248.2m (NEARBY)
        └─ Already in cluster 0
      BIN_4: 1304.4m (NEARBY)
        └─ Already in cluster 0
      BIN_5: 50.8m (NEARBY)
        └─ Already in cluster 0
      BIN_6: 54.5m (NEARBY)
        └─ Already in cluster 0
    Found 6 nearby bins
    Nearby cluster IDs: {0}
    Already in cluster 0
  Cleaning up duplicate bins:
  Final clustering results: 1 clusters, sizes: [7]
    Final Cluster 0: ['BIN_1', 'BIN_2', 'BIN_3', 'BIN_4', 'BIN_5', 'BIN_6', 'BIN_7']

CLUSTERING RESULTS:
  Created 1 clusters
  Cluster 0: 7 bins - ['BIN_1', 'BIN_2', 'BIN_3', 'BIN_4', 'BIN_5', 'BIN_6', 'BIN_7']
    Internal distances:
      BIN_1 to BIN_2: 55.1m
      BIN_1 to BIN_3: 88.4m
      BIN_1 to BIN_4: 93.2m
      BIN_1 to BIN_5: 1267.7m
      BIN_1 to BIN_6: 1266.3m
      BIN_1 to BIN_7: 1306.6m
      BIN_2 to BIN_3: 65.4m
      BIN_2 to BIN_4: 105.7m
      BIN_2 to BIN_5: 1212.6m
      BIN_2 to BIN_6: 1211.2m
      BIN_2 to BIN_7: 1251.4m
      BIN_3 to BIN_4: 61.4m
      BIN_3 to BIN_5: 1211.2m
      BIN_3 to BIN_6: 1206.1m
      BIN_3 to BIN_7: 1248.2m
      BIN_4 to BIN_5: 1268.0m
      BIN_4 to BIN_6: 1261.6m
      BIN_4 to BIN_7: 1304.4m
      BIN_5 to BIN_6: 68.4m
      BIN_5 to BIN_7: 50.8m
      BIN_6 to BIN_7: 54.5m
    Max internal distance: 1306.6m
============================================================
CLUSTERING DEBUG END
============================================================
🎯 Using collection queue priority routing: 6 bins
============================================================
CLUSTERING DEBUG START
============================================================
Input validation:
  bins_data type: <class 'list'>
  bins_data length: 7
  depot_data type: <class 'NoneType'>
  depot_data: None
  First bin structure: {'capacity': 500, 'fillLevel': 34.021666666666675, 'fillRate': 13, 'id': 'BIN_1', 'lat': 33.695235625277846, 'lng': 73.03494220161595, 'threshold': 80, 'near_threshold_count': 0, 'dynamic_threshold': 50}
  All bin IDs: ['BIN_1', 'BIN_2', 'BIN_3', 'BIN_4', 'BIN_5', 'BIN_6', 'BIN_7']

CALCULATING BIN SERVICE RADIUS:
BIN RADIUS CALCULATION DEBUG:
  depot_data: None
  bins_data length: 7
  No depot data, using default bin radius: 1400m
Final bin service radius: 1400.0m

STARTING PROXIMITY CLUSTERING:
PROXIMITY CLUSTERING DEBUG:
  Bin service radius: 1400.0m
  Processing 7 bins
  All pairwise distances:
    BIN_1 to BIN_2: 55.1m ✓
    BIN_1 to BIN_3: 88.4m ✓
    BIN_1 to BIN_4: 93.2m ✓
    BIN_1 to BIN_5: 1267.7m ✓
    BIN_1 to BIN_6: 1266.3m ✓
    BIN_1 to BIN_7: 1306.6m ✓
    BIN_2 to BIN_3: 65.4m ✓
    BIN_2 to BIN_4: 105.7m ✓
    BIN_2 to BIN_5: 1212.6m ✓
    BIN_2 to BIN_6: 1211.2m ✓
    BIN_2 to BIN_7: 1251.4m ✓
    BIN_3 to BIN_4: 61.4m ✓
    BIN_3 to BIN_5: 1211.2m ✓
    BIN_3 to BIN_6: 1206.1m ✓
    BIN_3 to BIN_7: 1248.2m ✓
    BIN_4 to BIN_5: 1268.0m ✓
    BIN_4 to BIN_6: 1261.6m ✓
    BIN_4 to BIN_7: 1304.4m ✓
    BIN_5 to BIN_6: 68.4m ✓
    BIN_5 to BIN_7: 50.8m ✓
    BIN_6 to BIN_7: 54.5m ✓
  Processing bins sequentially:
  
  Processing bin BIN_1 (index 0):
    Finding nearby bins within 1400.0m:
      BIN_2: 55.1m (NEARBY)
      BIN_3: 88.4m (NEARBY)
      BIN_4: 93.2m (NEARBY)
      BIN_5: 1267.7m (NEARBY)
      BIN_6: 1266.3m (NEARBY)
      BIN_7: 1306.6m (NEARBY)
    Found 6 nearby bins
    Nearby cluster IDs: set()
    Creating new cluster 0 with current bin + nearby bins
      Added BIN_1 to cluster 0
      Added BIN_2 to cluster 0
      Added BIN_3 to cluster 0
      Added BIN_4 to cluster 0
      Added BIN_5 to cluster 0
      Added BIN_6 to cluster 0
      Added BIN_7 to cluster 0
  
  Processing bin BIN_2 (index 1):
    Finding nearby bins within 1400.0m:
      BIN_1: 55.1m (NEARBY)
        └─ Already in cluster 0
      BIN_3: 65.4m (NEARBY)
        └─ Already in cluster 0
      BIN_4: 105.7m (NEARBY)
        └─ Already in cluster 0
      BIN_5: 1212.6m (NEARBY)
        └─ Already in cluster 0
      BIN_6: 1211.2m (NEARBY)
        └─ Already in cluster 0
      BIN_7: 1251.4m (NEARBY)
        └─ Already in cluster 0
    Found 6 nearby bins
    Nearby cluster IDs: {0}
    Already in cluster 0
  
  Processing bin BIN_3 (index 2):
    Finding nearby bins within 1400.0m:
      BIN_1: 88.4m (NEARBY)
        └─ Already in cluster 0
      BIN_2: 65.4m (NEARBY)
        └─ Already in cluster 0
      BIN_4: 61.4m (NEARBY)
        └─ Already in cluster 0
      BIN_5: 1211.2m (NEARBY)
        └─ Already in cluster 0
      BIN_6: 1206.1m (NEARBY)
        └─ Already in cluster 0
      BIN_7: 1248.2m (NEARBY)
        └─ Already in cluster 0
    Found 6 nearby bins
    Nearby cluster IDs: {0}
    Already in cluster 0
  
  Processing bin BIN_4 (index 3):
    Finding nearby bins within 1400.0m:
      BIN_1: 93.2m (NEARBY)
        └─ Already in cluster 0
      BIN_2: 105.7m (NEARBY)
        └─ Already in cluster 0
      BIN_3: 61.4m (NEARBY)
        └─ Already in cluster 0
      BIN_5: 1268.0m (NEARBY)
        └─ Already in cluster 0
      BIN_6: 1261.6m (NEARBY)
        └─ Already in cluster 0
      BIN_7: 1304.4m (NEARBY)
        └─ Already in cluster 0
    Found 6 nearby bins
    Nearby cluster IDs: {0}
    Already in cluster 0
  
  Processing bin BIN_5 (index 4):
    Finding nearby bins within 1400.0m:
      BIN_1: 1267.7m (NEARBY)
        └─ Already in cluster 0
      BIN_2: 1212.6m (NEARBY)
        └─ Already in cluster 0
      BIN_3: 1211.2m (NEARBY)
        └─ Already in cluster 0
      BIN_4: 1268.0m (NEARBY)
        └─ Already in cluster 0
      BIN_6: 68.4m (NEARBY)
        └─ Already in cluster 0
      BIN_7: 50.8m (NEARBY)
        └─ Already in cluster 0
    Found 6 nearby bins
    Nearby cluster IDs: {0}
    Already in cluster 0
  
  Processing bin BIN_6 (index 5):
    Finding nearby bins within 1400.0m:
      BIN_1: 1266.3m (NEARBY)
        └─ Already in cluster 0
      BIN_2: 1211.2m (NEARBY)
        └─ Already in cluster 0
      BIN_3: 1206.1m (NEARBY)
        └─ Already in cluster 0
      BIN_4: 1261.6m (NEARBY)
        └─ Already in cluster 0
      BIN_5: 68.4m (NEARBY)
        └─ Already in cluster 0
      BIN_7: 54.5m (NEARBY)
        └─ Already in cluster 0
    Found 6 nearby bins
    Nearby cluster IDs: {0}
    Already in cluster 0
  
  Processing bin BIN_7 (index 6):
    Finding nearby bins within 1400.0m:
      BIN_1: 1306.6m (NEARBY)
        └─ Already in cluster 0
      BIN_2: 1251.4m (NEARBY)
        └─ Already in cluster 0
      BIN_3: 1248.2m (NEARBY)
        └─ Already in cluster 0
      BIN_4: 1304.4m (NEARBY)
        └─ Already in cluster 0
      BIN_5: 50.8m (NEARBY)
        └─ Already in cluster 0
      BIN_6: 54.5m (NEARBY)
        └─ Already in cluster 0
    Found 6 nearby bins
    Nearby cluster IDs: {0}
    Already in cluster 0
  Cleaning up duplicate bins:
  Final clustering results: 1 clusters, sizes: [7]
    Final Cluster 0: ['BIN_1', 'BIN_2', 'BIN_3', 'BIN_4', 'BIN_5', 'BIN_6', 'BIN_7']

CLUSTERING RESULTS:
  Created 1 clusters
  Cluster 0: 7 bins - ['BIN_1', 'BIN_2', 'BIN_3', 'BIN_4', 'BIN_5', 'BIN_6', 'BIN_7']
    Internal distances:
      BIN_1 to BIN_2: 55.1m
      BIN_1 to BIN_3: 88.4m
      BIN_1 to BIN_4: 93.2m
      BIN_1 to BIN_5: 1267.7m
      BIN_1 to BIN_6: 1266.3m
      BIN_1 to BIN_7: 1306.6m
      BIN_2 to BIN_3: 65.4m
      BIN_2 to BIN_4: 105.7m
      BIN_2 to BIN_5: 1212.6m
      BIN_2 to BIN_6: 1211.2m
      BIN_2 to BIN_7: 1251.4m
      BIN_3 to BIN_4: 61.4m
      BIN_3 to BIN_5: 1211.2m
      BIN_3 to BIN_6: 1206.1m
      BIN_3 to BIN_7: 1248.2m
      BIN_4 to BIN_5: 1268.0m
      BIN_4 to BIN_6: 1261.6m
      BIN_4 to BIN_7: 1304.4m
      BIN_5 to BIN_6: 68.4m
      BIN_5 to BIN_7: 50.8m
      BIN_6 to BIN_7: 54.5m
    Max internal distance: 1306.6m
============================================================
CLUSTERING DEBUG END
============================================================
🎯 Using collection queue priority routing: 6 bins
============================================================
CLUSTERING DEBUG START
============================================================
Input validation:
  bins_data type: <class 'list'>
  bins_data length: 7
  depot_data type: <class 'NoneType'>
  depot_data: None
  First bin structure: {'capacity': 500, 'fillLevel': 34.02527777777779, 'fillRate': 13, 'id': 'BIN_1', 'lat': 33.695235625277846, 'lng': 73.03494220161595, 'threshold': 80, 'near_threshold_count': 0, 'dynamic_threshold': 50}
  All bin IDs: ['BIN_1', 'BIN_2', 'BIN_3', 'BIN_4', 'BIN_5', 'BIN_6', 'BIN_7']

CALCULATING BIN SERVICE RADIUS:
BIN RADIUS CALCULATION DEBUG:
  depot_data: None
  bins_data length: 7
  No depot data, using default bin radius: 1400m
Final bin service radius: 1400.0m

STARTING PROXIMITY CLUSTERING:
PROXIMITY CLUSTERING DEBUG:
  Bin service radius: 1400.0m
  Processing 7 bins
  All pairwise distances:
    BIN_1 to BIN_2: 55.1m ✓
    BIN_1 to BIN_3: 88.4m ✓
    BIN_1 to BIN_4: 93.2m ✓
    BIN_1 to BIN_5: 1267.7m ✓
    BIN_1 to BIN_6: 1266.3m ✓
    BIN_1 to BIN_7: 1306.6m ✓
    BIN_2 to BIN_3: 65.4m ✓
    BIN_2 to BIN_4: 105.7m ✓
    BIN_2 to BIN_5: 1212.6m ✓
    BIN_2 to BIN_6: 1211.2m ✓
    BIN_2 to BIN_7: 1251.4m ✓
    BIN_3 to BIN_4: 61.4m ✓
    BIN_3 to BIN_5: 1211.2m ✓
    BIN_3 to BIN_6: 1206.1m ✓
    BIN_3 to BIN_7: 1248.2m ✓
    BIN_4 to BIN_5: 1268.0m ✓
    BIN_4 to BIN_6: 1261.6m ✓
    BIN_4 to BIN_7: 1304.4m ✓
    BIN_5 to BIN_6: 68.4m ✓
    BIN_5 to BIN_7: 50.8m ✓
    BIN_6 to BIN_7: 54.5m ✓
  Processing bins sequentially:
  
  Processing bin BIN_1 (index 0):
    Finding nearby bins within 1400.0m:
      BIN_2: 55.1m (NEARBY)
      BIN_3: 88.4m (NEARBY)
      BIN_4: 93.2m (NEARBY)
      BIN_5: 1267.7m (NEARBY)
      BIN_6: 1266.3m (NEARBY)
      BIN_7: 1306.6m (NEARBY)
    Found 6 nearby bins
    Nearby cluster IDs: set()
    Creating new cluster 0 with current bin + nearby bins
      Added BIN_1 to cluster 0
      Added BIN_2 to cluster 0
      Added BIN_3 to cluster 0
      Added BIN_4 to cluster 0
      Added BIN_5 to cluster 0
      Added BIN_6 to cluster 0
      Added BIN_7 to cluster 0
  
  Processing bin BIN_2 (index 1):
    Finding nearby bins within 1400.0m:
      BIN_1: 55.1m (NEARBY)
        └─ Already in cluster 0
      BIN_3: 65.4m (NEARBY)
        └─ Already in cluster 0
      BIN_4: 105.7m (NEARBY)
        └─ Already in cluster 0
      BIN_5: 1212.6m (NEARBY)
        └─ Already in cluster 0
      BIN_6: 1211.2m (NEARBY)
        └─ Already in cluster 0
      BIN_7: 1251.4m (NEARBY)
        └─ Already in cluster 0
    Found 6 nearby bins
    Nearby cluster IDs: {0}
    Already in cluster 0
  
  Processing bin BIN_3 (index 2):
    Finding nearby bins within 1400.0m:
      BIN_1: 88.4m (NEARBY)
        └─ Already in cluster 0
      BIN_2: 65.4m (NEARBY)
        └─ Already in cluster 0
      BIN_4: 61.4m (NEARBY)
        └─ Already in cluster 0
      BIN_5: 1211.2m (NEARBY)
        └─ Already in cluster 0
      BIN_6: 1206.1m (NEARBY)
        └─ Already in cluster 0
      BIN_7: 1248.2m (NEARBY)
        └─ Already in cluster 0
    Found 6 nearby bins
    Nearby cluster IDs: {0}
    Already in cluster 0
  
  Processing bin BIN_4 (index 3):
    Finding nearby bins within 1400.0m:
      BIN_1: 93.2m (NEARBY)
        └─ Already in cluster 0
      BIN_2: 105.7m (NEARBY)
        └─ Already in cluster 0
      BIN_3: 61.4m (NEARBY)
        └─ Already in cluster 0
      BIN_5: 1268.0m (NEARBY)
        └─ Already in cluster 0
      BIN_6: 1261.6m (NEARBY)
        └─ Already in cluster 0
      BIN_7: 1304.4m (NEARBY)
        └─ Already in cluster 0
    Found 6 nearby bins
    Nearby cluster IDs: {0}
    Already in cluster 0
  
  Processing bin BIN_5 (index 4):
    Finding nearby bins within 1400.0m:
      BIN_1: 1267.7m (NEARBY)
        └─ Already in cluster 0
      BIN_2: 1212.6m (NEARBY)
        └─ Already in cluster 0
      BIN_3: 1211.2m (NEARBY)
        └─ Already in cluster 0
      BIN_4: 1268.0m (NEARBY)
        └─ Already in cluster 0
      BIN_6: 68.4m (NEARBY)
        └─ Already in cluster 0
      BIN_7: 50.8m (NEARBY)
        └─ Already in cluster 0
    Found 6 nearby bins
    Nearby cluster IDs: {0}
    Already in cluster 0
  
  Processing bin BIN_6 (index 5):
    Finding nearby bins within 1400.0m:
      BIN_1: 1266.3m (NEARBY)
        └─ Already in cluster 0
      BIN_2: 1211.2m (NEARBY)
        └─ Already in cluster 0
      BIN_3: 1206.1m (NEARBY)
        └─ Already in cluster 0
      BIN_4: 1261.6m (NEARBY)
        └─ Already in cluster 0
      BIN_5: 68.4m (NEARBY)
        └─ Already in cluster 0
      BIN_7: 54.5m (NEARBY)
        └─ Already in cluster 0
    Found 6 nearby bins
    Nearby cluster IDs: {0}
    Already in cluster 0
  
  Processing bin BIN_7 (index 6):
    Finding nearby bins within 1400.0m:
      BIN_1: 1306.6m (NEARBY)
        └─ Already in cluster 0
      BIN_2: 1251.4m (NEARBY)
        └─ Already in cluster 0
      BIN_3: 1248.2m (NEARBY)
        └─ Already in cluster 0
      BIN_4: 1304.4m (NEARBY)
        └─ Already in cluster 0
      BIN_5: 50.8m (NEARBY)
        └─ Already in cluster 0
      BIN_6: 54.5m (NEARBY)
        └─ Already in cluster 0
    Found 6 nearby bins
    Nearby cluster IDs: {0}
    Already in cluster 0
  Cleaning up duplicate bins:
  Final clustering results: 1 clusters, sizes: [7]
    Final Cluster 0: ['BIN_1', 'BIN_2', 'BIN_3', 'BIN_4', 'BIN_5', 'BIN_6', 'BIN_7']

CLUSTERING RESULTS:
  Created 1 clusters
  Cluster 0: 7 bins - ['BIN_1', 'BIN_2', 'BIN_3', 'BIN_4', 'BIN_5', 'BIN_6', 'BIN_7']
    Internal distances:
      BIN_1 to BIN_2: 55.1m
      BIN_1 to BIN_3: 88.4m
      BIN_1 to BIN_4: 93.2m
      BIN_1 to BIN_5: 1267.7m
      BIN_1 to BIN_6: 1266.3m
      BIN_1 to BIN_7: 1306.6m
      BIN_2 to BIN_3: 65.4m
      BIN_2 to BIN_4: 105.7m
      BIN_2 to BIN_5: 1212.6m
      BIN_2 to BIN_6: 1211.2m
      BIN_2 to BIN_7: 1251.4m
      BIN_3 to BIN_4: 61.4m
      BIN_3 to BIN_5: 1211.2m
      BIN_3 to BIN_6: 1206.1m
      BIN_3 to BIN_7: 1248.2m
      BIN_4 to BIN_5: 1268.0m
      BIN_4 to BIN_6: 1261.6m
      BIN_4 to BIN_7: 1304.4m
      BIN_5 to BIN_6: 68.4m
      BIN_5 to BIN_7: 50.8m
      BIN_6 to BIN_7: 54.5m
    Max internal distance: 1306.6m
============================================================
CLUSTERING DEBUG END
============================================================
🎯 Using collection queue priority routing: 6 bins
============================================================
CLUSTERING DEBUG START
============================================================
Input validation:
  bins_data type: <class 'list'>
  bins_data length: 7
  depot_data type: <class 'NoneType'>
  depot_data: None
  First bin structure: {'capacity': 500, 'fillLevel': 34.0288888888889, 'fillRate': 13, 'id': 'BIN_1', 'lat': 33.695235625277846, 'lng': 73.03494220161595, 'threshold': 80, 'near_threshold_count': 0, 'dynamic_threshold': 50}
  All bin IDs: ['BIN_1', 'BIN_2', 'BIN_3', 'BIN_4', 'BIN_5', 'BIN_6', 'BIN_7']

CALCULATING BIN SERVICE RADIUS:
BIN RADIUS CALCULATION DEBUG:
  depot_data: None
  bins_data length: 7
  No depot data, using default bin radius: 1400m
Final bin service radius: 1400.0m

STARTING PROXIMITY CLUSTERING:
PROXIMITY CLUSTERING DEBUG:
  Bin service radius: 1400.0m
  Processing 7 bins
  All pairwise distances:
    BIN_1 to BIN_2: 55.1m ✓
    BIN_1 to BIN_3: 88.4m ✓
    BIN_1 to BIN_4: 93.2m ✓
    BIN_1 to BIN_5: 1267.7m ✓
    BIN_1 to BIN_6: 1266.3m ✓
    BIN_1 to BIN_7: 1306.6m ✓
    BIN_2 to BIN_3: 65.4m ✓
    BIN_2 to BIN_4: 105.7m ✓
    BIN_2 to BIN_5: 1212.6m ✓
    BIN_2 to BIN_6: 1211.2m ✓
    BIN_2 to BIN_7: 1251.4m ✓
    BIN_3 to BIN_4: 61.4m ✓
    BIN_3 to BIN_5: 1211.2m ✓
    BIN_3 to BIN_6: 1206.1m ✓
    BIN_3 to BIN_7: 1248.2m ✓
    BIN_4 to BIN_5: 1268.0m ✓
    BIN_4 to BIN_6: 1261.6m ✓
    BIN_4 to BIN_7: 1304.4m ✓
    BIN_5 to BIN_6: 68.4m ✓
    BIN_5 to BIN_7: 50.8m ✓
    BIN_6 to BIN_7: 54.5m ✓
  Processing bins sequentially:
  
  Processing bin BIN_1 (index 0):
    Finding nearby bins within 1400.0m:
      BIN_2: 55.1m (NEARBY)
      BIN_3: 88.4m (NEARBY)
      BIN_4: 93.2m (NEARBY)
      BIN_5: 1267.7m (NEARBY)
      BIN_6: 1266.3m (NEARBY)
      BIN_7: 1306.6m (NEARBY)
    Found 6 nearby bins
    Nearby cluster IDs: set()
    Creating new cluster 0 with current bin + nearby bins
      Added BIN_1 to cluster 0
      Added BIN_2 to cluster 0
      Added BIN_3 to cluster 0
      Added BIN_4 to cluster 0
      Added BIN_5 to cluster 0
      Added BIN_6 to cluster 0
      Added BIN_7 to cluster 0
  
  Processing bin BIN_2 (index 1):
    Finding nearby bins within 1400.0m:
      BIN_1: 55.1m (NEARBY)
        └─ Already in cluster 0
      BIN_3: 65.4m (NEARBY)
        └─ Already in cluster 0
      BIN_4: 105.7m (NEARBY)
        └─ Already in cluster 0
      BIN_5: 1212.6m (NEARBY)
        └─ Already in cluster 0
      BIN_6: 1211.2m (NEARBY)
        └─ Already in cluster 0
      BIN_7: 1251.4m (NEARBY)
        └─ Already in cluster 0
    Found 6 nearby bins
    Nearby cluster IDs: {0}
    Already in cluster 0
  
  Processing bin BIN_3 (index 2):
    Finding nearby bins within 1400.0m:
      BIN_1: 88.4m (NEARBY)
        └─ Already in cluster 0
      BIN_2: 65.4m (NEARBY)
        └─ Already in cluster 0
      BIN_4: 61.4m (NEARBY)
        └─ Already in cluster 0
      BIN_5: 1211.2m (NEARBY)
        └─ Already in cluster 0
      BIN_6: 1206.1m (NEARBY)
        └─ Already in cluster 0
      BIN_7: 1248.2m (NEARBY)
        └─ Already in cluster 0
    Found 6 nearby bins
    Nearby cluster IDs: {0}
    Already in cluster 0
  
  Processing bin BIN_4 (index 3):
    Finding nearby bins within 1400.0m:
      BIN_1: 93.2m (NEARBY)
        └─ Already in cluster 0
      BIN_2: 105.7m (NEARBY)
        └─ Already in cluster 0
      BIN_3: 61.4m (NEARBY)
        └─ Already in cluster 0
      BIN_5: 1268.0m (NEARBY)
        └─ Already in cluster 0
      BIN_6: 1261.6m (NEARBY)
        └─ Already in cluster 0
      BIN_7: 1304.4m (NEARBY)
        └─ Already in cluster 0
    Found 6 nearby bins
    Nearby cluster IDs: {0}
    Already in cluster 0
  
  Processing bin BIN_5 (index 4):
    Finding nearby bins within 1400.0m:
      BIN_1: 1267.7m (NEARBY)
        └─ Already in cluster 0
      BIN_2: 1212.6m (NEARBY)
        └─ Already in cluster 0
      BIN_3: 1211.2m (NEARBY)
        └─ Already in cluster 0
      BIN_4: 1268.0m (NEARBY)
        └─ Already in cluster 0
      BIN_6: 68.4m (NEARBY)
        └─ Already in cluster 0
      BIN_7: 50.8m (NEARBY)
        └─ Already in cluster 0
    Found 6 nearby bins
    Nearby cluster IDs: {0}
    Already in cluster 0
  
  Processing bin BIN_6 (index 5):
    Finding nearby bins within 1400.0m:
      BIN_1: 1266.3m (NEARBY)
        └─ Already in cluster 0
      BIN_2: 1211.2m (NEARBY)
        └─ Already in cluster 0
      BIN_3: 1206.1m (NEARBY)
        └─ Already in cluster 0
      BIN_4: 1261.6m (NEARBY)
        └─ Already in cluster 0
      BIN_5: 68.4m (NEARBY)
        └─ Already in cluster 0
      BIN_7: 54.5m (NEARBY)
        └─ Already in cluster 0
    Found 6 nearby bins
    Nearby cluster IDs: {0}
    Already in cluster 0
  
  Processing bin BIN_7 (index 6):
    Finding nearby bins within 1400.0m:
      BIN_1: 1306.6m (NEARBY)
        └─ Already in cluster 0
      BIN_2: 1251.4m (NEARBY)
        └─ Already in cluster 0
      BIN_3: 1248.2m (NEARBY)
        └─ Already in cluster 0
      BIN_4: 1304.4m (NEARBY)
        └─ Already in cluster 0
      BIN_5: 50.8m (NEARBY)
        └─ Already in cluster 0
      BIN_6: 54.5m (NEARBY)
        └─ Already in cluster 0
    Found 6 nearby bins
    Nearby cluster IDs: {0}
    Already in cluster 0
  Cleaning up duplicate bins:
  Final clustering results: 1 clusters, sizes: [7]
    Final Cluster 0: ['BIN_1', 'BIN_2', 'BIN_3', 'BIN_4', 'BIN_5', 'BIN_6', 'BIN_7']

CLUSTERING RESULTS:
  Created 1 clusters
  Cluster 0: 7 bins - ['BIN_1', 'BIN_2', 'BIN_3', 'BIN_4', 'BIN_5', 'BIN_6', 'BIN_7']
    Internal distances:
      BIN_1 to BIN_2: 55.1m
      BIN_1 to BIN_3: 88.4m
      BIN_1 to BIN_4: 93.2m
      BIN_1 to BIN_5: 1267.7m
      BIN_1 to BIN_6: 1266.3m
      BIN_1 to BIN_7: 1306.6m
      BIN_2 to BIN_3: 65.4m
      BIN_2 to BIN_4: 105.7m
      BIN_2 to BIN_5: 1212.6m
      BIN_2 to BIN_6: 1211.2m
      BIN_2 to BIN_7: 1251.4m
      BIN_3 to BIN_4: 61.4m
      BIN_3 to BIN_5: 1211.2m
      BIN_3 to BIN_6: 1206.1m
      BIN_3 to BIN_7: 1248.2m
      BIN_4 to BIN_5: 1268.0m
      BIN_4 to BIN_6: 1261.6m
      BIN_4 to BIN_7: 1304.4m
      BIN_5 to BIN_6: 68.4m
      BIN_5 to BIN_7: 50.8m
      BIN_6 to BIN_7: 54.5m
    Max internal distance: 1306.6m
============================================================
CLUSTERING DEBUG END
============================================================
🎯 Using collection queue priority routing: 6 bins
============================================================
CLUSTERING DEBUG START
============================================================
Input validation:
  bins_data type: <class 'list'>
  bins_data length: 7
  depot_data type: <class 'NoneType'>
  depot_data: None
  First bin structure: {'capacity': 500, 'fillLevel': 34.03250000000001, 'fillRate': 13, 'id': 'BIN_1', 'lat': 33.695235625277846, 'lng': 73.03494220161595, 'threshold': 80, 'near_threshold_count': 0, 'dynamic_threshold': 50}
  All bin IDs: ['BIN_1', 'BIN_2', 'BIN_3', 'BIN_4', 'BIN_5', 'BIN_6', 'BIN_7']

CALCULATING BIN SERVICE RADIUS:
BIN RADIUS CALCULATION DEBUG:
  depot_data: None
  bins_data length: 7
  No depot data, using default bin radius: 1400m
Final bin service radius: 1400.0m

STARTING PROXIMITY CLUSTERING:
PROXIMITY CLUSTERING DEBUG:
  Bin service radius: 1400.0m
  Processing 7 bins
  All pairwise distances:
    BIN_1 to BIN_2: 55.1m ✓
    BIN_1 to BIN_3: 88.4m ✓
    BIN_1 to BIN_4: 93.2m ✓
    BIN_1 to BIN_5: 1267.7m ✓
    BIN_1 to BIN_6: 1266.3m ✓
    BIN_1 to BIN_7: 1306.6m ✓
    BIN_2 to BIN_3: 65.4m ✓
    BIN_2 to BIN_4: 105.7m ✓
    BIN_2 to BIN_5: 1212.6m ✓
    BIN_2 to BIN_6: 1211.2m ✓
    BIN_2 to BIN_7: 1251.4m ✓
    BIN_3 to BIN_4: 61.4m ✓
    BIN_3 to BIN_5: 1211.2m ✓
    BIN_3 to BIN_6: 1206.1m ✓
    BIN_3 to BIN_7: 1248.2m ✓
    BIN_4 to BIN_5: 1268.0m ✓
    BIN_4 to BIN_6: 1261.6m ✓
    BIN_4 to BIN_7: 1304.4m ✓
    BIN_5 to BIN_6: 68.4m ✓
    BIN_5 to BIN_7: 50.8m ✓
    BIN_6 to BIN_7: 54.5m ✓
  Processing bins sequentially:
  
  Processing bin BIN_1 (index 0):
    Finding nearby bins within 1400.0m:
      BIN_2: 55.1m (NEARBY)
      BIN_3: 88.4m (NEARBY)
      BIN_4: 93.2m (NEARBY)
      BIN_5: 1267.7m (NEARBY)
      BIN_6: 1266.3m (NEARBY)
      BIN_7: 1306.6m (NEARBY)
    Found 6 nearby bins
    Nearby cluster IDs: set()
    Creating new cluster 0 with current bin + nearby bins
      Added BIN_1 to cluster 0
      Added BIN_2 to cluster 0
      Added BIN_3 to cluster 0
      Added BIN_4 to cluster 0
      Added BIN_5 to cluster 0
      Added BIN_6 to cluster 0
      Added BIN_7 to cluster 0
  
  Processing bin BIN_2 (index 1):
    Finding nearby bins within 1400.0m:
      BIN_1: 55.1m (NEARBY)
        └─ Already in cluster 0
      BIN_3: 65.4m (NEARBY)
        └─ Already in cluster 0
      BIN_4: 105.7m (NEARBY)
        └─ Already in cluster 0
      BIN_5: 1212.6m (NEARBY)
        └─ Already in cluster 0
      BIN_6: 1211.2m (NEARBY)
        └─ Already in cluster 0
      BIN_7: 1251.4m (NEARBY)
        └─ Already in cluster 0
    Found 6 nearby bins
    Nearby cluster IDs: {0}
    Already in cluster 0
  
  Processing bin BIN_3 (index 2):
    Finding nearby bins within 1400.0m:
      BIN_1: 88.4m (NEARBY)
        └─ Already in cluster 0
      BIN_2: 65.4m (NEARBY)
        └─ Already in cluster 0
      BIN_4: 61.4m (NEARBY)
        └─ Already in cluster 0
      BIN_5: 1211.2m (NEARBY)
        └─ Already in cluster 0
      BIN_6: 1206.1m (NEARBY)
        └─ Already in cluster 0
      BIN_7: 1248.2m (NEARBY)
        └─ Already in cluster 0
    Found 6 nearby bins
    Nearby cluster IDs: {0}
    Already in cluster 0
  
  Processing bin BIN_4 (index 3):
    Finding nearby bins within 1400.0m:
      BIN_1: 93.2m (NEARBY)
        └─ Already in cluster 0
      BIN_2: 105.7m (NEARBY)
        └─ Already in cluster 0
      BIN_3: 61.4m (NEARBY)
        └─ Already in cluster 0
      BIN_5: 1268.0m (NEARBY)
        └─ Already in cluster 0
      BIN_6: 1261.6m (NEARBY)
        └─ Already in cluster 0
      BIN_7: 1304.4m (NEARBY)
        └─ Already in cluster 0
    Found 6 nearby bins
    Nearby cluster IDs: {0}
    Already in cluster 0
  
  Processing bin BIN_5 (index 4):
    Finding nearby bins within 1400.0m:
      BIN_1: 1267.7m (NEARBY)
        └─ Already in cluster 0
      BIN_2: 1212.6m (NEARBY)
        └─ Already in cluster 0
      BIN_3: 1211.2m (NEARBY)
        └─ Already in cluster 0
      BIN_4: 1268.0m (NEARBY)
        └─ Already in cluster 0
      BIN_6: 68.4m (NEARBY)
        └─ Already in cluster 0
      BIN_7: 50.8m (NEARBY)
        └─ Already in cluster 0
    Found 6 nearby bins
    Nearby cluster IDs: {0}
    Already in cluster 0
  
  Processing bin BIN_6 (index 5):
    Finding nearby bins within 1400.0m:
      BIN_1: 1266.3m (NEARBY)
        └─ Already in cluster 0
      BIN_2: 1211.2m (NEARBY)
        └─ Already in cluster 0
      BIN_3: 1206.1m (NEARBY)
        └─ Already in cluster 0
      BIN_4: 1261.6m (NEARBY)
        └─ Already in cluster 0
      BIN_5: 68.4m (NEARBY)
        └─ Already in cluster 0
      BIN_7: 54.5m (NEARBY)
        └─ Already in cluster 0
    Found 6 nearby bins
    Nearby cluster IDs: {0}
    Already in cluster 0
  
  Processing bin BIN_7 (index 6):
    Finding nearby bins within 1400.0m:
      BIN_1: 1306.6m (NEARBY)
        └─ Already in cluster 0
      BIN_2: 1251.4m (NEARBY)
        └─ Already in cluster 0
      BIN_3: 1248.2m (NEARBY)
        └─ Already in cluster 0
      BIN_4: 1304.4m (NEARBY)
        └─ Already in cluster 0
      BIN_5: 50.8m (NEARBY)
        └─ Already in cluster 0
      BIN_6: 54.5m (NEARBY)
        └─ Already in cluster 0
    Found 6 nearby bins
    Nearby cluster IDs: {0}
    Already in cluster 0
  Cleaning up duplicate bins:
  Final clustering results: 1 clusters, sizes: [7]
    Final Cluster 0: ['BIN_1', 'BIN_2', 'BIN_3', 'BIN_4', 'BIN_5', 'BIN_6', 'BIN_7']

CLUSTERING RESULTS:
  Created 1 clusters
  Cluster 0: 7 bins - ['BIN_1', 'BIN_2', 'BIN_3', 'BIN_4', 'BIN_5', 'BIN_6', 'BIN_7']
    Internal distances:
      BIN_1 to BIN_2: 55.1m
      BIN_1 to BIN_3: 88.4m
      BIN_1 to BIN_4: 93.2m
      BIN_1 to BIN_5: 1267.7m
      BIN_1 to BIN_6: 1266.3m
      BIN_1 to BIN_7: 1306.6m
      BIN_2 to BIN_3: 65.4m
      BIN_2 to BIN_4: 105.7m
      BIN_2 to BIN_5: 1212.6m
      BIN_2 to BIN_6: 1211.2m
      BIN_2 to BIN_7: 1251.4m
      BIN_3 to BIN_4: 61.4m
      BIN_3 to BIN_5: 1211.2m
      BIN_3 to BIN_6: 1206.1m
      BIN_3 to BIN_7: 1248.2m
      BIN_4 to BIN_5: 1268.0m
      BIN_4 to BIN_6: 1261.6m
      BIN_4 to BIN_7: 1304.4m
      BIN_5 to BIN_6: 68.4m
      BIN_5 to BIN_7: 50.8m
      BIN_6 to BIN_7: 54.5m
    Max internal distance: 1306.6m
============================================================
CLUSTERING DEBUG END
============================================================
🎯 Using collection queue priority routing: 6 bins
============================================================
CLUSTERING DEBUG START
============================================================
Input validation:
  bins_data type: <class 'list'>
  bins_data length: 7
  depot_data type: <class 'NoneType'>
  depot_data: None
  First bin structure: {'capacity': 500, 'fillLevel': 34.036111111111126, 'fillRate': 13, 'id': 'BIN_1', 'lat': 33.695235625277846, 'lng': 73.03494220161595, 'threshold': 80, 'near_threshold_count': 0, 'dynamic_threshold': 50}
  All bin IDs: ['BIN_1', 'BIN_2', 'BIN_3', 'BIN_4', 'BIN_5', 'BIN_6', 'BIN_7']

CALCULATING BIN SERVICE RADIUS:
BIN RADIUS CALCULATION DEBUG:
  depot_data: None
  bins_data length: 7
  No depot data, using default bin radius: 1400m
Final bin service radius: 1400.0m

STARTING PROXIMITY CLUSTERING:
PROXIMITY CLUSTERING DEBUG:
  Bin service radius: 1400.0m
  Processing 7 bins
  All pairwise distances:
    BIN_1 to BIN_2: 55.1m ✓
    BIN_1 to BIN_3: 88.4m ✓
    BIN_1 to BIN_4: 93.2m ✓
    BIN_1 to BIN_5: 1267.7m ✓
    BIN_1 to BIN_6: 1266.3m ✓
    BIN_1 to BIN_7: 1306.6m ✓
    BIN_2 to BIN_3: 65.4m ✓
    BIN_2 to BIN_4: 105.7m ✓
    BIN_2 to BIN_5: 1212.6m ✓
    BIN_2 to BIN_6: 1211.2m ✓
    BIN_2 to BIN_7: 1251.4m ✓
    BIN_3 to BIN_4: 61.4m ✓
    BIN_3 to BIN_5: 1211.2m ✓
    BIN_3 to BIN_6: 1206.1m ✓
    BIN_3 to BIN_7: 1248.2m ✓
    BIN_4 to BIN_5: 1268.0m ✓
    BIN_4 to BIN_6: 1261.6m ✓
    BIN_4 to BIN_7: 1304.4m ✓
    BIN_5 to BIN_6: 68.4m ✓
    BIN_5 to BIN_7: 50.8m ✓
    BIN_6 to BIN_7: 54.5m ✓
  Processing bins sequentially:
  
  Processing bin BIN_1 (index 0):
    Finding nearby bins within 1400.0m:
      BIN_2: 55.1m (NEARBY)
      BIN_3: 88.4m (NEARBY)
      BIN_4: 93.2m (NEARBY)
      BIN_5: 1267.7m (NEARBY)
      BIN_6: 1266.3m (NEARBY)
      BIN_7: 1306.6m (NEARBY)
    Found 6 nearby bins
    Nearby cluster IDs: set()
    Creating new cluster 0 with current bin + nearby bins
      Added BIN_1 to cluster 0
      Added BIN_2 to cluster 0
      Added BIN_3 to cluster 0
      Added BIN_4 to cluster 0
      Added BIN_5 to cluster 0
      Added BIN_6 to cluster 0
      Added BIN_7 to cluster 0
  
  Processing bin BIN_2 (index 1):
    Finding nearby bins within 1400.0m:
      BIN_1: 55.1m (NEARBY)
        └─ Already in cluster 0
      BIN_3: 65.4m (NEARBY)
        └─ Already in cluster 0
      BIN_4: 105.7m (NEARBY)
        └─ Already in cluster 0
      BIN_5: 1212.6m (NEARBY)
        └─ Already in cluster 0
      BIN_6: 1211.2m (NEARBY)
        └─ Already in cluster 0
      BIN_7: 1251.4m (NEARBY)
        └─ Already in cluster 0
    Found 6 nearby bins
    Nearby cluster IDs: {0}
    Already in cluster 0
  
  Processing bin BIN_3 (index 2):
    Finding nearby bins within 1400.0m:
      BIN_1: 88.4m (NEARBY)
        └─ Already in cluster 0
      BIN_2: 65.4m (NEARBY)
        └─ Already in cluster 0
      BIN_4: 61.4m (NEARBY)
        └─ Already in cluster 0
      BIN_5: 1211.2m (NEARBY)
        └─ Already in cluster 0
      BIN_6: 1206.1m (NEARBY)
        └─ Already in cluster 0
      BIN_7: 1248.2m (NEARBY)
        └─ Already in cluster 0
    Found 6 nearby bins
    Nearby cluster IDs: {0}
    Already in cluster 0
  
  Processing bin BIN_4 (index 3):
    Finding nearby bins within 1400.0m:
      BIN_1: 93.2m (NEARBY)
        └─ Already in cluster 0
      BIN_2: 105.7m (NEARBY)
        └─ Already in cluster 0
      BIN_3: 61.4m (NEARBY)
        └─ Already in cluster 0
      BIN_5: 1268.0m (NEARBY)
        └─ Already in cluster 0
      BIN_6: 1261.6m (NEARBY)
        └─ Already in cluster 0
      BIN_7: 1304.4m (NEARBY)
        └─ Already in cluster 0
    Found 6 nearby bins
    Nearby cluster IDs: {0}
    Already in cluster 0
  
  Processing bin BIN_5 (index 4):
    Finding nearby bins within 1400.0m:
      BIN_1: 1267.7m (NEARBY)
        └─ Already in cluster 0
      BIN_2: 1212.6m (NEARBY)
        └─ Already in cluster 0
      BIN_3: 1211.2m (NEARBY)
        └─ Already in cluster 0
      BIN_4: 1268.0m (NEARBY)
        └─ Already in cluster 0
      BIN_6: 68.4m (NEARBY)
        └─ Already in cluster 0
      BIN_7: 50.8m (NEARBY)
        └─ Already in cluster 0
    Found 6 nearby bins
    Nearby cluster IDs: {0}
    Already in cluster 0
  
  Processing bin BIN_6 (index 5):
    Finding nearby bins within 1400.0m:
      BIN_1: 1266.3m (NEARBY)
        └─ Already in cluster 0
      BIN_2: 1211.2m (NEARBY)
        └─ Already in cluster 0
      BIN_3: 1206.1m (NEARBY)
        └─ Already in cluster 0
      BIN_4: 1261.6m (NEARBY)
        └─ Already in cluster 0
      BIN_5: 68.4m (NEARBY)
        └─ Already in cluster 0
      BIN_7: 54.5m (NEARBY)
        └─ Already in cluster 0
    Found 6 nearby bins
    Nearby cluster IDs: {0}
    Already in cluster 0
  
  Processing bin BIN_7 (index 6):
    Finding nearby bins within 1400.0m:
      BIN_1: 1306.6m (NEARBY)
        └─ Already in cluster 0
      BIN_2: 1251.4m (NEARBY)
        └─ Already in cluster 0
      BIN_3: 1248.2m (NEARBY)
        └─ Already in cluster 0
      BIN_4: 1304.4m (NEARBY)
        └─ Already in cluster 0
      BIN_5: 50.8m (NEARBY)
        └─ Already in cluster 0
      BIN_6: 54.5m (NEARBY)
        └─ Already in cluster 0
    Found 6 nearby bins
    Nearby cluster IDs: {0}
    Already in cluster 0
  Cleaning up duplicate bins:
  Final clustering results: 1 clusters, sizes: [7]
    Final Cluster 0: ['BIN_1', 'BIN_2', 'BIN_3', 'BIN_4', 'BIN_5', 'BIN_6', 'BIN_7']

CLUSTERING RESULTS:
  Created 1 clusters
  Cluster 0: 7 bins - ['BIN_1', 'BIN_2', 'BIN_3', 'BIN_4', 'BIN_5', 'BIN_6', 'BIN_7']
    Internal distances:
      BIN_1 to BIN_2: 55.1m
      BIN_1 to BIN_3: 88.4m
      BIN_1 to BIN_4: 93.2m
      BIN_1 to BIN_5: 1267.7m
      BIN_1 to BIN_6: 1266.3m
      BIN_1 to BIN_7: 1306.6m
      BIN_2 to BIN_3: 65.4m
      BIN_2 to BIN_4: 105.7m
      BIN_2 to BIN_5: 1212.6m
      BIN_2 to BIN_6: 1211.2m
      BIN_2 to BIN_7: 1251.4m
      BIN_3 to BIN_4: 61.4m
      BIN_3 to BIN_5: 1211.2m
      BIN_3 to BIN_6: 1206.1m
      BIN_3 to BIN_7: 1248.2m
      BIN_4 to BIN_5: 1268.0m
      BIN_4 to BIN_6: 1261.6m
      BIN_4 to BIN_7: 1304.4m
      BIN_5 to BIN_6: 68.4m
      BIN_5 to BIN_7: 50.8m
      BIN_6 to BIN_7: 54.5m
    Max internal distance: 1306.6m
============================================================
CLUSTERING DEBUG END
============================================================
🎯 Using collection queue priority routing: 6 bins
============================================================
CLUSTERING DEBUG START
============================================================
Input validation:
  bins_data type: <class 'list'>
  bins_data length: 7
  depot_data type: <class 'NoneType'>
  depot_data: None
  First bin structure: {'capacity': 500, 'fillLevel': 34.03972222222224, 'fillRate': 13, 'id': 'BIN_1', 'lat': 33.695235625277846, 'lng': 73.03494220161595, 'threshold': 80, 'near_threshold_count': 0, 'dynamic_threshold': 50}
  All bin IDs: ['BIN_1', 'BIN_2', 'BIN_3', 'BIN_4', 'BIN_5', 'BIN_6', 'BIN_7']

CALCULATING BIN SERVICE RADIUS:
BIN RADIUS CALCULATION DEBUG:
  depot_data: None
  bins_data length: 7
  No depot data, using default bin radius: 1400m
Final bin service radius: 1400.0m

STARTING PROXIMITY CLUSTERING:
PROXIMITY CLUSTERING DEBUG:
  Bin service radius: 1400.0m
  Processing 7 bins
  All pairwise distances:
    BIN_1 to BIN_2: 55.1m ✓
    BIN_1 to BIN_3: 88.4m ✓
    BIN_1 to BIN_4: 93.2m ✓
    BIN_1 to BIN_5: 1267.7m ✓
    BIN_1 to BIN_6: 1266.3m ✓
    BIN_1 to BIN_7: 1306.6m ✓
    BIN_2 to BIN_3: 65.4m ✓
    BIN_2 to BIN_4: 105.7m ✓
    BIN_2 to BIN_5: 1212.6m ✓
    BIN_2 to BIN_6: 1211.2m ✓
    BIN_2 to BIN_7: 1251.4m ✓
    BIN_3 to BIN_4: 61.4m ✓
    BIN_3 to BIN_5: 1211.2m ✓
    BIN_3 to BIN_6: 1206.1m ✓
    BIN_3 to BIN_7: 1248.2m ✓
    BIN_4 to BIN_5: 1268.0m ✓
    BIN_4 to BIN_6: 1261.6m ✓
    BIN_4 to BIN_7: 1304.4m ✓
    BIN_5 to BIN_6: 68.4m ✓
    BIN_5 to BIN_7: 50.8m ✓
    BIN_6 to BIN_7: 54.5m ✓
  Processing bins sequentially:
  
  Processing bin BIN_1 (index 0):
    Finding nearby bins within 1400.0m:
      BIN_2: 55.1m (NEARBY)
      BIN_3: 88.4m (NEARBY)
      BIN_4: 93.2m (NEARBY)
      BIN_5: 1267.7m (NEARBY)
      BIN_6: 1266.3m (NEARBY)
      BIN_7: 1306.6m (NEARBY)
    Found 6 nearby bins
    Nearby cluster IDs: set()
    Creating new cluster 0 with current bin + nearby bins
      Added BIN_1 to cluster 0
      Added BIN_2 to cluster 0
      Added BIN_3 to cluster 0
      Added BIN_4 to cluster 0
      Added BIN_5 to cluster 0
      Added BIN_6 to cluster 0
      Added BIN_7 to cluster 0
  
  Processing bin BIN_2 (index 1):
    Finding nearby bins within 1400.0m:
      BIN_1: 55.1m (NEARBY)
        └─ Already in cluster 0
      BIN_3: 65.4m (NEARBY)
        └─ Already in cluster 0
      BIN_4: 105.7m (NEARBY)
        └─ Already in cluster 0
      BIN_5: 1212.6m (NEARBY)
        └─ Already in cluster 0
      BIN_6: 1211.2m (NEARBY)
        └─ Already in cluster 0
      BIN_7: 1251.4m (NEARBY)
        └─ Already in cluster 0
    Found 6 nearby bins
    Nearby cluster IDs: {0}
    Already in cluster 0
  
  Processing bin BIN_3 (index 2):
    Finding nearby bins within 1400.0m:
      BIN_1: 88.4m (NEARBY)
        └─ Already in cluster 0
      BIN_2: 65.4m (NEARBY)
        └─ Already in cluster 0
      BIN_4: 61.4m (NEARBY)
        └─ Already in cluster 0
      BIN_5: 1211.2m (NEARBY)
        └─ Already in cluster 0
      BIN_6: 1206.1m (NEARBY)
        └─ Already in cluster 0
      BIN_7: 1248.2m (NEARBY)
        └─ Already in cluster 0
    Found 6 nearby bins
    Nearby cluster IDs: {0}
    Already in cluster 0
  
  Processing bin BIN_4 (index 3):
    Finding nearby bins within 1400.0m:
      BIN_1: 93.2m (NEARBY)
        └─ Already in cluster 0
      BIN_2: 105.7m (NEARBY)
        └─ Already in cluster 0
      BIN_3: 61.4m (NEARBY)
        └─ Already in cluster 0
      BIN_5: 1268.0m (NEARBY)
        └─ Already in cluster 0
      BIN_6: 1261.6m (NEARBY)
        └─ Already in cluster 0
      BIN_7: 1304.4m (NEARBY)
        └─ Already in cluster 0
    Found 6 nearby bins
    Nearby cluster IDs: {0}
    Already in cluster 0
  
  Processing bin BIN_5 (index 4):
    Finding nearby bins within 1400.0m:
      BIN_1: 1267.7m (NEARBY)
        └─ Already in cluster 0
      BIN_2: 1212.6m (NEARBY)
        └─ Already in cluster 0
      BIN_3: 1211.2m (NEARBY)
        └─ Already in cluster 0
      BIN_4: 1268.0m (NEARBY)
        └─ Already in cluster 0
      BIN_6: 68.4m (NEARBY)
        └─ Already in cluster 0
      BIN_7: 50.8m (NEARBY)
        └─ Already in cluster 0
    Found 6 nearby bins
    Nearby cluster IDs: {0}
    Already in cluster 0
  
  Processing bin BIN_6 (index 5):
    Finding nearby bins within 1400.0m:
      BIN_1: 1266.3m (NEARBY)
        └─ Already in cluster 0
      BIN_2: 1211.2m (NEARBY)
        └─ Already in cluster 0
      BIN_3: 1206.1m (NEARBY)
        └─ Already in cluster 0
      BIN_4: 1261.6m (NEARBY)
        └─ Already in cluster 0
      BIN_5: 68.4m (NEARBY)
        └─ Already in cluster 0
      BIN_7: 54.5m (NEARBY)
        └─ Already in cluster 0
    Found 6 nearby bins
    Nearby cluster IDs: {0}
    Already in cluster 0
  
  Processing bin BIN_7 (index 6):
    Finding nearby bins within 1400.0m:
      BIN_1: 1306.6m (NEARBY)
        └─ Already in cluster 0
      BIN_2: 1251.4m (NEARBY)
        └─ Already in cluster 0
      BIN_3: 1248.2m (NEARBY)
        └─ Already in cluster 0
      BIN_4: 1304.4m (NEARBY)
        └─ Already in cluster 0
      BIN_5: 50.8m (NEARBY)
        └─ Already in cluster 0
      BIN_6: 54.5m (NEARBY)
        └─ Already in cluster 0
    Found 6 nearby bins
    Nearby cluster IDs: {0}
    Already in cluster 0
  Cleaning up duplicate bins:
  Final clustering results: 1 clusters, sizes: [7]
    Final Cluster 0: ['BIN_1', 'BIN_2', 'BIN_3', 'BIN_4', 'BIN_5', 'BIN_6', 'BIN_7']

CLUSTERING RESULTS:
  Created 1 clusters
  Cluster 0: 7 bins - ['BIN_1', 'BIN_2', 'BIN_3', 'BIN_4', 'BIN_5', 'BIN_6', 'BIN_7']
    Internal distances:
      BIN_1 to BIN_2: 55.1m
      BIN_1 to BIN_3: 88.4m
      BIN_1 to BIN_4: 93.2m
      BIN_1 to BIN_5: 1267.7m
      BIN_1 to BIN_6: 1266.3m
      BIN_1 to BIN_7: 1306.6m
      BIN_2 to BIN_3: 65.4m
      BIN_2 to BIN_4: 105.7m
      BIN_2 to BIN_5: 1212.6m
      BIN_2 to BIN_6: 1211.2m
      BIN_2 to BIN_7: 1251.4m
      BIN_3 to BIN_4: 61.4m
      BIN_3 to BIN_5: 1211.2m
      BIN_3 to BIN_6: 1206.1m
      BIN_3 to BIN_7: 1248.2m
      BIN_4 to BIN_5: 1268.0m
      BIN_4 to BIN_6: 1261.6m
      BIN_4 to BIN_7: 1304.4m
      BIN_5 to BIN_6: 68.4m
      BIN_5 to BIN_7: 50.8m
      BIN_6 to BIN_7: 54.5m
    Max internal distance: 1306.6m
============================================================
CLUSTERING DEBUG END
============================================================
🎯 Using collection queue priority routing: 6 bins
============================================================
CLUSTERING DEBUG START
============================================================
Input validation:
  bins_data type: <class 'list'>
  bins_data length: 7
  depot_data type: <class 'NoneType'>
  depot_data: None
  First bin structure: {'capacity': 500, 'fillLevel': 34.04333333333335, 'fillRate': 13, 'id': 'BIN_1', 'lat': 33.695235625277846, 'lng': 73.03494220161595, 'threshold': 80, 'near_threshold_count': 0, 'dynamic_threshold': 50}
  All bin IDs: ['BIN_1', 'BIN_2', 'BIN_3', 'BIN_4', 'BIN_5', 'BIN_6', 'BIN_7']

CALCULATING BIN SERVICE RADIUS:
BIN RADIUS CALCULATION DEBUG:
  depot_data: None
  bins_data length: 7
  No depot data, using default bin radius: 1400m
Final bin service radius: 1400.0m

STARTING PROXIMITY CLUSTERING:
PROXIMITY CLUSTERING DEBUG:
  Bin service radius: 1400.0m
  Processing 7 bins
  All pairwise distances:
    BIN_1 to BIN_2: 55.1m ✓
    BIN_1 to BIN_3: 88.4m ✓
    BIN_1 to BIN_4: 93.2m ✓
    BIN_1 to BIN_5: 1267.7m ✓
    BIN_1 to BIN_6: 1266.3m ✓
    BIN_1 to BIN_7: 1306.6m ✓
    BIN_2 to BIN_3: 65.4m ✓
    BIN_2 to BIN_4: 105.7m ✓
    BIN_2 to BIN_5: 1212.6m ✓
    BIN_2 to BIN_6: 1211.2m ✓
    BIN_2 to BIN_7: 1251.4m ✓
    BIN_3 to BIN_4: 61.4m ✓
    BIN_3 to BIN_5: 1211.2m ✓
    BIN_3 to BIN_6: 1206.1m ✓
    BIN_3 to BIN_7: 1248.2m ✓
    BIN_4 to BIN_5: 1268.0m ✓
    BIN_4 to BIN_6: 1261.6m ✓
    BIN_4 to BIN_7: 1304.4m ✓
    BIN_5 to BIN_6: 68.4m ✓
    BIN_5 to BIN_7: 50.8m ✓
    BIN_6 to BIN_7: 54.5m ✓
  Processing bins sequentially:
  
  Processing bin BIN_1 (index 0):
    Finding nearby bins within 1400.0m:
      BIN_2: 55.1m (NEARBY)
      BIN_3: 88.4m (NEARBY)
      BIN_4: 93.2m (NEARBY)
      BIN_5: 1267.7m (NEARBY)
      BIN_6: 1266.3m (NEARBY)
      BIN_7: 1306.6m (NEARBY)
    Found 6 nearby bins
    Nearby cluster IDs: set()
    Creating new cluster 0 with current bin + nearby bins
      Added BIN_1 to cluster 0
      Added BIN_2 to cluster 0
      Added BIN_3 to cluster 0
      Added BIN_4 to cluster 0
      Added BIN_5 to cluster 0
      Added BIN_6 to cluster 0
      Added BIN_7 to cluster 0
  
  Processing bin BIN_2 (index 1):
    Finding nearby bins within 1400.0m:
      BIN_1: 55.1m (NEARBY)
        └─ Already in cluster 0
      BIN_3: 65.4m (NEARBY)
        └─ Already in cluster 0
      BIN_4: 105.7m (NEARBY)
        └─ Already in cluster 0
      BIN_5: 1212.6m (NEARBY)
        └─ Already in cluster 0
      BIN_6: 1211.2m (NEARBY)
        └─ Already in cluster 0
      BIN_7: 1251.4m (NEARBY)
        └─ Already in cluster 0
    Found 6 nearby bins
    Nearby cluster IDs: {0}
    Already in cluster 0
  
  Processing bin BIN_3 (index 2):
    Finding nearby bins within 1400.0m:
      BIN_1: 88.4m (NEARBY)
        └─ Already in cluster 0
      BIN_2: 65.4m (NEARBY)
        └─ Already in cluster 0
      BIN_4: 61.4m (NEARBY)
        └─ Already in cluster 0
      BIN_5: 1211.2m (NEARBY)
        └─ Already in cluster 0
      BIN_6: 1206.1m (NEARBY)
        └─ Already in cluster 0
      BIN_7: 1248.2m (NEARBY)
        └─ Already in cluster 0
    Found 6 nearby bins
    Nearby cluster IDs: {0}
    Already in cluster 0
  
  Processing bin BIN_4 (index 3):
    Finding nearby bins within 1400.0m:
      BIN_1: 93.2m (NEARBY)
        └─ Already in cluster 0
      BIN_2: 105.7m (NEARBY)
        └─ Already in cluster 0
      BIN_3: 61.4m (NEARBY)
        └─ Already in cluster 0
      BIN_5: 1268.0m (NEARBY)
        └─ Already in cluster 0
      BIN_6: 1261.6m (NEARBY)
        └─ Already in cluster 0
      BIN_7: 1304.4m (NEARBY)
        └─ Already in cluster 0
    Found 6 nearby bins
    Nearby cluster IDs: {0}
    Already in cluster 0
  
  Processing bin BIN_5 (index 4):
    Finding nearby bins within 1400.0m:
      BIN_1: 1267.7m (NEARBY)
        └─ Already in cluster 0
      BIN_2: 1212.6m (NEARBY)
        └─ Already in cluster 0
      BIN_3: 1211.2m (NEARBY)
        └─ Already in cluster 0
      BIN_4: 1268.0m (NEARBY)
        └─ Already in cluster 0
      BIN_6: 68.4m (NEARBY)
        └─ Already in cluster 0
      BIN_7: 50.8m (NEARBY)
        └─ Already in cluster 0
    Found 6 nearby bins
    Nearby cluster IDs: {0}
    Already in cluster 0
  
  Processing bin BIN_6 (index 5):
    Finding nearby bins within 1400.0m:
      BIN_1: 1266.3m (NEARBY)
        └─ Already in cluster 0
      BIN_2: 1211.2m (NEARBY)
        └─ Already in cluster 0
      BIN_3: 1206.1m (NEARBY)
        └─ Already in cluster 0
      BIN_4: 1261.6m (NEARBY)
        └─ Already in cluster 0
      BIN_5: 68.4m (NEARBY)
        └─ Already in cluster 0
      BIN_7: 54.5m (NEARBY)
        └─ Already in cluster 0
    Found 6 nearby bins
    Nearby cluster IDs: {0}
    Already in cluster 0
  
  Processing bin BIN_7 (index 6):
    Finding nearby bins within 1400.0m:
      BIN_1: 1306.6m (NEARBY)
        └─ Already in cluster 0
      BIN_2: 1251.4m (NEARBY)
        └─ Already in cluster 0
      BIN_3: 1248.2m (NEARBY)
        └─ Already in cluster 0
      BIN_4: 1304.4m (NEARBY)
        └─ Already in cluster 0
      BIN_5: 50.8m (NEARBY)
        └─ Already in cluster 0
      BIN_6: 54.5m (NEARBY)
        └─ Already in cluster 0
    Found 6 nearby bins
    Nearby cluster IDs: {0}
    Already in cluster 0
  Cleaning up duplicate bins:
  Final clustering results: 1 clusters, sizes: [7]
    Final Cluster 0: ['BIN_1', 'BIN_2', 'BIN_3', 'BIN_4', 'BIN_5', 'BIN_6', 'BIN_7']

CLUSTERING RESULTS:
  Created 1 clusters
  Cluster 0: 7 bins - ['BIN_1', 'BIN_2', 'BIN_3', 'BIN_4', 'BIN_5', 'BIN_6', 'BIN_7']
    Internal distances:
      BIN_1 to BIN_2: 55.1m
      BIN_1 to BIN_3: 88.4m
      BIN_1 to BIN_4: 93.2m
      BIN_1 to BIN_5: 1267.7m
      BIN_1 to BIN_6: 1266.3m
      BIN_1 to BIN_7: 1306.6m
      BIN_2 to BIN_3: 65.4m
      BIN_2 to BIN_4: 105.7m
      BIN_2 to BIN_5: 1212.6m
      BIN_2 to BIN_6: 1211.2m
      BIN_2 to BIN_7: 1251.4m
      BIN_3 to BIN_4: 61.4m
      BIN_3 to BIN_5: 1211.2m
      BIN_3 to BIN_6: 1206.1m
      BIN_3 to BIN_7: 1248.2m
      BIN_4 to BIN_5: 1268.0m
      BIN_4 to BIN_6: 1261.6m
      BIN_4 to BIN_7: 1304.4m
      BIN_5 to BIN_6: 68.4m
      BIN_5 to BIN_7: 50.8m
      BIN_6 to BIN_7: 54.5m
    Max internal distance: 1306.6m
============================================================
CLUSTERING DEBUG END
============================================================
🎯 Using collection queue priority routing: 6 bins
============================================================
CLUSTERING DEBUG START
============================================================
Input validation:
  bins_data type: <class 'list'>
  bins_data length: 7
  depot_data type: <class 'NoneType'>
  depot_data: None
  First bin structure: {'capacity': 500, 'fillLevel': 34.04694444444446, 'fillRate': 13, 'id': 'BIN_1', 'lat': 33.695235625277846, 'lng': 73.03494220161595, 'threshold': 80, 'near_threshold_count': 0, 'dynamic_threshold': 50}
  All bin IDs: ['BIN_1', 'BIN_2', 'BIN_3', 'BIN_4', 'BIN_5', 'BIN_6', 'BIN_7']

CALCULATING BIN SERVICE RADIUS:
BIN RADIUS CALCULATION DEBUG:
  depot_data: None
  bins_data length: 7
  No depot data, using default bin radius: 1400m
Final bin service radius: 1400.0m

STARTING PROXIMITY CLUSTERING:
PROXIMITY CLUSTERING DEBUG:
  Bin service radius: 1400.0m
  Processing 7 bins
  All pairwise distances:
    BIN_1 to BIN_2: 55.1m ✓
    BIN_1 to BIN_3: 88.4m ✓
    BIN_1 to BIN_4: 93.2m ✓
    BIN_1 to BIN_5: 1267.7m ✓
    BIN_1 to BIN_6: 1266.3m ✓
    BIN_1 to BIN_7: 1306.6m ✓
    BIN_2 to BIN_3: 65.4m ✓
    BIN_2 to BIN_4: 105.7m ✓
    BIN_2 to BIN_5: 1212.6m ✓
    BIN_2 to BIN_6: 1211.2m ✓
    BIN_2 to BIN_7: 1251.4m ✓
    BIN_3 to BIN_4: 61.4m ✓
    BIN_3 to BIN_5: 1211.2m ✓
    BIN_3 to BIN_6: 1206.1m ✓
    BIN_3 to BIN_7: 1248.2m ✓
    BIN_4 to BIN_5: 1268.0m ✓
    BIN_4 to BIN_6: 1261.6m ✓
    BIN_4 to BIN_7: 1304.4m ✓
    BIN_5 to BIN_6: 68.4m ✓
    BIN_5 to BIN_7: 50.8m ✓
    BIN_6 to BIN_7: 54.5m ✓
  Processing bins sequentially:
  
  Processing bin BIN_1 (index 0):
    Finding nearby bins within 1400.0m:
      BIN_2: 55.1m (NEARBY)
      BIN_3: 88.4m (NEARBY)
      BIN_4: 93.2m (NEARBY)
      BIN_5: 1267.7m (NEARBY)
      BIN_6: 1266.3m (NEARBY)
      BIN_7: 1306.6m (NEARBY)
    Found 6 nearby bins
    Nearby cluster IDs: set()
    Creating new cluster 0 with current bin + nearby bins
      Added BIN_1 to cluster 0
      Added BIN_2 to cluster 0
      Added BIN_3 to cluster 0
      Added BIN_4 to cluster 0
      Added BIN_5 to cluster 0
      Added BIN_6 to cluster 0
      Added BIN_7 to cluster 0
  
  Processing bin BIN_2 (index 1):
    Finding nearby bins within 1400.0m:
      BIN_1: 55.1m (NEARBY)
        └─ Already in cluster 0
      BIN_3: 65.4m (NEARBY)
        └─ Already in cluster 0
      BIN_4: 105.7m (NEARBY)
        └─ Already in cluster 0
      BIN_5: 1212.6m (NEARBY)
        └─ Already in cluster 0
      BIN_6: 1211.2m (NEARBY)
        └─ Already in cluster 0
      BIN_7: 1251.4m (NEARBY)
        └─ Already in cluster 0
    Found 6 nearby bins
    Nearby cluster IDs: {0}
    Already in cluster 0
  
  Processing bin BIN_3 (index 2):
    Finding nearby bins within 1400.0m:
      BIN_1: 88.4m (NEARBY)
        └─ Already in cluster 0
      BIN_2: 65.4m (NEARBY)
        └─ Already in cluster 0
      BIN_4: 61.4m (NEARBY)
        └─ Already in cluster 0
      BIN_5: 1211.2m (NEARBY)
        └─ Already in cluster 0
      BIN_6: 1206.1m (NEARBY)
        └─ Already in cluster 0
      BIN_7: 1248.2m (NEARBY)
        └─ Already in cluster 0
    Found 6 nearby bins
    Nearby cluster IDs: {0}
    Already in cluster 0
  
  Processing bin BIN_4 (index 3):
    Finding nearby bins within 1400.0m:
      BIN_1: 93.2m (NEARBY)
        └─ Already in cluster 0
      BIN_2: 105.7m (NEARBY)
        └─ Already in cluster 0
      BIN_3: 61.4m (NEARBY)
        └─ Already in cluster 0
      BIN_5: 1268.0m (NEARBY)
        └─ Already in cluster 0
      BIN_6: 1261.6m (NEARBY)
        └─ Already in cluster 0
      BIN_7: 1304.4m (NEARBY)
        └─ Already in cluster 0
    Found 6 nearby bins
    Nearby cluster IDs: {0}
    Already in cluster 0
  
  Processing bin BIN_5 (index 4):
    Finding nearby bins within 1400.0m:
      BIN_1: 1267.7m (NEARBY)
        └─ Already in cluster 0
      BIN_2: 1212.6m (NEARBY)
        └─ Already in cluster 0
      BIN_3: 1211.2m (NEARBY)
        └─ Already in cluster 0
      BIN_4: 1268.0m (NEARBY)
        └─ Already in cluster 0
      BIN_6: 68.4m (NEARBY)
        └─ Already in cluster 0
      BIN_7: 50.8m (NEARBY)
        └─ Already in cluster 0
    Found 6 nearby bins
    Nearby cluster IDs: {0}
    Already in cluster 0
  
  Processing bin BIN_6 (index 5):
    Finding nearby bins within 1400.0m:
      BIN_1: 1266.3m (NEARBY)
        └─ Already in cluster 0
      BIN_2: 1211.2m (NEARBY)
        └─ Already in cluster 0
      BIN_3: 1206.1m (NEARBY)
        └─ Already in cluster 0
      BIN_4: 1261.6m (NEARBY)
        └─ Already in cluster 0
      BIN_5: 68.4m (NEARBY)
        └─ Already in cluster 0
      BIN_7: 54.5m (NEARBY)
        └─ Already in cluster 0
    Found 6 nearby bins
    Nearby cluster IDs: {0}
    Already in cluster 0
  
  Processing bin BIN_7 (index 6):
    Finding nearby bins within 1400.0m:
      BIN_1: 1306.6m (NEARBY)
        └─ Already in cluster 0
      BIN_2: 1251.4m (NEARBY)
        └─ Already in cluster 0
      BIN_3: 1248.2m (NEARBY)
        └─ Already in cluster 0
      BIN_4: 1304.4m (NEARBY)
        └─ Already in cluster 0
      BIN_5: 50.8m (NEARBY)
        └─ Already in cluster 0
      BIN_6: 54.5m (NEARBY)
        └─ Already in cluster 0
    Found 6 nearby bins
    Nearby cluster IDs: {0}
    Already in cluster 0
  Cleaning up duplicate bins:
  Final clustering results: 1 clusters, sizes: [7]
    Final Cluster 0: ['BIN_1', 'BIN_2', 'BIN_3', 'BIN_4', 'BIN_5', 'BIN_6', 'BIN_7']

CLUSTERING RESULTS:
  Created 1 clusters
  Cluster 0: 7 bins - ['BIN_1', 'BIN_2', 'BIN_3', 'BIN_4', 'BIN_5', 'BIN_6', 'BIN_7']
    Internal distances:
      BIN_1 to BIN_2: 55.1m
      BIN_1 to BIN_3: 88.4m
      BIN_1 to BIN_4: 93.2m
      BIN_1 to BIN_5: 1267.7m
      BIN_1 to BIN_6: 1266.3m
      BIN_1 to BIN_7: 1306.6m
      BIN_2 to BIN_3: 65.4m
      BIN_2 to BIN_4: 105.7m
      BIN_2 to BIN_5: 1212.6m
      BIN_2 to BIN_6: 1211.2m
      BIN_2 to BIN_7: 1251.4m
      BIN_3 to BIN_4: 61.4m
      BIN_3 to BIN_5: 1211.2m
      BIN_3 to BIN_6: 1206.1m
      BIN_3 to BIN_7: 1248.2m
      BIN_4 to BIN_5: 1268.0m
      BIN_4 to BIN_6: 1261.6m
      BIN_4 to BIN_7: 1304.4m
      BIN_5 to BIN_6: 68.4m
      BIN_5 to BIN_7: 50.8m
      BIN_6 to BIN_7: 54.5m
    Max internal distance: 1306.6m
============================================================
CLUSTERING DEBUG END
============================================================
🎯 Using collection queue priority routing: 6 bins
============================================================
CLUSTERING DEBUG START
============================================================
Input validation:
  bins_data type: <class 'list'>
  bins_data length: 7
  depot_data type: <class 'NoneType'>
  depot_data: None
  First bin structure: {'capacity': 500, 'fillLevel': 34.050555555555576, 'fillRate': 13, 'id': 'BIN_1', 'lat': 33.695235625277846, 'lng': 73.03494220161595, 'threshold': 80, 'near_threshold_count': 0, 'dynamic_threshold': 50}
  All bin IDs: ['BIN_1', 'BIN_2', 'BIN_3', 'BIN_4', 'BIN_5', 'BIN_6', 'BIN_7']

CALCULATING BIN SERVICE RADIUS:
BIN RADIUS CALCULATION DEBUG:
  depot_data: None
  bins_data length: 7
  No depot data, using default bin radius: 1400m
Final bin service radius: 1400.0m

STARTING PROXIMITY CLUSTERING:
PROXIMITY CLUSTERING DEBUG:
  Bin service radius: 1400.0m
  Processing 7 bins
  All pairwise distances:
    BIN_1 to BIN_2: 55.1m ✓
    BIN_1 to BIN_3: 88.4m ✓
    BIN_1 to BIN_4: 93.2m ✓
    BIN_1 to BIN_5: 1267.7m ✓
    BIN_1 to BIN_6: 1266.3m ✓
    BIN_1 to BIN_7: 1306.6m ✓
    BIN_2 to BIN_3: 65.4m ✓
    BIN_2 to BIN_4: 105.7m ✓
    BIN_2 to BIN_5: 1212.6m ✓
    BIN_2 to BIN_6: 1211.2m ✓
    BIN_2 to BIN_7: 1251.4m ✓
    BIN_3 to BIN_4: 61.4m ✓
    BIN_3 to BIN_5: 1211.2m ✓
    BIN_3 to BIN_6: 1206.1m ✓
    BIN_3 to BIN_7: 1248.2m ✓
    BIN_4 to BIN_5: 1268.0m ✓
    BIN_4 to BIN_6: 1261.6m ✓
    BIN_4 to BIN_7: 1304.4m ✓
    BIN_5 to BIN_6: 68.4m ✓
    BIN_5 to BIN_7: 50.8m ✓
    BIN_6 to BIN_7: 54.5m ✓
  Processing bins sequentially:
  
  Processing bin BIN_1 (index 0):
    Finding nearby bins within 1400.0m:
      BIN_2: 55.1m (NEARBY)
      BIN_3: 88.4m (NEARBY)
      BIN_4: 93.2m (NEARBY)
      BIN_5: 1267.7m (NEARBY)
      BIN_6: 1266.3m (NEARBY)
      BIN_7: 1306.6m (NEARBY)
    Found 6 nearby bins
    Nearby cluster IDs: set()
    Creating new cluster 0 with current bin + nearby bins
      Added BIN_1 to cluster 0
      Added BIN_2 to cluster 0
      Added BIN_3 to cluster 0
      Added BIN_4 to cluster 0
      Added BIN_5 to cluster 0
      Added BIN_6 to cluster 0
      Added BIN_7 to cluster 0
  
  Processing bin BIN_2 (index 1):
    Finding nearby bins within 1400.0m:
      BIN_1: 55.1m (NEARBY)
        └─ Already in cluster 0
      BIN_3: 65.4m (NEARBY)
        └─ Already in cluster 0
      BIN_4: 105.7m (NEARBY)
        └─ Already in cluster 0
      BIN_5: 1212.6m (NEARBY)
        └─ Already in cluster 0
      BIN_6: 1211.2m (NEARBY)
        └─ Already in cluster 0
      BIN_7: 1251.4m (NEARBY)
        └─ Already in cluster 0
    Found 6 nearby bins
    Nearby cluster IDs: {0}
    Already in cluster 0
  
  Processing bin BIN_3 (index 2):
    Finding nearby bins within 1400.0m:
      BIN_1: 88.4m (NEARBY)
        └─ Already in cluster 0
      BIN_2: 65.4m (NEARBY)
        └─ Already in cluster 0
      BIN_4: 61.4m (NEARBY)
        └─ Already in cluster 0
      BIN_5: 1211.2m (NEARBY)
        └─ Already in cluster 0
      BIN_6: 1206.1m (NEARBY)
        └─ Already in cluster 0
      BIN_7: 1248.2m (NEARBY)
        └─ Already in cluster 0
    Found 6 nearby bins
    Nearby cluster IDs: {0}
    Already in cluster 0
  
  Processing bin BIN_4 (index 3):
    Finding nearby bins within 1400.0m:
      BIN_1: 93.2m (NEARBY)
        └─ Already in cluster 0
      BIN_2: 105.7m (NEARBY)
        └─ Already in cluster 0
      BIN_3: 61.4m (NEARBY)
        └─ Already in cluster 0
      BIN_5: 1268.0m (NEARBY)
        └─ Already in cluster 0
      BIN_6: 1261.6m (NEARBY)
        └─ Already in cluster 0
      BIN_7: 1304.4m (NEARBY)
        └─ Already in cluster 0
    Found 6 nearby bins
    Nearby cluster IDs: {0}
    Already in cluster 0
  
  Processing bin BIN_5 (index 4):
    Finding nearby bins within 1400.0m:
      BIN_1: 1267.7m (NEARBY)
        └─ Already in cluster 0
      BIN_2: 1212.6m (NEARBY)
        └─ Already in cluster 0
      BIN_3: 1211.2m (NEARBY)
        └─ Already in cluster 0
      BIN_4: 1268.0m (NEARBY)
        └─ Already in cluster 0
      BIN_6: 68.4m (NEARBY)
        └─ Already in cluster 0
      BIN_7: 50.8m (NEARBY)
        └─ Already in cluster 0
    Found 6 nearby bins
    Nearby cluster IDs: {0}
    Already in cluster 0
  
  Processing bin BIN_6 (index 5):
    Finding nearby bins within 1400.0m:
      BIN_1: 1266.3m (NEARBY)
        └─ Already in cluster 0
      BIN_2: 1211.2m (NEARBY)
        └─ Already in cluster 0
      BIN_3: 1206.1m (NEARBY)
        └─ Already in cluster 0
      BIN_4: 1261.6m (NEARBY)
        └─ Already in cluster 0
      BIN_5: 68.4m (NEARBY)
        └─ Already in cluster 0
      BIN_7: 54.5m (NEARBY)
        └─ Already in cluster 0
    Found 6 nearby bins
    Nearby cluster IDs: {0}
    Already in cluster 0
  
  Processing bin BIN_7 (index 6):
    Finding nearby bins within 1400.0m:
      BIN_1: 1306.6m (NEARBY)
        └─ Already in cluster 0
      BIN_2: 1251.4m (NEARBY)
        └─ Already in cluster 0
      BIN_3: 1248.2m (NEARBY)
        └─ Already in cluster 0
      BIN_4: 1304.4m (NEARBY)
        └─ Already in cluster 0
      BIN_5: 50.8m (NEARBY)
        └─ Already in cluster 0
      BIN_6: 54.5m (NEARBY)
        └─ Already in cluster 0
    Found 6 nearby bins
    Nearby cluster IDs: {0}
    Already in cluster 0
  Cleaning up duplicate bins:
  Final clustering results: 1 clusters, sizes: [7]
    Final Cluster 0: ['BIN_1', 'BIN_2', 'BIN_3', 'BIN_4', 'BIN_5', 'BIN_6', 'BIN_7']

CLUSTERING RESULTS:
  Created 1 clusters
  Cluster 0: 7 bins - ['BIN_1', 'BIN_2', 'BIN_3', 'BIN_4', 'BIN_5', 'BIN_6', 'BIN_7']
    Internal distances:
      BIN_1 to BIN_2: 55.1m
      BIN_1 to BIN_3: 88.4m
      BIN_1 to BIN_4: 93.2m
      BIN_1 to BIN_5: 1267.7m
      BIN_1 to BIN_6: 1266.3m
      BIN_1 to BIN_7: 1306.6m
      BIN_2 to BIN_3: 65.4m
      BIN_2 to BIN_4: 105.7m
      BIN_2 to BIN_5: 1212.6m
      BIN_2 to BIN_6: 1211.2m
      BIN_2 to BIN_7: 1251.4m
      BIN_3 to BIN_4: 61.4m
      BIN_3 to BIN_5: 1211.2m
      BIN_3 to BIN_6: 1206.1m
      BIN_3 to BIN_7: 1248.2m
      BIN_4 to BIN_5: 1268.0m
      BIN_4 to BIN_6: 1261.6m
      BIN_4 to BIN_7: 1304.4m
      BIN_5 to BIN_6: 68.4m
      BIN_5 to BIN_7: 50.8m
      BIN_6 to BIN_7: 54.5m
    Max internal distance: 1306.6m
============================================================
CLUSTERING DEBUG END
============================================================
🎯 Using collection queue priority routing: 6 bins
============================================================
CLUSTERING DEBUG START
============================================================
Input validation:
  bins_data type: <class 'list'>
  bins_data length: 7
  depot_data type: <class 'NoneType'>
  depot_data: None
  First bin structure: {'capacity': 500, 'fillLevel': 34.05416666666669, 'fillRate': 13, 'id': 'BIN_1', 'lat': 33.695235625277846, 'lng': 73.03494220161595, 'threshold': 80, 'near_threshold_count': 0, 'dynamic_threshold': 50}
  All bin IDs: ['BIN_1', 'BIN_2', 'BIN_3', 'BIN_4', 'BIN_5', 'BIN_6', 'BIN_7']

CALCULATING BIN SERVICE RADIUS:
BIN RADIUS CALCULATION DEBUG:
  depot_data: None
  bins_data length: 7
  No depot data, using default bin radius: 1400m
Final bin service radius: 1400.0m

STARTING PROXIMITY CLUSTERING:
PROXIMITY CLUSTERING DEBUG:
  Bin service radius: 1400.0m
  Processing 7 bins
  All pairwise distances:
    BIN_1 to BIN_2: 55.1m ✓
    BIN_1 to BIN_3: 88.4m ✓
    BIN_1 to BIN_4: 93.2m ✓
    BIN_1 to BIN_5: 1267.7m ✓
    BIN_1 to BIN_6: 1266.3m ✓
    BIN_1 to BIN_7: 1306.6m ✓
    BIN_2 to BIN_3: 65.4m ✓
    BIN_2 to BIN_4: 105.7m ✓
    BIN_2 to BIN_5: 1212.6m ✓
    BIN_2 to BIN_6: 1211.2m ✓
    BIN_2 to BIN_7: 1251.4m ✓
    BIN_3 to BIN_4: 61.4m ✓
    BIN_3 to BIN_5: 1211.2m ✓
    BIN_3 to BIN_6: 1206.1m ✓
    BIN_3 to BIN_7: 1248.2m ✓
    BIN_4 to BIN_5: 1268.0m ✓
    BIN_4 to BIN_6: 1261.6m ✓
    BIN_4 to BIN_7: 1304.4m ✓
    BIN_5 to BIN_6: 68.4m ✓
    BIN_5 to BIN_7: 50.8m ✓
    BIN_6 to BIN_7: 54.5m ✓
  Processing bins sequentially:
  
  Processing bin BIN_1 (index 0):
    Finding nearby bins within 1400.0m:
      BIN_2: 55.1m (NEARBY)
      BIN_3: 88.4m (NEARBY)
      BIN_4: 93.2m (NEARBY)
      BIN_5: 1267.7m (NEARBY)
      BIN_6: 1266.3m (NEARBY)
      BIN_7: 1306.6m (NEARBY)
    Found 6 nearby bins
    Nearby cluster IDs: set()
    Creating new cluster 0 with current bin + nearby bins
      Added BIN_1 to cluster 0
      Added BIN_2 to cluster 0
      Added BIN_3 to cluster 0
      Added BIN_4 to cluster 0
      Added BIN_5 to cluster 0
      Added BIN_6 to cluster 0
      Added BIN_7 to cluster 0
  
  Processing bin BIN_2 (index 1):
    Finding nearby bins within 1400.0m:
      BIN_1: 55.1m (NEARBY)
        └─ Already in cluster 0
      BIN_3: 65.4m (NEARBY)
        └─ Already in cluster 0
      BIN_4: 105.7m (NEARBY)
        └─ Already in cluster 0
      BIN_5: 1212.6m (NEARBY)
        └─ Already in cluster 0
      BIN_6: 1211.2m (NEARBY)
        └─ Already in cluster 0
      BIN_7: 1251.4m (NEARBY)
        └─ Already in cluster 0
    Found 6 nearby bins
    Nearby cluster IDs: {0}
    Already in cluster 0
  
  Processing bin BIN_3 (index 2):
    Finding nearby bins within 1400.0m:
      BIN_1: 88.4m (NEARBY)
        └─ Already in cluster 0
      BIN_2: 65.4m (NEARBY)
        └─ Already in cluster 0
      BIN_4: 61.4m (NEARBY)
        └─ Already in cluster 0
      BIN_5: 1211.2m (NEARBY)
        └─ Already in cluster 0
      BIN_6: 1206.1m (NEARBY)
        └─ Already in cluster 0
      BIN_7: 1248.2m (NEARBY)
        └─ Already in cluster 0
    Found 6 nearby bins
    Nearby cluster IDs: {0}
    Already in cluster 0
  
  Processing bin BIN_4 (index 3):
    Finding nearby bins within 1400.0m:
      BIN_1: 93.2m (NEARBY)
        └─ Already in cluster 0
      BIN_2: 105.7m (NEARBY)
        └─ Already in cluster 0
      BIN_3: 61.4m (NEARBY)
        └─ Already in cluster 0
      BIN_5: 1268.0m (NEARBY)
        └─ Already in cluster 0
      BIN_6: 1261.6m (NEARBY)
        └─ Already in cluster 0
      BIN_7: 1304.4m (NEARBY)
        └─ Already in cluster 0
    Found 6 nearby bins
    Nearby cluster IDs: {0}
    Already in cluster 0
  
  Processing bin BIN_5 (index 4):
    Finding nearby bins within 1400.0m:
      BIN_1: 1267.7m (NEARBY)
        └─ Already in cluster 0
      BIN_2: 1212.6m (NEARBY)
        └─ Already in cluster 0
      BIN_3: 1211.2m (NEARBY)
        └─ Already in cluster 0
      BIN_4: 1268.0m (NEARBY)
        └─ Already in cluster 0
      BIN_6: 68.4m (NEARBY)
        └─ Already in cluster 0
      BIN_7: 50.8m (NEARBY)
        └─ Already in cluster 0
    Found 6 nearby bins
    Nearby cluster IDs: {0}
    Already in cluster 0
  
  Processing bin BIN_6 (index 5):
    Finding nearby bins within 1400.0m:
      BIN_1: 1266.3m (NEARBY)
        └─ Already in cluster 0
      BIN_2: 1211.2m (NEARBY)
        └─ Already in cluster 0
      BIN_3: 1206.1m (NEARBY)
        └─ Already in cluster 0
      BIN_4: 1261.6m (NEARBY)
        └─ Already in cluster 0
      BIN_5: 68.4m (NEARBY)
        └─ Already in cluster 0
      BIN_7: 54.5m (NEARBY)
        └─ Already in cluster 0
    Found 6 nearby bins
    Nearby cluster IDs: {0}
    Already in cluster 0
  
  Processing bin BIN_7 (index 6):
    Finding nearby bins within 1400.0m:
      BIN_1: 1306.6m (NEARBY)
        └─ Already in cluster 0
      BIN_2: 1251.4m (NEARBY)
        └─ Already in cluster 0
      BIN_3: 1248.2m (NEARBY)
        └─ Already in cluster 0
      BIN_4: 1304.4m (NEARBY)
        └─ Already in cluster 0
      BIN_5: 50.8m (NEARBY)
        └─ Already in cluster 0
      BIN_6: 54.5m (NEARBY)
        └─ Already in cluster 0
    Found 6 nearby bins
    Nearby cluster IDs: {0}
    Already in cluster 0
  Cleaning up duplicate bins:
  Final clustering results: 1 clusters, sizes: [7]
    Final Cluster 0: ['BIN_1', 'BIN_2', 'BIN_3', 'BIN_4', 'BIN_5', 'BIN_6', 'BIN_7']

CLUSTERING RESULTS:
  Created 1 clusters
  Cluster 0: 7 bins - ['BIN_1', 'BIN_2', 'BIN_3', 'BIN_4', 'BIN_5', 'BIN_6', 'BIN_7']
    Internal distances:
      BIN_1 to BIN_2: 55.1m
      BIN_1 to BIN_3: 88.4m
      BIN_1 to BIN_4: 93.2m
      BIN_1 to BIN_5: 1267.7m
      BIN_1 to BIN_6: 1266.3m
      BIN_1 to BIN_7: 1306.6m
      BIN_2 to BIN_3: 65.4m
      BIN_2 to BIN_4: 105.7m
      BIN_2 to BIN_5: 1212.6m
      BIN_2 to BIN_6: 1211.2m
      BIN_2 to BIN_7: 1251.4m
      BIN_3 to BIN_4: 61.4m
      BIN_3 to BIN_5: 1211.2m
      BIN_3 to BIN_6: 1206.1m
      BIN_3 to BIN_7: 1248.2m
      BIN_4 to BIN_5: 1268.0m
      BIN_4 to BIN_6: 1261.6m
      BIN_4 to BIN_7: 1304.4m
      BIN_5 to BIN_6: 68.4m
      BIN_5 to BIN_7: 50.8m
      BIN_6 to BIN_7: 54.5m
    Max internal distance: 1306.6m
============================================================
CLUSTERING DEBUG END
============================================================
🎯 Using collection queue priority routing: 6 bins
============================================================
CLUSTERING DEBUG START
============================================================
Input validation:
  bins_data type: <class 'list'>
  bins_data length: 7
  depot_data type: <class 'NoneType'>
  depot_data: None
  First bin structure: {'capacity': 500, 'fillLevel': 34.0577777777778, 'fillRate': 13, 'id': 'BIN_1', 'lat': 33.695235625277846, 'lng': 73.03494220161595, 'threshold': 80, 'near_threshold_count': 0, 'dynamic_threshold': 50}
  All bin IDs: ['BIN_1', 'BIN_2', 'BIN_3', 'BIN_4', 'BIN_5', 'BIN_6', 'BIN_7']

CALCULATING BIN SERVICE RADIUS:
BIN RADIUS CALCULATION DEBUG:
  depot_data: None
  bins_data length: 7
  No depot data, using default bin radius: 1400m
Final bin service radius: 1400.0m

STARTING PROXIMITY CLUSTERING:
PROXIMITY CLUSTERING DEBUG:
  Bin service radius: 1400.0m
  Processing 7 bins
  All pairwise distances:
    BIN_1 to BIN_2: 55.1m ✓
    BIN_1 to BIN_3: 88.4m ✓
    BIN_1 to BIN_4: 93.2m ✓
    BIN_1 to BIN_5: 1267.7m ✓
    BIN_1 to BIN_6: 1266.3m ✓
    BIN_1 to BIN_7: 1306.6m ✓
    BIN_2 to BIN_3: 65.4m ✓
    BIN_2 to BIN_4: 105.7m ✓
    BIN_2 to BIN_5: 1212.6m ✓
    BIN_2 to BIN_6: 1211.2m ✓
    BIN_2 to BIN_7: 1251.4m ✓
    BIN_3 to BIN_4: 61.4m ✓
    BIN_3 to BIN_5: 1211.2m ✓
    BIN_3 to BIN_6: 1206.1m ✓
    BIN_3 to BIN_7: 1248.2m ✓
    BIN_4 to BIN_5: 1268.0m ✓
    BIN_4 to BIN_6: 1261.6m ✓
    BIN_4 to BIN_7: 1304.4m ✓
    BIN_5 to BIN_6: 68.4m ✓
    BIN_5 to BIN_7: 50.8m ✓
    BIN_6 to BIN_7: 54.5m ✓
  Processing bins sequentially:
  
  Processing bin BIN_1 (index 0):
    Finding nearby bins within 1400.0m:
      BIN_2: 55.1m (NEARBY)
      BIN_3: 88.4m (NEARBY)
      BIN_4: 93.2m (NEARBY)
      BIN_5: 1267.7m (NEARBY)
      BIN_6: 1266.3m (NEARBY)
      BIN_7: 1306.6m (NEARBY)
    Found 6 nearby bins
    Nearby cluster IDs: set()
    Creating new cluster 0 with current bin + nearby bins
      Added BIN_1 to cluster 0
      Added BIN_2 to cluster 0
      Added BIN_3 to cluster 0
      Added BIN_4 to cluster 0
      Added BIN_5 to cluster 0
      Added BIN_6 to cluster 0
      Added BIN_7 to cluster 0
  
  Processing bin BIN_2 (index 1):
    Finding nearby bins within 1400.0m:
      BIN_1: 55.1m (NEARBY)
        └─ Already in cluster 0
      BIN_3: 65.4m (NEARBY)
        └─ Already in cluster 0
      BIN_4: 105.7m (NEARBY)
        └─ Already in cluster 0
      BIN_5: 1212.6m (NEARBY)
        └─ Already in cluster 0
      BIN_6: 1211.2m (NEARBY)
        └─ Already in cluster 0
      BIN_7: 1251.4m (NEARBY)
        └─ Already in cluster 0
    Found 6 nearby bins
    Nearby cluster IDs: {0}
    Already in cluster 0
  
  Processing bin BIN_3 (index 2):
    Finding nearby bins within 1400.0m:
      BIN_1: 88.4m (NEARBY)
        └─ Already in cluster 0
      BIN_2: 65.4m (NEARBY)
        └─ Already in cluster 0
      BIN_4: 61.4m (NEARBY)
        └─ Already in cluster 0
      BIN_5: 1211.2m (NEARBY)
        └─ Already in cluster 0
      BIN_6: 1206.1m (NEARBY)
        └─ Already in cluster 0
      BIN_7: 1248.2m (NEARBY)
        └─ Already in cluster 0
    Found 6 nearby bins
    Nearby cluster IDs: {0}
    Already in cluster 0
  
  Processing bin BIN_4 (index 3):
    Finding nearby bins within 1400.0m:
      BIN_1: 93.2m (NEARBY)
        └─ Already in cluster 0
      BIN_2: 105.7m (NEARBY)
        └─ Already in cluster 0
      BIN_3: 61.4m (NEARBY)
        └─ Already in cluster 0
      BIN_5: 1268.0m (NEARBY)
        └─ Already in cluster 0
      BIN_6: 1261.6m (NEARBY)
        └─ Already in cluster 0
      BIN_7: 1304.4m (NEARBY)
        └─ Already in cluster 0
    Found 6 nearby bins
    Nearby cluster IDs: {0}
    Already in cluster 0
  
  Processing bin BIN_5 (index 4):
    Finding nearby bins within 1400.0m:
      BIN_1: 1267.7m (NEARBY)
        └─ Already in cluster 0
      BIN_2: 1212.6m (NEARBY)
        └─ Already in cluster 0
      BIN_3: 1211.2m (NEARBY)
        └─ Already in cluster 0
      BIN_4: 1268.0m (NEARBY)
        └─ Already in cluster 0
      BIN_6: 68.4m (NEARBY)
        └─ Already in cluster 0
      BIN_7: 50.8m (NEARBY)
        └─ Already in cluster 0
    Found 6 nearby bins
    Nearby cluster IDs: {0}
    Already in cluster 0
  
  Processing bin BIN_6 (index 5):
    Finding nearby bins within 1400.0m:
      BIN_1: 1266.3m (NEARBY)
        └─ Already in cluster 0
      BIN_2: 1211.2m (NEARBY)
        └─ Already in cluster 0
      BIN_3: 1206.1m (NEARBY)
        └─ Already in cluster 0
      BIN_4: 1261.6m (NEARBY)
        └─ Already in cluster 0
      BIN_5: 68.4m (NEARBY)
        └─ Already in cluster 0
      BIN_7: 54.5m (NEARBY)
        └─ Already in cluster 0
    Found 6 nearby bins
    Nearby cluster IDs: {0}
    Already in cluster 0
  
  Processing bin BIN_7 (index 6):
    Finding nearby bins within 1400.0m:
      BIN_1: 1306.6m (NEARBY)
