ISO-10303-21;
HEADER;
FILE_DESCRIPTION (( 'STEP AP214' ),
    '1' );
FILE_NAME ('Gear Assembly with box12.STEP',
    '2025-07-17T11:07:48',
    ( '' ),
    ( '' ),
    'SwSTEP 2.0',
    'SolidWorks 2020',
    '' );
FILE_SCHEMA (( 'AUTOMOTIVE_DESIGN' ));
ENDSEC;

DATA;
#1 = EDGE_CURVE ( 'NONE', #4933, #10064, #996, .T. ) ;
#2 = ORIENTED_EDGE ( 'NONE', *, *, #4204, .T. ) ;
#3 = CARTESIAN_POINT ( 'NONE',  ( 1.499999999999999556, 2.650911967359969257, 4.976089400993437550 ) ) ;
#4 = FACE_OUTER_BOUND ( 'NONE', #636, .T. ) ;
#5 = EDGE_CURVE ( 'NONE', #3366, #4863, #4131, .T. ) ;
#6 = CARTESIAN_POINT ( 'NONE',  ( 0.000000000000000000, 2.670274791727524022, -4.949647314371456552 ) ) ;
#7 = CARTESIAN_POINT ( 'NONE',  ( -2.950000000000001066, 31.00000000000000000, -23.79000000000000625 ) ) ;
#8 = ORIENTED_EDGE ( 'NONE', *, *, #9718, .T. ) ;
#9 = AXIS2_PLACEMENT_3D ( 'NONE', #9117, #7007, #8450 ) ;
#10 = EDGE_CURVE ( 'NONE', #2702, #4274, #942, .T. ) ;
#11 = CARTESIAN_POINT ( 'NONE',  ( 1.499999999999999556, 1.863103848212870783, -5.306431951017033910 ) ) ;
#12 = CIRCLE ( 'NONE', #5755, 2.100000000000000089 ) ;
#13 = DIRECTION ( 'NONE',  ( -1.000000000000000000, 0.000000000000000000, 0.000000000000000000 ) ) ;
#15 = DIRECTION ( 'NONE',  ( -1.000000000000000000, -0.000000000000000000, 0.000000000000000000 ) ) ;
#14 = FACE_OUTER_BOUND ( 'NONE', #2808, .T. ) ;
#16 = VERTEX_POINT ( 'NONE', #887 ) ;
#17 = DIRECTION ( 'NONE',  ( -1.000000000000000000, -0.000000000000000000, -0.000000000000000000 ) ) ;
#18 = APPLICATION_CONTEXT ( 'automotive_design' ) ;
#19 = VERTEX_POINT ( 'NONE', #5504 ) ;
#20 = ORIENTED_EDGE ( 'NONE', *, *, #3005, .T. ) ;
#21 = EDGE_CURVE ( 'NONE', #4592, #5014, #7962, .T. ) ;
#22 = MECHANICAL_DESIGN_GEOMETRIC_PRESENTATION_REPRESENTATION (  '', ( #4786 ), #1995 ) ;
#23 = CARTESIAN_POINT ( 'NONE',  ( -7.500000000000000000, -7.500000000000000000, 1.000000000000000000 ) ) ;
#24 = AXIS2_PLACEMENT_3D ( 'NONE', #794, #2342, #6391 ) ;
#25 = EDGE_LOOP ( 'NONE', ( #8788, #10123, #5074, #4151 ) ) ;
#26 = CARTESIAN_POINT ( 'NONE',  ( 0.000000000000000000, 1.414203329750087557, -0.1667481397910147711 ) ) ;
#27 = VECTOR ( 'NONE', #3295, 1000.000000000000000 ) ;
#28 = ADVANCED_FACE ( 'NONE', ( #7912 ), #7251, .T. ) ;
#29 = APPLICATION_PROTOCOL_DEFINITION ( 'draft international standard', 'automotive_design', 1998, #2118 ) ;
#30 = VERTEX_POINT ( 'NONE', #5557 ) ;
#31 = AXIS2_PLACEMENT_3D ( 'NONE', #8954, #5055, #480 ) ;
#32 = CARTESIAN_POINT ( 'NONE',  ( 0.000000000000000000, 5.856144462747256085, -2.322837065193045447 ) ) ;
#33 = LINE ( 'NONE', #8647, #5097 ) ;
#34 = ORIENTED_EDGE ( 'NONE', *, *, #5896, .T. ) ;
#35 = CARTESIAN_POINT ( 'NONE',  ( 0.7499999999999997780, -3.210341912621594851, -5.420673833027136013 ) ) ;
#36 = DIRECTION ( 'NONE',  ( 0.000000000000000000, 1.000000000000000000, 0.000000000000000000 ) ) ;
#38 = AXIS2_PLACEMENT_3D ( 'NONE', #1426, #593, #9314 ) ;
#37 = FILL_AREA_STYLE ('',( #1575 ) ) ;
#39 = CIRCLE ( 'NONE', #7386, 2.399999999999999911 ) ;
#40 = ORIENTED_EDGE ( 'NONE', *, *, #5885, .T. ) ;
#41 = EDGE_LOOP ( 'NONE', ( #4164, #1606, #9670, #1454 ) ) ;
#42 = DIRECTION ( 'NONE',  ( 0.000000000000000000, 0.000000000000000000, -1.000000000000000000 ) ) ;
#43 = DIRECTION ( 'NONE',  ( -1.000000000000000000, -0.000000000000000000, 0.000000000000000000 ) ) ;
#44 = EDGE_CURVE ( 'NONE', #5524, #3458, #2378, .T. ) ;
#45 = DIRECTION ( 'NONE',  ( -1.000000000000000000, 0.000000000000000000, 0.000000000000000000 ) ) ;
#46 = VERTEX_POINT ( 'NONE', #1603 ) ;
#47 = CARTESIAN_POINT ( 'NONE',  ( 0.000000000000000000, -1.523282488027544179, 1.445548498552925221 ) ) ;
#48 = DIRECTION ( 'NONE',  ( 0.000000000000000000, 0.000000000000000000, -1.000000000000000000 ) ) ;
#49 = CARTESIAN_POINT ( 'NONE',  ( 0.000000000000000000, 5.393104387681749934, 1.644148730784227297 ) ) ;
#50 = DIRECTION ( 'NONE',  ( -1.000000000000000000, -0.000000000000000000, -0.000000000000000000 ) ) ;
#51 = LINE ( 'NONE', #7844, #4115 ) ;
#52 = ORIENTED_EDGE ( 'NONE', *, *, #8477, .T. ) ;
#53 = EDGE_CURVE ( 'NONE', #3179, #6590, #4073, .T. ) ;
#54 = CARTESIAN_POINT ( 'NONE',  ( 0.000000000000000000, 4.163316962856852932, -4.728296930903174378 ) ) ;
#55 = VERTEX_POINT ( 'NONE', #9402 ) ;
#56 = DIRECTION ( 'NONE',  ( -1.000000000000000000, 0.000000000000000000, 0.000000000000000000 ) ) ;
#57 = DIRECTION ( 'NONE',  ( -1.000000000000000000, 0.000000000000000000, 0.000000000000000000 ) ) ;
#58 = EDGE_CURVE ( 'NONE', #2782, #6383, #775, .T. ) ;
#59 = DIRECTION ( 'NONE',  ( -1.000000000000000000, -0.000000000000000000, -0.000000000000000000 ) ) ;
#60 = DIRECTION ( 'NONE',  ( -0.000000000000000000, 0.000000000000000000, 1.000000000000000000 ) ) ;
#61 = EDGE_CURVE ( 'NONE', #6350, #1610, #7856, .T. ) ;
#62 = ORIENTED_EDGE ( 'NONE', *, *, #9137, .T. ) ;
#63 = EDGE_CURVE ( 'NONE', #415, #531, #7079, .T. ) ;
#64 = VECTOR ( 'NONE', #5549, 1000.000000000000000 ) ;
#65 = SHAPE_REPRESENTATION ( 'Gear Assembly with box12', ( #630, #9495, #9319, #4087, #1619, #2107, #5553, #8330, #1296, #1141, #8672 ), #5064 ) ;
#66 = CARTESIAN_POINT ( 'NONE',  ( 1.499999999999999556, -5.622447436674696597, 0.1321394030188610957 ) ) ;
#67 = DIRECTION ( 'NONE',  ( -1.000000000000000000, 0.000000000000000000, -0.000000000000000000 ) ) ;
#69 = FILL_AREA_STYLE ('',( #2429 ) ) ;
#68 = DIRECTION ( 'NONE',  ( 0.000000000000000000, 0.000000000000000000, 1.000000000000000000 ) ) ;
#70 = ORIENTED_EDGE ( 'NONE', *, *, #5894, .F. ) ;
#71 = DIRECTION ( 'NONE',  ( 0.000000000000000000, -0.5877852522924624790, -0.8090169943749551118 ) ) ;
#72 = SURFACE_STYLE_USAGE ( .BOTH. , #6381 ) ;
#73 = AXIS2_PLACEMENT_3D ( 'NONE', #9519, #952, #9414 ) ;
#74 = VERTEX_POINT ( 'NONE', #1665 ) ;
#75 = ORIENTED_EDGE ( 'NONE', *, *, #6600, .F. ) ;
#76 = AXIS2_PLACEMENT_3D ( 'NONE', #9512, #1557, #8632 ) ;
#77 = DIRECTION ( 'NONE',  ( 0.000000000000000000, 0.000000000000000000, 1.000000000000000000 ) ) ;
#78 = CARTESIAN_POINT ( 'NONE',  ( -0.06137469101172798175, 19.99999999999999645, -1.054506210165520264 ) ) ;
#79 = VECTOR ( 'NONE', #5424, 1000.000000000000000 ) ;
#80 = VECTOR ( 'NONE', #3692, 1000.000000000000000 ) ;
#81 = APPLICATION_PROTOCOL_DEFINITION ( 'draft international standard', 'automotive_design', 1998, #3491 ) ;
#82 = ORIENTED_EDGE ( 'NONE', *, *, #430, .F. ) ;
#83 = AXIS2_PLACEMENT_3D ( 'NONE', #6674, #2114, #5913 ) ;
#84 = DIRECTION ( 'NONE',  ( 1.000000000000000000, 0.000000000000000000, 0.000000000000000000 ) ) ;
#85 = DIRECTION ( 'NONE',  ( -1.000000000000000000, 0.000000000000000000, -0.000000000000000000 ) ) ;
#86 = VERTEX_POINT ( 'NONE', #6475 ) ;
#87 = CARTESIAN_POINT ( 'NONE',  ( 1.499999999999999556, 6.147417380365319595, 1.378136260165299554 ) ) ;
#88 = DIRECTION ( 'NONE',  ( -1.000000000000000000, 0.000000000000000000, 0.000000000000000000 ) ) ;
#89 = CYLINDRICAL_SURFACE ( 'NONE', #2631, 5.624000000000004107 ) ;
#90 = ORIENTED_EDGE ( 'NONE', *, *, #6451, .T. ) ;
#91 = EDGE_CURVE ( 'NONE', #9756, #6336, #3469, .T. ) ;
#92 = VERTEX_POINT ( 'NONE', #6324 ) ;
#93 = DIRECTION ( 'NONE',  ( -0.000000000000000000, -0.000000000000000000, -1.000000000000000000 ) ) ;
#94 = FACE_OUTER_BOUND ( 'NONE', #7827, .T. ) ;
#95 = VERTEX_POINT ( 'NONE', #3144 ) ;
#96 = ORIENTED_EDGE ( 'NONE', *, *, #2273, .F. ) ;
#97 = CARTESIAN_POINT ( 'NONE',  ( 0.000000000000000000, -5.321370011402281719, -3.372391021478451822 ) ) ;
#98 = CARTESIAN_POINT ( 'NONE',  ( -10.00000000000000000, 0.000000000000000000, 0.000000000000000000 ) ) ;
#99 = CARTESIAN_POINT ( 'NONE',  ( 1.499999999999999556, -2.434800651343041356, -5.069627381595174676 ) ) ;
#100 = DIRECTION ( 'NONE',  ( 0.000000000000000000, 0.000000000000000000, 1.000000000000000000 ) ) ;
#101 = FILL_AREA_STYLE_COLOUR ( '', #9344 ) ;
#102 = DIRECTION ( 'NONE',  ( -1.000000000000000000, 0.000000000000000000, 0.000000000000000000 ) ) ;
#103 = ORIENTED_EDGE ( 'NONE', *, *, #1635, .T. ) ;
#104 = CIRCLE ( 'NONE', #2058, 2.399999999999999911 ) ;
#105 = CYLINDRICAL_SURFACE ( 'NONE', #9614, 2.399999999999999911 ) ;
#106 = VECTOR ( 'NONE', #9695, 1000.000000000000000 ) ;
#107 = ORIENTED_EDGE ( 'NONE', *, *, #6692, .T. ) ;
#108 = CARTESIAN_POINT ( 'NONE',  ( -7.500000000000000000, 7.500000000000000000, 0.000000000000000000 ) ) ;
#109 = DIRECTION ( 'NONE',  ( -1.000000000000000000, 0.000000000000000000, -0.000000000000000000 ) ) ;
#110 = VECTOR ( 'NONE', #3185, 1000.000000000000000 ) ;
#111 = DIRECTION ( 'NONE',  ( 1.000000000000000000, -0.000000000000000000, 0.000000000000000000 ) ) ;
#112 = DIRECTION ( 'NONE',  ( -1.000000000000000000, 0.000000000000000000, 0.000000000000000000 ) ) ;
#113 = EDGE_CURVE ( 'NONE', #8188, #4005, #2059, .T. ) ;
#114 = VECTOR ( 'NONE', #699, 1000.000000000000000 ) ;
#115 = VERTEX_POINT ( 'NONE', #4794 ) ;
#116 = PRODUCT_DEFINITION_SHAPE ( 'NONE', 'NONE',  #10150 ) ;
#117 = EDGE_CURVE ( 'NONE', #6912, #4868, #7794, .T. ) ;
#118 = ORIENTED_EDGE ( 'NONE', *, *, #3464, .F. ) ;
#119 = CARTESIAN_POINT ( 'NONE',  ( 0.7499999999999997780, -2.041975581048281363, 0.4902404781355114149 ) ) ;
#120 = CARTESIAN_POINT ( 'NONE',  ( 11.99999999999999645, 40.00000000000000000, 12.00000000000000178 ) ) ;
#122 = PRESENTATION_STYLE_ASSIGNMENT (( #7203 ) ) ;
#121 = CARTESIAN_POINT ( 'NONE',  ( 1.499999999999999556, 5.393104387681774803, -1.644148730784154688 ) ) ;
#123 = ORIENTED_EDGE ( 'NONE', *, *, #4435, .T. ) ;
#124 =( NAMED_UNIT ( * ) PLANE_ANGLE_UNIT ( ) SI_UNIT ( $, .RADIAN. ) );
#125 = EDGE_CURVE ( 'NONE', #5017, #1879, #9561, .T. ) ;
#126 = ORIENTED_EDGE ( 'NONE', *, *, #718, .T. ) ;
#127 = ORIENTED_EDGE ( 'NONE', *, *, #3313, .F. ) ;
#128 = ITEM_DEFINED_TRANSFORMATION ( 'NONE', 'NONE', #2147,  #6402 ) ;
#129 = EDGE_CURVE ( 'NONE', #778, #74, #8794, .T. ) ;
#130 = VERTEX_POINT ( 'NONE', #1556 ) ;
#131 = VECTOR ( 'NONE', #4350, 1000.000000000000000 ) ;
#132 = LINE ( 'NONE', #9571, #8984 ) ;
#133 = VERTEX_POINT ( 'NONE', #4685 ) ;
#134 = DIRECTION ( 'NONE',  ( -1.000000000000000000, 0.000000000000000000, 0.000000000000000000 ) ) ;
#135 = DIRECTION ( 'NONE',  ( 0.000000000000000000, -0.3090169943749349613, -0.9510565162951576390 ) ) ;
#136 = VERTEX_POINT ( 'NONE', #3642 ) ;
#137 = AXIS2_PLACEMENT_3D ( 'NONE', #2465, #8721, #1697 ) ;
#138 = DIRECTION ( 'NONE',  ( -1.000000000000000000, 0.000000000000000000, 0.000000000000000000 ) ) ;
#139 = ORIENTED_EDGE ( 'NONE', *, *, #6196, .F. ) ;
#140 = CIRCLE ( 'NONE', #4563, 2.100000000000000089 ) ;
#141 = EDGE_LOOP ( 'NONE', ( #5736, #2747, #4221, #5186 ) ) ;
#142 = EDGE_CURVE ( 'NONE', #1711, #4277, #8287, .T. ) ;
#143 = CARTESIAN_POINT ( 'NONE',  ( 1.499999999999999556, -5.069627381595165794, 2.434800651343059119 ) ) ;
#144 = AXIS2_PLACEMENT_3D ( 'NONE', #6029, #8386, #4444 ) ;
#145 = AXIS2_PLACEMENT_3D ( 'NONE', #8583, #6220, #1555 ) ;
#146 = EDGE_LOOP ( 'NONE', ( #7188, #5992, #2771, #9812 ) ) ;
#147 = MECHANICAL_DESIGN_GEOMETRIC_PRESENTATION_REPRESENTATION (  '', ( #3909 ), #9801 ) ;
#148 = ORIENTED_EDGE ( 'NONE', *, *, #5450, .T. ) ;
#149 = ADVANCED_FACE ( 'NONE', ( #559 ), #4367, .T. ) ;
#150 = DIRECTION ( 'NONE',  ( -1.000000000000000000, -0.000000000000000000, -0.000000000000000000 ) ) ;
#151 = DIRECTION ( 'NONE',  ( -1.000000000000000000, 0.000000000000000000, 0.000000000000000000 ) ) ;
#152 = FACE_OUTER_BOUND ( 'NONE', #146, .T. ) ;
#153 = CARTESIAN_POINT ( 'NONE',  ( 1.499999999999999556, 0.1321394030189510516, -5.622447436674693932 ) ) ;
#154 = PRODUCT_DEFINITION_FORMATION_WITH_SPECIFIED_SOURCE ( 'ANY', '', #2505, .NOT_KNOWN. ) ;
#155 = CIRCLE ( 'NONE', #3752, 2.399999999999999467 ) ;
#156 = ORIENTED_EDGE ( 'NONE', *, *, #5353, .F. ) ;
#157 = EDGE_CURVE ( 'NONE', #5466, #1841, #3860, .T. ) ;
#158 = DIRECTION ( 'NONE',  ( -0.000000000000000000, -1.000000000000000000, -0.000000000000000000 ) ) ;
#159 = VECTOR ( 'NONE', #9426, 1000.000000000000000 ) ;
#160 = FILL_AREA_STYLE ('',( #5592 ) ) ;
#161 =( REPRESENTATION_RELATIONSHIP ('NONE','NONE', #7852, #8576 ) REPRESENTATION_RELATIONSHIP_WITH_TRANSFORMATION ( #128 )SHAPE_REPRESENTATION_RELATIONSHIP( ) );
#162 = ORIENTED_EDGE ( 'NONE', *, *, #2940, .T. ) ;
#163 = DIRECTION ( 'NONE',  ( 0.000000000000000000, 0.000000000000000000, 1.000000000000000000 ) ) ;
#164 = DIRECTION ( 'NONE',  ( 0.000000000000000000, 0.4539904997395413089, 0.8910065241883706744 ) ) ;
#165 = CARTESIAN_POINT ( 'NONE',  ( 0.7499999999999997780, 5.321370011402352773, -3.372391021478339912 ) ) ;
#166 = ORIENTED_EDGE ( 'NONE', *, *, #7042, .F. ) ;
#167 = EDGE_CURVE ( 'NONE', #8743, #8282, #5179, .T. ) ;
#168 = EDGE_LOOP ( 'NONE', ( #966, #3232, #3774, #8831 ) ) ;
#169 = LINE ( 'NONE', #5710, #8986 ) ;
#170 = CARTESIAN_POINT ( 'NONE',  ( 0.7499999999999997780, -5.420673833027081834, -3.210341912621687666 ) ) ;
#172 = CARTESIAN_POINT ( 'NONE',  ( 1.499999999999999556, -1.440670871519453389, -0.8862614956314059933 ) ) ;
#171 = DIRECTION ( 'NONE',  ( -1.000000000000000000, 0.000000000000000000, 0.000000000000000000 ) ) ;
#173 = ORIENTED_EDGE ( 'NONE', *, *, #1820, .F. ) ;
#174 = ORIENTED_EDGE ( 'NONE', *, *, #8787, .F. ) ;
#175 = ORIENTED_EDGE ( 'NONE', *, *, #4891, .F. ) ;
#176 = EDGE_CURVE ( 'NONE', #4723, #9435, #8631, .T. ) ;
#177 = DIRECTION ( 'NONE',  ( 0.000000000000000000, 0.000000000000000000, -1.000000000000000000 ) ) ;
#178 = ORIENTED_EDGE ( 'NONE', *, *, #8080, .T. ) ;
#179 = AXIS2_PLACEMENT_3D ( 'NONE', #2801, #2699, #6501 ) ;
#180 = CIRCLE ( 'NONE', #1009, 1.000000000000000222 ) ;
#181 = DIRECTION ( 'NONE',  ( 0.000000000000000000, 0.000000000000000000, 1.000000000000000000 ) ) ;
#182 = VERTEX_POINT ( 'NONE', #5903 ) ;
#183 = LINE ( 'NONE', #4091, #4651 ) ;
#184 = CARTESIAN_POINT ( 'NONE',  ( -24.99999999999999645, 19.99999999999999645, -24.99999999999999289 ) ) ;
#185 = ORIENTED_EDGE ( 'NONE', *, *, #4796, .T. ) ;
#186 = ADVANCED_FACE ( 'NONE', ( #8981 ), #9127, .T. ) ;
#187 = DIRECTION ( 'NONE',  ( 0.000000000000000000, 0.000000000000000000, -1.000000000000000000 ) ) ;
#188 = PRESENTATION_LAYER_ASSIGNMENT (  '', '', ( #2799 ) ) ;
#189 = EDGE_LOOP ( 'NONE', ( #9633, #669, #10070, #6831 ) ) ;
#190 = EDGE_CURVE ( 'NONE', #7685, #8722, #5282, .T. ) ;
#191 = ORIENTED_EDGE ( 'NONE', *, *, #9265, .T. ) ;
#192 = CARTESIAN_POINT ( 'NONE',  ( 1.499999999999999556, -1.440670871519453389, -0.8862614956314059933 ) ) ;
#193 = DIRECTION ( 'NONE',  ( 0.000000000000000000, 0.000000000000000000, 1.000000000000000000 ) ) ;
#194 = EDGE_CURVE ( 'NONE', #2135, #9607, #6816, .T. ) ;
#195 = CIRCLE ( 'NONE', #515, 2.399999999999999467 ) ;
#196 = CIRCLE ( 'NONE', #7238, 2.399999999999999911 ) ;
#197 = ORIENTED_EDGE ( 'NONE', *, *, #8395, .T. ) ;
#198 = ORIENTED_EDGE ( 'NONE', *, *, #872, .T. ) ;
#199 = DIRECTION ( 'NONE',  ( -1.000000000000000000, 0.000000000000000000, 0.000000000000000000 ) ) ;
#200 = CARTESIAN_POINT ( 'NONE',  ( 0.000000000000000000, -1.010057104667935191, -5.532554621990629862 ) ) ;
#201 = DIRECTION ( 'NONE',  ( -1.000000000000000000, -0.000000000000000000, 0.000000000000000000 ) ) ;
#202 = FACE_OUTER_BOUND ( 'NONE', #8319, .T. ) ;
#203 = ORIENTED_EDGE ( 'NONE', *, *, #7214, .F. ) ;
#204 = VECTOR ( 'NONE', #7018, 1000.000000000000000 ) ;
#205 = PLANE ( 'NONE',  #1420 ) ;
#206 = EDGE_LOOP ( 'NONE', ( #8105, #9487, #2469, #7467 ) ) ;
#207 = DIRECTION ( 'NONE',  ( 0.000000000000000000, 0.000000000000000000, 1.000000000000000000 ) ) ;
#208 = CARTESIAN_POINT ( 'NONE',  ( -7.500000000000000000, -7.500000000000000000, 1.000000000000000000 ) ) ;
#209 = LINE ( 'NONE', #4884, #1019 ) ;
#210 = PRODUCT_DEFINITION_SHAPE ( 'NONE', 'NONE',  #5435 ) ;
#211 = DIRECTION ( 'NONE',  ( 1.000000000000000000, -0.000000000000000000, -0.000000000000000000 ) ) ;
#212 = ORIENTED_EDGE ( 'NONE', *, *, #6668, .T. ) ;
#213 = EDGE_CURVE ( 'NONE', #5423, #3629, #8934, .T. ) ;
#214 = VERTEX_POINT ( 'NONE', #4523 ) ;
#215 = CARTESIAN_POINT ( 'NONE',  ( 0.000000000000000000, 0.000000000000000000, 0.000000000000000000 ) ) ;
#216 = CARTESIAN_POINT ( 'NONE',  ( 0.7499999999999997780, -0.3995011666401249162, -6.287320479970238019 ) ) ;
#218 = CARTESIAN_POINT ( 'NONE',  ( 1.499999999999999556, 0.3995011666402510930, -6.287320479970229137 ) ) ;
#217 = DIRECTION ( 'NONE',  ( 1.000000000000000000, 0.000000000000000000, 0.000000000000000000 ) ) ;
#219 = ORIENTED_EDGE ( 'NONE', *, *, #308, .T. ) ;
#220 = VECTOR ( 'NONE', #8646, 1000.000000000000000 ) ;
#221 = ORIENTED_EDGE ( 'NONE', *, *, #3043, .F. ) ;
#222 = CARTESIAN_POINT ( 'NONE',  ( 0.000000000000000000, 5.583907850472561663, -0.7802391318066814740 ) ) ;
#223 = ORIENTED_EDGE ( 'NONE', *, *, #7598, .T. ) ;
#224 = CIRCLE ( 'NONE', #9898, 0.7200000000000004174 ) ;
#225 = DIRECTION ( 'NONE',  ( -0.000000000000000000, -0.000000000000000000, -1.000000000000000000 ) ) ;
#226 = ORIENTED_EDGE ( 'NONE', *, *, #5013, .F. ) ;
#227 = DIRECTION ( 'NONE',  ( 0.000000000000000000, 0.000000000000000000, 1.000000000000000000 ) ) ;
#228 = AXIS2_PLACEMENT_3D ( 'NONE', #7404, #6531, #2632 ) ;
#229 = CARTESIAN_POINT ( 'NONE',  ( 1.499999999999999556, -1.010057104667935413, -5.532554621990629862 ) ) ;
#230 = VERTEX_POINT ( 'NONE', #9954 ) ;
#231 = DIRECTION ( 'NONE',  ( 0.000000000000000000, 0.000000000000000000, -1.000000000000000000 ) ) ;
#232 = ADVANCED_FACE ( 'NONE', ( #607 ), #1188, .T. ) ;
#233 = ORIENTED_EDGE ( 'NONE', *, *, #8807, .T. ) ;
#234 = ORIENTED_EDGE ( 'NONE', *, *, #5766, .T. ) ;
#235 = CARTESIAN_POINT ( 'NONE',  ( 0.000000000000000000, -0.4902404781355044761, -2.041975581048283139 ) ) ;
#236 = ORIENTED_EDGE ( 'NONE', *, *, #807, .F. ) ;
#237 = CYLINDRICAL_SURFACE ( 'NONE', #4117, 2.399999999999999467 ) ;
#238 = EDGE_CURVE ( 'NONE', #1647, #5145, #3537, .T. ) ;
#239 = CIRCLE ( 'NONE', #8592, 5.624000000000004107 ) ;
#240 = ORIENTED_EDGE ( 'NONE', *, *, #8312, .T. ) ;
#241 = EDGE_CURVE ( 'NONE', #604, #7000, #4343, .T. ) ;
#242 = CARTESIAN_POINT ( 'NONE',  ( 15.99999999999999645, 0.000000000000000000, -97.00000000000000000 ) ) ;
#243 = DIRECTION ( 'NONE',  ( 0.000000000000000000, 0.000000000000000000, 1.000000000000000000 ) ) ;
#244 = CARTESIAN_POINT ( 'NONE',  ( 0.7499999999999997780, 5.856144462747256085, -2.322837065193045891 ) ) ;
#245 = DIRECTION ( 'NONE',  ( -1.000000000000000000, 0.000000000000000000, 0.000000000000000000 ) ) ;
#246 = CARTESIAN_POINT ( 'NONE',  ( 1.499999999999999556, -2.322837065193066319, -5.856144462747248980 ) ) ;
#247 = ORIENTED_EDGE ( 'NONE', *, *, #2424, .T. ) ;
#248 = ADVANCED_FACE ( 'NONE', ( #6768 ), #8413, .T. ) ;
#249 = AXIS2_PLACEMENT_3D ( 'NONE', #8916, #9881, #9108 ) ;
#250 = DIRECTION ( 'NONE',  ( 0.000000000000000000, 0.7071067811865437980, 0.7071067811865511255 ) ) ;
#251 = EDGE_CURVE ( 'NONE', #6787, #638, #2692, .T. ) ;
#252 =( LENGTH_UNIT ( ) NAMED_UNIT ( * ) SI_UNIT ( .MILLI., .METRE. ) );
#253 = ORIENTED_EDGE ( 'NONE', *, *, #2126, .T. ) ;
#254 = FACE_OUTER_BOUND ( 'NONE', #8410, .T. ) ;
#255 = LINE ( 'NONE', #9602, #2234 ) ;
#256 = FACE_OUTER_BOUND ( 'NONE', #4918, .T. ) ;
#257 = DIRECTION ( 'NONE',  ( 0.000000000000000000, 0.000000000000000000, -1.000000000000000000 ) ) ;
#258 = AXIS2_PLACEMENT_3D ( 'NONE', #7420, #2745, #1225 ) ;
#259 = AXIS2_PLACEMENT_3D ( 'NONE', #9854, #402, #4476 ) ;
#260 = ORIENTED_EDGE ( 'NONE', *, *, #5157, .T. ) ;
#261 = PRODUCT_DEFINITION_CONTEXT ( 'detailed design', #5795, 'design' ) ;
#262 = CIRCLE ( 'NONE', #4211, 2.399999999999999467 ) ;
#263 = ORIENTED_EDGE ( 'NONE', *, *, #3826, .T. ) ;
#264 = CARTESIAN_POINT ( 'NONE',  ( 1.499999999999999556, 4.058863291118582239, -3.913365401975845259 ) ) ;
#266 = CARTESIAN_POINT ( 'NONE',  ( 0.000000000000000000, 0.000000000000000000, 0.000000000000000000 ) ) ;
#265 = CARTESIAN_POINT ( 'NONE',  ( 4.209999999999998188, 30.00000000000000000, -13.99999999999999822 ) ) ;
#267 = AXIS2_PLACEMENT_3D ( 'NONE', #6362, #7138, #6070 ) ;
#268 = ADVANCED_FACE ( 'NONE', ( #2099 ), #8359, .T. ) ;
#269 = ORIENTED_EDGE ( 'NONE', *, *, #2891, .T. ) ;
#270 =( NAMED_UNIT ( * ) PLANE_ANGLE_UNIT ( ) SI_UNIT ( $, .RADIAN. ) );
#271 = VECTOR ( 'NONE', #606, 1000.000000000000000 ) ;
#272 = ORIENTED_EDGE ( 'NONE', *, *, #3952, .F. ) ;
#273 = DIRECTION ( 'NONE',  ( -1.000000000000000000, -0.000000000000000000, -0.000000000000000000 ) ) ;
#274 = ORIENTED_EDGE ( 'NONE', *, *, #369, .F. ) ;
#275 = DIRECTION ( 'NONE',  ( 0.000000000000000000, 0.000000000000000000, 1.000000000000000000 ) ) ;
#276 = ORIENTED_EDGE ( 'NONE', *, *, #4324, .F. ) ;
#277 = DIRECTION ( 'NONE',  ( 0.000000000000000000, 0.000000000000000000, 1.000000000000000000 ) ) ;
#278 = LINE ( 'NONE', #3409, #1182 ) ;
#279 = ORIENTED_EDGE ( 'NONE', *, *, #945, .T. ) ;
#280 = DIRECTION ( 'NONE',  ( 0.000000000000000000, 0.5877852522924684742, 0.8090169943749507819 ) ) ;
#281 = SURFACE_STYLE_USAGE ( .BOTH. , #3511 ) ;
#282 = ORIENTED_EDGE ( 'NONE', *, *, #6565, .T. ) ;
#283 = AXIS2_PLACEMENT_3D ( 'NONE', #544, #9889, #5889 ) ;
#284 = ORIENTED_EDGE ( 'NONE', *, *, #9443, .T. ) ;
#285 = LINE ( 'NONE', #6296, #9893 ) ;
#286 = EDGE_LOOP ( 'NONE', ( #4984, #5412, #1928, #10073 ) ) ;
#287 = LINE ( 'NONE', #968, #7868 ) ;
#288 = EDGE_CURVE ( 'NONE', #3183, #7685, #4019, .T. ) ;
#289 = VECTOR ( 'NONE', #7133, 1000.000000000000000 ) ;
#290 = VERTEX_POINT ( 'NONE', #9904 ) ;
#291 = CARTESIAN_POINT ( 'NONE',  ( 1.499999999999999556, 5.069627381595151583, 2.434800651343087985 ) ) ;
#292 = DIRECTION ( 'NONE',  ( 0.000000000000000000, 0.000000000000000000, 1.000000000000000000 ) ) ;
#293 = CARTESIAN_POINT ( 'NONE',  ( 1.499999999999999556, -1.308110079575627971, 0.5626935397822188101 ) ) ;
#294 = CARTESIAN_POINT ( 'NONE',  ( 0.000000000000000000, -1.839842958668749029, -5.329519478602976257 ) ) ;
#295 = CIRCLE ( 'NONE', #8169, 5.624000000000004107 ) ;
#296 = ORIENTED_EDGE ( 'NONE', *, *, #2371, .T. ) ;
#297 = STYLED_ITEM ( 'NONE', ( #6480 ), #6245 ) ;
#298 = AXIS2_PLACEMENT_3D ( 'NONE', #8630, #2936, #5349 ) ;
#299 = CYLINDRICAL_SURFACE ( 'NONE', #3049, 1.000000000000000000 ) ;
#300 = ADVANCED_FACE ( 'NONE', ( #2866 ), #6001, .T. ) ;
#301 = AXIS2_PLACEMENT_3D ( 'NONE', #8151, #2512, #5641 ) ;
#302 = FILL_AREA_STYLE ('',( #5849 ) ) ;
#303 = AXIS2_PLACEMENT_3D ( 'NONE', #8614, #10009, #3947 ) ;
#304 = ORIENTED_EDGE ( 'NONE', *, *, #1969, .F. ) ;
#305 = DIRECTION ( 'NONE',  ( -1.000000000000000000, 0.000000000000000000, 0.000000000000000000 ) ) ;
#306 = CYLINDRICAL_SURFACE ( 'NONE', #8790, 5.624000000000004107 ) ;
#307 = AXIS2_PLACEMENT_3D ( 'NONE', #9707, #1299, #5043 ) ;
#308 = EDGE_CURVE ( 'NONE', #746, #3549, #902, .T. ) ;
#309 = LINE ( 'NONE', #5180, #8683 ) ;
#310 = FACE_OUTER_BOUND ( 'NONE', #5392, .T. ) ;
#311 = EDGE_CURVE ( 'NONE', #2288, #7256, #3895, .T. ) ;
#312 = AXIS2_PLACEMENT_3D ( 'NONE', #3212, #854, #9477 ) ;
#313 = ORIENTED_EDGE ( 'NONE', *, *, #735, .F. ) ;
#314 = EDGE_CURVE ( 'NONE', #3899, #4971, #7842, .T. ) ;
#315 = ORIENTED_EDGE ( 'NONE', *, *, #9107, .F. ) ;
#316 = DIRECTION ( 'NONE',  ( -1.000000000000000000, -0.000000000000000000, -0.000000000000000000 ) ) ;
#318 = DIRECTION ( 'NONE',  ( 0.000000000000000000, 0.000000000000000000, -1.000000000000000000 ) ) ;
#317 = FACE_OUTER_BOUND ( 'NONE', #5680, .T. ) ;
#319 = AXIS2_PLACEMENT_3D ( 'NONE', #5487, #758, #6160 ) ;
#320 = ORIENTED_EDGE ( 'NONE', *, *, #2110, .F. ) ;
#321 = SHAPE_REPRESENTATION_RELATIONSHIP ( 'NONE' , 'NONE' ,  #514, #6245 ) ;
#322 = ORIENTED_EDGE ( 'NONE', *, *, #9737, .F. ) ;
#323 = DIRECTION ( 'NONE',  ( -1.000000000000000000, 0.000000000000000000, 0.000000000000000000 ) ) ;
#324 = ORIENTED_EDGE ( 'NONE', *, *, #1969, .T. ) ;
#325 = CIRCLE ( 'NONE', #2301, 5.624000000000004107 ) ;
#326 = EDGE_CURVE ( 'NONE', #9945, #8636, #6048, .T. ) ;
#327 = DIRECTION ( 'NONE',  ( -1.000000000000000000, -0.000000000000000000, -0.000000000000000000 ) ) ;
#328 = ORIENTED_EDGE ( 'NONE', *, *, #6820, .F. ) ;
#329 = DIRECTION ( 'NONE',  ( -1.000000000000000000, 0.000000000000000000, 0.000000000000000000 ) ) ;
#330 = ORIENTED_EDGE ( 'NONE', *, *, #4373, .T. ) ;
#331 = EDGE_CURVE ( 'NONE', #2584, #55, #7890, .T. ) ;
#332 = CYLINDRICAL_SURFACE ( 'NONE', #1286, 2.100000000000000089 ) ;
#333 = ORIENTED_EDGE ( 'NONE', *, *, #7757, .F. ) ;
#334 = VERTEX_POINT ( 'NONE', #5485 ) ;
#335 = DIRECTION ( 'NONE',  ( 0.000000000000000000, 0.3090169943749409565, 0.9510565162951556406 ) ) ;
#336 = VECTOR ( 'NONE', #338, 1000.000000000000000 ) ;
#337 = ORIENTED_EDGE ( 'NONE', *, *, #362, .F. ) ;
#338 = DIRECTION ( 'NONE',  ( -1.000000000000000000, 0.000000000000000000, 0.000000000000000000 ) ) ;
#339 = ADVANCED_FACE ( 'NONE', ( #7695 ), #2356, .T. ) ;
#340 = ORIENTED_EDGE ( 'NONE', *, *, #7708, .T. ) ;
#341 = CARTESIAN_POINT ( 'NONE',  ( 1.499999999999999556, -1.010057104667935413, -5.532554621990629862 ) ) ;
#342 = CARTESIAN_POINT ( 'NONE',  ( 1.499999999999999556, -4.949647314371500073, 2.670274791727444974 ) ) ;
#343 = DIRECTION ( 'NONE',  ( 0.000000000000000000, 0.000000000000000000, 1.000000000000000000 ) ) ;
#344 = VECTOR ( 'NONE', #5738, 1000.000000000000000 ) ;
#345 = CARTESIAN_POINT ( 'NONE',  ( 1.499999999999999556, 3.230239272402487760, -4.621077171872394196 ) ) ;
#346 = CARTESIAN_POINT ( 'NONE',  ( 1.499999999999999556, -5.573896935634616412, 0.7490320092780251571 ) ) ;
#347 = ORIENTED_EDGE ( 'NONE', *, *, #1547, .T. ) ;
#348 = EDGE_CURVE ( 'NONE', #2863, #4971, #7790, .T. ) ;
#349 = CARTESIAN_POINT ( 'NONE',  ( -12.00000000000000355, 0.000000000000000000, 12.00000000000000178 ) ) ;
#350 = AXIS2_PLACEMENT_3D ( 'NONE', #172, #5662, #7858 ) ;
#351 = DIRECTION ( 'NONE',  ( 1.000000000000000000, 0.000000000000000000, 0.000000000000000000 ) ) ;
#352 = CIRCLE ( 'NONE', #10025, 2.400000000000000355 ) ;
#353 =( NAMED_UNIT ( * ) PLANE_ANGLE_UNIT ( ) SI_UNIT ( $, .RADIAN. ) );
#354 = LINE ( 'NONE', #9123, #6630 ) ;
#355 = ORIENTED_EDGE ( 'NONE', *, *, #9276, .T. ) ;
#356 = CARTESIAN_POINT ( 'NONE',  ( 1.499999999999999556, -1.611759767611888883, 5.388098593335846509 ) ) ;
#357 = DIRECTION ( 'NONE',  ( -1.000000000000000000, -0.000000000000000000, 0.000000000000000000 ) ) ;
#358 = CARTESIAN_POINT ( 'NONE',  ( -16.00000000000000355, -31.00000000000000000, 0.000000000000000000 ) ) ;
#359 = DIRECTION ( 'NONE',  ( 0.000000000000000000, -0.9510565162951566398, 0.3090169943749382919 ) ) ;
#360 = VECTOR ( 'NONE', #6252, 1000.000000000000000 ) ;
#361 = CIRCLE ( 'NONE', #38, 6.299999999999999822 ) ;
#362 = EDGE_CURVE ( 'NONE', #4340, #7946, #2441, .T. ) ;
#363 = ORIENTED_EDGE ( 'NONE', *, *, #1888, .T. ) ;
#364 = PRODUCT_DEFINITION_CONTEXT ( 'detailed design', #2454, 'design' ) ;
#365 = ADVANCED_FACE ( 'NONE', ( #2967 ), #9383, .T. ) ;
#366 = EDGE_LOOP ( 'NONE', ( #9927, #580, #801, #819 ) ) ;
#367 = DIRECTION ( 'NONE',  ( 0.000000000000000000, 0.000000000000000000, 1.000000000000000000 ) ) ;
#368 = CARTESIAN_POINT ( 'NONE',  ( 0.000000000000000000, 5.637216970057038701, 2.502882544061089565 ) ) ;
#369 = EDGE_CURVE ( 'NONE', #3513, #2135, #1618, .T. ) ;
#370 = EDGE_LOOP ( 'NONE', ( #10034, #2525, #9934, #4642 ) ) ;
#371 = ORIENTED_EDGE ( 'NONE', *, *, #5391, .F. ) ;
#372 = EDGE_CURVE ( 'NONE', #5851, #8153, #2922, .T. ) ;
#373 = FACE_OUTER_BOUND ( 'NONE', #7047, .T. ) ;
#374 = DIRECTION ( 'NONE',  ( -1.000000000000000000, 0.000000000000000000, 0.000000000000000000 ) ) ;
#375 = ORIENTED_EDGE ( 'NONE', *, *, #1374, .T. ) ;
#376 = ORIENTED_EDGE ( 'NONE', *, *, #1003, .T. ) ;
#377 = COLOUR_RGB ( '',1.000000000000000000, 0.5019607843137254832, 0.5019607843137254832 ) ;
#378 = EDGE_LOOP ( 'NONE', ( #3521, #6987, #8019, #8645 ) ) ;
#379 = DIRECTION ( 'NONE',  ( -1.000000000000000000, 0.000000000000000000, 0.000000000000000000 ) ) ;
#380 = VERTEX_POINT ( 'NONE', #10056 ) ;
#381 = VECTOR ( 'NONE', #485, 1000.000000000000000 ) ;
#382 = CARTESIAN_POINT ( 'NONE',  ( 1.499999999999999556, 5.306431951017053450, 1.863103848212815050 ) ) ;
#383 = EDGE_LOOP ( 'NONE', ( #2263, #5405, #6097, #8275 ) ) ;
#384 = DIRECTION ( 'NONE',  ( -1.000000000000000000, -0.000000000000000000, -0.000000000000000000 ) ) ;
#385 = ORIENTED_EDGE ( 'NONE', *, *, #8528, .F. ) ;
#386 = DIRECTION ( 'NONE',  ( -1.000000000000000000, -0.000000000000000000, -0.000000000000000000 ) ) ;
#387 = DIRECTION ( 'NONE',  ( -1.000000000000000000, -0.000000000000000000, 0.000000000000000000 ) ) ;
#388 = ORIENTED_EDGE ( 'NONE', *, *, #1926, .F. ) ;
#389 = CARTESIAN_POINT ( 'NONE',  ( 1.499999999999999556, 5.329519478602983362, -1.839842958668731043 ) ) ;
#390 = DIRECTION ( 'NONE',  ( -1.000000000000000000, 0.000000000000000000, -0.000000000000000000 ) ) ;
#391 = EDGE_CURVE ( 'NONE', #9888, #10139, #3751, .T. ) ;
#392 = VERTEX_POINT ( 'NONE', #3174 ) ;
#393 = CARTESIAN_POINT ( 'NONE',  ( 0.000000000000000000, 0.000000000000000000, 0.000000000000000000 ) ) ;
#394 = DIRECTION ( 'NONE',  ( -0.000000000000000000, -1.000000000000000000, -0.000000000000000000 ) ) ;
#395 = MECHANICAL_DESIGN_GEOMETRIC_PRESENTATION_REPRESENTATION (  '', ( #7940 ), #3993 ) ;
#396 = DIRECTION ( 'NONE',  ( 0.8747979680714307316, -0.4844878894854816043, 2.977357714358199378E-16 ) ) ;
#397 = AXIS2_PLACEMENT_3D ( 'NONE', #9180, #8259, #7492 ) ;
#398 = CARTESIAN_POINT ( 'NONE',  ( 1.499999999999999556, 5.532554621990620980, 1.010057104667987371 ) ) ;
#399 = ORIENTED_EDGE ( 'NONE', *, *, #4929, .F. ) ;
#400 = CARTESIAN_POINT ( 'NONE',  ( 0.000000000000000000, -5.583907850472554557, -0.7802391318067171122 ) ) ;
#401 = CARTESIAN_POINT ( 'NONE',  ( 1.499999999999999556, -4.058863291118557370, 3.913365401975871904 ) ) ;
#402 = DIRECTION ( 'NONE',  ( -1.000000000000000000, 0.000000000000000000, -0.000000000000000000 ) ) ;
#403 = AXIS2_PLACEMENT_3D ( 'NONE', #1897, #201, #975 ) ;
#405 = AXIS2_PLACEMENT_3D ( 'NONE', #4680, #2421, #7851 ) ;
#404 = CARTESIAN_POINT ( 'NONE',  ( 0.000000000000000000, 0.000000000000000000, 0.000000000000000000 ) ) ;
#406 = DIRECTION ( 'NONE',  ( 0.000000000000000000, -0.8090169943749531134, 0.5877852522924652545 ) ) ;
#407 = CIRCLE ( 'NONE', #8775, 0.7200000000000004174 ) ;
#408 = ORIENTED_EDGE ( 'NONE', *, *, #9196, .F. ) ;
#409 = EDGE_CURVE ( 'NONE', #3299, #2458, #9491, .T. ) ;
#410 = VERTEX_POINT ( 'NONE', #2306 ) ;
#411 = EDGE_CURVE ( 'NONE', #1057, #7273, #3912, .T. ) ;
#412 = CYLINDRICAL_SURFACE ( 'NONE', #5065, 6.299999999999999822 ) ;
#413 = CARTESIAN_POINT ( 'NONE',  ( 1.499999999999999556, 0.1667481397910098306, 1.414203329750088223 ) ) ;
#414 = FACE_OUTER_BOUND ( 'NONE', #7171, .T. ) ;
#415 = VERTEX_POINT ( 'NONE', #1441 ) ;
#416 = VERTEX_POINT ( 'NONE', #6254 ) ;
#418 = CARTESIAN_POINT ( 'NONE',  ( 0.000000000000000000, -0.8862614956313807912, -1.440670871519468932 ) ) ;
#417 = VECTOR ( 'NONE', #6065, 1000.000000000000000 ) ;
#419 = EDGE_CURVE ( 'NONE', #5338, #8001, #4246, .T. ) ;
#420 = AXIS2_PLACEMENT_3D ( 'NONE', #5693, #158, #5590 ) ;
#421 = CARTESIAN_POINT ( 'NONE',  ( -15.00000000000000355, -30.00000000000000000, -97.00000000000000000 ) ) ;
#422 = VERTEX_POINT ( 'NONE', #1490 ) ;
#423 = ORIENTED_EDGE ( 'NONE', *, *, #2267, .T. ) ;
#424 = EDGE_CURVE ( 'NONE', #1304, #6389, #4624, .T. ) ;
#426 = DIRECTION ( 'NONE',  ( 0.000000000000000000, -0.4539904997395544095, 0.8910065241883641241 ) ) ;
#425 = CARTESIAN_POINT ( 'NONE',  ( 0.000000000000000000, 3.372391021478398088, 5.321370011402315470 ) ) ;
#427 = EDGE_LOOP ( 'NONE', ( #5715, #240, #6466, #1112 ) ) ;
#428 = DIRECTION ( 'NONE',  ( 0.000000000000000000, -0.4539904997395351471, -0.8910065241883737830 ) ) ;
#429 = ORIENTED_EDGE ( 'NONE', *, *, #1562, .T. ) ;
#430 = EDGE_CURVE ( 'NONE', #3299, #5466, #6972, .T. ) ;
#431 = VECTOR ( 'NONE', #9948, 1000.000000000000000 ) ;
#432 = CYLINDRICAL_SURFACE ( 'NONE', #1710, 1.423999999999999488 ) ;
#433 = VERTEX_POINT ( 'NONE', #9638 ) ;
#434 = DIRECTION ( 'NONE',  ( -1.000000000000000000, -0.000000000000000000, -0.000000000000000000 ) ) ;
#435 = CIRCLE ( 'NONE', #6823, 2.400000000000000355 ) ;
#436 = EDGE_CURVE ( 'NONE', #2988, #2974, #1726, .T. ) ;
#437 = ORIENTED_EDGE ( 'NONE', *, *, #7183, .F. ) ;
#438 = CARTESIAN_POINT ( 'NONE',  ( 1.499999999999999556, 1.487860405372507966, 0.8045268254124247065 ) ) ;
#439 = DIRECTION ( 'NONE',  ( 0.000000000000000000, 0.000000000000000000, 1.000000000000000000 ) ) ;
#440 = ORIENTED_EDGE ( 'NONE', *, *, #4960, .T. ) ;
#441 = CARTESIAN_POINT ( 'NONE',  ( 1.499999999999999556, 0.000000000000000000, 0.000000000000000000 ) ) ;
#442 = CARTESIAN_POINT ( 'NONE',  ( 1.499999999999999556, 1.523282488027533743, 1.445548498552935657 ) ) ;
#443 = FACE_OUTER_BOUND ( 'NONE', #9290, .T. ) ;
#444 = ORIENTED_EDGE ( 'NONE', *, *, #8424, .T. ) ;
#445 = ADVANCED_FACE ( 'NONE', ( #152 ), #1794, .T. ) ;
#446 = DIRECTION ( 'NONE',  ( -1.000000000000000000, 0.000000000000000000, 0.000000000000000000 ) ) ;
#447 = CARTESIAN_POINT ( 'NONE',  ( 0.000000000000000000, 0.000000000000000000, 0.000000000000000000 ) ) ;
#448 = CIRCLE ( 'NONE', #3242, 2.399999999999999467 ) ;
#449 = EDGE_CURVE ( 'NONE', #7556, #46, #5585, .T. ) ;
#450 = DIRECTION ( 'NONE',  ( 0.1226313847378351640, -0.9924522877586010594, 4.888205093659389762E-16 ) ) ;
#451 = CARTESIAN_POINT ( 'NONE',  ( 1.499999999999999556, 2.041975581048277810, -0.4902404781355257368 ) ) ;
#452 = VECTOR ( 'NONE', #1162, 1000.000000000000000 ) ;
#453 = ORIENTED_EDGE ( 'NONE', *, *, #7853, .F. ) ;
#454 = DIRECTION ( 'NONE',  ( -1.000000000000000000, -0.000000000000000000, 0.000000000000000000 ) ) ;
#455 = DIRECTION ( 'NONE',  ( -1.000000000000000000, 0.000000000000000000, 0.000000000000000000 ) ) ;
#456 = CARTESIAN_POINT ( 'NONE',  ( 0.000000000000000000, -5.551719098988215251, 0.9834709102464556096 ) ) ;
#457 = DIRECTION ( 'NONE',  ( 1.000000000000000000, -0.000000000000000000, -0.000000000000000000 ) ) ;
#458 = CARTESIAN_POINT ( 'NONE',  ( 1.499999999999999556, -1.523282488027523751, -1.445548498552946315 ) ) ;
#459 = AXIS2_PLACEMENT_3D ( 'NONE', #6426, #1766, #4893 ) ;
#460 = EDGE_CURVE ( 'NONE', #604, #7701, #9748, .T. ) ;
#461 = CIRCLE ( 'NONE', #5714, 2.399999999999999023 ) ;
#462 =( GEOMETRIC_REPRESENTATION_CONTEXT ( 3 ) GLOBAL_UNCERTAINTY_ASSIGNED_CONTEXT ( ( #1004 ) ) GLOBAL_UNIT_ASSIGNED_CONTEXT ( ( #5357, #2076, #6130 ) ) REPRESENTATION_CONTEXT ( 'NONE', 'WORKASPACE' ) );
#463 = ORIENTED_EDGE ( 'NONE', *, *, #9550, .T. ) ;
#464 = DIRECTION ( 'NONE',  ( 0.000000000000000000, 0.000000000000000000, 1.000000000000000000 ) ) ;
#465 = DIRECTION ( 'NONE',  ( 1.000000000000000000, -0.000000000000000000, -0.000000000000000000 ) ) ;
#466 = DIRECTION ( 'NONE',  ( -1.000000000000000000, -0.000000000000000000, -0.000000000000000000 ) ) ;
#467 = CARTESIAN_POINT ( 'NONE',  ( 1.499999999999999556, 5.069627381595182669, -2.434800651343023592 ) ) ;
#468 = VECTOR ( 'NONE', #2191, 1000.000000000000000 ) ;
#469 = EDGE_LOOP ( 'NONE', ( #2985, #6901, #4789, #736 ) ) ;
#470 =( GEOMETRIC_REPRESENTATION_CONTEXT ( 3 ) GLOBAL_UNCERTAINTY_ASSIGNED_CONTEXT ( ( #6019 ) ) GLOBAL_UNIT_ASSIGNED_CONTEXT ( ( #3482, #8058, #8208 ) ) REPRESENTATION_CONTEXT ( 'NONE', 'WORKASPACE' ) );
#471 = ORIENTED_EDGE ( 'NONE', *, *, #1934, .T. ) ;
#472 = AXIS2_PLACEMENT_3D ( 'NONE', #2614, #8162, #8111 ) ;
#473 = EDGE_CURVE ( 'NONE', #1973, #3179, #4001, .T. ) ;
#474 = DIRECTION ( 'NONE',  ( -1.000000000000000000, 0.000000000000000000, -0.000000000000000000 ) ) ;
#475 = VECTOR ( 'NONE', #2889, 1000.000000000000000 ) ;
#476 = CARTESIAN_POINT ( 'NONE',  ( 1.499999999999999556, 0.1667481397910098306, 1.414203329750088223 ) ) ;
#477 = VERTEX_POINT ( 'NONE', #1078 ) ;
#478 = APPLICATION_CONTEXT ( 'automotive_design' ) ;
#480 = DIRECTION ( 'NONE',  ( 0.000000000000000000, 0.000000000000000000, 1.000000000000000000 ) ) ;
#479 = DIRECTION ( 'NONE',  ( -1.000000000000000000, -0.000000000000000000, 0.000000000000000000 ) ) ;
#481 = ORIENTED_EDGE ( 'NONE', *, *, #1199, .F. ) ;
#482 = DIRECTION ( 'NONE',  ( 0.000000000000000000, 0.000000000000000000, -1.000000000000000000 ) ) ;
#483 = EDGE_LOOP ( 'NONE', ( #8515, #3838, #3300, #3085 ) ) ;
#484 = AXIS2_PLACEMENT_3D ( 'NONE', #404, #8260, #6666 ) ;
#485 = DIRECTION ( 'NONE',  ( 1.000000000000000000, -0.000000000000000000, -0.000000000000000000 ) ) ;
#486 = VERTEX_POINT ( 'NONE', #8769 ) ;
#487 = CARTESIAN_POINT ( 'NONE',  ( 1.499999999999999556, 0.000000000000000000, 0.000000000000000000 ) ) ;
#488 = ADVANCED_FACE ( 'NONE', ( #1694 ), #3226, .T. ) ;
#489 = VERTEX_POINT ( 'NONE', #8873 ) ;
#490 = DIRECTION ( 'NONE',  ( -1.000000000000000000, -0.000000000000000000, -0.000000000000000000 ) ) ;
#491 = DIRECTION ( 'NONE',  ( 0.000000000000000000, 0.000000000000000000, 1.000000000000000000 ) ) ;
#492 = VERTEX_POINT ( 'NONE', #1850 ) ;
#493 = DIRECTION ( 'NONE',  ( 0.000000000000000000, 0.000000000000000000, 1.000000000000000000 ) ) ;
#494 = CARTESIAN_POINT ( 'NONE',  ( 0.000000000000000000, 2.041975581048277810, 0.4902404781355258478 ) ) ;
#495 = CARTESIAN_POINT ( 'NONE',  ( 1.499999999999999556, 0.1321394030188807189, 5.622447436674696597 ) ) ;
#496 = EDGE_CURVE ( 'NONE', #9539, #5794, #8102, .T. ) ;
#497 = ORIENTED_EDGE ( 'NONE', *, *, #6516, .T. ) ;
#498 = CARTESIAN_POINT ( 'NONE',  ( 0.000000000000000000, -1.839842958668820083, 5.329519478602954941 ) ) ;
#499 = ADVANCED_FACE ( 'NONE', ( #4161 ), #5023, .T. ) ;
#500 = LINE ( 'NONE', #9121, #9944 ) ;
#501 = CIRCLE ( 'NONE', #4123, 0.7200000000000004174 ) ;
#503 = AXIS2_PLACEMENT_3D ( 'NONE', #5364, #9114, #9312 ) ;
#502 = SHAPE_DEFINITION_REPRESENTATION ( #3319, #6804 ) ;
#504 = DIRECTION ( 'NONE',  ( 0.000000000000000000, 0.3090169943749481174, -0.9510565162951533091 ) ) ;
#505 = CIRCLE ( 'NONE', #9521, 1.000000000000000888 ) ;
#506 = ORIENTED_EDGE ( 'NONE', *, *, #3981, .T. ) ;
#507 = CYLINDRICAL_SURFACE ( 'NONE', #9322, 5.624000000000004107 ) ;
#508 = DIRECTION ( 'NONE',  ( 0.000000000000000000, 0.000000000000000000, 1.000000000000000000 ) ) ;
#509 = DIRECTION ( 'NONE',  ( -1.000000000000000000, 0.000000000000000000, 0.000000000000000000 ) ) ;
#510 = DIRECTION ( 'NONE',  ( 0.000000000000000000, 0.5000000000000009992, -0.8660254037844379305 ) ) ;
#511 =( NAMED_UNIT ( * ) PLANE_ANGLE_UNIT ( ) SI_UNIT ( $, .RADIAN. ) );
#512 = AXIS2_PLACEMENT_3D ( 'NONE', #10010, #2916, #6108 ) ;
#513 = COLOUR_RGB ( '',1.000000000000000000, 0.5019607843137254832, 0.5019607843137254832 ) ;
#514 = SHAPE_REPRESENTATION ( 'Shaft2', ( #6402 ), #5707 ) ;
#515 = AXIS2_PLACEMENT_3D ( 'NONE', #3608, #7461, #9876 ) ;
#516 = VERTEX_POINT ( 'NONE', #4206 ) ;
#517 = DIRECTION ( 'NONE',  ( 0.000000000000000000, -0.3090169943749349057, -0.9510565162951577500 ) ) ;
#518 = DIRECTION ( 'NONE',  ( 0.000000000000000000, 0.9876883405951369932, 0.1564344650402347547 ) ) ;
#519 = AXIS2_PLACEMENT_3D ( 'NONE', #8717, #865, #1741 ) ;
#520 = AXIS2_PLACEMENT_3D ( 'NONE', #3105, #9217, #5467 ) ;
#521 = FACE_OUTER_BOUND ( 'NONE', #2474, .T. ) ;
#522 = CARTESIAN_POINT ( 'NONE',  ( 0.000000000000000000, 0.000000000000000000, 0.000000000000000000 ) ) ;
#523 = ORIENTED_EDGE ( 'NONE', *, *, #9130, .F. ) ;
#524 = ADVANCED_FACE ( 'NONE', ( #8924 ), #3276, .T. ) ;
#525 = ORIENTED_EDGE ( 'NONE', *, *, #9144, .T. ) ;
#526 = CYLINDRICAL_SURFACE ( 'NONE', #2069, 5.624000000000004107 ) ;
#527 = DIRECTION ( 'NONE',  ( -1.000000000000000000, 0.000000000000000000, 0.000000000000000000 ) ) ;
#528 = ORIENTED_EDGE ( 'NONE', *, *, #4878, .F. ) ;
#530 = CARTESIAN_POINT ( 'NONE',  ( -10.00000000000000000, 0.000000000000000000, 0.000000000000000000 ) ) ;
#529 = DIRECTION ( 'NONE',  ( -1.000000000000000000, -0.000000000000000000, -0.000000000000000000 ) ) ;
#531 = VERTEX_POINT ( 'NONE', #99 ) ;
#532 = CARTESIAN_POINT ( 'NONE',  ( 0.000000000000000000, 1.440670871519459606, -0.8862614956313958903 ) ) ;
#533 = DIRECTION ( 'NONE',  ( -1.526571843250871077E-16, -4.501050525400302877E-17, 1.000000000000000000 ) ) ;
#534 = ORIENTED_EDGE ( 'NONE', *, *, #2715, .F. ) ;
#535 = LINE ( 'NONE', #3871, #7277 ) ;
#536 = VERTEX_POINT ( 'NONE', #8150 ) ;
#537 = CARTESIAN_POINT ( 'NONE',  ( 0.7499999999999997780, 1.445548498552930550, 1.523282488027538850 ) ) ;
#538 = ORIENTED_EDGE ( 'NONE', *, *, #308, .F. ) ;
#539 = ADVANCED_FACE ( 'NONE', ( #7281 ), #6355, .T. ) ;
#540 = DIRECTION ( 'NONE',  ( 0.000000000000000000, 0.000000000000000000, -1.000000000000000000 ) ) ;
#542 = EDGE_CURVE ( 'NONE', #7707, #3682, #7942, .T. ) ;
#541 = CYLINDRICAL_SURFACE ( 'NONE', #3792, 5.624000000000004107 ) ;
#543 = ORIENTED_EDGE ( 'NONE', *, *, #9872, .F. ) ;
#544 = CARTESIAN_POINT ( 'NONE',  ( 0.000000000000000000, 5.551719098988223244, -0.9834709102464139763 ) ) ;
#545 = CARTESIAN_POINT ( 'NONE',  ( 2.404357727003020528, 3.919999999999999041, 1.000000000000000000 ) ) ;
#546 = ORIENTED_EDGE ( 'NONE', *, *, #939, .T. ) ;
#547 = AXIS2_PLACEMENT_3D ( 'NONE', #3207, #134, #3263 ) ;
#548 = SURFACE_SIDE_STYLE ('',( #5946 ) ) ;
#549 = EDGE_CURVE ( 'NONE', #1040, #2232, #7231, .T. ) ;
#550 = DIRECTION ( 'NONE',  ( 0.000000000000000000, 0.3090169943749411785, 0.9510565162951556406 ) ) ;
#551 = VECTOR ( 'NONE', #9700, 1000.000000000000000 ) ;
#552 = AXIS2_PLACEMENT_3D ( 'NONE', #8288, #5158, #9723 ) ;
#553 = EDGE_CURVE ( 'NONE', #7222, #133, #5640, .T. ) ;
#554 = APPLICATION_PROTOCOL_DEFINITION ( 'draft international standard', 'automotive_design', 1998, #5925 ) ;
#555 = CARTESIAN_POINT ( 'NONE',  ( 1.499999999999999556, 0.000000000000000000, 0.000000000000000000 ) ) ;
#556 = EDGE_LOOP ( 'NONE', ( #3494, #9202, #5279, #1376 ) ) ;
#557 = FACE_OUTER_BOUND ( 'NONE', #1465, .T. ) ;
#558 = DIRECTION ( 'NONE',  ( -1.000000000000000000, -0.000000000000000000, 0.000000000000000000 ) ) ;
#559 = FACE_OUTER_BOUND ( 'NONE', #25, .T. ) ;
#560 = CARTESIAN_POINT ( 'NONE',  ( 1.499999999999999556, -0.7490320092780032857, -5.573896935634619965 ) ) ;
#561 = CARTESIAN_POINT ( 'NONE',  ( 0.000000000000000000, -0.4902404781355327867, 2.041975581048276034 ) ) ;
#562 = EDGE_CURVE ( 'NONE', #1780, #4922, #9590, .T. ) ;
#563 = CARTESIAN_POINT ( 'NONE',  ( 1.499999999999999556, -6.272408882937927643, -0.5889709714760058556 ) ) ;
#564 = AXIS2_PLACEMENT_3D ( 'NONE', #8951, #1920, #8182 ) ;
#565 = AXIS2_PLACEMENT_3D ( 'NONE', #6788, #4598, #9251 ) ;
#566 = EDGE_CURVE ( 'NONE', #8702, #1623, #4346, .T. ) ;
#567 = AXIS2_PLACEMENT_3D ( 'NONE', #6603, #5846, #9789 ) ;
#568 = ORIENTED_EDGE ( 'NONE', *, *, #1965, .F. ) ;
#569 = CARTESIAN_POINT ( 'NONE',  ( 1.499999999999999556, 4.069107377274247206, -3.882234041400948410 ) ) ;
#570 = CARTESIAN_POINT ( 'NONE',  ( 1.499999999999999556, 5.551719098988212586, 0.9834709102464908037 ) ) ;
#571 = CARTESIAN_POINT ( 'NONE',  ( 0.000000000000000000, 19.99999999999999645, 0.000000000000000000 ) ) ;
#572 = FACE_OUTER_BOUND ( 'NONE', #3997, .T. ) ;
#573 = ORIENTED_EDGE ( 'NONE', *, *, #8779, .F. ) ;
#574 = VERTEX_POINT ( 'NONE', #3576 ) ;
#575 = EDGE_CURVE ( 'NONE', #7627, #7946, #770, .T. ) ;
#576 = DIRECTION ( 'NONE',  ( -1.000000000000000000, -0.000000000000000000, 0.000000000000000000 ) ) ;
#577 = EDGE_CURVE ( 'NONE', #7000, #74, #5044, .T. ) ;
#578 = EDGE_LOOP ( 'NONE', ( #6178, #5658, #385, #8419 ) ) ;
#579 = DIRECTION ( 'NONE',  ( -1.000000000000000000, 0.000000000000000000, 0.000000000000000000 ) ) ;
#580 = ORIENTED_EDGE ( 'NONE', *, *, #7117, .F. ) ;
#581 = DIRECTION ( 'NONE',  ( 0.000000000000000000, 0.000000000000000000, -1.000000000000000000 ) ) ;
#582 = AXIS2_PLACEMENT_3D ( 'NONE', #8197, #4298, #9064 ) ;
#583 = ORIENTED_EDGE ( 'NONE', *, *, #10093, .F. ) ;
#584 = LINE ( 'NONE', #8543, #1216 ) ;
#585 = ORIENTED_EDGE ( 'NONE', *, *, #2756, .F. ) ;
#586 = LINE ( 'NONE', #1565, #7558 ) ;
#587 = VECTOR ( 'NONE', #7428, 1000.000000000000000 ) ;
#588 = AXIS2_PLACEMENT_3D ( 'NONE', #986, #4986, #931 ) ;
#589 = ORIENTED_EDGE ( 'NONE', *, *, #2273, .T. ) ;
#590 = CARTESIAN_POINT ( 'NONE',  ( 1.500000000000001332, 1.224646799147353207E-16, -1.000000000000000000 ) ) ;
#591 = LINE ( 'NONE', #2187, #9690 ) ;
#592 = ORIENTED_EDGE ( 'NONE', *, *, #5, .T. ) ;
#593 = DIRECTION ( 'NONE',  ( -1.000000000000000000, -0.000000000000000000, -0.000000000000000000 ) ) ;
#594 = CARTESIAN_POINT ( 'NONE',  ( 0.000000000000000000, -0.1667481397909999219, -1.414203329750089111 ) ) ;
#595 = CARTESIAN_POINT ( 'NONE',  ( 0.000000000000000000, 0.000000000000000000, 0.000000000000000000 ) ) ;
#596 = AXIS2_PLACEMENT_3D ( 'NONE', #1636, #6194, #6099 ) ;
#597 = ORIENTED_EDGE ( 'NONE', *, *, #4712, .T. ) ;
#598 = ORIENTED_EDGE ( 'NONE', *, *, #5004, .F. ) ;
#599 = DIRECTION ( 'NONE',  ( 0.000000000000000000, 0.000000000000000000, 1.000000000000000000 ) ) ;
#600 = DIRECTION ( 'NONE',  ( -1.000000000000000000, 0.000000000000000000, 0.000000000000000000 ) ) ;
#601 = EDGE_CURVE ( 'NONE', #6865, #1552, #4715, .T. ) ;
#602 = PRODUCT_CONTEXT ( 'NONE', #4358, 'mechanical' ) ;
#603 = CYLINDRICAL_SURFACE ( 'NONE', #5161, 2.399999999999999911 ) ;
#604 = VERTEX_POINT ( 'NONE', #7423 ) ;
#605 = DIRECTION ( 'NONE',  ( -1.000000000000000000, 0.000000000000000000, 0.000000000000000000 ) ) ;
#606 = DIRECTION ( 'NONE',  ( 1.000000000000000000, 0.000000000000000000, 0.000000000000000000 ) ) ;
#607 = FACE_OUTER_BOUND ( 'NONE', #1753, .T. ) ;
#608 = CARTESIAN_POINT ( 'NONE',  ( 0.7499999999999997780, -0.4902404781355044761, -2.041975581048283139 ) ) ;
#609 = CARTESIAN_POINT ( 'NONE',  ( 1.499999999999999556, -4.500131487637568206, 3.396706725542315120 ) ) ;
#610 = FACE_BOUND ( 'NONE', #5857, .T. ) ;
#611 = EDGE_CURVE ( 'NONE', #290, #3885, #5533, .T. ) ;
#612 = AXIS2_PLACEMENT_3D ( 'NONE', #389, #8295, #4353 ) ;
#613 = ORIENTED_EDGE ( 'NONE', *, *, #1534, .F. ) ;
#614 = FACE_OUTER_BOUND ( 'NONE', #8032, .T. ) ;
#615 = CARTESIAN_POINT ( 'NONE',  ( 1.499999999999999556, 0.000000000000000000, 0.000000000000000000 ) ) ;
#616 = AXIS2_PLACEMENT_3D ( 'NONE', #4284, #3555, #6683 ) ;
#617 = EDGE_CURVE ( 'NONE', #7653, #6544, #6510, .T. ) ;
#618 = CARTESIAN_POINT ( 'NONE',  ( 1.499999999999999556, -0.5964270824953252781, -2.013522966163066918 ) ) ;
#619 = DIRECTION ( 'NONE',  ( -1.000000000000000000, -0.000000000000000000, 0.000000000000000000 ) ) ;
#620 = AXIS2_PLACEMENT_3D ( 'NONE', #7860, #7099, #71 ) ;
#621 = ORIENTED_EDGE ( 'NONE', *, *, #3189, .F. ) ;
#622 = PRODUCT_DEFINITION_SHAPE ( 'NONE', 'NONE',  #10153 ) ;
#623 = AXIS2_PLACEMENT_3D ( 'NONE', #9255, #8335, #9879 ) ;
#624 = DIRECTION ( 'NONE',  ( 0.000000000000000000, 0.000000000000000000, 1.000000000000000000 ) ) ;
#625 = EDGE_CURVE ( 'NONE', #1711, #2782, #9131, .T. ) ;
#626 = AXIS2_PLACEMENT_3D ( 'NONE', #976, #4162, #8875 ) ;
#627 = CARTESIAN_POINT ( 'NONE',  ( 1.499999999999999556, 0.000000000000000000, 0.000000000000000000 ) ) ;
#628 = VERTEX_POINT ( 'NONE', #7476 ) ;
#629 = CYLINDRICAL_SURFACE ( 'NONE', #4502, 2.399999999999999467 ) ;
#630 = AXIS2_PLACEMENT_3D ( 'NONE', #8604, #5782, #2990 ) ;
#631 = VERTEX_POINT ( 'NONE', #3678 ) ;
#632 = FACE_OUTER_BOUND ( 'NONE', #3262, .T. ) ;
#633 = ORIENTED_EDGE ( 'NONE', *, *, #3438, .F. ) ;
#634 = AXIS2_PLACEMENT_3D ( 'NONE', #8296, #5890, #4509 ) ;
#635 = DIRECTION ( 'NONE',  ( 0.000000000000000000, 0.000000000000000000, 1.000000000000000000 ) ) ;
#636 = EDGE_LOOP ( 'NONE', ( #2662, #917, #376, #5778 ) ) ;
#637 = DIRECTION ( 'NONE',  ( 0.000000000000000000, 0.8910065241883688980, -0.4539904997395446951 ) ) ;
#638 = VERTEX_POINT ( 'NONE', #5219 ) ;
#639 = CARTESIAN_POINT ( 'NONE',  ( 1.499999999999999556, 1.308110079575631746, -0.5626935397822095952 ) ) ;
#640 = DIRECTION ( 'NONE',  ( 0.000000000000000000, -0.000000000000000000, -1.000000000000000000 ) ) ;
#641 = VERTEX_POINT ( 'NONE', #6650 ) ;
#642 = CARTESIAN_POINT ( 'NONE',  ( 0.000000000000000000, -0.3995011666402072947, 6.287320479970232689 ) ) ;
#643 = DIRECTION ( 'NONE',  ( 0.000000000000000000, 0.000000000000000000, 1.000000000000000000 ) ) ;
#644 = DIRECTION ( 'NONE',  ( 0.000000000000000000, 0.9510565162951523099, 0.3090169943749515591 ) ) ;
#645 = CIRCLE ( 'NONE', #4261, 0.7200000000000004174 ) ;
#646 = EDGE_LOOP ( 'NONE', ( #8143, #8038, #5428, #924 ) ) ;
#647 = ADVANCED_FACE ( 'NONE', ( #9784 ), #5989, .T. ) ;
#648 = ORIENTED_EDGE ( 'NONE', *, *, #7455, .F. ) ;
#649 = FACE_OUTER_BOUND ( 'NONE', #8173, .T. ) ;
#650 = CARTESIAN_POINT ( 'NONE',  ( 1.499999999999999556, 0.000000000000000000, 5.624000000000004107 ) ) ;
#651 = VECTOR ( 'NONE', #5793, 1000.000000000000000 ) ;
#652 = CARTESIAN_POINT ( 'NONE',  ( -10.00000000000000000, 0.000000000000000000, 0.000000000000000000 ) ) ;
#653 = EDGE_LOOP ( 'NONE', ( #3567, #3605, #9047, #3130 ) ) ;
#654 = CARTESIAN_POINT ( 'NONE',  ( 0.000000000000000000, 49.99999999999999289, 0.000000000000000000 ) ) ;
#655 = FACE_OUTER_BOUND ( 'NONE', #3501, .T. ) ;
#656 = CARTESIAN_POINT ( 'NONE',  ( 0.7499999999999997780, 4.851728223352880676, -4.018797487647403521 ) ) ;
#657 = CARTESIAN_POINT ( 'NONE',  ( -24.99999999999999645, 0.000000000000000000, -24.99999999999999289 ) ) ;
#658 = DIRECTION ( 'NONE',  ( 0.000000000000000000, 0.000000000000000000, -1.000000000000000000 ) ) ;
#659 = DIRECTION ( 'NONE',  ( -1.000000000000000000, 0.000000000000000000, 0.000000000000000000 ) ) ;
#660 = AXIS2_PLACEMENT_3D ( 'NONE', #2294, #1428, #7219 ) ;
#661 = CIRCLE ( 'NONE', #4941, 0.7200000000000004174 ) ;
#662 = ORIENTED_EDGE ( 'NONE', *, *, #4682, .F. ) ;
#663 = DIRECTION ( 'NONE',  ( 0.000000000000000000, 0.000000000000000000, 1.000000000000000000 ) ) ;
#664 = CARTESIAN_POINT ( 'NONE',  ( 17.54825565829598588, 23.99999999999999645, 20.14180375945003121 ) ) ;
#666 = ADVANCED_FACE ( 'NONE', ( #9116 ), #6755, .T. ) ;
#665 =( LENGTH_UNIT ( ) NAMED_UNIT ( * ) SI_UNIT ( .MILLI., .METRE. ) );
#667 = DIRECTION ( 'NONE',  ( 0.000000000000000000, 0.000000000000000000, -1.000000000000000000 ) ) ;
#668 = CIRCLE ( 'NONE', #8373, 1.423999999999999488 ) ;
#669 = ORIENTED_EDGE ( 'NONE', *, *, #8020, .T. ) ;
#670 = CARTESIAN_POINT ( 'NONE',  ( 1.499999999999999556, 0.000000000000000000, 0.000000000000000000 ) ) ;
#671 = EDGE_CURVE ( 'NONE', #638, #5576, #2422, .T. ) ;
#672 =( GEOMETRIC_REPRESENTATION_CONTEXT ( 3 ) GLOBAL_UNCERTAINTY_ASSIGNED_CONTEXT ( ( #6628 ) ) GLOBAL_UNIT_ASSIGNED_CONTEXT ( ( #6573, #9665, #8176 ) ) REPRESENTATION_CONTEXT ( 'NONE', 'WORKASPACE' ) );
#673 = VECTOR ( 'NONE', #2319, 1000.000000000000000 ) ;
#674 = EDGE_CURVE ( 'NONE', #130, #8556, #7815, .T. ) ;
#675 = CARTESIAN_POINT ( 'NONE',  ( 0.000000000000000000, -1.611759767611821381, -5.388098593335865161 ) ) ;
#676 = ORIENTED_EDGE ( 'NONE', *, *, #5960, .T. ) ;
#678 = SURFACE_STYLE_USAGE ( .BOTH. , #2332 ) ;
#677 = CARTESIAN_POINT ( 'NONE',  ( 1.499999999999999556, -5.388098593335861608, 1.611759767611837812 ) ) ;
#679 = ORIENTED_EDGE ( 'NONE', *, *, #6698, .F. ) ;
#680 = CARTESIAN_POINT ( 'NONE',  ( 1.499999999999999556, 1.487860405372507966, 0.8045268254124247065 ) ) ;
#681 = DIRECTION ( 'NONE',  ( 0.000000000000000000, 0.000000000000000000, 1.000000000000000000 ) ) ;
#682 = EDGE_CURVE ( 'NONE', #2576, #7175, #9961, .T. ) ;
#683 = AXIS2_PLACEMENT_3D ( 'NONE', #8046, #5638, #3116 ) ;
#684 = ORIENTED_EDGE ( 'NONE', *, *, #5766, .F. ) ;
#685 = CIRCLE ( 'NONE', #3808, 2.399999999999999467 ) ;
#686 = CARTESIAN_POINT ( 'NONE',  ( 0.7499999999999997780, -6.287320479970236242, 0.3995011666401461214 ) ) ;
#687 = ORIENTED_EDGE ( 'NONE', *, *, #1288, .F. ) ;
#688 = DIRECTION ( 'NONE',  ( -1.000000000000000000, 0.000000000000000000, 0.000000000000000000 ) ) ;
#689 = VERTEX_POINT ( 'NONE', #6704 ) ;
#690 = LINE ( 'NONE', #6039, #6482 ) ;
#691 = DIRECTION ( 'NONE',  ( -1.000000000000000000, 0.000000000000000000, 0.000000000000000000 ) ) ;
#692 = VERTEX_POINT ( 'NONE', #2748 ) ;
#693 = CARTESIAN_POINT ( 'NONE',  ( 4.209999999999998188, 31.00000000000000000, -15.00000000000000000 ) ) ;
#694 = FACE_OUTER_BOUND ( 'NONE', #8131, .T. ) ;
#695 = PLANE ( 'NONE',  #3942 ) ;
#696 = ORIENTED_EDGE ( 'NONE', *, *, #9287, .F. ) ;
#697 = ORIENTED_EDGE ( 'NONE', *, *, #8800, .F. ) ;
#698 = DIRECTION ( 'NONE',  ( -1.000000000000000000, 0.000000000000000000, 0.000000000000000000 ) ) ;
#699 = DIRECTION ( 'NONE',  ( -1.000000000000000000, -0.000000000000000000, 0.000000000000000000 ) ) ;
#700 = LINE ( 'NONE', #6154, #3360 ) ;
#701 = ORIENTED_EDGE ( 'NONE', *, *, #2311, .F. ) ;
#702 = EDGE_CURVE ( 'NONE', #1659, #7222, #1599, .T. ) ;
#703 = CARTESIAN_POINT ( 'NONE',  ( 1.499999999999999556, -5.069504796178989636, 2.467573931392889719 ) ) ;
#704 = CARTESIAN_POINT ( 'NONE',  ( 1.499999999999999556, 3.882234041400991487, 4.069107377274206350 ) ) ;
#705 = DIRECTION ( 'NONE',  ( 1.000000000000000000, 0.000000000000000000, -0.000000000000000000 ) ) ;
#706 = DIRECTION ( 'NONE',  ( -1.000000000000000000, 0.000000000000000000, -0.000000000000000000 ) ) ;
#707 = CARTESIAN_POINT ( 'NONE',  ( 0.000000000000000000, -1.414203329750088667, 0.1667481397910048901 ) ) ;
#708 = DIRECTION ( 'NONE',  ( 0.000000000000000000, 0.000000000000000000, -1.000000000000000000 ) ) ;
#709 = AXIS2_PLACEMENT_3D ( 'NONE', #4144, #2493, #227 ) ;
#710 = AXIS2_PLACEMENT_3D ( 'NONE', #7208, #3352, #9619 ) ;
#711 = EDGE_LOOP ( 'NONE', ( #9901, #3271, #6765, #2109 ) ) ;
#712 = DIRECTION ( 'NONE',  ( -1.000000000000000000, 0.000000000000000000, 0.000000000000000000 ) ) ;
#713 = LINE ( 'NONE', #3854, #8135 ) ;
#714 = DIRECTION ( 'NONE',  ( 0.000000000000000000, 0.000000000000000000, 1.000000000000000000 ) ) ;
#715 = DIRECTION ( 'NONE',  ( 0.000000000000000000, 0.000000000000000000, 1.000000000000000000 ) ) ;
#716 = ORIENTED_EDGE ( 'NONE', *, *, #2565, .F. ) ;
#718 = EDGE_CURVE ( 'NONE', #9444, #4549, #3473, .T. ) ;
#717 = CIRCLE ( 'NONE', #4178, 0.7200000000000004174 ) ;
#719 = ADVANCED_FACE ( 'NONE', ( #2853 ), #2804, .T. ) ;
#720 = DIRECTION ( 'NONE',  ( -1.000000000000000000, -0.000000000000000000, 0.000000000000000000 ) ) ;
#721 = VERTEX_POINT ( 'NONE', #9166 ) ;
#723 = FACE_OUTER_BOUND ( 'NONE', #3506, .T. ) ;
#722 = DIRECTION ( 'NONE',  ( 0.000000000000000000, 0.8910065241883657894, 0.4539904997395511899 ) ) ;
#724 = ORIENTED_EDGE ( 'NONE', *, *, #4503, .T. ) ;
#725 = ADVANCED_BREP_SHAPE_REPRESENTATION ( '', ( #3500, #6402 ), #5909 ) ;
#726 = DIRECTION ( 'NONE',  ( -1.000000000000000000, 0.000000000000000000, 0.000000000000000000 ) ) ;
#727 =( LENGTH_UNIT ( ) NAMED_UNIT ( * ) SI_UNIT ( .MILLI., .METRE. ) );
#728 = CIRCLE ( 'NONE', #7785, 2.399999999999999911 ) ;
#729 = ORIENTED_EDGE ( 'NONE', *, *, #2877, .F. ) ;
#730 = ADVANCED_FACE ( 'NONE', ( #1173 ), #5268, .T. ) ;
#731 = DIRECTION ( 'NONE',  ( -1.000000000000000000, -0.000000000000000000, 0.000000000000000000 ) ) ;
#732 = VERTEX_POINT ( 'NONE', #8969 ) ;
#733 = CARTESIAN_POINT ( 'NONE',  ( 1.499999999999999556, -5.583907850472566992, 0.7802391318066413950 ) ) ;
#734 = EDGE_CURVE ( 'NONE', #993, #6896, #685, .T. ) ;
#735 = EDGE_CURVE ( 'NONE', #4922, #5301, #361, .T. ) ;
#736 = ORIENTED_EDGE ( 'NONE', *, *, #9958, .T. ) ;
#737 = DIRECTION ( 'NONE',  ( -1.000000000000000000, 0.000000000000000000, 0.000000000000000000 ) ) ;
#738 = DIRECTION ( 'NONE',  ( -1.000000000000000000, 0.000000000000000000, 0.000000000000000000 ) ) ;
#739 = ORIENTED_EDGE ( 'NONE', *, *, #4066, .T. ) ;
#740 = AXIS2_PLACEMENT_3D ( 'NONE', #6234, #1373, #3001 ) ;
#741 = DIRECTION ( 'NONE',  ( 1.000000000000000000, 0.000000000000000000, 0.000000000000000000 ) ) ;
#742 = EDGE_CURVE ( 'NONE', #3556, #3183, #3162, .T. ) ;
#743 = CARTESIAN_POINT ( 'NONE',  ( 0.000000000000000000, 0.000000000000000000, 0.000000000000000000 ) ) ;
#744 = CARTESIAN_POINT ( 'NONE',  ( 1.499999999999999556, -3.913365401975911873, 4.058863291118516514 ) ) ;
#745 = VERTEX_POINT ( 'NONE', #1478 ) ;
#746 = VERTEX_POINT ( 'NONE', #4610 ) ;
#747 = DIRECTION ( 'NONE',  ( -1.000000000000000000, 0.000000000000000000, 0.000000000000000000 ) ) ;
#748 = CARTESIAN_POINT ( 'NONE',  ( 0.000000000000000000, -6.287320479970230913, -0.3995011666402289996 ) ) ;
#749 = CIRCLE ( 'NONE', #932, 2.399999999999999911 ) ;
#750 = ADVANCED_FACE ( 'NONE', ( #7004 ), #10140, .T. ) ;
#751 = DIRECTION ( 'NONE',  ( 0.000000000000000000, 0.000000000000000000, 1.000000000000000000 ) ) ;
#752 = AXIS2_PLACEMENT_3D ( 'NONE', #5743, #5798, #2661 ) ;
#753 = VERTEX_POINT ( 'NONE', #8602 ) ;
#754 = DIRECTION ( 'NONE',  ( 0.000000000000000000, -1.000000000000000000, 0.000000000000000000 ) ) ;
#755 = DIRECTION ( 'NONE',  ( 0.000000000000000000, 0.000000000000000000, -1.000000000000000000 ) ) ;
#756 = CARTESIAN_POINT ( 'NONE',  ( 1.499999999999999556, 5.069504796178972761, -2.467573931392925246 ) ) ;
#757 = DIRECTION ( 'NONE',  ( 0.000000000000000000, 0.000000000000000000, 1.000000000000000000 ) ) ;
#758 = DIRECTION ( 'NONE',  ( -1.000000000000000000, 0.000000000000000000, 0.000000000000000000 ) ) ;
#759 = CYLINDRICAL_SURFACE ( 'NONE', #4724, 5.624000000000004107 ) ;
#760 = AXIS2_PLACEMENT_3D ( 'NONE', #7019, #6201, #48 ) ;
#761 = ORIENTED_EDGE ( 'NONE', *, *, #6185, .T. ) ;
#762 = EDGE_CURVE ( 'NONE', #2020, #9141, #1192, .T. ) ;
#763 = SURFACE_SIDE_STYLE ('',( #8837 ) ) ;
#764 = EDGE_LOOP ( 'NONE', ( #8866, #2548, #8374, #9763 ) ) ;
#765 = CYLINDRICAL_SURFACE ( 'NONE', #3261, 2.399999999999999467 ) ;
#766 = CARTESIAN_POINT ( 'NONE',  ( 1.499999999999999556, 0.000000000000000000, 0.000000000000000000 ) ) ;
#767 = EDGE_CURVE ( 'NONE', #133, #1196, #3966, .T. ) ;
#768 = CARTESIAN_POINT ( 'NONE',  ( 1.499999999999999556, -1.839842958668820083, 5.329519478602954941 ) ) ;
#769 = DIRECTION ( 'NONE',  ( 0.000000000000000000, -0.1564344650402169912, -0.9876883405951399908 ) ) ;
#770 = CIRCLE ( 'NONE', #9468, 6.299999999999999822 ) ;
#771 = VERTEX_POINT ( 'NONE', #642 ) ;
#772 = UNCERTAINTY_MEASURE_WITH_UNIT (LENGTH_MEASURE( 1.000000000000000082E-05 ), #7810, 'distance_accuracy_value', 'NONE');
#773 = CIRCLE ( 'NONE', #2425, 2.399999999999999911 ) ;
#774 = CARTESIAN_POINT ( 'NONE',  ( 0.000000000000000000, -4.470985933908423249, -3.411694707735887899 ) ) ;
#775 = LINE ( 'NONE', #4025, #1348 ) ;
#776 = CARTESIAN_POINT ( 'NONE',  ( 1.499999999999999556, 0.1321394030188807189, 5.622447436674696597 ) ) ;
#777 = CIRCLE ( 'NONE', #620, 2.399999999999999467 ) ;
#778 = VERTEX_POINT ( 'NONE', #5366 ) ;
#779 = CARTESIAN_POINT ( 'NONE',  ( 0.000000000000000000, -0.8862614956314008863, 1.440670871519456719 ) ) ;
#780 =( NAMED_UNIT ( * ) PLANE_ANGLE_UNIT ( ) SI_UNIT ( $, .RADIAN. ) );
#782 = EDGE_CURVE ( 'NONE', #1020, #5350, #7741, .T. ) ;
#781 = COLOUR_RGB ( '',0.7921568627450980005, 0.8196078431372548767, 0.9333333333333333481 ) ;
#783 = VERTEX_POINT ( 'NONE', #9369 ) ;
#784 = VERTEX_POINT ( 'NONE', #8552 ) ;
#785 = CARTESIAN_POINT ( 'NONE',  ( 0.7499999999999997780, 5.420673833027104926, 3.210341912621647698 ) ) ;
#786 = ITEM_DEFINED_TRANSFORMATION ( 'NONE', 'NONE', #1141,  #6402 ) ;
#787 = DIRECTION ( 'NONE',  ( 1.000000000000000000, -0.000000000000000000, -0.000000000000000000 ) ) ;
#788 = VECTOR ( 'NONE', #245, 1000.000000000000000 ) ;
#789 = VECTOR ( 'NONE', #3018, 1000.000000000000000 ) ;
#790 = ADVANCED_FACE ( 'NONE', ( #7825 ), #8817, .T. ) ;
#791 = AXIS2_PLACEMENT_3D ( 'NONE', #10017, #6826, #9390 ) ;
#792 = ORIENTED_EDGE ( 'NONE', *, *, #2935, .T. ) ;
#793 = CARTESIAN_POINT ( 'NONE',  ( 0.000000000000000000, 0.000000000000000000, 0.000000000000000000 ) ) ;
#794 = CARTESIAN_POINT ( 'NONE',  ( -10.00000000000000000, 0.000000000000000000, 0.000000000000000000 ) ) ;
#795 = ORIENTED_EDGE ( 'NONE', *, *, #1260, .F. ) ;
#796 = DIRECTION ( 'NONE',  ( 0.000000000000000000, 0.000000000000000000, -1.000000000000000000 ) ) ;
#797 = DIRECTION ( 'NONE',  ( -1.000000000000000000, 0.000000000000000000, 0.000000000000000000 ) ) ;
#798 = CYLINDRICAL_SURFACE ( 'NONE', #7056, 6.299999999999999822 ) ;
#799 = ADVANCED_FACE ( 'NONE', ( #6187, #7823 ), #9993, .F. ) ;
#800 = VECTOR ( 'NONE', #1527, 1000.000000000000000 ) ;
#801 = ORIENTED_EDGE ( 'NONE', *, *, #1854, .T. ) ;
#802 = ORIENTED_EDGE ( 'NONE', *, *, #6618, .F. ) ;
#803 = FACE_OUTER_BOUND ( 'NONE', #7221, .T. ) ;
#804 = CARTESIAN_POINT ( 'NONE',  ( 0.000000000000000000, -1.440670871519453389, -0.1662614956314056036 ) ) ;
#805 = EDGE_CURVE ( 'NONE', #2252, #7422, #9206, .T. ) ;
#806 = LINE ( 'NONE', #9327, #1246 ) ;
#807 = EDGE_CURVE ( 'NONE', #1331, #7607, #8724, .T. ) ;
#808 = ORIENTED_EDGE ( 'NONE', *, *, #4541, .T. ) ;
#809 = CIRCLE ( 'NONE', #6387, 6.300000000000000711 ) ;
#810 = CARTESIAN_POINT ( 'NONE',  ( 0.7499999999999997780, -3.372391021478358564, -5.321370011402340339 ) ) ;
#811 = CARTESIAN_POINT ( 'NONE',  ( -4.415642272996979756, 4.549999999999999822, 0.000000000000000000 ) ) ;
#812 = DIRECTION ( 'NONE',  ( -1.000000000000000000, -0.000000000000000000, 0.000000000000000000 ) ) ;
#813 = CYLINDRICAL_SURFACE ( 'NONE', #4243, 6.299999999999999822 ) ;
#814 = CARTESIAN_POINT ( 'NONE',  ( 1.499999999999999556, 0.5964270824953674666, -2.013522966163054484 ) ) ;
#815 = FACE_OUTER_BOUND ( 'NONE', #2668, .T. ) ;
#816 = ORIENTED_EDGE ( 'NONE', *, *, #1820, .T. ) ;
#817 = EDGE_CURVE ( 'NONE', #5910, #486, #6424, .T. ) ;
#818 = AXIS2_PLACEMENT_3D ( 'NONE', #4355, #9021, #5073 ) ;
#819 = ORIENTED_EDGE ( 'NONE', *, *, #1662, .T. ) ;
#820 = DIRECTION ( 'NONE',  ( 1.000000000000000000, 0.000000000000000000, 0.000000000000000000 ) ) ;
#821 = LINE ( 'NONE', #4730, #7481 ) ;
#822 = CARTESIAN_POINT ( 'NONE',  ( 1.499999999999999556, 0.04718953385306602633, -1.690788321043816600 ) ) ;
#823 = CARTESIAN_POINT ( 'NONE',  ( 1.499999999999999556, 0.000000000000000000, 0.000000000000000000 ) ) ;
#824 = CIRCLE ( 'NONE', #4445, 1.000000000000000000 ) ;
#825 = EDGE_LOOP ( 'NONE', ( #5941, #6295, #6484, #8476 ) ) ;
#826 = CIRCLE ( 'NONE', #7549, 1.423999999999999488 ) ;
#827 = LINE ( 'NONE', #7759, #8497 ) ;
#828 = CIRCLE ( 'NONE', #1496, 5.624000000000004107 ) ;
#829 = CARTESIAN_POINT ( 'NONE',  ( 1.499999999999999556, 1.010057104668047767, -5.532554621990608545 ) ) ;
#831 =( LENGTH_UNIT ( ) NAMED_UNIT ( * ) SI_UNIT ( .MILLI., .METRE. ) );
#830 = DIRECTION ( 'NONE',  ( -1.000000000000000000, 0.000000000000000000, 0.000000000000000000 ) ) ;
#832 = EDGE_CURVE ( 'NONE', #8852, #6787, #6858, .T. ) ;
#833 = ORIENTED_EDGE ( 'NONE', *, *, #2750, .T. ) ;
#834 = DIRECTION ( 'NONE',  ( -1.000000000000000000, -0.000000000000000000, 0.000000000000000000 ) ) ;
#835 = PRESENTATION_STYLE_ASSIGNMENT (( #8740 ) ) ;
#836 = ORIENTED_EDGE ( 'NONE', *, *, #7455, .T. ) ;
#837 = ORIENTED_EDGE ( 'NONE', *, *, #5327, .F. ) ;
#838 = AXIS2_PLACEMENT_3D ( 'NONE', #4687, #2380, #944 ) ;
#839 = CARTESIAN_POINT ( 'NONE',  ( 0.000000000000000000, 1.010057104668047767, -5.532554621990608545 ) ) ;
#840 = ITEM_DEFINED_TRANSFORMATION ( 'NONE', 'NONE', #2107,  #6402 ) ;
#841 = AXIS2_PLACEMENT_3D ( 'NONE', #4238, #6488, #5777 ) ;
#842 = SHAPE_REPRESENTATION ( 'Box of gear train', ( #6402 ), #8832 ) ;
#843 = EDGE_LOOP ( 'NONE', ( #5215, #4442, #5458, #7729 ) ) ;
#844 = LINE ( 'NONE', #3980, #9352 ) ;
#845 = CLOSED_SHELL ( 'NONE', ( #6384, #3126, #9653, #6891, #6958, #8715, #9656, #5502, #6824, #9911 ) ) ;
#846 = SHAPE_DEFINITION_REPRESENTATION ( #6678, #9508 ) ;
#847 = ORIENTED_EDGE ( 'NONE', *, *, #4213, .F. ) ;
#848 = VECTOR ( 'NONE', #1160, 1000.000000000000000 ) ;
#849 = CARTESIAN_POINT ( 'NONE',  ( -24.99999999999999645, 0.000000000000000000, 25.00000000000000000 ) ) ;
#850 = DIRECTION ( 'NONE',  ( 0.000000000000000000, 0.000000000000000000, 1.000000000000000000 ) ) ;
#851 = VERTEX_POINT ( 'NONE', #9425 ) ;
#852 = CARTESIAN_POINT ( 'NONE',  ( -2.950000000000001066, 31.00000000000000000, -24.79000000000000625 ) ) ;
#853 = VECTOR ( 'NONE', #8979, 1000.000000000000000 ) ;
#854 = DIRECTION ( 'NONE',  ( -1.000000000000000000, -0.000000000000000000, -0.000000000000000000 ) ) ;
#856 = CIRCLE ( 'NONE', #10036, 2.399999999999999911 ) ;
#855 =( NAMED_UNIT ( * ) SI_UNIT ( $, .STERADIAN. ) SOLID_ANGLE_UNIT ( ) );
#857 = ORIENTED_EDGE ( 'NONE', *, *, #3941, .T. ) ;
#858 = ORIENTED_EDGE ( 'NONE', *, *, #2884, .T. ) ;
#859 = PLANE ( 'NONE',  #6449 ) ;
#860 = CARTESIAN_POINT ( 'NONE',  ( 1.499999999999999556, -1.487860405372513961, 0.8045268254124144924 ) ) ;
#861 = PRODUCT_DEFINITION ( 'UNKNOWN', '', #7024, #364 ) ;
#862 = EDGE_CURVE ( 'NONE', #3667, #30, #3004, .T. ) ;
#863 = ORIENTED_EDGE ( 'NONE', *, *, #7519, .F. ) ;
#864 = ORIENTED_EDGE ( 'NONE', *, *, #6565, .F. ) ;
#865 = DIRECTION ( 'NONE',  ( -1.000000000000000000, 0.000000000000000000, 0.000000000000000000 ) ) ;
#866 = CYLINDRICAL_SURFACE ( 'NONE', #7124, 0.7200000000000004174 ) ;
#867 = DIRECTION ( 'NONE',  ( 0.000000000000000000, 0.000000000000000000, 1.000000000000000000 ) ) ;
#868 = DIRECTION ( 'NONE',  ( 0.000000000000000000, 0.000000000000000000, 1.000000000000000000 ) ) ;
#869 = DIRECTION ( 'NONE',  ( 0.000000000000000000, 0.000000000000000000, 1.000000000000000000 ) ) ;
#870 = VERTEX_POINT ( 'NONE', #9268 ) ;
#871 = CARTESIAN_POINT ( 'NONE',  ( 0.7499999999999997780, 6.103049762276098633, 1.562940689591788557 ) ) ;
#872 = EDGE_CURVE ( 'NONE', #9053, #2381, #2396, .T. ) ;
#873 = EDGE_CURVE ( 'NONE', #4716, #3655, #6091, .T. ) ;
#874 = APPLICATION_CONTEXT ( 'automotive_design' ) ;
#875 = CIRCLE ( 'NONE', #5483, 1.000000000000000000 ) ;
#876 = ORIENTED_EDGE ( 'NONE', *, *, #6635, .T. ) ;
#877 = CARTESIAN_POINT ( 'NONE',  ( 1.499999999999999556, 0.000000000000000000, 0.000000000000000000 ) ) ;
#878 = DIRECTION ( 'NONE',  ( 0.000000000000000000, 0.000000000000000000, 1.000000000000000000 ) ) ;
#879 = DIRECTION ( 'NONE',  ( -1.000000000000000000, 0.000000000000000000, 0.000000000000000000 ) ) ;
#880 = CARTESIAN_POINT ( 'NONE',  ( 1.499999999999999556, 0.000000000000000000, 0.000000000000000000 ) ) ;
#881 = EDGE_CURVE ( 'NONE', #4274, #4899, #8448, .T. ) ;
#882 = AXIS2_PLACEMENT_3D ( 'NONE', #2828, #3598, #6830 ) ;
#883 = AXIS2_PLACEMENT_3D ( 'NONE', #7521, #7468, #2078 ) ;
#884 = ORIENTED_EDGE ( 'NONE', *, *, #9842, .T. ) ;
#885 = VECTOR ( 'NONE', #3951, 1000.000000000000000 ) ;
#886 = PLANE ( 'NONE',  #7998 ) ;
#887 = CARTESIAN_POINT ( 'NONE',  ( 1.499999999999999556, -2.013522966163065142, 0.5964270824953320504 ) ) ;
#889 = LINE ( 'NONE', #4896, #3621 ) ;
#888 = DIRECTION ( 'NONE',  ( 0.000000000000000000, 1.000000000000000000, -0.000000000000000000 ) ) ;
#890 = EDGE_LOOP ( 'NONE', ( #5054, #2535, #347, #4973 ) ) ;
#891 = FILL_AREA_STYLE ('',( #7568 ) ) ;
#892 = EDGE_CURVE ( 'NONE', #3760, #3458, #7681, .T. ) ;
#893 = AXIS2_PLACEMENT_3D ( 'NONE', #8079, #474, #8278 ) ;
#894 = EDGE_LOOP ( 'NONE', ( #166, #7713, #8300, #6411 ) ) ;
#895 = EDGE_LOOP ( 'NONE', ( #3979, #1269, #6911, #2676 ) ) ;
#896 = CIRCLE ( 'NONE', #6616, 2.399999999999999911 ) ;
#897 = DIRECTION ( 'NONE',  ( -1.000000000000000000, -0.000000000000000000, -0.000000000000000000 ) ) ;
#898 = CONTEXT_DEPENDENT_SHAPE_REPRESENTATION ( #9772, #8495 ) ;
#899 = VERTEX_POINT ( 'NONE', #87 ) ;
#900 = EDGE_CURVE ( 'NONE', #5145, #7811, #856, .T. ) ;
#901 = AXIS2_PLACEMENT_3D ( 'NONE', #3217, #5530, #8709 ) ;
#902 = CIRCLE ( 'NONE', #6862, 2.399999999999999467 ) ;
#903 = DIRECTION ( 'NONE',  ( 0.000000000000000000, 0.000000000000000000, 1.000000000000000000 ) ) ;
#904 = VECTOR ( 'NONE', #6502, 1000.000000000000000 ) ;
#905 = ORIENTED_EDGE ( 'NONE', *, *, #8994, .F. ) ;
#906 = VECTOR ( 'NONE', #7144, 1000.000000000000000 ) ;
#907 = DIRECTION ( 'NONE',  ( -0.000000000000000000, -1.000000000000000000, 0.000000000000000000 ) ) ;
#908 = FACE_OUTER_BOUND ( 'NONE', #41, .T. ) ;
#909 = ORIENTED_EDGE ( 'NONE', *, *, #9597, .F. ) ;
#910 = EDGE_CURVE ( 'NONE', #7972, #7612, #7899, .T. ) ;
#911 = CARTESIAN_POINT ( 'NONE',  ( -24.99999999999999645, 0.000000000000000000, -24.99999999999999289 ) ) ;
#912 = CARTESIAN_POINT ( 'NONE',  ( 1.499999999999999556, 0.000000000000000000, 0.000000000000000000 ) ) ;
#913 = ORIENTED_EDGE ( 'NONE', *, *, #2703, .F. ) ;
#914 = VERTEX_POINT ( 'NONE', #852 ) ;
#915 = DIRECTION ( 'NONE',  ( -1.000000000000000000, -0.000000000000000000, 0.000000000000000000 ) ) ;
#916 = DIRECTION ( 'NONE',  ( -1.000000000000000000, -0.000000000000000000, 0.000000000000000000 ) ) ;
#917 = ORIENTED_EDGE ( 'NONE', *, *, #8265, .F. ) ;
#918 = ORIENTED_EDGE ( 'NONE', *, *, #8468, .T. ) ;
#919 = DIRECTION ( 'NONE',  ( -1.000000000000000000, 0.000000000000000000, 0.000000000000000000 ) ) ;
#920 = DIRECTION ( 'NONE',  ( 0.000000000000000000, 0.8090169943749486725, -0.5877852522924714718 ) ) ;
#921 = CARTESIAN_POINT ( 'NONE',  ( 1.499999999999999556, -1.141361939784614865, 0.8515097899678547577 ) ) ;
#922 = CARTESIAN_POINT ( 'NONE',  ( 0.000000000000000000, 0.000000000000000000, 0.000000000000000000 ) ) ;
#923 = CARTESIAN_POINT ( 'NONE',  ( 0.000000000000000000, 4.069107377274247206, -3.882234041400948410 ) ) ;
#924 = ORIENTED_EDGE ( 'NONE', *, *, #3493, .T. ) ;
#925 = EDGE_CURVE ( 'NONE', #6389, #8501, #1683, .T. ) ;
#926 = VECTOR ( 'NONE', #2875, 1000.000000000000000 ) ;
#927 = CARTESIAN_POINT ( 'NONE',  ( 0.000000000000000000, 0.000000000000000000, 0.000000000000000000 ) ) ;
#928 = CIRCLE ( 'NONE', #267, 1.423999999999999488 ) ;
#929 = EDGE_LOOP ( 'NONE', ( #701, #5056, #3244, #5817 ) ) ;
#930 = CARTESIAN_POINT ( 'NONE',  ( -4.415642272996979756, 4.549999999999999822, 1.000000000000000000 ) ) ;
#931 = DIRECTION ( 'NONE',  ( 0.000000000000000000, 0.000000000000000000, 1.000000000000000000 ) ) ;
#932 = AXIS2_PLACEMENT_3D ( 'NONE', #6562, #7292, #5650 ) ;
#933 = DIRECTION ( 'NONE',  ( -1.000000000000000000, 0.000000000000000000, 0.000000000000000000 ) ) ;
#934 = CARTESIAN_POINT ( 'NONE',  ( 0.000000000000000000, 40.00000000000000000, -1.000000000000000000 ) ) ;
#935 = EDGE_CURVE ( 'NONE', #6128, #4077, #3211, .T. ) ;
#936 = AXIS2_PLACEMENT_3D ( 'NONE', #3530, #9172, #5123 ) ;
#937 = ORIENTED_EDGE ( 'NONE', *, *, #9130, .T. ) ;
#938 = VECTOR ( 'NONE', #6304, 1000.000000000000000 ) ;
#939 = EDGE_CURVE ( 'NONE', #2733, #6749, #3141, .T. ) ;
#940 = VERTEX_POINT ( 'NONE', #7540 ) ;
#941 = DIRECTION ( 'NONE',  ( -1.000000000000000000, 0.000000000000000000, 0.000000000000000000 ) ) ;
#942 = LINE ( 'NONE', #120, #3964 ) ;
#944 = DIRECTION ( 'NONE',  ( 0.000000000000000000, 0.000000000000000000, 1.000000000000000000 ) ) ;
#943 = DIRECTION ( 'NONE',  ( 0.000000000000000000, -0.3090169943749548898, 0.9510565162951511997 ) ) ;
#945 = EDGE_CURVE ( 'NONE', #1739, #6359, #4957, .T. ) ;
#946 = ORIENTED_EDGE ( 'NONE', *, *, #5605, .T. ) ;
#947 =( NAMED_UNIT ( * ) SI_UNIT ( $, .STERADIAN. ) SOLID_ANGLE_UNIT ( ) );
#948 = ORIENTED_EDGE ( 'NONE', *, *, #2065, .F. ) ;
#949 = ORIENTED_EDGE ( 'NONE', *, *, #2891, .F. ) ;
#950 = EDGE_CURVE ( 'NONE', #4703, #5945, #7405, .T. ) ;
#951 = PRODUCT_DEFINITION_SHAPE ( 'NONE', 'NONE',  #5122 ) ;
#952 = DIRECTION ( 'NONE',  ( -1.000000000000000000, -0.000000000000000000, 0.000000000000000000 ) ) ;
#953 = CIRCLE ( 'NONE', #4890, 5.624000000000004107 ) ;
#954 = ORIENTED_EDGE ( 'NONE', *, *, #8323, .T. ) ;
#955 = AXIS2_PLACEMENT_3D ( 'NONE', #2698, #3675, #3622 ) ;
#956 = DIRECTION ( 'NONE',  ( -1.000000000000000000, -0.000000000000000000, -0.000000000000000000 ) ) ;
#957 = EDGE_LOOP ( 'NONE', ( #3991, #8907, #8053, #2645 ) ) ;
#958 = CARTESIAN_POINT ( 'NONE',  ( 1.499999999999999556, 1.562940689591772569, 6.103049762276102186 ) ) ;
#959 = DIRECTION ( 'NONE',  ( 0.000000000000000000, -1.000000000000000000, 0.000000000000000000 ) ) ;
#960 = ORIENTED_EDGE ( 'NONE', *, *, #4814, .F. ) ;
#961 = VECTOR ( 'NONE', #3968, 1000.000000000000000 ) ;
#962 = CARTESIAN_POINT ( 'NONE',  ( 17.54825565829598588, 19.99999999999999645, 18.14180375945002766 ) ) ;
#963 = CARTESIAN_POINT ( 'NONE',  ( 0.000000000000000000, 6.272408882937939190, -0.5889709714758770698 ) ) ;
#964 = VERTEX_POINT ( 'NONE', #9950 ) ;
#965 = CIRCLE ( 'NONE', #6198, 6.299999999999999822 ) ;
#966 = ORIENTED_EDGE ( 'NONE', *, *, #7673, .F. ) ;
#967 = CARTESIAN_POINT ( 'NONE',  ( -5.415642272996979756, 4.549999999999999822, 1.000000000000000000 ) ) ;
#968 = CARTESIAN_POINT ( 'NONE',  ( 0.7499999999999997780, 2.041975581048277810, -0.4902404781355258478 ) ) ;
#969 = AXIS2_PLACEMENT_3D ( 'NONE', #7903, #4010, #9450 ) ;
#970 = ORIENTED_EDGE ( 'NONE', *, *, #4268, .F. ) ;
#971 = VECTOR ( 'NONE', #4861, 1000.000000000000000 ) ;
#972 = ORIENTED_EDGE ( 'NONE', *, *, #8299, .F. ) ;
#973 = CARTESIAN_POINT ( 'NONE',  ( -7.500000000000000000, -7.500000000000000000, 1.000000000000000000 ) ) ;
#974 = CARTESIAN_POINT ( 'NONE',  ( 1.499999999999999556, 0.000000000000000000, 0.000000000000000000 ) ) ;
#975 = DIRECTION ( 'NONE',  ( 0.000000000000000000, 0.000000000000000000, 1.000000000000000000 ) ) ;
#976 = CARTESIAN_POINT ( 'NONE',  ( 0.000000000000000000, 0.000000000000000000, 0.000000000000000000 ) ) ;
#977 = LINE ( 'NONE', #3327, #2130 ) ;
#978 = FACE_OUTER_BOUND ( 'NONE', #2296, .T. ) ;
#979 = EDGE_CURVE ( 'NONE', #1577, #1331, #8229, .T. ) ;
#980 = CIRCLE ( 'NONE', #4583, 0.7200000000000004174 ) ;
#981 = ORIENTED_EDGE ( 'NONE', *, *, #8273, .F. ) ;
#982 = DIRECTION ( 'NONE',  ( 0.000000000000000000, 0.000000000000000000, 1.000000000000000000 ) ) ;
#983 = AXIS2_PLACEMENT_3D ( 'NONE', #5058, #1315, #6791 ) ;
#984 = VERTEX_POINT ( 'NONE', #451 ) ;
#985 = DIRECTION ( 'NONE',  ( 0.000000000000000000, 0.000000000000000000, 1.000000000000000000 ) ) ;
#986 = CARTESIAN_POINT ( 'NONE',  ( 0.000000000000000000, 0.000000000000000000, 0.000000000000000000 ) ) ;
#987 = DIRECTION ( 'NONE',  ( -1.000000000000000000, 0.000000000000000000, 0.000000000000000000 ) ) ;
#988 = AXIS2_PLACEMENT_3D ( 'NONE', #8309, #1292, #6924 ) ;
#989 = EDGE_LOOP ( 'NONE', ( #4270, #9572, #6649, #6861 ) ) ;
#990 = UNCERTAINTY_MEASURE_WITH_UNIT (LENGTH_MEASURE( 1.000000000000000082E-05 ), #4116, 'distance_accuracy_value', 'NONE');
#991 = PRODUCT_RELATED_PRODUCT_CATEGORY ( 'part', '', ( #7987 ) ) ;
#992 = STYLED_ITEM ( 'NONE', ( #7944 ), #9745 ) ;
#993 = VERTEX_POINT ( 'NONE', #4418 ) ;
#994 = EDGE_CURVE ( 'NONE', #746, #10102, #7385, .T. ) ;
#995 = DIRECTION ( 'NONE',  ( 1.000000000000000000, -0.000000000000000000, 0.000000000000000000 ) ) ;
#996 = LINE ( 'NONE', #170, #7894 ) ;
#998 = CARTESIAN_POINT ( 'NONE',  ( -0.06137469101172798175, -40.00000000000000711, -0.9454937898344801805 ) ) ;
#997 = DIRECTION ( 'NONE',  ( -1.000000000000000000, 0.000000000000000000, -0.000000000000000000 ) ) ;
#999 = VERTEX_POINT ( 'NONE', #398 ) ;
#1000 = AXIS2_PLACEMENT_3D ( 'NONE', #487, #9883, #9110 ) ;
#1001 = FILL_AREA_STYLE ('',( #3397 ) ) ;
#1002 = EDGE_LOOP ( 'NONE', ( #269, #9869, #9152, #6780 ) ) ;
#1003 = EDGE_CURVE ( 'NONE', #1255, #4652, #7572, .T. ) ;
#1004 = UNCERTAINTY_MEASURE_WITH_UNIT (LENGTH_MEASURE( 1.000000000000000082E-05 ), #5357, 'distance_accuracy_value', 'NONE');
#1005 = CIRCLE ( 'NONE', #9184, 6.300000000000000711 ) ;
#1006 = LINE ( 'NONE', #785, #8929 ) ;
#1007 = ORIENTED_EDGE ( 'NONE', *, *, #7086, .T. ) ;
#1008 = EDGE_CURVE ( 'NONE', #7357, #6590, #354, .T. ) ;
#1009 = AXIS2_PLACEMENT_3D ( 'NONE', #1419, #10131, #2995 ) ;
#1010 = CARTESIAN_POINT ( 'NONE',  ( 1.499999999999999556, -3.396706725542299132, -4.500131487637581529 ) ) ;
#1011 = EDGE_LOOP ( 'NONE', ( #9631, #8773, #9721, #9162 ) ) ;
#1012 = EDGE_CURVE ( 'NONE', #3549, #8305, #5850, .T. ) ;
#1013 = DIRECTION ( 'NONE',  ( -1.000000000000000000, -0.000000000000000000, 0.000000000000000000 ) ) ;
#1014 = CARTESIAN_POINT ( 'NONE',  ( 1.499999999999999556, 0.000000000000000000, 0.000000000000000000 ) ) ;
#1015 = ORIENTED_EDGE ( 'NONE', *, *, #3697, .T. ) ;
#1016 = LINE ( 'NONE', #7118, #8513 ) ;
#1017 = CARTESIAN_POINT ( 'NONE',  ( -10.00000000000000000, 0.000000000000000000, 0.000000000000000000 ) ) ;
#1018 = VECTOR ( 'NONE', #4075, 1000.000000000000000 ) ;
#1019 = VECTOR ( 'NONE', #4171, 1000.000000000000000 ) ;
#1020 = VERTEX_POINT ( 'NONE', #3638 ) ;
#1021 = ORIENTED_EDGE ( 'NONE', *, *, #1464, .T. ) ;
#1022 = APPLICATION_CONTEXT ( 'automotive_design' ) ;
#1023 = DIRECTION ( 'NONE',  ( -1.000000000000000000, 0.000000000000000000, 0.000000000000000000 ) ) ;
#1024 = AXIS2_PLACEMENT_3D ( 'NONE', #9766, #329, #6586 ) ;
#1025 = AXIS2_PLACEMENT_3D ( 'NONE', #2509, #150, #3274 ) ;
#1026 = ORIENTED_EDGE ( 'NONE', *, *, #9154, .T. ) ;
#1027 = CIRCLE ( 'NONE', #3142, 1.423999999999999488 ) ;
#1028 = ORIENTED_EDGE ( 'NONE', *, *, #4902, .F. ) ;
#1029 = DIRECTION ( 'NONE',  ( -1.000000000000000000, -0.000000000000000000, 0.000000000000000000 ) ) ;
#1030 = CARTESIAN_POINT ( 'NONE',  ( 1.499999999999999556, 0.000000000000000000, 0.000000000000000000 ) ) ;
#1031 = CARTESIAN_POINT ( 'NONE',  ( 1.499999999999999556, 0.9834709102464751496, 5.551719098988211698 ) ) ;
#1032 = DIRECTION ( 'NONE',  ( -1.000000000000000000, -0.000000000000000000, 0.000000000000000000 ) ) ;
#1033 = CARTESIAN_POINT ( 'NONE',  ( 0.000000000000000000, -5.622447436674696597, 0.1321394030188610957 ) ) ;
#1034 = ORIENTED_EDGE ( 'NONE', *, *, #702, .T. ) ;
#1035 = VECTOR ( 'NONE', #7474, 1000.000000000000000 ) ;
#1036 = PRODUCT ( 'spur gear_am12_Metric - Spur gear 0.3M 12T 20PA 1.5FW ---S12N75H50L2N', 'spur gear_am12_Metric - Spur gear 0.3M 12T 20PA 1.5FW ---S12N75H50L2N', '', ( #7590 ) ) ;
#1037 = CARTESIAN_POINT ( 'NONE',  ( 0.000000000000000000, 49.99999999999999289, 0.000000000000000000 ) ) ;
#1038 = EDGE_CURVE ( 'NONE', #7350, #8211, #9433, .T. ) ;
#1039 = DIRECTION ( 'NONE',  ( 0.04190116087867734596, -0.9991217607063811457, -3.656079952251991350E-16 ) ) ;
#1040 = VERTEX_POINT ( 'NONE', #6054 ) ;
#1041 = CARTESIAN_POINT ( 'NONE',  ( -10.00000000000000000, 0.000000000000000000, 0.000000000000000000 ) ) ;
#1042 = CYLINDRICAL_SURFACE ( 'NONE', #9286, 6.299999999999999822 ) ;
#1043 = DIRECTION ( 'NONE',  ( 0.000000000000000000, 0.000000000000000000, 1.000000000000000000 ) ) ;
#1044 = PRODUCT_DEFINITION_SHAPE ( 'NONE', 'NONE',  #7380 ) ;
#1045 = CARTESIAN_POINT ( 'NONE',  ( 1.499999999999999556, -3.913365401975859026, -4.058863291118569805 ) ) ;
#1046 = ORIENTED_EDGE ( 'NONE', *, *, #5387, .T. ) ;
#1047 = ORIENTED_EDGE ( 'NONE', *, *, #409, .T. ) ;
#1048 = DIRECTION ( 'NONE',  ( 1.000000000000000000, 0.000000000000000000, 0.000000000000000000 ) ) ;
#1050 = FACE_OUTER_BOUND ( 'NONE', #6279, .T. ) ;
#1049 = FACE_OUTER_BOUND ( 'NONE', #6740, .T. ) ;
#1051 = ORIENTED_EDGE ( 'NONE', *, *, #1724, .T. ) ;
#1052 = AXIS2_PLACEMENT_3D ( 'NONE', #1830, #907, #4190 ) ;
#1053 = EDGE_LOOP ( 'NONE', ( #6907, #6174, #333, #1571 ) ) ;
#1054 = EDGE_CURVE ( 'NONE', #1196, #1659, #2095, .T. ) ;
#1055 = CARTESIAN_POINT ( 'NONE',  ( 1.499999999999999556, 4.470985933908449006, 3.411694707735855925 ) ) ;
#1056 = AXIS2_PLACEMENT_3D ( 'NONE', #8006, #6471, #257 ) ;
#1057 = VERTEX_POINT ( 'NONE', #1236 ) ;
#1058 = AXIS2_PLACEMENT_3D ( 'NONE', #2027, #8961, #1929 ) ;
#1059 = DIRECTION ( 'NONE',  ( -1.000000000000000000, 0.000000000000000000, 0.000000000000000000 ) ) ;
#1060 = ORIENTED_EDGE ( 'NONE', *, *, #7772, .T. ) ;
#1061 = CYLINDRICAL_SURFACE ( 'NONE', #7599, 0.7200000000000004174 ) ;
#1062 = CYLINDRICAL_SURFACE ( 'NONE', #2490, 5.624000000000004107 ) ;
#1063 = ORIENTED_EDGE ( 'NONE', *, *, #1761, .T. ) ;
#1064 = CARTESIAN_POINT ( 'NONE',  ( 1.499999999999999556, 0.000000000000000000, 0.000000000000000000 ) ) ;
#1065 = VECTOR ( 'NONE', #5610, 1000.000000000000000 ) ;
#1066 = EDGE_CURVE ( 'NONE', #1265, #4655, #5011, .T. ) ;
#1067 = ORIENTED_EDGE ( 'NONE', *, *, #7334, .F. ) ;
#1068 = ORIENTED_EDGE ( 'NONE', *, *, #7295, .T. ) ;
#1069 = STYLED_ITEM ( 'NONE', ( #9736 ), #2934 ) ;
#1070 = DIRECTION ( 'NONE',  ( 0.000000000000000000, -6.982962677686265922E-15, 1.000000000000000000 ) ) ;
#1071 = ORIENTED_EDGE ( 'NONE', *, *, #939, .F. ) ;
#1072 = CARTESIAN_POINT ( 'NONE',  ( 1.499999999999999556, 2.467573931392972764, -5.069504796178946116 ) ) ;
#1073 = ADVANCED_FACE ( 'NONE', ( #3585 ), #9900, .T. ) ;
#1074 = AXIS2_PLACEMENT_3D ( 'NONE', #3652, #9138, #5343 ) ;
#1075 = EDGE_CURVE ( 'NONE', #4128, #16, #8438, .T. ) ;
#1076 = ORIENTED_EDGE ( 'NONE', *, *, #7532, .T. ) ;
#1077 = CARTESIAN_POINT ( 'NONE',  ( 9.593511828441991796, 19.99999999999999645, 19.14180375945003121 ) ) ;
#1078 = CARTESIAN_POINT ( 'NONE',  ( 0.000000000000000000, 3.210341912621703209, -5.420673833027072064 ) ) ;
#1079 = LINE ( 'NONE', #6553, #788 ) ;
#1080 = DIRECTION ( 'NONE',  ( 0.000000000000000000, 0.000000000000000000, 1.000000000000000000 ) ) ;
#1081 = ORIENTED_EDGE ( 'NONE', *, *, #4416, .F. ) ;
#1082 = APPLICATION_CONTEXT ( 'automotive_design' ) ;
#1083 = ADVANCED_FACE ( 'NONE', ( #5899 ), #8977, .T. ) ;
#1084 = CARTESIAN_POINT ( 'NONE',  ( 0.000000000000000000, -4.621077171872406630, -3.230239272402469553 ) ) ;
#1085 = DIRECTION ( 'NONE',  ( 0.000000000000000000, 0.000000000000000000, 1.000000000000000000 ) ) ;
#1086 = ORIENTED_EDGE ( 'NONE', *, *, #21, .T. ) ;
#1087 = DIRECTION ( 'NONE',  ( 0.000000000000000000, 0.000000000000000000, -1.000000000000000000 ) ) ;
#1088 = PLANE ( 'NONE',  #4370 ) ;
#1089 = CARTESIAN_POINT ( 'NONE',  ( -7.500000000000000000, 7.500000000000000000, 0.000000000000000000 ) ) ;
#1090 = DIRECTION ( 'NONE',  ( -1.000000000000000000, 0.000000000000000000, 0.000000000000000000 ) ) ;
#1091 = VECTOR ( 'NONE', #8967, 1000.000000000000000 ) ;
#1092 = VECTOR ( 'NONE', #8584, 1000.000000000000000 ) ;
#1093 = ADVANCED_FACE ( 'NONE', ( #2862 ), #9029, .T. ) ;
#1094 = ORIENTED_EDGE ( 'NONE', *, *, #8148, .F. ) ;
#1095 = ADVANCED_FACE ( 'NONE', ( #4363 ), #7486, .T. ) ;
#1096 = CIRCLE ( 'NONE', #6655, 2.399999999999999467 ) ;
#1097 = EDGE_CURVE ( 'NONE', #8139, #1985, #2052, .T. ) ;
#1098 = ORIENTED_EDGE ( 'NONE', *, *, #2267, .F. ) ;
#1099 = DIRECTION ( 'NONE',  ( -1.000000000000000000, -0.000000000000000000, 0.000000000000000000 ) ) ;
#1101 = FACE_OUTER_BOUND ( 'NONE', #2433, .T. ) ;
#1100 = DIRECTION ( 'NONE',  ( 0.000000000000000000, -0.000000000000000000, 1.000000000000000000 ) ) ;
#1102 = EDGE_LOOP ( 'NONE', ( #9469, #4099, #4681, #5223 ) ) ;
#1103 = ADVANCED_FACE ( 'NONE', ( #6871 ), #2302, .T. ) ;
#1104 = ORIENTED_EDGE ( 'NONE', *, *, #3202, .T. ) ;
#1105 = FACE_OUTER_BOUND ( 'NONE', #3618, .T. ) ;
#1106 = VERTEX_POINT ( 'NONE', #5329 ) ;
#1107 = CARTESIAN_POINT ( 'NONE',  ( 1.499999999999999556, 2.434800651343077771, 5.069627381595157800 ) ) ;
#1108 = ADVANCED_BREP_SHAPE_REPRESENTATION ( '', ( #6961, #6402 ), #8496 ) ;
#1109 = ORIENTED_EDGE ( 'NONE', *, *, #6600, .T. ) ;
#1111 = EDGE_CURVE ( 'NONE', #7749, #4944, #806, .T. ) ;
#1110 = FACE_BOUND ( 'NONE', #6047, .T. ) ;
#1112 = ORIENTED_EDGE ( 'NONE', *, *, #1506, .F. ) ;
#1113 = LINE ( 'NONE', #9928, #475 ) ;
#1114 = PRESENTATION_STYLE_ASSIGNMENT (( #281 ) ) ;
#1115 = EDGE_LOOP ( 'NONE', ( #3292, #5844, #9139, #5826 ) ) ;
#1116 = AXIS2_PLACEMENT_3D ( 'NONE', #7531, #4301, #3476 ) ;
#1117 = ORIENTED_EDGE ( 'NONE', *, *, #9397, .T. ) ;
#1118 = DIRECTION ( 'NONE',  ( -1.000000000000000000, 0.000000000000000000, 0.000000000000000000 ) ) ;
#1119 = VERTEX_POINT ( 'NONE', #5376 ) ;
#1120 = CARTESIAN_POINT ( 'NONE',  ( 1.499999999999999556, -0.9834709102465094555, 5.551719098988208145 ) ) ;
#1121 = PRODUCT ( 'Holder plate', 'Holder plate', '', ( #2201 ) ) ;
#1122 = AXIS2_PLACEMENT_3D ( 'NONE', #3260, #956, #181 ) ;
#1123 = ORIENTED_EDGE ( 'NONE', *, *, #8594, .F. ) ;
#1124 = EDGE_CURVE ( 'NONE', #8471, #7692, #700, .T. ) ;
#1125 = CARTESIAN_POINT ( 'NONE',  ( 0.000000000000000000, -1.644148730784169343, 5.393104387681766809 ) ) ;
#1126 = DIRECTION ( 'NONE',  ( 0.000000000000000000, 0.000000000000000000, 1.000000000000000000 ) ) ;
#1127 = CARTESIAN_POINT ( 'NONE',  ( 0.000000000000000000, 0.000000000000000000, 0.000000000000000000 ) ) ;
#1128 = FACE_OUTER_BOUND ( 'NONE', #8186, .T. ) ;
#1129 = DIRECTION ( 'NONE',  ( 0.000000000000000000, 0.000000000000000000, 1.000000000000000000 ) ) ;
#1130 = VECTOR ( 'NONE', #17, 1000.000000000000000 ) ;
#1131 = ORIENTED_EDGE ( 'NONE', *, *, #9897, .T. ) ;
#1132 = PRESENTATION_LAYER_ASSIGNMENT (  '', '', ( #5385 ) ) ;
#1133 = AXIS2_PLACEMENT_3D ( 'NONE', #7250, #5758, #2426 ) ;
#1134 = EDGE_CURVE ( 'NONE', #3524, #4434, #8118, .T. ) ;
#1135 = DIRECTION ( 'NONE',  ( -0.000000000000000000, -1.000000000000000000, -0.000000000000000000 ) ) ;
#1136 = ADVANCED_FACE ( 'NONE', ( #5480 ), #7786, .F. ) ;
#1137 = VECTOR ( 'NONE', #4056, 1000.000000000000000 ) ;
#1138 = AXIS2_PLACEMENT_3D ( 'NONE', #6305, #812, #4582 ) ;
#1139 = DIRECTION ( 'NONE',  ( 1.000000000000000000, 0.000000000000000000, 0.000000000000000000 ) ) ;
#1140 = ORIENTED_EDGE ( 'NONE', *, *, #3804, .T. ) ;
#1141 = AXIS2_PLACEMENT_3D ( 'NONE', #2759, #7485, #7384 ) ;
#1142 = DIRECTION ( 'NONE',  ( -1.000000000000000000, -0.000000000000000000, 0.000000000000000000 ) ) ;
#1143 = DIRECTION ( 'NONE',  ( 0.000000000000000000, -0.3090169943749348502, -0.9510565162951577500 ) ) ;
#1144 = VECTOR ( 'NONE', #1099, 1000.000000000000000 ) ;
#1145 = EDGE_CURVE ( 'NONE', #1040, #4079, #407, .T. ) ;
#1146 = CARTESIAN_POINT ( 'NONE',  ( -2.950000000000001066, 30.00000000000000000, -22.79000000000000625 ) ) ;
#1147 = CYLINDRICAL_SURFACE ( 'NONE', #7930, 2.399999999999999467 ) ;
#1148 = AXIS2_PLACEMENT_3D ( 'NONE', #6144, #797, #3731 ) ;
#1149 = EDGE_LOOP ( 'NONE', ( #1461, #4052, #687, #4952 ) ) ;
#1150 = ORIENTED_EDGE ( 'NONE', *, *, #9972, .F. ) ;
#1151 = CARTESIAN_POINT ( 'NONE',  ( 0.7499999999999997780, -5.321370011402281719, -3.372391021478451378 ) ) ;
#1153 = SURFACE_SIDE_STYLE ('',( #6002 ) ) ;
#1152 = CARTESIAN_POINT ( 'NONE',  ( 1.499999999999999556, 5.583907850472561663, 1.619760868193317771 ) ) ;
#1154 = AXIS2_PLACEMENT_3D ( 'NONE', #9285, #10011, #5383 ) ;
#1155 = ORIENTED_EDGE ( 'NONE', *, *, #8582, .F. ) ;
#1156 = ORIENTED_EDGE ( 'NONE', *, *, #9398, .T. ) ;
#1157 = CARTESIAN_POINT ( 'NONE',  ( 0.7499999999999997780, 6.147417380365317818, 1.378136260165299110 ) ) ;
#1158 = EDGE_CURVE ( 'NONE', #8059, #753, #2384, .T. ) ;
#1159 = VERTEX_POINT ( 'NONE', #6250 ) ;
#1160 = DIRECTION ( 'NONE',  ( -0.000000000000000000, -1.000000000000000000, -0.000000000000000000 ) ) ;
#1161 = EDGE_LOOP ( 'NONE', ( #7755, #1007, #9780, #3308 ) ) ;
#1162 = DIRECTION ( 'NONE',  ( -1.000000000000000000, 0.000000000000000000, 0.000000000000000000 ) ) ;
#1163 = FILL_AREA_STYLE ('',( #5728 ) ) ;
#1164 = ORIENTED_EDGE ( 'NONE', *, *, #5391, .T. ) ;
#1165 = CARTESIAN_POINT ( 'NONE',  ( 0.000000000000000000, 19.99999999999999645, 0.000000000000000000 ) ) ;
#1166 = AXIS2_PLACEMENT_3D ( 'NONE', #4359, #446, #5993 ) ;
#1167 = VERTEX_POINT ( 'NONE', #1535 ) ;
#1168 = DIRECTION ( 'NONE',  ( -1.000000000000000000, 0.000000000000000000, 0.000000000000000000 ) ) ;
#1169 = AXIS2_PLACEMENT_3D ( 'NONE', #4968, #1885, #5829 ) ;
#1170 = ORIENTED_EDGE ( 'NONE', *, *, #4886, .T. ) ;
#1171 = DIRECTION ( 'NONE',  ( 0.000000000000000000, 0.000000000000000000, 1.000000000000000000 ) ) ;
#1172 = DIRECTION ( 'NONE',  ( 0.000000000000000000, 0.000000000000000000, 1.000000000000000000 ) ) ;
#1173 = FACE_OUTER_BOUND ( 'NONE', #189, .T. ) ;
#1174 = CIRCLE ( 'NONE', #9040, 6.300000000000000711 ) ;
#1175 = CYLINDRICAL_SURFACE ( 'NONE', #7837, 5.624000000000004107 ) ;
#1176 = CARTESIAN_POINT ( 'NONE',  ( 1.499999999999999556, 3.230239272402426476, 4.621077171872441269 ) ) ;
#1177 = ORIENTED_EDGE ( 'NONE', *, *, #9595, .F. ) ;
#1178 = DIRECTION ( 'NONE',  ( -1.000000000000000000, 0.000000000000000000, -0.000000000000000000 ) ) ;
#1179 = PRODUCT_RELATED_PRODUCT_CATEGORY ( 'part', '', ( #7674 ) ) ;
#1180 = CARTESIAN_POINT ( 'NONE',  ( 1.499999999999999556, 1.010057104667975159, 5.532554621990622756 ) ) ;
#1181 = ADVANCED_FACE ( 'NONE', ( #1581 ), #2352, .T. ) ;
#1182 = VECTOR ( 'NONE', #2113, 1000.000000000000000 ) ;
#1183 = CARTESIAN_POINT ( 'NONE',  ( 4.072835700667019054, 9.040373503540257261, 22.11913962260840094 ) ) ;
#1184 = CARTESIAN_POINT ( 'NONE',  ( 1.499999999999999556, 0.000000000000000000, 0.000000000000000000 ) ) ;
#1185 = EDGE_LOOP ( 'NONE', ( #8168, #3460, #7176, #5528 ) ) ;
#1186 = DIRECTION ( 'NONE',  ( 0.000000000000000000, 0.000000000000000000, 1.000000000000000000 ) ) ;
#1187 = DIRECTION ( 'NONE',  ( 0.000000000000000000, -0.3090169943749548898, 0.9510565162951511997 ) ) ;
#1188 = CYLINDRICAL_SURFACE ( 'NONE', #5818, 0.7200000000000006395 ) ;
#1189 = DIRECTION ( 'NONE',  ( -1.000000000000000000, -0.000000000000000000, -0.000000000000000000 ) ) ;
#1190 = LINE ( 'NONE', #7437, #4173 ) ;
#1191 = AXIS2_PLACEMENT_3D ( 'NONE', #5852, #7433, #6561 ) ;
#1192 = CIRCLE ( 'NONE', #3636, 2.100000000000000089 ) ;
#1193 = ADVANCED_FACE ( 'NONE', ( #1437 ), #8609, .T. ) ;
#1194 = ORIENTED_EDGE ( 'NONE', *, *, #2129, .T. ) ;
#1195 = EDGE_CURVE ( 'NONE', #4652, #1739, #6797, .T. ) ;
#1196 = VERTEX_POINT ( 'NONE', #5427 ) ;
#1197 = CARTESIAN_POINT ( 'NONE',  ( -10.00000000000000000, 0.000000000000000000, 0.000000000000000000 ) ) ;
#1198 = DIRECTION ( 'NONE',  ( -1.000000000000000000, 0.000000000000000000, 0.000000000000000000 ) ) ;
#1199 = EDGE_CURVE ( 'NONE', #9951, #4543, #9922, .T. ) ;
#1200 = LINE ( 'NONE', #2879, #6605 ) ;
#1201 = ORIENTED_EDGE ( 'NONE', *, *, #2726, .F. ) ;
#1202 = EDGE_LOOP ( 'NONE', ( #2835, #4748, #8026, #1576 ) ) ;
#1203 = LINE ( 'NONE', #1157, #7285 ) ;
#1204 = EDGE_CURVE ( 'NONE', #1265, #5824, #7691, .T. ) ;
#1205 = DIRECTION ( 'NONE',  ( -1.000000000000000000, 0.000000000000000000, 0.000000000000000000 ) ) ;
#1206 = ORIENTED_EDGE ( 'NONE', *, *, #7750, .F. ) ;
#1207 = ORIENTED_EDGE ( 'NONE', *, *, #4668, .T. ) ;
#1208 = ADVANCED_FACE ( 'NONE', ( #6968 ), #603, .T. ) ;
#1209 = AXIS2_PLACEMENT_3D ( 'NONE', #7166, #9422, #6286 ) ;
#1211 = LINE ( 'NONE', #8187, #848 ) ;
#1210 = DIRECTION ( 'NONE',  ( -1.000000000000000000, -0.000000000000000000, -0.000000000000000000 ) ) ;
#1212 = ORIENTED_EDGE ( 'NONE', *, *, #817, .T. ) ;
#1213 = DIRECTION ( 'NONE',  ( 0.000000000000000000, 0.3090169943749409565, 0.9510565162951556406 ) ) ;
#1214 = DIRECTION ( 'NONE',  ( 0.000000000000000000, 0.000000000000000000, 1.000000000000000000 ) ) ;
#1215 = EDGE_LOOP ( 'NONE', ( #528, #3061, #1668, #6481 ) ) ;
#1216 = VECTOR ( 'NONE', #2285, 1000.000000000000000 ) ;
#1217 = ADVANCED_FACE ( 'NONE', ( #8458 ), #3842, .T. ) ;
#1218 = FACE_OUTER_BOUND ( 'NONE', #8161, .T. ) ;
#1219 = ORIENTED_EDGE ( 'NONE', *, *, #2659, .F. ) ;
#1220 = CARTESIAN_POINT ( 'NONE',  ( 0.000000000000000000, 0.000000000000000000, 0.000000000000000000 ) ) ;
#1221 = CIRCLE ( 'NONE', #6943, 1.000000000000000000 ) ;
#1222 = AXIS2_PLACEMENT_3D ( 'NONE', #5434, #7792, #869 ) ;
#1223 = EDGE_CURVE ( 'NONE', #7743, #2079, #728, .T. ) ;
#1224 = ORIENTED_EDGE ( 'NONE', *, *, #8914, .T. ) ;
#1225 = DIRECTION ( 'NONE',  ( 0.000000000000000000, 0.000000000000000000, 1.000000000000000000 ) ) ;
#1226 = CARTESIAN_POINT ( 'NONE',  ( 1.499999999999999556, -1.690788321043816822, 0.6728104661469401782 ) ) ;
#1227 = ORIENTED_EDGE ( 'NONE', *, *, #2992, .F. ) ;
#1228 = DIRECTION ( 'NONE',  ( -1.000000000000000000, -0.000000000000000000, -0.000000000000000000 ) ) ;
#1229 = CARTESIAN_POINT ( 'NONE',  ( 1.499999999999999556, 0.000000000000000000, 0.000000000000000000 ) ) ;
#1230 = DIRECTION ( 'NONE',  ( -1.000000000000000000, 0.000000000000000000, 0.000000000000000000 ) ) ;
#1231 = ORIENTED_EDGE ( 'NONE', *, *, #2436, .F. ) ;
#1232 = DIRECTION ( 'NONE',  ( 1.000000000000000000, 0.000000000000000000, 0.000000000000000000 ) ) ;
#1233 = AXIS2_PLACEMENT_3D ( 'NONE', #6275, #9403, #1604 ) ;
#1234 = DIRECTION ( 'NONE',  ( -1.000000000000000000, -0.000000000000000000, 0.000000000000000000 ) ) ;
#1235 = DIRECTION ( 'NONE',  ( -0.7279548212242064054, -0.6856251003693154544, -1.578935099659952356E-16 ) ) ;
#1236 = CARTESIAN_POINT ( 'NONE',  ( 1.499999999999999556, 0.000000000000000000, 1.423999999999999488 ) ) ;
#1237 = ORIENTED_EDGE ( 'NONE', *, *, #241, .T. ) ;
#1238 = DIRECTION ( 'NONE',  ( 0.000000000000000000, 1.000000000000000000, -0.000000000000000000 ) ) ;
#1239 = CYLINDRICAL_SURFACE ( 'NONE', #9946, 2.399999999999999467 ) ;
#1240 = DIRECTION ( 'NONE',  ( 0.000000000000000000, -1.000000000000000000, -1.047444401652940007E-14 ) ) ;
#1241 = AXIS2_PLACEMENT_3D ( 'NONE', #1031, #8719, #9542 ) ;
#1243 = AXIS2_PLACEMENT_3D ( 'NONE', #1302, #7500, #5191 ) ;
#1242 = LINE ( 'NONE', #4368, #9169 ) ;
#1244 = CARTESIAN_POINT ( 'NONE',  ( 0.7499999999999997780, 4.728296930903217898, 4.163316962856803194 ) ) ;
#1245 = ADVANCED_FACE ( 'NONE', ( #5209 ), #6545, .T. ) ;
#1246 = VECTOR ( 'NONE', #9277, 1000.000000000000000 ) ;
#1247 = ORIENTED_EDGE ( 'NONE', *, *, #7949, .F. ) ;
#1248 = EDGE_CURVE ( 'NONE', #3041, #7205, #4678, .T. ) ;
#1249 = EDGE_LOOP ( 'NONE', ( #5362, #174, #3726, #6073 ) ) ;
#1250 = CARTESIAN_POINT ( 'NONE',  ( 1.499999999999999556, -2.434800651343041356, -5.069627381595174676 ) ) ;
#1251 = CARTESIAN_POINT ( 'NONE',  ( -0.06137469101172798175, 19.99999999999999645, -0.9454937898344801805 ) ) ;
#1252 = AXIS2_PLACEMENT_3D ( 'NONE', #2530, #7152, #4844 ) ;
#1253 = CARTESIAN_POINT ( 'NONE',  ( -10.00000000000000000, 0.000000000000000000, 0.000000000000000000 ) ) ;
#1254 = EDGE_LOOP ( 'NONE', ( #9661, #5775, #697, #4433 ) ) ;
#1255 = VERTEX_POINT ( 'NONE', #382 ) ;
#1257 = CYLINDRICAL_SURFACE ( 'NONE', #228, 2.399999999999999467 ) ;
#1256 = VECTOR ( 'NONE', #7850, 1000.000000000000000 ) ;
#1258 = ADVANCED_FACE ( 'NONE', ( #3417 ), #8339, .T. ) ;
#1259 = AXIS2_PLACEMENT_3D ( 'NONE', #4059, #6412, #3280 ) ;
#1260 = EDGE_CURVE ( 'NONE', #19, #1863, #5967, .T. ) ;
#1261 = FACE_OUTER_BOUND ( 'NONE', #4315, .T. ) ;
#1262 = ORIENTED_EDGE ( 'NONE', *, *, #10080, .T. ) ;
#1264 = DIRECTION ( 'NONE',  ( -1.000000000000000000, -0.000000000000000000, -0.000000000000000000 ) ) ;
#1263 = CARTESIAN_POINT ( 'NONE',  ( 14.99999999999999645, -30.00000000000000000, -97.00000000000000000 ) ) ;
#1265 = VERTEX_POINT ( 'NONE', #7574 ) ;
#1266 = VECTOR ( 'NONE', #9489, 1000.000000000000000 ) ;
#1267 = ADVANCED_FACE ( 'NONE', ( #1319 ), #9010, .T. ) ;
#1268 = DIRECTION ( 'NONE',  ( -1.000000000000000000, -0.000000000000000000, -0.000000000000000000 ) ) ;
#1269 = ORIENTED_EDGE ( 'NONE', *, *, #63, .T. ) ;
#1270 = DIRECTION ( 'NONE',  ( 0.000000000000000000, 0.000000000000000000, 1.000000000000000000 ) ) ;
#1271 = ORIENTED_EDGE ( 'NONE', *, *, #61, .T. ) ;
#1272 = CARTESIAN_POINT ( 'NONE',  ( 1.499999999999999556, -4.621077171872451039, 3.230239272402410933 ) ) ;
#1273 = CIRCLE ( 'NONE', #2081, 2.399999999999999023 ) ;
#1274 = ORIENTED_EDGE ( 'NONE', *, *, #9663, .F. ) ;
#1275 = CARTESIAN_POINT ( 'NONE',  ( 1.499999999999999556, 0.000000000000000000, 0.000000000000000000 ) ) ;
#1276 = DIRECTION ( 'NONE',  ( 0.000000000000000000, -1.000000000000000000, -1.054085445472017376E-14 ) ) ;
#1277 = VERTEX_POINT ( 'NONE', #9682 ) ;
#1278 = DIRECTION ( 'NONE',  ( 0.000000000000000000, 0.000000000000000000, 1.000000000000000000 ) ) ;
#1279 = LINE ( 'NONE', #6756, #8494 ) ;
#1280 = CARTESIAN_POINT ( 'NONE',  ( 0.000000000000000000, 5.573896935634622629, -0.7490320092779839678 ) ) ;
#1281 = ORIENTED_EDGE ( 'NONE', *, *, #6294, .T. ) ;
#1282 = CARTESIAN_POINT ( 'NONE',  ( 0.000000000000000000, 0.8862614956313908943, 1.440670871519462715 ) ) ;
#1283 = FACE_BOUND ( 'NONE', #8854, .T. ) ;
#1284 = COLOUR_RGB ( '',1.000000000000000000, 0.000000000000000000, 1.000000000000000000 ) ;
#1285 = DIRECTION ( 'NONE',  ( -1.000000000000000000, 0.000000000000000000, 0.000000000000000000 ) ) ;
#1286 = AXIS2_PLACEMENT_3D ( 'NONE', #9057, #1268, #7411 ) ;
#1287 = ORIENTED_EDGE ( 'NONE', *, *, #702, .F. ) ;
#1288 = EDGE_CURVE ( 'NONE', #4058, #422, #5785, .T. ) ;
#1289 = CARTESIAN_POINT ( 'NONE',  ( 1.499999999999999556, -5.069627381595134707, -2.434800651343124400 ) ) ;
#1290 = CARTESIAN_POINT ( 'NONE',  ( 1.499999999999999556, 1.863103848212870783, -5.306431951017033910 ) ) ;
#1291 = DIRECTION ( 'NONE',  ( 1.000000000000000000, -0.000000000000000000, -0.000000000000000000 ) ) ;
#1292 = DIRECTION ( 'NONE',  ( -1.000000000000000000, 0.000000000000000000, -0.000000000000000000 ) ) ;
#1293 = FACE_BOUND ( 'NONE', #5629, .T. ) ;
#1294 = CIRCLE ( 'NONE', #145, 6.299999999999999822 ) ;
#1295 = CIRCLE ( 'NONE', #626, 5.624000000000004995 ) ;
#1296 = AXIS2_PLACEMENT_3D ( 'NONE', #8159, #450, #6558 ) ;
#1297 = CIRCLE ( 'NONE', #9153, 2.399999999999999467 ) ;
#1298 = ORIENTED_EDGE ( 'NONE', *, *, #577, .T. ) ;
#1299 = DIRECTION ( 'NONE',  ( 1.000000000000000000, 0.000000000000000000, 0.000000000000000000 ) ) ;
#1300 = CARTESIAN_POINT ( 'NONE',  ( 0.7499999999999997780, 6.287320479970233578, 0.3995011666401847572 ) ) ;
#1301 = LINE ( 'NONE', #3651, #5600 ) ;
#1302 = CARTESIAN_POINT ( 'NONE',  ( 0.000000000000000000, 0.000000000000000000, 0.000000000000000000 ) ) ;
#1303 = AXIS2_PLACEMENT_3D ( 'NONE', #3361, #1782, #8755 ) ;
#1304 = VERTEX_POINT ( 'NONE', #6695 ) ;
#1305 = ORIENTED_EDGE ( 'NONE', *, *, #1809, .F. ) ;
#1306 = CYLINDRICAL_SURFACE ( 'NONE', #6986, 2.100000000000000089 ) ;
#1307 = ADVANCED_FACE ( 'NONE', ( #5933 ), #1890, .T. ) ;
#1308 = VECTOR ( 'NONE', #7340, 1000.000000000000000 ) ;
#1309 = SURFACE_STYLE_USAGE ( .BOTH. , #5199 ) ;
#1310 = EDGE_LOOP ( 'NONE', ( #5371, #2980, #8867, #8947 ) ) ;
#1312 = CARTESIAN_POINT ( 'NONE',  ( 1.499999999999999556, -5.637216970057037813, -0.1028825440611315367 ) ) ;
#1311 = CARTESIAN_POINT ( 'NONE',  ( 0.000000000000000000, 0.000000000000000000, 0.000000000000000000 ) ) ;
#1313 = ORIENTED_EDGE ( 'NONE', *, *, #4127, .F. ) ;
#1314 = EDGE_CURVE ( 'NONE', #2991, #7990, #9400, .T. ) ;
#1315 = DIRECTION ( 'NONE',  ( -1.000000000000000000, 0.000000000000000000, 0.000000000000000000 ) ) ;
#1316 = ORIENTED_EDGE ( 'NONE', *, *, #1, .F. ) ;
#1317 = ADVANCED_FACE ( 'NONE', ( #4342 ), #2691, .F. ) ;
#1318 = AXIS2_PLACEMENT_3D ( 'NONE', #8670, #3950, #7181 ) ;
#1319 = FACE_OUTER_BOUND ( 'NONE', #3297, .T. ) ;
#1320 = ORIENTED_EDGE ( 'NONE', *, *, #9825, .T. ) ;
#1321 = LINE ( 'NONE', #9725, #3606 ) ;
#1322 = EDGE_CURVE ( 'NONE', #3682, #8343, #6123, .T. ) ;
#1323 = ORIENTED_EDGE ( 'NONE', *, *, #7831, .T. ) ;
#1324 = CYLINDRICAL_SURFACE ( 'NONE', #955, 5.624000000000004107 ) ;
#1325 = CARTESIAN_POINT ( 'NONE',  ( 1.499999999999999556, 0.5889709714760305026, -6.272408882937924091 ) ) ;
#1326 = ORIENTED_EDGE ( 'NONE', *, *, #994, .F. ) ;
#1327 = DIRECTION ( 'NONE',  ( 0.000000000000000000, 0.8910065241883690090, -0.4539904997395445285 ) ) ;
#1328 = EDGE_CURVE ( 'NONE', #4209, #55, #3498, .T. ) ;
#1329 = PLANE ( 'NONE',  #5377 ) ;
#1330 = DIRECTION ( 'NONE',  ( -1.000000000000000000, 0.000000000000000000, 0.000000000000000000 ) ) ;
#1331 = VERTEX_POINT ( 'NONE', #5061 ) ;
#1332 = AXIS2_PLACEMENT_3D ( 'NONE', #1272, #3517, #1931 ) ;
#1333 = DIRECTION ( 'NONE',  ( -1.000000000000000000, -0.000000000000000000, -0.000000000000000000 ) ) ;
#1334 = FACE_OUTER_BOUND ( 'NONE', #7093, .T. ) ;
#1335 = VECTOR ( 'NONE', #1682, 1000.000000000000000 ) ;
#1337 = CIRCLE ( 'NONE', #7062, 0.7200000000000004174 ) ;
#1336 = SHAPE_DEFINITION_REPRESENTATION ( #2102, #65 ) ;
#1338 = DIRECTION ( 'NONE',  ( -1.000000000000000000, -0.000000000000000000, -0.000000000000000000 ) ) ;
#1339 = EDGE_LOOP ( 'NONE', ( #4244, #4750, #4855, #8116 ) ) ;
#1340 = CYLINDRICAL_SURFACE ( 'NONE', #6423, 2.399999999999999467 ) ;
#1341 = CARTESIAN_POINT ( 'NONE',  ( 1.499999999999999556, -5.783413301606109336, -2.498425620827147586 ) ) ;
#1342 = DIRECTION ( 'NONE',  ( -1.000000000000000000, 0.000000000000000000, 0.000000000000000000 ) ) ;
#1343 = DIRECTION ( 'NONE',  ( -1.000000000000000000, 0.000000000000000000, -0.000000000000000000 ) ) ;
#1344 = LINE ( 'NONE', #5904, #1308 ) ;
#1345 = FACE_OUTER_BOUND ( 'NONE', #1469, .T. ) ;
#1346 = CIRCLE ( 'NONE', #6249, 0.7200000000000003064 ) ;
#1347 = EDGE_CURVE ( 'NONE', #2240, #7969, #6779, .T. ) ;
#1348 = VECTOR ( 'NONE', #7095, 1000.000000000000000 ) ;
#1349 = AXIS2_PLACEMENT_3D ( 'NONE', #3092, #2175, #2226 ) ;
#1350 = EDGE_LOOP ( 'NONE', ( #7989, #2994, #4801, #3171 ) ) ;
#1351 = CARTESIAN_POINT ( 'NONE',  ( 0.000000000000000000, 0.000000000000000000, 5.624000000000004107 ) ) ;
#1352 = DIRECTION ( 'NONE',  ( 0.000000000000000000, 0.000000000000000000, 1.000000000000000000 ) ) ;
#1353 = VECTOR ( 'NONE', #10090, 1000.000000000000000 ) ;
#1354 = FACE_OUTER_BOUND ( 'NONE', #6669, .T. ) ;
#1355 = DIRECTION ( 'NONE',  ( 1.000000000000000000, 0.000000000000000000, 0.000000000000000000 ) ) ;
#1356 = EDGE_LOOP ( 'NONE', ( #7284, #2275, #1430, #4304, #1361, #3811, #676, #6038, #1798, #724, #2937, #52, #6640, #3794, #9648, #5510, #8597, #7624, #2176, #4293, #7087, #816, #1522, #7330, #9424, #7511, #4870, #4645, #4215, #3742, #1068, #3104, #4917, #7120, #9301, #2315, #5692, #3055, #2640, #6793, #3123, #7204, #2791, #7968, #4700, #6446, #2646, #3670, #4183, #3047, #937, #1762, #9998 ) ) ;
#1357 = ORIENTED_EDGE ( 'NONE', *, *, #4637, .T. ) ;
#1358 = CARTESIAN_POINT ( 'NONE',  ( 1.499999999999999556, 0.000000000000000000, 0.000000000000000000 ) ) ;
#1359 = CLOSED_SHELL ( 'NONE', ( #9085, #1307, #1510, #1136, #1495, #7954 ) ) ;
#1360 = LINE ( 'NONE', #9873, #5702 ) ;
#1361 = ORIENTED_EDGE ( 'NONE', *, *, #6111, .T. ) ;
#1363 = PRESENTATION_STYLE_ASSIGNMENT (( #678 ) ) ;
#1362 = DIRECTION ( 'NONE',  ( 0.000000000000000000, 0.000000000000000000, 1.000000000000000000 ) ) ;
#1364 = ORIENTED_EDGE ( 'NONE', *, *, #9802, .F. ) ;
#1365 = CARTESIAN_POINT ( 'NONE',  ( -16.00000000000000355, -31.00000000000000000, -97.00000000000000000 ) ) ;
#1366 = ADVANCED_FACE ( 'NONE', ( #3515 ), #7415, .F. ) ;
#1367 = ORIENTED_EDGE ( 'NONE', *, *, #782, .T. ) ;
#1368 = CARTESIAN_POINT ( 'NONE',  ( 0.7499999999999997780, 0.4902404781355472752, -2.041975581048272481 ) ) ;
#1369 = ORIENTED_EDGE ( 'NONE', *, *, #5905, .F. ) ;
#1370 = DIRECTION ( 'NONE',  ( 0.000000000000000000, -0.8910065241883626808, -0.4539904997395569630 ) ) ;
#1371 = CIRCLE ( 'NONE', #567, 1.000000000000000000 ) ;
#1372 = ORIENTED_EDGE ( 'NONE', *, *, #9388, .T. ) ;
#1373 = DIRECTION ( 'NONE',  ( 1.000000000000000000, 0.000000000000000000, 0.000000000000000000 ) ) ;
#1374 = EDGE_CURVE ( 'NONE', #6912, #6083, #1980, .T. ) ;
#1375 = DIRECTION ( 'NONE',  ( 0.000000000000000000, -0.9876883405951358830, -0.1564344650402420545 ) ) ;
#1376 = ORIENTED_EDGE ( 'NONE', *, *, #6219, .T. ) ;
#1377 = DIRECTION ( 'NONE',  ( -1.000000000000000000, 0.000000000000000000, 0.000000000000000000 ) ) ;
#1378 = DIRECTION ( 'NONE',  ( 0.000000000000000000, 0.000000000000000000, 1.000000000000000000 ) ) ;
#1379 = DIRECTION ( 'NONE',  ( -1.000000000000000000, -0.000000000000000000, -0.000000000000000000 ) ) ;
#1380 = ORIENTED_EDGE ( 'NONE', *, *, #7587, .F. ) ;
#1381 = DIRECTION ( 'NONE',  ( -1.000000000000000000, 0.000000000000000000, 0.000000000000000000 ) ) ;
#1382 = ADVANCED_FACE ( 'NONE', ( #1218 ), #432, .T. ) ;
#1383 = FACE_OUTER_BOUND ( 'NONE', #957, .T. ) ;
#1384 = EDGE_CURVE ( 'NONE', #9724, #6336, #2993, .T. ) ;
#1385 = APPLICATION_PROTOCOL_DEFINITION ( 'draft international standard', 'automotive_design', 1998, #2454 ) ;
#1386 = DIRECTION ( 'NONE',  ( -1.000000000000000000, -0.000000000000000000, 0.000000000000000000 ) ) ;
#1387 = EDGE_LOOP ( 'NONE', ( #4991, #1026, #3614, #3158 ) ) ;
#1388 = LINE ( 'NONE', #1439, #1509 ) ;
#1389 = DIRECTION ( 'NONE',  ( -1.000000000000000000, -0.000000000000000000, 0.000000000000000000 ) ) ;
#1390 = DIRECTION ( 'NONE',  ( 0.000000000000000000, -0.4999999999999888978, -0.8660254037844450359 ) ) ;
#1391 = SURFACE_SIDE_STYLE ('',( #8898 ) ) ;
#1392 = CARTESIAN_POINT ( 'NONE',  ( 0.000000000000000000, 0.000000000000000000, 1.000000000000000000 ) ) ;
#1393 = CARTESIAN_POINT ( 'NONE',  ( 1.499999999999999556, -5.583907850472554557, -0.7802391318067171122 ) ) ;
#1394 = AXIS2_PLACEMENT_3D ( 'NONE', #7919, #897, #4032 ) ;
#1395 = ADVANCED_FACE ( 'NONE', ( #7768 ), #9933, .T. ) ;
#1396 = AXIS2_PLACEMENT_3D ( 'NONE', #6839, #479, #6026 ) ;
#1397 = AXIS2_PLACEMENT_3D ( 'NONE', #9034, #2003, #5954 ) ;
#1398 = VECTOR ( 'NONE', #2511, 1000.000000000000000 ) ;
#1399 = VECTOR ( 'NONE', #619, 1000.000000000000000 ) ;
#1400 = VERTEX_POINT ( 'NONE', #5259 ) ;
#1401 = CARTESIAN_POINT ( 'NONE',  ( -15.00000000000000355, 30.00000000000000000, -97.00000000000000000 ) ) ;
#1402 = DIRECTION ( 'NONE',  ( -1.000000000000000000, 0.000000000000000000, -0.000000000000000000 ) ) ;
#1403 = CARTESIAN_POINT ( 'NONE',  ( -24.99999999999999645, 19.99999999999999645, 25.00000000000000000 ) ) ;
#1404 = CARTESIAN_POINT ( 'NONE',  ( 1.499999999999999556, 0.000000000000000000, 0.000000000000000000 ) ) ;
#1405 = EDGE_CURVE ( 'NONE', #230, #3369, #9236, .T. ) ;
#1406 = ORIENTED_EDGE ( 'NONE', *, *, #7720, .T. ) ;
#1407 =( REPRESENTATION_RELATIONSHIP ('NONE','NONE', #65, #7146 ) REPRESENTATION_RELATIONSHIP_WITH_TRANSFORMATION ( #786 )SHAPE_REPRESENTATION_RELATIONSHIP( ) );
#1408 = CARTESIAN_POINT ( 'NONE',  ( 1.499999999999999556, 2.013522966163069139, -0.5964270824953179506 ) ) ;
#1409 = EDGE_CURVE ( 'NONE', #6843, #4709, #584, .T. ) ;
#1410 = CARTESIAN_POINT ( 'NONE',  ( 0.000000000000000000, 1.562940689591772569, 6.103049762276102186 ) ) ;
#1411 = ORIENTED_EDGE ( 'NONE', *, *, #2403, .T. ) ;
#1412 = CARTESIAN_POINT ( 'NONE',  ( 1.499999999999999556, 0.000000000000000000, 0.000000000000000000 ) ) ;
#1413 = EDGE_CURVE ( 'NONE', #5674, #7318, #535, .T. ) ;
#1414 = VERTEX_POINT ( 'NONE', #3721 ) ;
#1415 = LINE ( 'NONE', #1516, #1130 ) ;
#1416 = CIRCLE ( 'NONE', #7148, 5.624000000000003219 ) ;
#1417 = VERTEX_POINT ( 'NONE', #4551 ) ;
#1418 = ORIENTED_EDGE ( 'NONE', *, *, #117, .F. ) ;
#1419 = CARTESIAN_POINT ( 'NONE',  ( 0.000000000000000000, 0.000000000000000000, 0.000000000000000000 ) ) ;
#1420 = AXIS2_PLACEMENT_3D ( 'NONE', #1037, #4165, #3379 ) ;
#1421 = AXIS2_PLACEMENT_3D ( 'NONE', #8314, #7553, #3650 ) ;
#1422 = ORIENTED_EDGE ( 'NONE', *, *, #4796, .F. ) ;
#1423 = CARTESIAN_POINT ( 'NONE',  ( 0.000000000000000000, 0.000000000000000000, 0.000000000000000000 ) ) ;
#1424 = PLANE ( 'NONE',  #4125 ) ;
#1425 = ORIENTED_EDGE ( 'NONE', *, *, #7516, .F. ) ;
#1426 = CARTESIAN_POINT ( 'NONE',  ( 0.000000000000000000, 0.000000000000000000, 0.000000000000000000 ) ) ;
#1427 = DIRECTION ( 'NONE',  ( 0.000000000000000000, 0.8090169943749486725, -0.5877852522924714718 ) ) ;
#1428 = DIRECTION ( 'NONE',  ( 1.000000000000000000, 0.000000000000000000, 0.000000000000000000 ) ) ;
#1429 = AXIS2_PLACEMENT_3D ( 'NONE', #9323, #4619, #5325 ) ;
#1430 = ORIENTED_EDGE ( 'NONE', *, *, #10084, .F. ) ;
#1431 = EDGE_LOOP ( 'NONE', ( #9676, #5686, #6142, #8758 ) ) ;
#1432 = AXIS2_PLACEMENT_3D ( 'NONE', #4265, #2764, #5083 ) ;
#1433 = CARTESIAN_POINT ( 'NONE',  ( 1.499999999999999556, -0.1667481397909999496, -1.414203329750089333 ) ) ;
#1434 = LINE ( 'NONE', #650, #4470 ) ;
#1435 = EDGE_CURVE ( 'NONE', #4769, #30, #3338, .T. ) ;
#1436 = CONTEXT_DEPENDENT_SHAPE_REPRESENTATION ( #5594, #6118 ) ;
#1437 = FACE_OUTER_BOUND ( 'NONE', #7111, .T. ) ;
#1438 = ORIENTED_EDGE ( 'NONE', *, *, #10, .T. ) ;
#1439 = CARTESIAN_POINT ( 'NONE',  ( 1.499999999999999556, 5.306431951017053450, 1.863103848212815050 ) ) ;
#1440 = CARTESIAN_POINT ( 'NONE',  ( 0.000000000000000000, 0.3995011666401682704, 6.287320479970234466 ) ) ;
#1441 = CARTESIAN_POINT ( 'NONE',  ( 1.499999999999999556, -2.498425620827048999, -5.783413301606151968 ) ) ;
#1442 = DIRECTION ( 'NONE',  ( -1.000000000000000000, -0.000000000000000000, 0.000000000000000000 ) ) ;
#1443 = LINE ( 'NONE', #7697, #6395 ) ;
#1444 = CARTESIAN_POINT ( 'NONE',  ( -12.00000000000000355, 40.00000000000000000, 12.00000000000000178 ) ) ;
#1445 = ADVANCED_FACE ( 'NONE', ( #2231 ), #5407, .T. ) ;
#1446 = EDGE_CURVE ( 'NONE', #6590, #5892, #9159, .T. ) ;
#1447 = CIRCLE ( 'NONE', #7182, 6.300000000000000711 ) ;
#1448 = ORIENTED_EDGE ( 'NONE', *, *, #8507, .T. ) ;
#1449 = CYLINDRICAL_SURFACE ( 'NONE', #2766, 2.399999999999999467 ) ;
#1450 = CARTESIAN_POINT ( 'NONE',  ( 0.7499999999999997780, 0.3995011666402506489, -6.287320479970229137 ) ) ;
#1451 = AXIS2_PLACEMENT_3D ( 'NONE', #2590, #5722, #4035 ) ;
#1452 = PRESENTATION_STYLE_ASSIGNMENT (( #6066 ) ) ;
#1453 = DIRECTION ( 'NONE',  ( -1.000000000000000000, -0.000000000000000000, -0.000000000000000000 ) ) ;
#1454 = ORIENTED_EDGE ( 'NONE', *, *, #3258, .T. ) ;
#1455 = PRODUCT_DEFINITION_SHAPE ( 'NONE', 'NONE',  #10155 ) ;
#1456 =( GEOMETRIC_REPRESENTATION_CONTEXT ( 3 ) GLOBAL_UNCERTAINTY_ASSIGNED_CONTEXT ( ( #4889 ) ) GLOBAL_UNIT_ASSIGNED_CONTEXT ( ( #7255, #8853, #4951 ) ) REPRESENTATION_CONTEXT ( 'NONE', 'WORKASPACE' ) );
#1457 = CARTESIAN_POINT ( 'NONE',  ( 2.404357727003020528, 3.919999999999999041, 0.000000000000000000 ) ) ;
#1458 = VECTOR ( 'NONE', #9401, 1000.000000000000000 ) ;
#1459 = AXIS2_PLACEMENT_3D ( 'NONE', #345, #6356, #4207 ) ;
#1460 = LINE ( 'NONE', #7660, #7506 ) ;
#1461 = ORIENTED_EDGE ( 'NONE', *, *, #8685, .F. ) ;
#1463 = CARTESIAN_POINT ( 'NONE',  ( 0.000000000000000000, -4.163316962856820957, 4.728296930903204576 ) ) ;
#1462 = DIRECTION ( 'NONE',  ( 0.000000000000000000, 0.000000000000000000, 1.000000000000000000 ) ) ;
#1464 = EDGE_CURVE ( 'NONE', #7571, #6383, #1005, .T. ) ;
#1465 = EDGE_LOOP ( 'NONE', ( #4028, #2591, #546, #6380 ) ) ;
#1466 = AXIS2_PLACEMENT_3D ( 'NONE', #8728, #1704, #985 ) ;
#1467 = DIRECTION ( 'NONE',  ( -1.000000000000000000, -0.000000000000000000, 0.000000000000000000 ) ) ;
#1468 = DIRECTION ( 'NONE',  ( 1.000000000000000000, 0.000000000000000000, 0.000000000000000000 ) ) ;
#1469 = EDGE_LOOP ( 'NONE', ( #3944, #4606, #6461, #4782 ) ) ;
#1470 = CIRCLE ( 'NONE', #3088, 1.423999999999999488 ) ;
#1471 = ORIENTED_EDGE ( 'NONE', *, *, #4591, .T. ) ;
#1472 = CARTESIAN_POINT ( 'NONE',  ( 1.499999999999999556, 0.000000000000000000, 0.000000000000000000 ) ) ;
#1473 = EDGE_CURVE ( 'NONE', #8591, #692, #9208, .T. ) ;
#1474 = ORIENTED_EDGE ( 'NONE', *, *, #4006, .F. ) ;
#1475 = LINE ( 'NONE', #639, #7793 ) ;
#1476 = DIRECTION ( 'NONE',  ( -1.000000000000000000, -0.000000000000000000, 0.000000000000000000 ) ) ;
#1477 = ORIENTED_EDGE ( 'NONE', *, *, #4945, .F. ) ;
#1478 = CARTESIAN_POINT ( 'NONE',  ( 9.593511828441991796, 23.99999999999999645, 20.14180375945003121 ) ) ;
#1479 = CARTESIAN_POINT ( 'NONE',  ( 0.7499999999999997780, -6.147417380365308937, -1.378136260165342630 ) ) ;
#1480 = DIRECTION ( 'NONE',  ( 0.000000000000000000, 0.000000000000000000, 1.000000000000000000 ) ) ;
#1481 = CIRCLE ( 'NONE', #9996, 2.399999999999999467 ) ;
#1482 = ORIENTED_EDGE ( 'NONE', *, *, #7766, .F. ) ;
#1483 = ORIENTED_EDGE ( 'NONE', *, *, #6853, .F. ) ;
#1484 = LINE ( 'NONE', #4710, #5631 ) ;
#1485 = CARTESIAN_POINT ( 'NONE',  ( 1.499999999999999556, 2.670274791727463182, 4.949647314371489415 ) ) ;
#1486 = DIRECTION ( 'NONE',  ( 0.000000000000000000, 0.9510565162951521989, 0.3090169943749515036 ) ) ;
#1487 = ORIENTED_EDGE ( 'NONE', *, *, #542, .F. ) ;
#1488 = CARTESIAN_POINT ( 'NONE',  ( 0.000000000000000000, -2.670274791727491603, 4.949647314371474316 ) ) ;
#1489 = CARTESIAN_POINT ( 'NONE',  ( 3.404357727003020528, 3.919999999999999041, 1.000000000000000000 ) ) ;
#1490 = CARTESIAN_POINT ( 'NONE',  ( 1.499999999999999556, 2.041975581048277810, 0.4902404781355257368 ) ) ;
#1491 = CARTESIAN_POINT ( 'NONE',  ( 1.499999999999999556, 5.622447436674695709, 0.1321394030188921542 ) ) ;
#1492 = CARTESIAN_POINT ( 'NONE',  ( 0.7499999999999997780, 0.5964270824953391559, 2.013522966163062922 ) ) ;
#1493 = CARTESIAN_POINT ( 'NONE',  ( -2.950000000000001066, 40.00000000000000000, -24.79000000000000625 ) ) ;
#1494 = EDGE_CURVE ( 'NONE', #3815, #746, #4660, .T. ) ;
#1495 = ADVANCED_FACE ( 'NONE', ( #3098 ), #9359, .F. ) ;
#1496 = AXIS2_PLACEMENT_3D ( 'NONE', #9525, #7216, #135 ) ;
#1497 = AXIS2_PLACEMENT_3D ( 'NONE', #733, #8596, #7622 ) ;
#1498 = ORIENTED_EDGE ( 'NONE', *, *, #8908, .T. ) ;
#1499 = DIRECTION ( 'NONE',  ( -1.000000000000000000, 0.000000000000000000, 0.000000000000000000 ) ) ;
#1500 = LINE ( 'NONE', #10114, #110 ) ;
#1501 = DIRECTION ( 'NONE',  ( -1.000000000000000000, 0.000000000000000000, 0.000000000000000000 ) ) ;
#1502 = FACE_OUTER_BOUND ( 'NONE', #4494, .T. ) ;
#1503 = ADVANCED_FACE ( 'NONE', ( #6179 ), #5359, .T. ) ;
#1504 = AXIS2_PLACEMENT_3D ( 'NONE', #822, #2978, #6215 ) ;
#1505 = ORIENTED_EDGE ( 'NONE', *, *, #6753, .T. ) ;
#1506 = EDGE_CURVE ( 'NONE', #3766, #8153, #6454, .T. ) ;
#1507 = EDGE_CURVE ( 'NONE', #1857, #4703, #224, .T. ) ;
#1508 = CIRCLE ( 'NONE', #1024, 1.423999999999999488 ) ;
#1509 = VECTOR ( 'NONE', #2304, 1000.000000000000000 ) ;
#1510 = ADVANCED_FACE ( 'NONE', ( #4138 ), #6483, .F. ) ;
#1511 = CARTESIAN_POINT ( 'NONE',  ( 1.499999999999999556, 0.8045268254124403606, -1.487860405372499528 ) ) ;
#1512 = ORIENTED_EDGE ( 'NONE', *, *, #9345, .T. ) ;
#1514 = SURFACE_SIDE_STYLE ('',( #6127 ) ) ;
#1513 = DIRECTION ( 'NONE',  ( -1.000000000000000000, -0.000000000000000000, 0.000000000000000000 ) ) ;
#1515 = ORIENTED_EDGE ( 'NONE', *, *, #6635, .F. ) ;
#1516 = CARTESIAN_POINT ( 'NONE',  ( -7.500000000000000000, 7.500000000000000000, 1.000000000000000000 ) ) ;
#1517 = VECTOR ( 'NONE', #8461, 1000.000000000000000 ) ;
#1518 = ORIENTED_EDGE ( 'NONE', *, *, #4152, .F. ) ;
#1519 = EDGE_CURVE ( 'NONE', #9624, #2495, #4851, .T. ) ;
#1520 = CARTESIAN_POINT ( 'NONE',  ( 1.499999999999999556, 5.583907850472561663, -0.7802391318066814740 ) ) ;
#1521 = CYLINDRICAL_SURFACE ( 'NONE', #1497, 2.399999999999999467 ) ;
#1522 = ORIENTED_EDGE ( 'NONE', *, *, #1699, .T. ) ;
#1523 = DIRECTION ( 'NONE',  ( -1.000000000000000000, 0.000000000000000000, 0.000000000000000000 ) ) ;
#1524 = CARTESIAN_POINT ( 'NONE',  ( 1.499999999999999556, 0.000000000000000000, 0.000000000000000000 ) ) ;
#1525 = ORIENTED_EDGE ( 'NONE', *, *, #6884, .T. ) ;
#1526 = CARTESIAN_POINT ( 'NONE',  ( 0.000000000000000000, -3.230239272402454009, 4.621077171872417289 ) ) ;
#1527 = DIRECTION ( 'NONE',  ( -1.000000000000000000, 0.000000000000000000, -0.000000000000000000 ) ) ;
#1528 = DIRECTION ( 'NONE',  ( 0.000000000000000000, 0.000000000000000000, 1.000000000000000000 ) ) ;
#1529 = EDGE_CURVE ( 'NONE', #4340, #1277, #6298, .T. ) ;
#1530 = ORIENTED_EDGE ( 'NONE', *, *, #8526, .T. ) ;
#1531 = ORIENTED_EDGE ( 'NONE', *, *, #3664, .T. ) ;
#1532 = CARTESIAN_POINT ( 'NONE',  ( 1.499999999999999556, 0.000000000000000000, 0.000000000000000000 ) ) ;
#1533 = DIRECTION ( 'NONE',  ( -1.000000000000000000, -0.000000000000000000, 0.000000000000000000 ) ) ;
#1534 = EDGE_CURVE ( 'NONE', #5511, #2624, #4903, .T. ) ;
#1535 = CARTESIAN_POINT ( 'NONE',  ( 0.000000000000000000, 1.523282488027533743, 1.445548498552935657 ) ) ;
#1536 = ORIENTED_EDGE ( 'NONE', *, *, #496, .T. ) ;
#1537 = CYLINDRICAL_SURFACE ( 'NONE', #2496, 5.624000000000004107 ) ;
#1538 = CARTESIAN_POINT ( 'NONE',  ( -0.06137469101172798175, 19.99999999999999645, -0.9454937898344801805 ) ) ;
#1539 = DIRECTION ( 'NONE',  ( -1.000000000000000000, 0.000000000000000000, -0.000000000000000000 ) ) ;
#1540 = CARTESIAN_POINT ( 'NONE',  ( 7.500000000000000000, 7.500000000000000000, 1.000000000000000000 ) ) ;
#1541 = PLANE ( 'NONE',  #2619 ) ;
#1542 = DIRECTION ( 'NONE',  ( -1.000000000000000000, 0.000000000000000000, 0.000000000000000000 ) ) ;
#1543 = CIRCLE ( 'NONE', #5462, 2.399999999999999467 ) ;
#1544 = AXIS2_PLACEMENT_3D ( 'NONE', #7294, #8731, #3288 ) ;
#1545 = VECTOR ( 'NONE', #5096, 1000.000000000000000 ) ;
#1546 = ORIENTED_EDGE ( 'NONE', *, *, #8676, .T. ) ;
#1547 = EDGE_CURVE ( 'NONE', #1647, #1982, #3182, .T. ) ;
#1548 = CARTESIAN_POINT ( 'NONE',  ( 1.499999999999999556, -4.069107377274171711, -3.882234041401027458 ) ) ;
#1549 = LINE ( 'NONE', #1450, #6005 ) ;
#1550 = DIRECTION ( 'NONE',  ( 1.000000000000000000, -0.000000000000000000, 0.000000000000000000 ) ) ;
#1551 = CARTESIAN_POINT ( 'NONE',  ( 1.499999999999999556, -5.393104387681784573, 1.644148730784116275 ) ) ;
#1552 = VERTEX_POINT ( 'NONE', #8024 ) ;
#1553 = VECTOR ( 'NONE', #579, 1000.000000000000000 ) ;
#1554 = EDGE_CURVE ( 'NONE', #3709, #4434, #1006, .T. ) ;
#1555 = DIRECTION ( 'NONE',  ( 0.000000000000000000, 0.000000000000000000, 1.000000000000000000 ) ) ;
#1556 = CARTESIAN_POINT ( 'NONE',  ( 0.000000000000000000, 4.626325118590967733, -3.197888662398100212 ) ) ;
#1557 = DIRECTION ( 'NONE',  ( -1.000000000000000000, 0.000000000000000000, 0.000000000000000000 ) ) ;
#1558 = ORIENTED_EDGE ( 'NONE', *, *, #2964, .T. ) ;
#1559 = CYLINDRICAL_SURFACE ( 'NONE', #9641, 2.100000000000000089 ) ;
#1560 = PRESENTATION_STYLE_ASSIGNMENT (( #72 ) ) ;
#1561 = ORIENTED_EDGE ( 'NONE', *, *, #1204, .F. ) ;
#1562 = EDGE_CURVE ( 'NONE', #5049, #2282, #5809, .T. ) ;
#1563 = DIRECTION ( 'NONE',  ( -1.000000000000000000, 0.000000000000000000, -0.000000000000000000 ) ) ;
#1564 = ORIENTED_EDGE ( 'NONE', *, *, #9014, .F. ) ;
#1565 = CARTESIAN_POINT ( 'NONE',  ( 1.499999999999999556, -1.863103848212767755, -5.306431951017069437 ) ) ;
#1566 = ADVANCED_FACE ( 'NONE', ( #3256 ), #7049, .T. ) ;
#1567 = EDGE_CURVE ( 'NONE', #10139, #1690, #3924, .T. ) ;
#1568 = VERTEX_POINT ( 'NONE', #3152 ) ;
#1569 = DIRECTION ( 'NONE',  ( 0.000000000000000000, 0.000000000000000000, 1.000000000000000000 ) ) ;
#1570 = CARTESIAN_POINT ( 'NONE',  ( 0.000000000000000000, 4.976089400993465084, -2.650911967359915078 ) ) ;
#1571 = ORIENTED_EDGE ( 'NONE', *, *, #9595, .T. ) ;
#1572 = AXIS2_PLACEMENT_3D ( 'NONE', #9366, #737, #9311 ) ;
#1573 = DIRECTION ( 'NONE',  ( -1.000000000000000000, 0.000000000000000000, 0.000000000000000000 ) ) ;
#1574 = DIRECTION ( 'NONE',  ( 0.000000000000000000, 0.000000000000000000, -1.000000000000000000 ) ) ;
#1575 = FILL_AREA_STYLE_COLOUR ( '', #7382 ) ;
#1576 = ORIENTED_EDGE ( 'NONE', *, *, #2160, .T. ) ;
#1577 = VERTEX_POINT ( 'NONE', #9467 ) ;
#1578 = DIRECTION ( 'NONE',  ( -1.000000000000000000, 0.000000000000000000, 0.000000000000000000 ) ) ;
#1579 = CARTESIAN_POINT ( 'NONE',  ( -10.00000000000000000, 0.000000000000000000, 0.000000000000000000 ) ) ;
#1580 = VECTOR ( 'NONE', #6981, 1000.000000000000000 ) ;
#1581 = FACE_OUTER_BOUND ( 'NONE', #7462, .T. ) ;
#1582 = CIRCLE ( 'NONE', #4044, 2.399999999999999911 ) ;
#1583 = ORIENTED_EDGE ( 'NONE', *, *, #117, .T. ) ;
#1584 = DIRECTION ( 'NONE',  ( -1.000000000000000000, 0.000000000000000000, 0.000000000000000000 ) ) ;
#1585 = DIRECTION ( 'NONE',  ( -1.000000000000000000, 0.000000000000000000, 0.000000000000000000 ) ) ;
#1586 = DIRECTION ( 'NONE',  ( 0.000000000000000000, 0.000000000000000000, 1.000000000000000000 ) ) ;
#1587 = DIRECTION ( 'NONE',  ( -1.000000000000000000, 0.000000000000000000, 0.000000000000000000 ) ) ;
#1588 = CYLINDRICAL_SURFACE ( 'NONE', #1318, 1.000000000000000888 ) ;
#1589 = AXIS2_PLACEMENT_3D ( 'NONE', #4820, #6354, #2731 ) ;
#1590 = EDGE_LOOP ( 'NONE', ( #7717, #3876, #7984, #7103 ) ) ;
#1591 = ADVANCED_FACE ( 'NONE', ( #6280 ), #6385, .T. ) ;
#1592 =( NAMED_UNIT ( * ) SI_UNIT ( $, .STERADIAN. ) SOLID_ANGLE_UNIT ( ) );
#1593 = APPLICATION_CONTEXT ( 'automotive_design' ) ;
#1594 = ORIENTED_EDGE ( 'NONE', *, *, #2860, .F. ) ;
#1595 = CYLINDRICAL_SURFACE ( 'NONE', #7025, 1.423999999999999488 ) ;
#1596 = CARTESIAN_POINT ( 'NONE',  ( 1.499999999999999556, -1.440670871519453389, -0.8862614956314059933 ) ) ;
#1597 = DIRECTION ( 'NONE',  ( 0.000000000000000000, 0.000000000000000000, -1.000000000000000000 ) ) ;
#1598 = DIRECTION ( 'NONE',  ( 0.000000000000000000, 0.000000000000000000, 1.000000000000000000 ) ) ;
#1599 = CIRCLE ( 'NONE', #7333, 2.399999999999999467 ) ;
#1600 = VERTEX_POINT ( 'NONE', #7864 ) ;
#1601 = AXIS2_PLACEMENT_3D ( 'NONE', #4961, #4088, #1674 ) ;
#1602 = DIRECTION ( 'NONE',  ( -1.000000000000000000, 0.000000000000000000, 0.000000000000000000 ) ) ;
#1603 = CARTESIAN_POINT ( 'NONE',  ( 1.499999999999999556, -2.322837065193142703, 5.856144462747217894 ) ) ;
#1605 = FACE_OUTER_BOUND ( 'NONE', #7608, .T. ) ;
#1604 = DIRECTION ( 'NONE',  ( 0.000000000000000000, 0.000000000000000000, 1.000000000000000000 ) ) ;
#1606 = ORIENTED_EDGE ( 'NONE', *, *, #8327, .F. ) ;
#1607 = CARTESIAN_POINT ( 'NONE',  ( 1.499999999999999556, -1.690788321043816822, -0.04718953385306016990 ) ) ;
#1608 =( NAMED_UNIT ( * ) PLANE_ANGLE_UNIT ( ) SI_UNIT ( $, .RADIAN. ) );
#1609 = MECHANICAL_DESIGN_GEOMETRIC_PRESENTATION_REPRESENTATION (  '', ( #7833 ), #4728 ) ;
#1610 = VERTEX_POINT ( 'NONE', #839 ) ;
#1611 = VERTEX_POINT ( 'NONE', #4083 ) ;
#1612 = CIRCLE ( 'NONE', #459, 5.624000000000004107 ) ;
#1614 = UNCERTAINTY_MEASURE_WITH_UNIT (LENGTH_MEASURE( 1.000000000000000082E-05 ), #5270, 'distance_accuracy_value', 'NONE');
#1613 = PRODUCT_DEFINITION ( 'UNKNOWN', '', #7686, #4271 ) ;
#1615 = EDGE_CURVE ( 'NONE', #1807, #6221, #4177, .T. ) ;
#1616 = DIRECTION ( 'NONE',  ( 0.000000000000000000, 0.3090169943749481174, -0.9510565162951533091 ) ) ;
#1617 = DIRECTION ( 'NONE',  ( -1.000000000000000000, -0.000000000000000000, -0.000000000000000000 ) ) ;
#1618 = CIRCLE ( 'NONE', #8179, 2.399999999999999467 ) ;
#1619 = AXIS2_PLACEMENT_3D ( 'NONE', #2707, #8976, #1948 ) ;
#1620 = APPLICATION_PROTOCOL_DEFINITION ( 'draft international standard', 'automotive_design', 1998, #9660 ) ;
#1621 = AXIS2_PLACEMENT_3D ( 'NONE', #6619, #9753, #5090 ) ;
#1622 = EDGE_CURVE ( 'NONE', #6131, #7627, #5308, .T. ) ;
#1623 = VERTEX_POINT ( 'NONE', #8695 ) ;
#1624 = CARTESIAN_POINT ( 'NONE',  ( 1.499999999999999556, 0.000000000000000000, 0.000000000000000000 ) ) ;
#1625 = DIRECTION ( 'NONE',  ( 0.000000000000000000, 0.000000000000000000, -1.000000000000000000 ) ) ;
#1626 = ORIENTED_EDGE ( 'NONE', *, *, #1637, .T. ) ;
#1627 = DIRECTION ( 'NONE',  ( 1.000000000000000000, 0.000000000000000000, 0.000000000000000000 ) ) ;
#1628 = DIRECTION ( 'NONE',  ( 1.000000000000000000, 0.000000000000000000, 0.000000000000000000 ) ) ;
#1629 = DIRECTION ( 'NONE',  ( -1.000000000000000000, -0.000000000000000000, 0.000000000000000000 ) ) ;
#1630 = EDGE_CURVE ( 'NONE', #30, #1600, #4008, .T. ) ;
#1631 = VECTOR ( 'NONE', #8652, 1000.000000000000000 ) ;
#1632 = EDGE_LOOP ( 'NONE', ( #8269, #9667, #8, #4396 ) ) ;
#1633 = ORIENTED_EDGE ( 'NONE', *, *, #5957, .T. ) ;
#1634 = CARTESIAN_POINT ( 'NONE',  ( 14.99999999999999645, -30.00000000000000000, 0.000000000000000000 ) ) ;
#1635 = EDGE_CURVE ( 'NONE', #7822, #95, #2489, .T. ) ;
#1636 = CARTESIAN_POINT ( 'NONE',  ( -10.00000000000000000, 0.000000000000000000, 0.000000000000000000 ) ) ;
#1637 = EDGE_CURVE ( 'NONE', #4630, #6128, #7123, .T. ) ;
#1638 = ORIENTED_EDGE ( 'NONE', *, *, #4113, .F. ) ;
#1639 = ORIENTED_EDGE ( 'NONE', *, *, #7606, .T. ) ;
#1640 = AXIS2_PLACEMENT_3D ( 'NONE', #8415, #3073, #6817 ) ;
#1641 = CARTESIAN_POINT ( 'NONE',  ( 1.499999999999999556, -0.7490320092780754502, 5.573896935634611083 ) ) ;
#1642 = FACE_OUTER_BOUND ( 'NONE', #9703, .T. ) ;
#1643 = CARTESIAN_POINT ( 'NONE',  ( 1.499999999999999556, 0.000000000000000000, 0.000000000000000000 ) ) ;
#1644 = DIRECTION ( 'NONE',  ( 0.000000000000000000, -0.000000000000000000, 1.000000000000000000 ) ) ;
#1645 = DIRECTION ( 'NONE',  ( -1.000000000000000000, 0.000000000000000000, 0.000000000000000000 ) ) ;
#1646 = CARTESIAN_POINT ( 'NONE',  ( 1.499999999999999556, 4.621077171872475908, -3.230239272402376738 ) ) ;
#1647 = VERTEX_POINT ( 'NONE', #1055 ) ;
#1648 = DIRECTION ( 'NONE',  ( -1.000000000000000000, -0.000000000000000000, 0.000000000000000000 ) ) ;
#1649 = AXIS2_PLACEMENT_3D ( 'NONE', #7022, #6877, #658 ) ;
#1650 =( LENGTH_UNIT ( ) NAMED_UNIT ( * ) SI_UNIT ( .MILLI., .METRE. ) );
#1651 = EDGE_CURVE ( 'NONE', #4543, #4277, #4329, .T. ) ;
#1652 = ORIENTED_EDGE ( 'NONE', *, *, #194, .T. ) ;
#1653 = DIRECTION ( 'NONE',  ( 0.000000000000000000, 0.000000000000000000, 1.000000000000000000 ) ) ;
#1654 = DIRECTION ( 'NONE',  ( -1.000000000000000000, 0.000000000000000000, 0.000000000000000000 ) ) ;
#1655 = CYLINDRICAL_SURFACE ( 'NONE', #3136, 2.399999999999999911 ) ;
#1656 = CARTESIAN_POINT ( 'NONE',  ( 1.499999999999999556, 4.058863291118530725, 3.913365401975897218 ) ) ;
#1657 = AXIS2_PLACEMENT_3D ( 'NONE', #7584, #3007, #9995 ) ;
#1658 = ADVANCED_FACE ( 'NONE', ( #373 ), #5920, .T. ) ;
#1659 = VERTEX_POINT ( 'NONE', #5866 ) ;
#1660 = AXIS2_PLACEMENT_3D ( 'NONE', #5111, #6593, #8963 ) ;
#1661 = AXIS2_PLACEMENT_3D ( 'NONE', #7666, #681, #1468 ) ;
#1662 = EDGE_CURVE ( 'NONE', #7848, #8819, #9870, .T. ) ;
#1663 = LINE ( 'NONE', #66, #6852 ) ;
#1664 = VECTOR ( 'NONE', #5940, 1000.000000000000000 ) ;
#1665 = CARTESIAN_POINT ( 'NONE',  ( 0.000000000000000000, -0.3995011666401249162, -6.287320479970238019 ) ) ;
#1666 = DIRECTION ( 'NONE',  ( -1.000000000000000000, 0.000000000000000000, 0.000000000000000000 ) ) ;
#1667 = VERTEX_POINT ( 'NONE', #3602 ) ;
#1668 = ORIENTED_EDGE ( 'NONE', *, *, #5149, .T. ) ;
#1669 = ORIENTED_EDGE ( 'NONE', *, *, #5269, .F. ) ;
#1670 = VECTOR ( 'NONE', #9404, 1000.000000000000000 ) ;
#1671 = DIRECTION ( 'NONE',  ( 0.000000000000000000, -0.000000000000000000, 1.000000000000000000 ) ) ;
#1672 = ITEM_DEFINED_TRANSFORMATION ( 'NONE', 'NONE', #5553,  #6402 ) ;
#1673 = EDGE_LOOP ( 'NONE', ( #6990, #3922, #3115, #7126 ) ) ;
#1674 = DIRECTION ( 'NONE',  ( 0.000000000000000000, -6.982962677686265922E-15, 1.000000000000000000 ) ) ;
#1675 = VERTEX_POINT ( 'NONE', #2779 ) ;
#1676 = CARTESIAN_POINT ( 'NONE',  ( 1.499999999999999556, 3.882234041401042113, -4.069107377274157500 ) ) ;
#1678 = EDGE_CURVE ( 'NONE', #6186, #1265, #9735, .T. ) ;
#1677 = DIRECTION ( 'NONE',  ( -1.000000000000000000, 0.000000000000000000, 0.000000000000000000 ) ) ;
#1679 = ORIENTED_EDGE ( 'NONE', *, *, #8974, .F. ) ;
#1680 = VECTOR ( 'NONE', #199, 1000.000000000000000 ) ;
#1681 = DIRECTION ( 'NONE',  ( -0.000000000000000000, 1.000000000000000000, -0.000000000000000000 ) ) ;
#1683 = CIRCLE ( 'NONE', #5114, 2.399999999999999467 ) ;
#1682 = DIRECTION ( 'NONE',  ( -1.000000000000000000, 0.000000000000000000, -0.000000000000000000 ) ) ;
#1684 = ORIENTED_EDGE ( 'NONE', *, *, #1124, .F. ) ;
#1685 = ORIENTED_EDGE ( 'NONE', *, *, #391, .F. ) ;
#1686 = SURFACE_SIDE_STYLE ('',( #9632 ) ) ;
#1687 = FACE_OUTER_BOUND ( 'NONE', #6331, .T. ) ;
#1688 = ADVANCED_FACE ( 'NONE', ( #6581 ), #7505, .T. ) ;
#1689 = CLOSED_SHELL ( 'NONE', ( #9745, #7298, #2934, #8902, #9211, #4016, #3180, #3699, #1503, #8088, #6919, #6214 ) ) ;
#1690 = VERTEX_POINT ( 'NONE', #5821 ) ;
#1691 = ORIENTED_EDGE ( 'NONE', *, *, #5459, .F. ) ;
#1692 = LINE ( 'NONE', #6302, #360 ) ;
#1693 = DIRECTION ( 'NONE',  ( 0.000000000000000000, 0.000000000000000000, 1.000000000000000000 ) ) ;
#1694 = FACE_OUTER_BOUND ( 'NONE', #2036, .T. ) ;
#1695 = CARTESIAN_POINT ( 'NONE',  ( 1.499999999999999556, 0.000000000000000000, 0.000000000000000000 ) ) ;
#1696 = DIRECTION ( 'NONE',  ( 0.000000000000000000, 1.000000000000000000, -0.000000000000000000 ) ) ;
#1697 = DIRECTION ( 'NONE',  ( 0.000000000000000000, 0.000000000000000000, 1.000000000000000000 ) ) ;
#1698 = ORIENTED_EDGE ( 'NONE', *, *, #6063, .T. ) ;
#1699 = EDGE_CURVE ( 'NONE', #4098, #3165, #5477, .T. ) ;
#1700 = DIRECTION ( 'NONE',  ( 0.000000000000000000, -0.9510565162951500895, -0.3090169943749579984 ) ) ;
#1701 = EDGE_CURVE ( 'NONE', #7050, #8022, #1221, .T. ) ;
#1702 = AXIS2_PLACEMENT_3D ( 'NONE', #9223, #6866, #8509 ) ;
#1703 = ORIENTED_EDGE ( 'NONE', *, *, #3432, .F. ) ;
#1704 = DIRECTION ( 'NONE',  ( -1.000000000000000000, 0.000000000000000000, -0.000000000000000000 ) ) ;
#1705 = LINE ( 'NONE', #8061, #3543 ) ;
#1706 = ADVANCED_FACE ( 'NONE', ( #3400 ), #1257, .T. ) ;
#1707 = LINE ( 'NONE', #165, #7367 ) ;
#1708 = LINE ( 'NONE', #4267, #551 ) ;
#1709 = AXIS2_PLACEMENT_3D ( 'NONE', #4074, #5712, #4224 ) ;
#1710 = AXIS2_PLACEMENT_3D ( 'NONE', #2892, #1563, #635 ) ;
#1711 = VERTEX_POINT ( 'NONE', #1968 ) ;
#1712 = AXIS2_PLACEMENT_3D ( 'NONE', #4172, #7956, #5654 ) ;
#1713 = ORIENTED_EDGE ( 'NONE', *, *, #8177, .T. ) ;
#1714 = LINE ( 'NONE', #2580, #6681 ) ;
#1715 = DIRECTION ( 'NONE',  ( -0.000000000000000000, -0.000000000000000000, 1.000000000000000000 ) ) ;
#1717 = CARTESIAN_POINT ( 'NONE',  ( 15.99999999999999645, -31.00000000000000000, -97.00000000000000000 ) ) ;
#1716 = CARTESIAN_POINT ( 'NONE',  ( 0.000000000000000000, -2.650911967359999899, 4.976089400993421563 ) ) ;
#1718 = VERTEX_POINT ( 'NONE', #5005 ) ;
#1719 = ORIENTED_EDGE ( 'NONE', *, *, #742, .T. ) ;
#1720 = ORIENTED_EDGE ( 'NONE', *, *, #9972, .T. ) ;
#1721 = CARTESIAN_POINT ( 'NONE',  ( 1.499999999999999556, 1.487860405372519290, -0.8045268254124040563 ) ) ;
#1722 = CONTEXT_DEPENDENT_SHAPE_REPRESENTATION ( #1407, #622 ) ;
#1723 = VECTOR ( 'NONE', #1291, 1000.000000000000000 ) ;
#1724 = EDGE_CURVE ( 'NONE', #8702, #6301, #5971, .T. ) ;
#1725 = DIRECTION ( 'NONE',  ( -1.000000000000000000, 0.000000000000000000, 0.000000000000000000 ) ) ;
#1726 = CIRCLE ( 'NONE', #2695, 1.000000000000000222 ) ;
#1727 = ORIENTED_EDGE ( 'NONE', *, *, #8177, .F. ) ;
#1728 = CIRCLE ( 'NONE', #8418, 5.624000000000004107 ) ;
#1729 = CARTESIAN_POINT ( 'NONE',  ( 1.499999999999999556, 0.000000000000000000, 0.000000000000000000 ) ) ;
#1730 = CARTESIAN_POINT ( 'NONE',  ( -2.950000000000001066, 40.00000000000000000, -23.79000000000000625 ) ) ;
#1731 = VERTEX_POINT ( 'NONE', #8903 ) ;
#1732 = AXIS2_PLACEMENT_3D ( 'NONE', #3793, #6917, #10005 ) ;
#1733 = DIRECTION ( 'NONE',  ( 0.000000000000000000, 0.000000000000000000, 1.000000000000000000 ) ) ;
#1734 =( NAMED_UNIT ( * ) PLANE_ANGLE_UNIT ( ) SI_UNIT ( $, .RADIAN. ) );
#1735 = ORIENTED_EDGE ( 'NONE', *, *, #3343, .F. ) ;
#1736 = ORIENTED_EDGE ( 'NONE', *, *, #2622, .F. ) ;
#1737 = CARTESIAN_POINT ( 'NONE',  ( 1.499999999999999556, 0.000000000000000000, 0.000000000000000000 ) ) ;
#1738 = AXIS2_PLACEMENT_3D ( 'NONE', #6013, #2773, #8989 ) ;
#1739 = VERTEX_POINT ( 'NONE', #9815 ) ;
#1740 = ORIENTED_EDGE ( 'NONE', *, *, #7957, .T. ) ;
#1741 = DIRECTION ( 'NONE',  ( 0.000000000000000000, 0.8660254037844362651, 0.5000000000000041078 ) ) ;
#1742 = CYLINDRICAL_SURFACE ( 'NONE', #6994, 2.399999999999999467 ) ;
#1743 = DIRECTION ( 'NONE',  ( -1.000000000000000000, 0.000000000000000000, 0.000000000000000000 ) ) ;
#1744 = CARTESIAN_POINT ( 'NONE',  ( 1.499999999999999556, 0.000000000000000000, 0.000000000000000000 ) ) ;
#1745 = DIRECTION ( 'NONE',  ( -1.000000000000000000, 0.000000000000000000, 0.000000000000000000 ) ) ;
#1746 = ORIENTED_EDGE ( 'NONE', *, *, #8685, .T. ) ;
#1747 = AXIS2_PLACEMENT_3D ( 'NONE', #570, #9862, #2057 ) ;
#1748 = EDGE_CURVE ( 'NONE', #9642, #9538, #2527, .T. ) ;
#1749 = CARTESIAN_POINT ( 'NONE',  ( 1.499999999999999556, -3.210341912621668570, 5.420673833027094268 ) ) ;
#1750 = EDGE_CURVE ( 'NONE', #4675, #392, #3841, .T. ) ;
#1751 = AXIS2_PLACEMENT_3D ( 'NONE', #8108, #8725, #1700 ) ;
#1752 =( LENGTH_UNIT ( ) NAMED_UNIT ( * ) SI_UNIT ( .MILLI., .METRE. ) );
#1753 = EDGE_LOOP ( 'NONE', ( #4357, #9818, #3328, #6560 ) ) ;
#1754 = CARTESIAN_POINT ( 'NONE',  ( 0.000000000000000000, -31.00000000000000000, -0.000000000000000000 ) ) ;
#1755 = CARTESIAN_POINT ( 'NONE',  ( 1.499999999999999556, -0.8515097899678507609, -1.141361939784617752 ) ) ;
#1756 = AXIS2_PLACEMENT_3D ( 'NONE', #1802, #8937, #6468 ) ;
#1757 = ADVANCED_FACE ( 'NONE', ( #1105 ), #5050, .T. ) ;
#1758 = CARTESIAN_POINT ( 'NONE',  ( 1.499999999999999556, -1.440670871519466045, 0.8862614956313857872 ) ) ;
#1759 = DIRECTION ( 'NONE',  ( -0.000000000000000000, -0.000000000000000000, 1.000000000000000000 ) ) ;
#1760 = CIRCLE ( 'NONE', #8960, 5.624000000000003219 ) ;
#1761 = EDGE_CURVE ( 'NONE', #4135, #1106, #3341, .T. ) ;
#1762 = ORIENTED_EDGE ( 'NONE', *, *, #1038, .F. ) ;
#1763 = AXIS2_PLACEMENT_3D ( 'NONE', #4573, #5639, #3225 ) ;
#1764 = EDGE_CURVE ( 'NONE', #5110, #899, #1203, .T. ) ;
#1765 = VERTEX_POINT ( 'NONE', #9759 ) ;
#1766 = DIRECTION ( 'NONE',  ( -1.000000000000000000, 0.000000000000000000, 0.000000000000000000 ) ) ;
#1767 = DIRECTION ( 'NONE',  ( 1.000000000000000000, 0.000000000000000000, 0.000000000000000000 ) ) ;
#1768 = CARTESIAN_POINT ( 'NONE',  ( 0.000000000000000000, -4.069107377274220561, 3.882234041400976832 ) ) ;
#1769 = ORIENTED_EDGE ( 'NONE', *, *, #2318, .F. ) ;
#1770 = SURFACE_STYLE_USAGE ( .BOTH. , #5000 ) ;
#1771 = ORIENTED_EDGE ( 'NONE', *, *, #9279, .T. ) ;
#1772 = DIRECTION ( 'NONE',  ( -0.000000000000000000, -0.000000000000000000, -1.000000000000000000 ) ) ;
#1773 = CIRCLE ( 'NONE', #3401, 0.7200000000000004174 ) ;
#1774 = ORIENTED_EDGE ( 'NONE', *, *, #1134, .F. ) ;
#1775 = AXIS2_PLACEMENT_3D ( 'NONE', #6588, #5875, #9823 ) ;
#1776 = CARTESIAN_POINT ( 'NONE',  ( 1.499999999999999556, 0.8045268254124194884, 1.487860405372510852 ) ) ;
#1777 = ORIENTED_EDGE ( 'NONE', *, *, #9388, .F. ) ;
#1778 = CYLINDRICAL_SURFACE ( 'NONE', #5136, 1.423999999999999488 ) ;
#1779 = DIRECTION ( 'NONE',  ( 0.000000000000000000, 0.000000000000000000, -1.000000000000000000 ) ) ;
#1780 = VERTEX_POINT ( 'NONE', #4489 ) ;
#1781 = AXIS2_PLACEMENT_3D ( 'NONE', #6273, #10026, #9349 ) ;
#1782 = DIRECTION ( 'NONE',  ( -1.000000000000000000, 0.000000000000000000, 0.000000000000000000 ) ) ;
#1783 = ORIENTED_EDGE ( 'NONE', *, *, #1651, .T. ) ;
#1784 = ADVANCED_FACE ( 'NONE', ( #7659 ), #1306, .T. ) ;
#1785 = EDGE_LOOP ( 'NONE', ( #9810, #6489 ) ) ;
#1786 = CARTESIAN_POINT ( 'NONE',  ( 0.000000000000000000, 19.99999999999999645, 0.000000000000000000 ) ) ;
#1787 = FACE_OUTER_BOUND ( 'NONE', #5008, .T. ) ;
#1788 = PRESENTATION_LAYER_ASSIGNMENT (  '', '', ( #6863 ) ) ;
#1789 = AXIS2_PLACEMENT_3D ( 'NONE', #7088, #9601, #7241 ) ;
#1790 = ORIENTED_EDGE ( 'NONE', *, *, #4202, .T. ) ;
#1791 = ORIENTED_EDGE ( 'NONE', *, *, #3317, .T. ) ;
#1792 = DIRECTION ( 'NONE',  ( -0.000000000000000000, 1.000000000000000000, -0.000000000000000000 ) ) ;
#1793 = CARTESIAN_POINT ( 'NONE',  ( 0.000000000000000000, -0.9834709102464335162, -5.551719098988219692 ) ) ;
#1794 = CYLINDRICAL_SURFACE ( 'NONE', #1241, 2.399999999999999467 ) ;
#1795 = CYLINDRICAL_SURFACE ( 'NONE', #5550, 5.624000000000004107 ) ;
#1796 = DIRECTION ( 'NONE',  ( -1.000000000000000000, 0.000000000000000000, -0.000000000000000000 ) ) ;
#1797 = CIRCLE ( 'NONE', #8846, 2.399999999999999467 ) ;
#1798 = ORIENTED_EDGE ( 'NONE', *, *, #2389, .T. ) ;
#1799 = CARTESIAN_POINT ( 'NONE',  ( 0.000000000000000000, 0.000000000000000000, 0.000000000000000000 ) ) ;
#1800 = ORIENTED_EDGE ( 'NONE', *, *, #4591, .F. ) ;
#1801 = CARTESIAN_POINT ( 'NONE',  ( 0.000000000000000000, 0.000000000000000000, 0.000000000000000000 ) ) ;
#1802 = CARTESIAN_POINT ( 'NONE',  ( 1.499999999999999556, 0.7802391318066611570, 5.583907850472564327 ) ) ;
#1803 = FACE_OUTER_BOUND ( 'NONE', #9013, .T. ) ;
#1804 = CARTESIAN_POINT ( 'NONE',  ( -5.415642272996979756, 4.549999999999999822, 1.000000000000000000 ) ) ;
#1805 = EDGE_CURVE ( 'NONE', #3490, #9642, #928, .T. ) ;
#1806 = VECTOR ( 'NONE', #59, 1000.000000000000000 ) ;
#1807 = VERTEX_POINT ( 'NONE', #8321 ) ;
#1808 = PRODUCT_DEFINITION_CONTEXT ( 'detailed design', #874, 'design' ) ;
#1809 = EDGE_CURVE ( 'NONE', #8869, #7664, #5344, .T. ) ;
#1810 = AXIS2_PLACEMENT_3D ( 'NONE', #9441, #7995, #8052 ) ;
#1811 = ORIENTED_EDGE ( 'NONE', *, *, #4897, .F. ) ;
#1812 = DIRECTION ( 'NONE',  ( -1.000000000000000000, 0.000000000000000000, 0.000000000000000000 ) ) ;
#1814 = CYLINDRICAL_SURFACE ( 'NONE', #3961, 0.7200000000000004174 ) ;
#1813 = CARTESIAN_POINT ( 'NONE',  ( -24.99999999999999645, 19.99999999999999645, -24.99999999999999289 ) ) ;
#1815 = ORIENTED_EDGE ( 'NONE', *, *, #5284, .F. ) ;
#1816 = AXIS2_PLACEMENT_3D ( 'NONE', #2029, #2133, #5063 ) ;
#1817 = APPLICATION_PROTOCOL_DEFINITION ( 'draft international standard', 'automotive_design', 1998, #1022 ) ;
#1818 = ADVANCED_FACE ( 'NONE', ( #5541 ), #4436, .T. ) ;
#1819 = ORIENTED_EDGE ( 'NONE', *, *, #6007, .T. ) ;
#1820 = EDGE_CURVE ( 'NONE', #2395, #4098, #8952, .T. ) ;
#1821 = UNCERTAINTY_MEASURE_WITH_UNIT (LENGTH_MEASURE( 1.000000000000000082E-05 ), #9655, 'distance_accuracy_value', 'NONE');
#1822 = AXIS2_PLACEMENT_3D ( 'NONE', #2243, #7733, #2902 ) ;
#1823 = DIRECTION ( 'NONE',  ( 1.000000000000000000, -0.000000000000000000, 0.000000000000000000 ) ) ;
#1824 = ADVANCED_FACE ( 'NONE', ( #9142 ), #526, .T. ) ;
#1825 = VERTEX_POINT ( 'NONE', #6933 ) ;
#1826 = AXIS2_PLACEMENT_3D ( 'NONE', #5839, #9637, #1172 ) ;
#1827 = CIRCLE ( 'NONE', #2794, 0.7200000000000004174 ) ;
#1828 = DIRECTION ( 'NONE',  ( 0.000000000000000000, 0.000000000000000000, 1.000000000000000000 ) ) ;
#1829 = ORIENTED_EDGE ( 'NONE', *, *, #9326, .F. ) ;
#1830 = CARTESIAN_POINT ( 'NONE',  ( -2.950000000000001066, 31.00000000000000000, -23.79000000000000625 ) ) ;
#1831 = DIRECTION ( 'NONE',  ( 0.000000000000000000, 0.000000000000000000, 1.000000000000000000 ) ) ;
#1832 = ORIENTED_EDGE ( 'NONE', *, *, #1965, .T. ) ;
#1833 = EDGE_CURVE ( 'NONE', #5014, #9339, #7479, .T. ) ;
#1834 = CYLINDRICAL_SURFACE ( 'NONE', #7198, 1.000000000000000000 ) ;
#1835 = SURFACE_STYLE_FILL_AREA ( #1163 ) ;
#1836 = VECTOR ( 'NONE', #7964, 1000.000000000000000 ) ;
#1837 = AXIS2_PLACEMENT_3D ( 'NONE', #9367, #738, #850 ) ;
#1838 = VERTEX_POINT ( 'NONE', #1408 ) ;
#1839 = ORIENTED_EDGE ( 'NONE', *, *, #682, .T. ) ;
#1840 = DIRECTION ( 'NONE',  ( 0.000000000000000000, 0.000000000000000000, 1.000000000000000000 ) ) ;
#1841 = VERTEX_POINT ( 'NONE', #54 ) ;
#1842 = CARTESIAN_POINT ( 'NONE',  ( 1.499999999999999556, -0.4902404781355327867, 2.041975581048276034 ) ) ;
#1843 = MECHANICAL_DESIGN_GEOMETRIC_PRESENTATION_REPRESENTATION (  '', ( #6258 ), #8387 ) ;
#1844 = VECTOR ( 'NONE', #7888, 1000.000000000000000 ) ;
#1845 = VERTEX_POINT ( 'NONE', #3762 ) ;
#1846 = VECTOR ( 'NONE', #5033, 1000.000000000000000 ) ;
#1847 = AXIS2_PLACEMENT_3D ( 'NONE', #3926, #2182, #6181 ) ;
#1848 = ADVANCED_FACE ( 'NONE', ( #3657 ), #7900, .T. ) ;
#1849 = DIRECTION ( 'NONE',  ( 0.000000000000000000, 1.000000000000000000, 0.000000000000000000 ) ) ;
#1850 = CARTESIAN_POINT ( 'NONE',  ( 17.54825565829598588, 23.99999999999999645, 20.14180375945003121 ) ) ;
#1851 = FACE_OUTER_BOUND ( 'NONE', #168, .T. ) ;
#1852 = DIRECTION ( 'NONE',  ( 0.000000000000000000, 0.000000000000000000, -1.000000000000000000 ) ) ;
#1853 = ORIENTED_EDGE ( 'NONE', *, *, #6267, .F. ) ;
#1854 = EDGE_CURVE ( 'NONE', #8501, #7848, #6008, .T. ) ;
#1855 = CARTESIAN_POINT ( 'NONE',  ( 1.499999999999999556, 1.378136260165366389, -6.147417380365303607 ) ) ;
#1856 = PRESENTATION_STYLE_ASSIGNMENT (( #4362 ) ) ;
#1857 = VERTEX_POINT ( 'NONE', #9446 ) ;
#1858 = EDGE_CURVE ( 'NONE', #6359, #2282, #6783, .T. ) ;
#1859 = CARTESIAN_POINT ( 'NONE',  ( 1.499999999999999556, 4.500131487637591299, -3.396706725542285366 ) ) ;
#1860 = CARTESIAN_POINT ( 'NONE',  ( 1.500000000000001332, 1.224646799147353207E-16, -1.000000000000000000 ) ) ;
#1861 = DIRECTION ( 'NONE',  ( 0.000000000000000000, 0.000000000000000000, 1.000000000000000000 ) ) ;
#1862 =( NAMED_UNIT ( * ) SI_UNIT ( $, .STERADIAN. ) SOLID_ANGLE_UNIT ( ) );
#1863 = VERTEX_POINT ( 'NONE', #6888 ) ;
#1864 = EDGE_CURVE ( 'NONE', #8221, #2991, #8797, .T. ) ;
#1865 = EDGE_LOOP ( 'NONE', ( #8714, #1104, #9042, #8708 ) ) ;
#1866 = DIRECTION ( 'NONE',  ( -1.000000000000000000, -0.000000000000000000, 0.000000000000000000 ) ) ;
#1868 = SURFACE_STYLE_USAGE ( .BOTH. , #1391 ) ;
#1867 = CARTESIAN_POINT ( 'NONE',  ( 1.499999999999999556, 0.4902404781355471641, -2.041975581048272481 ) ) ;
#1869 = ORIENTED_EDGE ( 'NONE', *, *, #1008, .F. ) ;
#1870 =( LENGTH_UNIT ( ) NAMED_UNIT ( * ) SI_UNIT ( .MILLI., .METRE. ) );
#1871 = CIRCLE ( 'NONE', #9071, 6.300000000000000711 ) ;
#1872 = ORIENTED_EDGE ( 'NONE', *, *, #6951, .T. ) ;
#1873 = CARTESIAN_POINT ( 'NONE',  ( 0.000000000000000000, -5.637216970057037813, 0.1028825440610547787 ) ) ;
#1874 = CIRCLE ( 'NONE', #10061, 6.300000000000000711 ) ;
#1875 = ADVANCED_FACE ( 'NONE', ( #2171 ), #4780, .T. ) ;
#1876 = ORIENTED_EDGE ( 'NONE', *, *, #436, .F. ) ;
#1877 = AXIS2_PLACEMENT_3D ( 'NONE', #6229, #731, #9260 ) ;
#1878 = DIRECTION ( 'NONE',  ( 0.000000000000000000, 0.000000000000000000, 1.000000000000000000 ) ) ;
#1879 = VERTEX_POINT ( 'NONE', #7609 ) ;
#1880 = AXIS2_PLACEMENT_3D ( 'NONE', #5513, #7814, #7970 ) ;
#1881 = DIRECTION ( 'NONE',  ( 0.000000000000000000, 0.5000000000000007772, -0.8660254037844381525 ) ) ;
#1882 = ORIENTED_EDGE ( 'NONE', *, *, #8480, .F. ) ;
#1883 = ADVANCED_FACE ( 'NONE', ( #4007 ), #105, .T. ) ;
#1884 = LINE ( 'NONE', #4194, #8505 ) ;
#1885 = DIRECTION ( 'NONE',  ( 0.9788576785335325603, -0.2045425265707435658, 1.402230945930408078E-16 ) ) ;
#1886 = AXIS2_PLACEMENT_3D ( 'NONE', #5505, #7040, #4795 ) ;
#1887 = ORIENTED_EDGE ( 'NONE', *, *, #8680, .F. ) ;
#1888 = EDGE_CURVE ( 'NONE', #492, #136, #6821, .T. ) ;
#1889 = ORIENTED_EDGE ( 'NONE', *, *, #8323, .F. ) ;
#1890 = PLANE ( 'NONE',  #6606 ) ;
#1891 = ORIENTED_EDGE ( 'NONE', *, *, #4503, .F. ) ;
#1892 = DIRECTION ( 'NONE',  ( 0.000000000000000000, 0.8660254037844362651, 0.5000000000000038858 ) ) ;
#1893 = EDGE_CURVE ( 'NONE', #4192, #4798, #2400, .T. ) ;
#1894 = EDGE_LOOP ( 'NONE', ( #8620, #4454, #6309, #4757 ) ) ;
#1895 = DIRECTION ( 'NONE',  ( 0.000000000000000000, -0.9876883405951392136, 0.1564344650402205716 ) ) ;
#1896 = DIRECTION ( 'NONE',  ( -1.000000000000000000, -0.000000000000000000, -0.000000000000000000 ) ) ;
#1897 = CARTESIAN_POINT ( 'NONE',  ( 1.499999999999999556, 0.000000000000000000, 0.000000000000000000 ) ) ;
#1898 = CARTESIAN_POINT ( 'NONE',  ( 0.000000000000000000, 4.018797487647522537, -4.851728223352782088 ) ) ;
#1899 = CYLINDRICAL_SURFACE ( 'NONE', #2623, 1.000000000000000222 ) ;
#1900 = VERTEX_POINT ( 'NONE', #1855 ) ;
#1901 = DIRECTION ( 'NONE',  ( 0.000000000000000000, 0.000000000000000000, 1.000000000000000000 ) ) ;
#1902 = CARTESIAN_POINT ( 'NONE',  ( 1.499999999999999556, -5.532554621990625421, 1.010057104667956951 ) ) ;
#1903 = EDGE_LOOP ( 'NONE', ( #191, #8732, #497, #5455 ) ) ;
#1904 = CARTESIAN_POINT ( 'NONE',  ( 0.000000000000000000, -1.863103848212767755, -5.306431951017069437 ) ) ;
#1905 = DIRECTION ( 'NONE',  ( 0.000000000000000000, 0.000000000000000000, -1.000000000000000000 ) ) ;
#1906 = DIRECTION ( 'NONE',  ( -1.000000000000000000, 0.000000000000000000, 0.000000000000000000 ) ) ;
#1907 = CIRCLE ( 'NONE', #4532, 1.000000000000000000 ) ;
#1908 = ORIENTED_EDGE ( 'NONE', *, *, #3750, .T. ) ;
#1909 = AXIS2_PLACEMENT_3D ( 'NONE', #2705, #5947, #2043 ) ;
#1910 = EDGE_CURVE ( 'NONE', #7235, #130, #5031, .T. ) ;
#1911 = VECTOR ( 'NONE', #8271, 1000.000000000000000 ) ;
#1912 = EDGE_LOOP ( 'NONE', ( #3010, #9563, #9416, #9744 ) ) ;
#1913 = LINE ( 'NONE', #2825, #7012 ) ;
#1915 = FILL_AREA_STYLE ('',( #5815 ) ) ;
#1914 = CARTESIAN_POINT ( 'NONE',  ( 1.499999999999999556, 1.839842958668786332, 5.329519478602963822 ) ) ;
#1916 = CIRCLE ( 'NONE', #4051, 0.7200000000000004174 ) ;
#1917 = ORIENTED_EDGE ( 'NONE', *, *, #9471, .F. ) ;
#1918 = AXIS2_PLACEMENT_3D ( 'NONE', #6815, #558, #1143 ) ;
#1919 = ORIENTED_EDGE ( 'NONE', *, *, #5472, .T. ) ;
#1920 = DIRECTION ( 'NONE',  ( -1.000000000000000000, -0.000000000000000000, -0.000000000000000000 ) ) ;
#1921 = PRESENTATION_STYLE_ASSIGNMENT (( #1309 ) ) ;
#1922 = ORIENTED_EDGE ( 'NONE', *, *, #4260, .T. ) ;
#1923 = CARTESIAN_POINT ( 'NONE',  ( -24.99999999999999645, 19.99999999999999645, 25.00000000000000000 ) ) ;
#1924 = ORIENTED_EDGE ( 'NONE', *, *, #562, .F. ) ;
#1925 = DIRECTION ( 'NONE',  ( 0.000000000000000000, 0.000000000000000000, 1.000000000000000000 ) ) ;
#1926 = EDGE_CURVE ( 'NONE', #5529, #4966, #9278, .T. ) ;
#1927 = EDGE_CURVE ( 'NONE', #2417, #4981, #6166, .T. ) ;
#1928 = ORIENTED_EDGE ( 'NONE', *, *, #1997, .T. ) ;
#1929 = DIRECTION ( 'NONE',  ( 0.000000000000000000, 0.4539904997395413089, 0.8910065241883706744 ) ) ;
#1930 = ORIENTED_EDGE ( 'NONE', *, *, #6845, .F. ) ;
#1931 = DIRECTION ( 'NONE',  ( 0.000000000000000000, 0.1564344650402242909, 0.9876883405951388806 ) ) ;
#1932 = VERTEX_POINT ( 'NONE', #4931 ) ;
#1933 = CARTESIAN_POINT ( 'NONE',  ( 1.499999999999999556, 0.000000000000000000, 0.000000000000000000 ) ) ;
#1934 = EDGE_CURVE ( 'NONE', #86, #5511, #7288, .T. ) ;
#1935 = CARTESIAN_POINT ( 'NONE',  ( 11.99999999999999645, 40.00000000000000000, 12.00000000000000178 ) ) ;
#1936 = CARTESIAN_POINT ( 'NONE',  ( 1.499999999999999556, -5.069504796178989636, 2.467573931392889719 ) ) ;
#1937 = LINE ( 'NONE', #5072, #7193 ) ;
#1938 = FACE_BOUND ( 'NONE', #2221, .T. ) ;
#1939 = CIRCLE ( 'NONE', #3901, 2.399999999999999911 ) ;
#1940 = VERTEX_POINT ( 'NONE', #9549 ) ;
#1941 = ADVANCED_FACE ( 'NONE', ( #8776 ), #3330, .T. ) ;
#1942 = STYLED_ITEM ( 'NONE', ( #835 ), #2932 ) ;
#1943 = DIRECTION ( 'NONE',  ( 0.000000000000000000, 0.7071067811865437980, 0.7071067811865512365 ) ) ;
#1944 = VECTOR ( 'NONE', #4180, 1000.000000000000000 ) ;
#1945 = PLANE ( 'NONE',  #4214 ) ;
#1946 = EDGE_CURVE ( 'NONE', #334, #4675, #1582, .T. ) ;
#1947 = COLOUR_RGB ( '',1.000000000000000000, 0.5019607843137254832, 0.5019607843137254832 ) ;
#1948 = DIRECTION ( 'NONE',  ( -0.8866699832310300788, 0.4624027906891191586, -1.145435598588684537E-16 ) ) ;
#1949 = DIRECTION ( 'NONE',  ( -1.000000000000000000, 0.000000000000000000, -0.000000000000000000 ) ) ;
#1950 = EDGE_LOOP ( 'NONE', ( #3660, #2122, #4030, #103 ) ) ;
#1951 = PRODUCT_DEFINITION_FORMATION_WITH_SPECIFIED_SOURCE ( 'ANY', '', #1036, .NOT_KNOWN. ) ;
#1952 = CYLINDRICAL_SURFACE ( 'NONE', #6915, 1.000000000000000888 ) ;
#1953 = LINE ( 'NONE', #1290, #9119 ) ;
#1954 = DIRECTION ( 'NONE',  ( 0.000000000000000000, 0.000000000000000000, 1.000000000000000000 ) ) ;
#1955 = AXIS2_PLACEMENT_3D ( 'NONE', #2215, #712, #3853 ) ;
#1956 = CARTESIAN_POINT ( 'NONE',  ( 1.499999999999999556, 0.8862614956313908943, 1.440670871519462715 ) ) ;
#1957 = CIRCLE ( 'NONE', #7358, 6.299999999999999822 ) ;
#1958 = ORIENTED_EDGE ( 'NONE', *, *, #2089, .T. ) ;
#1959 = ADVANCED_FACE ( 'NONE', ( #7237 ), #299, .T. ) ;
#1960 = ORIENTED_EDGE ( 'NONE', *, *, #5831, .F. ) ;
#1961 = DIRECTION ( 'NONE',  ( 0.000000000000000000, 0.9510565162951544194, -0.3090169943749448422 ) ) ;
#1962 = CYLINDRICAL_SURFACE ( 'NONE', #5173, 1.423999999999999488 ) ;
#1963 = DIRECTION ( 'NONE',  ( -1.000000000000000000, 0.000000000000000000, -0.000000000000000000 ) ) ;
#1964 = VECTOR ( 'NONE', #2472, 1000.000000000000000 ) ;
#1965 = EDGE_CURVE ( 'NONE', #3150, #2830, #9447, .T. ) ;
#1966 = ORIENTED_EDGE ( 'NONE', *, *, #6207, .F. ) ;
#1967 = ORIENTED_EDGE ( 'NONE', *, *, #6010, .T. ) ;
#1968 = CARTESIAN_POINT ( 'NONE',  ( 0.000000000000000000, -3.411694707735870136, 4.470985933908436571 ) ) ;
#1969 = EDGE_CURVE ( 'NONE', #5358, #641, #4259, .T. ) ;
#1970 = AXIS2_PLACEMENT_3D ( 'NONE', #1176, #4257, #3527 ) ;
#1971 = DIRECTION ( 'NONE',  ( -1.000000000000000000, 0.000000000000000000, -0.000000000000000000 ) ) ;
#1972 = ORIENTED_EDGE ( 'NONE', *, *, #7818, .F. ) ;
#1973 = VERTEX_POINT ( 'NONE', #8880 ) ;
#1975 = CARTESIAN_POINT ( 'NONE',  ( 1.499999999999999556, -4.851728223352850478, 4.018797487647440825 ) ) ;
#1974 = CYLINDRICAL_SURFACE ( 'NONE', #3886, 2.399999999999999911 ) ;
#1976 = ORIENTED_EDGE ( 'NONE', *, *, #8763, .T. ) ;
#1977 = CARTESIAN_POINT ( 'NONE',  ( 1.499999999999999556, -5.856144462747209900, -2.322837065193162687 ) ) ;
#1978 = CIRCLE ( 'NONE', #7048, 2.100000000000000089 ) ;
#1979 = ORIENTED_EDGE ( 'NONE', *, *, #4176, .T. ) ;
#1980 = LINE ( 'NONE', #5109, #2362 ) ;
#1981 = VECTOR ( 'NONE', #9120, 1000.000000000000000 ) ;
#1982 = VERTEX_POINT ( 'NONE', #8930 ) ;
#1983 = CARTESIAN_POINT ( 'NONE',  ( 1.499999999999999556, 1.690788321043817044, -0.04718953385304835296 ) ) ;
#1984 = EDGE_CURVE ( 'NONE', #4285, #7701, #6812, .T. ) ;
#1985 = VERTEX_POINT ( 'NONE', #1749 ) ;
#1986 = CARTESIAN_POINT ( 'NONE',  ( 0.000000000000000000, -5.306431951017064108, 1.863103848212783964 ) ) ;
#1987 = FACE_OUTER_BOUND ( 'NONE', #7305, .T. ) ;
#1988 = EDGE_LOOP ( 'NONE', ( #3416, #3544, #4552, #4352 ) ) ;
#1989 = DIRECTION ( 'NONE',  ( -1.000000000000000000, -0.000000000000000000, -0.000000000000000000 ) ) ;
#1990 = AXIS2_PLACEMENT_3D ( 'NONE', #2290, #1476, #1375 ) ;
#1991 = DIRECTION ( 'NONE',  ( -1.000000000000000000, -0.000000000000000000, -0.000000000000000000 ) ) ;
#1992 = DIRECTION ( 'NONE',  ( 0.000000000000000000, -0.1564344650402169912, -0.9876883405951399908 ) ) ;
#1993 = VERTEX_POINT ( 'NONE', #1902 ) ;
#1994 =( LENGTH_UNIT ( ) NAMED_UNIT ( * ) SI_UNIT ( .MILLI., .METRE. ) );
#1995 =( GEOMETRIC_REPRESENTATION_CONTEXT ( 3 ) GLOBAL_UNCERTAINTY_ASSIGNED_CONTEXT ( ( #3552 ) ) GLOBAL_UNIT_ASSIGNED_CONTEXT ( ( #4644, #2987, #9201 ) ) REPRESENTATION_CONTEXT ( 'NONE', 'WORKASPACE' ) );
#1996 = CYLINDRICAL_SURFACE ( 'NONE', #936, 1.423999999999999488 ) ;
#1997 = EDGE_CURVE ( 'NONE', #9436, #8941, #9761, .T. ) ;
#1998 = AXIS2_PLACEMENT_3D ( 'NONE', #3704, #9136, #4965 ) ;
#1999 = DIRECTION ( 'NONE',  ( 0.000000000000000000, 0.000000000000000000, 1.000000000000000000 ) ) ;
#2000 = ORIENTED_EDGE ( 'NONE', *, *, #3404, .T. ) ;
#2001 = FACE_OUTER_BOUND ( 'NONE', #3402, .T. ) ;
#2002 = CARTESIAN_POINT ( 'NONE',  ( 0.000000000000000000, -5.388098593335861608, 1.611759767611837812 ) ) ;
#2003 = DIRECTION ( 'NONE',  ( -1.000000000000000000, -0.000000000000000000, 0.000000000000000000 ) ) ;
#2004 = DIRECTION ( 'NONE',  ( 0.000000000000000000, 0.000000000000000000, 1.000000000000000000 ) ) ;
#2005 = FILL_AREA_STYLE ('',( #9957 ) ) ;
#2006 = AXIS2_PLACEMENT_3D ( 'NONE', #7839, #4924, #5687 ) ;
#2007 = EDGE_CURVE ( 'NONE', #1277, #1611, #4696, .T. ) ;
#2008 = AXIS2_PLACEMENT_3D ( 'NONE', #693, #6238, #3730 ) ;
#2009 = ORIENTED_EDGE ( 'NONE', *, *, #4137, .F. ) ;
#2010 = EDGE_CURVE ( 'NONE', #8022, #7050, #8129, .T. ) ;
#2011 = EDGE_CURVE ( 'NONE', #8425, #5330, #2566, .T. ) ;
#2012 = ORIENTED_EDGE ( 'NONE', *, *, #3851, .T. ) ;
#2013 = FACE_OUTER_BOUND ( 'NONE', #5720, .T. ) ;
#2014 = LINE ( 'NONE', #5140, #1911 ) ;
#2015 = DIRECTION ( 'NONE',  ( 0.000000000000000000, 0.000000000000000000, 1.000000000000000000 ) ) ;
#2016 = ORIENTED_EDGE ( 'NONE', *, *, #5449, .F. ) ;
#2017 = ORIENTED_EDGE ( 'NONE', *, *, #8363, .F. ) ;
#2018 = DIRECTION ( 'NONE',  ( -1.000000000000000000, 0.000000000000000000, 0.000000000000000000 ) ) ;
#2019 = DIRECTION ( 'NONE',  ( 0.000000000000000000, 0.5000000000000009992, -0.8660254037844380415 ) ) ;
#2020 = VERTEX_POINT ( 'NONE', #5646 ) ;
#2022 =( NAMED_UNIT ( * ) PLANE_ANGLE_UNIT ( ) SI_UNIT ( $, .RADIAN. ) );
#2021 = FACE_OUTER_BOUND ( 'NONE', #9836, .T. ) ;
#2023 = ORIENTED_EDGE ( 'NONE', *, *, #1534, .T. ) ;
#2024 = DIRECTION ( 'NONE',  ( -1.000000000000000000, 0.000000000000000000, 0.000000000000000000 ) ) ;
#2025 = ORIENTED_EDGE ( 'NONE', *, *, #5517, .T. ) ;
#2026 = AXIS2_PLACEMENT_3D ( 'NONE', #8803, #4749, #7105 ) ;
#2027 = CARTESIAN_POINT ( 'NONE',  ( 0.000000000000000000, -3.396706725542362193, 4.500131487637537120 ) ) ;
#2028 = ORIENTED_EDGE ( 'NONE', *, *, #6946, .T. ) ;
#2029 = CARTESIAN_POINT ( 'NONE',  ( 0.000000000000000000, 0.000000000000000000, 0.000000000000000000 ) ) ;
#2030 = EDGE_CURVE ( 'NONE', #6343, #8838, #7319, .T. ) ;
#2031 = AXIS2_PLACEMENT_3D ( 'NONE', #4282, #273, #9669 ) ;
#2032 =( GEOMETRIC_REPRESENTATION_CONTEXT ( 3 ) GLOBAL_UNCERTAINTY_ASSIGNED_CONTEXT ( ( #9814 ) ) GLOBAL_UNIT_ASSIGNED_CONTEXT ( ( #4627, #2209, #10012 ) ) REPRESENTATION_CONTEXT ( 'NONE', 'WORKASPACE' ) );
#2033 = ORIENTED_EDGE ( 'NONE', *, *, #449, .T. ) ;
#2034 = CARTESIAN_POINT ( 'NONE',  ( 0.000000000000000000, -2.670274791727427655, -4.949647314371508955 ) ) ;
#2035 = CARTESIAN_POINT ( 'NONE',  ( 1.499999999999999556, 0.000000000000000000, 0.000000000000000000 ) ) ;
#2036 = EDGE_LOOP ( 'NONE', ( #6589, #6546, #6926, #9515 ) ) ;
#2037 = DIRECTION ( 'NONE',  ( 0.000000000000000000, 0.000000000000000000, -1.000000000000000000 ) ) ;
#2038 = SURFACE_SIDE_STYLE ('',( #2854 ) ) ;
#2039 = LINE ( 'NONE', #8297, #8364 ) ;
#2040 = ORIENTED_EDGE ( 'NONE', *, *, #3672, .F. ) ;
#2041 = DIRECTION ( 'NONE',  ( -1.000000000000000000, -0.000000000000000000, 0.000000000000000000 ) ) ;
#2042 = CIRCLE ( 'NONE', #4674, 2.399999999999999911 ) ;
#2043 = DIRECTION ( 'NONE',  ( 0.000000000000000000, 0.000000000000000000, -1.000000000000000000 ) ) ;
#2044 = CARTESIAN_POINT ( 'NONE',  ( 4.401759813564635415, 1.197267681995135336, 15.41913962260836968 ) ) ;
#2045 = DIRECTION ( 'NONE',  ( 0.000000000000000000, 0.000000000000000000, 1.000000000000000000 ) ) ;
#2046 = ORIENTED_EDGE ( 'NONE', *, *, #5896, .F. ) ;
#2047 = FACE_OUTER_BOUND ( 'NONE', #1894, .T. ) ;
#2048 = DIRECTION ( 'NONE',  ( -1.000000000000000000, 0.000000000000000000, -0.000000000000000000 ) ) ;
#2049 = DIRECTION ( 'NONE',  ( 1.000000000000000000, 0.000000000000000000, 0.000000000000000000 ) ) ;
#2050 = CARTESIAN_POINT ( 'NONE',  ( 0.06137469101172798175, 0.000000000000000000, -0.9981147966557830653 ) ) ;
#2051 = CARTESIAN_POINT ( 'NONE',  ( 9.593511828441991796, 23.99999999999999645, 19.14180375945003121 ) ) ;
#2052 = CIRCLE ( 'NONE', #7297, 6.300000000000000711 ) ;
#2053 = ADVANCED_FACE ( 'NONE', ( #4114 ), #205, .T. ) ;
#2054 = ADVANCED_FACE ( 'NONE', ( #5228, #1283, #7537, #1334 ), #1945, .T. ) ;
#2055 = ORIENTED_EDGE ( 'NONE', *, *, #4463, .T. ) ;
#2056 = CARTESIAN_POINT ( 'NONE',  ( 0.000000000000000000, -1.611759767611888883, 5.388098593335845621 ) ) ;
#2057 = DIRECTION ( 'NONE',  ( 0.000000000000000000, 0.000000000000000000, 1.000000000000000000 ) ) ;
#2058 = AXIS2_PLACEMENT_3D ( 'NONE', #4701, #6905, #9264 ) ;
#2059 = CIRCLE ( 'NONE', #9932, 2.399999999999999467 ) ;
#2060 = CARTESIAN_POINT ( 'NONE',  ( 1.499999999999999556, 5.573896935634613747, 0.7490320092780556882 ) ) ;
#2061 = DIRECTION ( 'NONE',  ( 1.000000000000000000, -0.000000000000000000, -0.000000000000000000 ) ) ;
#2062 = EDGE_CURVE ( 'NONE', #1623, #7107, #500, .T. ) ;
#2063 = ORIENTED_EDGE ( 'NONE', *, *, #4828, .F. ) ;
#2064 = ORIENTED_EDGE ( 'NONE', *, *, #4137, .T. ) ;
#2065 = EDGE_CURVE ( 'NONE', #8139, #5551, #7634, .T. ) ;
#2067 = DIRECTION ( 'NONE',  ( 0.000000000000000000, 0.000000000000000000, 1.000000000000000000 ) ) ;
#2066 = AXIS2_PLACEMENT_3D ( 'NONE', #1596, #1654, #9391 ) ;
#2068 = ADVANCED_FACE ( 'NONE', ( #9790 ), #2092, .T. ) ;
#2069 = AXIS2_PLACEMENT_3D ( 'NONE', #670, #3711, #2119 ) ;
#2070 = DIRECTION ( 'NONE',  ( 0.000000000000000000, -0.5000000000000072164, 0.8660254037844344888 ) ) ;
#2071 = ORIENTED_EDGE ( 'NONE', *, *, #5269, .T. ) ;
#2073 = CARTESIAN_POINT ( 'NONE',  ( 1.499999999999999556, 1.863103848212803948, 5.306431951017057891 ) ) ;
#2072 = CARTESIAN_POINT ( 'NONE',  ( 0.000000000000000000, 0.000000000000000000, 0.000000000000000000 ) ) ;
#2074 = EDGE_LOOP ( 'NONE', ( #4251, #8037, #4080, #1583 ) ) ;
#2075 = CARTESIAN_POINT ( 'NONE',  ( -7.500000000000000000, -7.500000000000000000, 0.000000000000000000 ) ) ;
#2076 =( NAMED_UNIT ( * ) PLANE_ANGLE_UNIT ( ) SI_UNIT ( $, .RADIAN. ) );
#2077 = VERTEX_POINT ( 'NONE', #9845 ) ;
#2078 = DIRECTION ( 'NONE',  ( 0.000000000000000000, -1.000000000000000000, -1.047444401652940007E-14 ) ) ;
#2079 = VERTEX_POINT ( 'NONE', #4516 ) ;
#2080 = DIRECTION ( 'NONE',  ( -1.000000000000000000, 0.000000000000000000, 0.000000000000000000 ) ) ;
#2081 = AXIS2_PLACEMENT_3D ( 'NONE', #7941, #5536, #920 ) ;
#2082 = VERTEX_POINT ( 'NONE', #8302 ) ;
#2083 = DIRECTION ( 'NONE',  ( -1.000000000000000000, 0.000000000000000000, 0.000000000000000000 ) ) ;
#2084 = LINE ( 'NONE', #2138, #5591 ) ;
#2085 = ORIENTED_EDGE ( 'NONE', *, *, #6946, .F. ) ;
#2086 = CARTESIAN_POINT ( 'NONE',  ( -10.00000000000000000, 0.000000000000000000, 0.000000000000000000 ) ) ;
#2087 = FACE_OUTER_BOUND ( 'NONE', #646, .T. ) ;
#2088 = DIRECTION ( 'NONE',  ( 0.000000000000000000, 0.000000000000000000, 1.000000000000000000 ) ) ;
#2089 = EDGE_CURVE ( 'NONE', #6749, #2733, #6327, .T. ) ;
#2090 = ORIENTED_EDGE ( 'NONE', *, *, #8376, .F. ) ;
#2091 = FILL_AREA_STYLE_COLOUR ( '', #377 ) ;
#2092 = CYLINDRICAL_SURFACE ( 'NONE', #7155, 6.299999999999999822 ) ;
#2093 = CIRCLE ( 'NONE', #3900, 6.299999999999999822 ) ;
#2094 = PRODUCT_CONTEXT ( 'NONE', #4029, 'mechanical' ) ;
#2095 = LINE ( 'NONE', #5126, #5657 ) ;
#2096 = ORIENTED_EDGE ( 'NONE', *, *, #1494, .T. ) ;
#2097 = FACE_OUTER_BOUND ( 'NONE', #6944, .T. ) ;
#2098 = CARTESIAN_POINT ( 'NONE',  ( 0.000000000000000000, -5.532554621990612098, -1.010057104668026229 ) ) ;
#2099 = FACE_OUTER_BOUND ( 'NONE', #2349, .T. ) ;
#2100 = DIRECTION ( 'NONE',  ( 1.000000000000000000, 0.000000000000000000, 0.000000000000000000 ) ) ;
#2101 = DIRECTION ( 'NONE',  ( 0.000000000000000000, 0.000000000000000000, 1.000000000000000000 ) ) ;
#2102 = PRODUCT_DEFINITION_SHAPE ( 'NONE', 'NONE',  #6750 ) ;
#2103 = PLANE ( 'NONE',  #8252 ) ;
#2104 = AXIS2_PLACEMENT_3D ( 'NONE', #5962, #6671, #9806 ) ;
#2105 = AXIS2_PLACEMENT_3D ( 'NONE', #922, #7282, #2560 ) ;
#2106 = AXIS2_PLACEMENT_3D ( 'NONE', #49, #9439, #3118 ) ;
#2107 = AXIS2_PLACEMENT_3D ( 'NONE', #5032, #5949, #5898 ) ;
#2108 = CIRCLE ( 'NONE', #4738, 0.7200000000000001954 ) ;
#2109 = ORIENTED_EDGE ( 'NONE', *, *, #7610, .T. ) ;
#2110 = EDGE_CURVE ( 'NONE', #3815, #9132, #5172, .T. ) ;
#2111 = LINE ( 'NONE', #1151, #1144 ) ;
#2112 = CARTESIAN_POINT ( 'NONE',  ( 1.499999999999999556, 0.000000000000000000, 0.000000000000000000 ) ) ;
#2113 = DIRECTION ( 'NONE',  ( -1.000000000000000000, 0.000000000000000000, -0.000000000000000000 ) ) ;
#2114 = DIRECTION ( 'NONE',  ( -1.000000000000000000, 0.000000000000000000, 0.000000000000000000 ) ) ;
#2115 = CIRCLE ( 'NONE', #1303, 2.399999999999999023 ) ;
#2116 = ORIENTED_EDGE ( 'NONE', *, *, #9466, .F. ) ;
#2117 = VERTEX_POINT ( 'NONE', #3685 ) ;
#2118 = APPLICATION_CONTEXT ( 'automotive_design' ) ;
#2119 = DIRECTION ( 'NONE',  ( 0.000000000000000000, 0.000000000000000000, 1.000000000000000000 ) ) ;
#2120 = EDGE_CURVE ( 'NONE', #7172, #3682, #4869, .T. ) ;
#2121 = CIRCLE ( 'NONE', #1154, 2.399999999999999023 ) ;
#2122 = ORIENTED_EDGE ( 'NONE', *, *, #8676, .F. ) ;
#2124 = SURFACE_STYLE_USAGE ( .BOTH. , #1514 ) ;
#2123 = FACE_OUTER_BOUND ( 'NONE', #6224, .T. ) ;
#2125 = ORIENTED_EDGE ( 'NONE', *, *, #7359, .F. ) ;
#2126 = EDGE_CURVE ( 'NONE', #2282, #5110, #9288, .T. ) ;
#2127 = DIRECTION ( 'NONE',  ( -1.000000000000000000, 0.000000000000000000, 0.000000000000000000 ) ) ;
#2128 = ORIENTED_EDGE ( 'NONE', *, *, #3647, .T. ) ;
#2129 = EDGE_CURVE ( 'NONE', #5490, #1106, #6761, .T. ) ;
#2130 = VECTOR ( 'NONE', #1796, 1000.000000000000000 ) ;
#2131 = DIRECTION ( 'NONE',  ( -1.000000000000000000, -0.000000000000000000, -0.000000000000000000 ) ) ;
#2132 = ORIENTED_EDGE ( 'NONE', *, *, #7101, .T. ) ;
#2133 = DIRECTION ( 'NONE',  ( -1.000000000000000000, 0.000000000000000000, -0.000000000000000000 ) ) ;
#2134 = EDGE_CURVE ( 'NONE', #2385, #6787, #3548, .T. ) ;
#2135 = VERTEX_POINT ( 'NONE', #2146 ) ;
#2136 = CARTESIAN_POINT ( 'NONE',  ( 1.499999999999999556, -3.411694707735812404, -4.470985933908481869 ) ) ;
#2137 = AXIS2_PLACEMENT_3D ( 'NONE', #7170, #2346, #9528 ) ;
#2138 = CARTESIAN_POINT ( 'NONE',  ( 0.7499999999999997780, 2.013522966163061145, 0.5964270824953460393 ) ) ;
#2139 = VERTEX_POINT ( 'NONE', #5994 ) ;
#2140 = DIRECTION ( 'NONE',  ( -1.000000000000000000, 0.000000000000000000, 0.000000000000000000 ) ) ;
#2141 =( NAMED_UNIT ( * ) SI_UNIT ( $, .STERADIAN. ) SOLID_ANGLE_UNIT ( ) );
#2142 = CARTESIAN_POINT ( 'NONE',  ( 1.499999999999999556, 0.000000000000000000, 0.000000000000000000 ) ) ;
#2143 = ORIENTED_EDGE ( 'NONE', *, *, #3561, .F. ) ;
#2144 = CIRCLE ( 'NONE', #5250, 6.300000000000000711 ) ;
#2145 = CARTESIAN_POINT ( 'NONE',  ( 1.499999999999999556, -5.532554621990612098, -1.010057104668026229 ) ) ;
#2146 = CARTESIAN_POINT ( 'NONE',  ( 1.499999999999999556, 5.420673833027148447, -3.210341912621576643 ) ) ;
#2147 = AXIS2_PLACEMENT_3D ( 'NONE', #3611, #10032, #2281 ) ;
#2148 = EDGE_CURVE ( 'NONE', #4847, #9464, #8469, .T. ) ;
#2150 = CIRCLE ( 'NONE', #4449, 5.624000000000004995 ) ;
#2149 = PRODUCT_CONTEXT ( 'NONE', #8021, 'mechanical' ) ;
#2151 = DIRECTION ( 'NONE',  ( 1.000000000000000000, 0.000000000000000000, -0.000000000000000000 ) ) ;
#2152 = ORIENTED_EDGE ( 'NONE', *, *, #6010, .F. ) ;
#2153 = DIRECTION ( 'NONE',  ( -1.000000000000000000, -0.000000000000000000, -0.000000000000000000 ) ) ;
#2154 = LINE ( 'NONE', #7594, #7491 ) ;
#2155 = CARTESIAN_POINT ( 'NONE',  ( 1.499999999999999556, 0.8515097899678587545, 1.141361939784611979 ) ) ;
#2156 = PLANE ( 'NONE',  #7068 ) ;
#2157 = DIRECTION ( 'NONE',  ( 1.000000000000000000, 0.000000000000000000, 0.000000000000000000 ) ) ;
#2158 = EDGE_CURVE ( 'NONE', #641, #8256, #6338, .T. ) ;
#2159 = CIRCLE ( 'NONE', #8055, 6.299999999999999822 ) ;
#2160 = EDGE_CURVE ( 'NONE', #7213, #9310, #6808, .T. ) ;
#2161 = AXIS2_PLACEMENT_3D ( 'NONE', #4441, #1264, #277 ) ;
#2162 = ORIENTED_EDGE ( 'NONE', *, *, #2777, .F. ) ;
#2163 = CARTESIAN_POINT ( 'NONE',  ( 1.499999999999999556, 5.583907850472561663, -0.7802391318066814740 ) ) ;
#2164 = CYLINDRICAL_SURFACE ( 'NONE', #9930, 2.399999999999999911 ) ;
#2165 = AXIS2_PLACEMENT_3D ( 'NONE', #4521, #2153, #2204 ) ;
#2166 = VECTOR ( 'NONE', #2951, 1000.000000000000000 ) ;
#2167 = DIRECTION ( 'NONE',  ( 0.000000000000000000, -0.4539904997395544095, 0.8910065241883641241 ) ) ;
#2168 = DIRECTION ( 'NONE',  ( 1.000000000000000000, 0.000000000000000000, -0.000000000000000000 ) ) ;
#2169 = ORIENTED_EDGE ( 'NONE', *, *, #3065, .F. ) ;
#2170 = EDGE_CURVE ( 'NONE', #2988, #6217, #4306, .T. ) ;
#2171 = FACE_OUTER_BOUND ( 'NONE', #206, .T. ) ;
#2172 = DIRECTION ( 'NONE',  ( 0.000000000000000000, -1.000000000000000000, 0.000000000000000000 ) ) ;
#2173 = ORIENTED_EDGE ( 'NONE', *, *, #1529, .T. ) ;
#2175 = DIRECTION ( 'NONE',  ( -1.000000000000000000, 0.000000000000000000, -0.000000000000000000 ) ) ;
#2174 = CARTESIAN_POINT ( 'NONE',  ( 1.499999999999999556, 0.000000000000000000, 0.000000000000000000 ) ) ;
#2176 = ORIENTED_EDGE ( 'NONE', *, *, #1405, .T. ) ;
#2177 = LINE ( 'NONE', #3096, #8830 ) ;
#2178 = ORIENTED_EDGE ( 'NONE', *, *, #58, .F. ) ;
#2179 = ADVANCED_FACE ( 'NONE', ( #1383 ), #1996, .T. ) ;
#2180 = FILL_AREA_STYLE_COLOUR ( '', #3008 ) ;
#2181 = ORIENTED_EDGE ( 'NONE', *, *, #326, .T. ) ;
#2182 = DIRECTION ( 'NONE',  ( -1.000000000000000000, -0.000000000000000000, 0.000000000000000000 ) ) ;
#2183 = AXIS2_PLACEMENT_3D ( 'NONE', #6759, #1178, #7427 ) ;
#2184 = EDGE_CURVE ( 'NONE', #721, #2373, #1760, .T. ) ;
#2185 = ORIENTED_EDGE ( 'NONE', *, *, #2270, .F. ) ;
#2186 = CARTESIAN_POINT ( 'NONE',  ( -15.00000000000000355, -30.00000000000000000, 0.000000000000000000 ) ) ;
#2187 = CARTESIAN_POINT ( 'NONE',  ( 1.499999999999999556, -4.626325118590902008, -3.197888662398194803 ) ) ;
#2188 = EDGE_LOOP ( 'NONE', ( #6614, #1060, #9811, #7195 ) ) ;
#2189 = CARTESIAN_POINT ( 'NONE',  ( 0.000000000000000000, -31.00000000000000000, -97.00000000000000000 ) ) ;
#2190 = CIRCLE ( 'NONE', #7921, 5.624000000000004107 ) ;
#2191 = DIRECTION ( 'NONE',  ( -1.000000000000000000, -0.000000000000000000, 0.000000000000000000 ) ) ;
#2192 = FACE_OUTER_BOUND ( 'NONE', #2893, .T. ) ;
#2193 = AXIS2_PLACEMENT_3D ( 'NONE', #5016, #3615, #9059 ) ;
#2194 = EDGE_CURVE ( 'NONE', #8798, #4285, #7483, .T. ) ;
#2195 = ORIENTED_EDGE ( 'NONE', *, *, #5914, .F. ) ;
#2196 = ORIENTED_EDGE ( 'NONE', *, *, #5876, .F. ) ;
#2197 = CARTESIAN_POINT ( 'NONE',  ( 1.499999999999999556, -0.5889709714758993853, -6.272408882937936525 ) ) ;
#2198 = ADVANCED_FACE ( 'NONE', ( #2958 ), #3790, .T. ) ;
#2199 = FACE_OUTER_BOUND ( 'NONE', #1102, .T. ) ;
#2200 = CIRCLE ( 'NONE', #10067, 2.399999999999999911 ) ;
#2201 = PRODUCT_CONTEXT ( 'NONE', #9660, 'mechanical' ) ;
#2202 = DIRECTION ( 'NONE',  ( 0.000000000000000000, 0.000000000000000000, 1.000000000000000000 ) ) ;
#2203 = VERTEX_POINT ( 'NONE', #3111 ) ;
#2204 = DIRECTION ( 'NONE',  ( 0.000000000000000000, 0.000000000000000000, 1.000000000000000000 ) ) ;
#2205 = CYLINDRICAL_SURFACE ( 'NONE', #6175, 0.7200000000000004174 ) ;
#2206 = CARTESIAN_POINT ( 'NONE',  ( 0.000000000000000000, -4.058863291118503192, -3.913365401975925195 ) ) ;
#2207 = CYLINDRICAL_SURFACE ( 'NONE', #7016, 2.100000000000000089 ) ;
#2208 = DIRECTION ( 'NONE',  ( 0.000000000000000000, 0.000000000000000000, 1.000000000000000000 ) ) ;
#2209 =( NAMED_UNIT ( * ) PLANE_ANGLE_UNIT ( ) SI_UNIT ( $, .RADIAN. ) );
#2210 = VECTOR ( 'NONE', #5201, 1000.000000000000000 ) ;
#2211 = COLOUR_RGB ( '',1.000000000000000000, 0.5019607843137254832, 0.5019607843137254832 ) ;
#2212 = AXIS2_PLACEMENT_3D ( 'NONE', #7595, #8308, #1954 ) ;
#2213 = AXIS2_PLACEMENT_3D ( 'NONE', #823, #112, #6216 ) ;
#2214 = ORIENTED_EDGE ( 'NONE', *, *, #9144, .F. ) ;
#2215 = CARTESIAN_POINT ( 'NONE',  ( 1.499999999999999556, 0.000000000000000000, 0.000000000000000000 ) ) ;
#2216 = CARTESIAN_POINT ( 'NONE',  ( 0.7499999999999997780, -0.5889709714758993853, -6.272408882937936525 ) ) ;
#2217 = AXIS2_PLACEMENT_3D ( 'NONE', #555, #9175, #9792 ) ;
#2218 = FACE_OUTER_BOUND ( 'NONE', #8648, .T. ) ;
#2219 = CARTESIAN_POINT ( 'NONE',  ( -12.00000000000000355, 0.000000000000000000, -11.99999999999999822 ) ) ;
#2220 = ADVANCED_FACE ( 'NONE', ( #2351 ), #10001, .T. ) ;
#2221 = EDGE_LOOP ( 'NONE', ( #5369, #2873, #2856, #9520 ) ) ;
#2222 = CARTESIAN_POINT ( 'NONE',  ( 0.000000000000000000, 0.000000000000000000, 0.000000000000000000 ) ) ;
#2223 = LINE ( 'NONE', #9249, #1458 ) ;
#2224 = ORIENTED_EDGE ( 'NONE', *, *, #6853, .T. ) ;
#2226 = DIRECTION ( 'NONE',  ( 0.000000000000000000, 0.7071067811865486830, -0.7071067811865462405 ) ) ;
#2225 = CARTESIAN_POINT ( 'NONE',  ( 1.499999999999999556, -5.551719098988203704, -0.9834709102465315489 ) ) ;
#2227 = EDGE_LOOP ( 'NONE', ( #9485, #2224, #4104, #1063 ) ) ;
#2228 = FACE_OUTER_BOUND ( 'NONE', #2333, .T. ) ;
#2229 = AXIS2_PLACEMENT_3D ( 'NONE', #5884, #7473, #6647 ) ;
#2230 = ORIENTED_EDGE ( 'NONE', *, *, #2928, .T. ) ;
#2231 = FACE_OUTER_BOUND ( 'NONE', #9860, .T. ) ;
#2232 = VERTEX_POINT ( 'NONE', #804 ) ;
#2233 = FACE_OUTER_BOUND ( 'NONE', #9410, .T. ) ;
#2234 = VECTOR ( 'NONE', #4120, 1000.000000000000000 ) ;
#2235 = ORIENTED_EDGE ( 'NONE', *, *, #8138, .T. ) ;
#2236 = PRODUCT_RELATED_PRODUCT_CATEGORY ( 'part', '', ( #1036 ) ) ;
#2237 = DIRECTION ( 'NONE',  ( -1.000000000000000000, -0.000000000000000000, -0.000000000000000000 ) ) ;
#2239 = EDGE_CURVE ( 'NONE', #3314, #6148, #9224, .T. ) ;
#2238 = CARTESIAN_POINT ( 'NONE',  ( 1.499999999999999556, -0.8862614956313807912, -1.440670871519468932 ) ) ;
#2240 = VERTEX_POINT ( 'NONE', #7066 ) ;
#2241 = DIRECTION ( 'NONE',  ( 1.000000000000000000, 0.000000000000000000, 0.000000000000000000 ) ) ;
#2242 = LINE ( 'NONE', #1479, #3267 ) ;
#2243 = CARTESIAN_POINT ( 'NONE',  ( 0.000000000000000000, 0.000000000000000000, 0.000000000000000000 ) ) ;
#2244 = AXIS2_PLACEMENT_3D ( 'NONE', #4711, #7832, #3940 ) ;
#2245 = ORIENTED_EDGE ( 'NONE', *, *, #4725, .F. ) ;
#2246 = VERTEX_POINT ( 'NONE', #748 ) ;
#2247 = CIRCLE ( 'NONE', #8964, 0.7200000000000004174 ) ;
#2248 = DIRECTION ( 'NONE',  ( -1.000000000000000000, 0.000000000000000000, 0.000000000000000000 ) ) ;
#2249 = LINE ( 'NONE', #7738, #8530 ) ;
#2250 = EDGE_CURVE ( 'NONE', #6896, #3885, #3840, .T. ) ;
#2251 = CARTESIAN_POINT ( 'NONE',  ( 1.499999999999999556, -1.440670871519453389, -0.8862614956314059933 ) ) ;
#2252 = VERTEX_POINT ( 'NONE', #1485 ) ;
#2253 = DIRECTION ( 'NONE',  ( -0.000000000000000000, -1.000000000000000000, -0.000000000000000000 ) ) ;
#2254 = DIRECTION ( 'NONE',  ( 0.000000000000000000, 0.000000000000000000, 1.000000000000000000 ) ) ;
#2255 = DIRECTION ( 'NONE',  ( -1.000000000000000000, -0.000000000000000000, -0.000000000000000000 ) ) ;
#2256 = CYLINDRICAL_SURFACE ( 'NONE', #8663, 2.399999999999999911 ) ;
#2257 = DIRECTION ( 'NONE',  ( 1.000000000000000000, -0.000000000000000000, -0.000000000000000000 ) ) ;
#2258 = ADVANCED_FACE ( 'NONE', ( #2199 ), #5476, .T. ) ;
#2259 = CARTESIAN_POINT ( 'NONE',  ( 1.499999999999999556, -1.440670871519466045, 0.8862614956313857872 ) ) ;
#2260 =( REPRESENTATION_RELATIONSHIP ('NONE','NONE', #7852, #5760 ) REPRESENTATION_RELATIONSHIP_WITH_TRANSFORMATION ( #4033 )SHAPE_REPRESENTATION_RELATIONSHIP( ) );
#2261 = CIRCLE ( 'NONE', #9635, 6.299999999999999822 ) ;
#2262 = ADVANCED_FACE ( 'NONE', ( #7689 ), #6246, .T. ) ;
#2263 = ORIENTED_EDGE ( 'NONE', *, *, #2821, .T. ) ;
#2264 = DIRECTION ( 'NONE',  ( -1.000000000000000000, 0.000000000000000000, 0.000000000000000000 ) ) ;
#2265 = DIRECTION ( 'NONE',  ( -1.000000000000000000, 0.000000000000000000, 0.000000000000000000 ) ) ;
#2266 = CIRCLE ( 'NONE', #1133, 6.299999999999999822 ) ;
#2267 = EDGE_CURVE ( 'NONE', #6336, #3068, #1916, .T. ) ;
#2268 = DIRECTION ( 'NONE',  ( -1.000000000000000000, -0.000000000000000000, 0.000000000000000000 ) ) ;
#2269 = ORIENTED_EDGE ( 'NONE', *, *, #1145, .F. ) ;
#2270 = EDGE_CURVE ( 'NONE', #6364, #8393, #9773, .T. ) ;
#2271 = CIRCLE ( 'NONE', #1955, 1.423999999999999488 ) ;
#2272 = CIRCLE ( 'NONE', #6053, 5.624000000000004107 ) ;
#2273 = EDGE_CURVE ( 'NONE', #4291, #5062, #3059, .T. ) ;
#2274 = CARTESIAN_POINT ( 'NONE',  ( 0.7499999999999997780, -1.523282488027523751, -1.445548498552946537 ) ) ;
#2275 = ORIENTED_EDGE ( 'NONE', *, *, #4891, .T. ) ;
#2277 = DIRECTION ( 'NONE',  ( 0.000000000000000000, 0.000000000000000000, 1.000000000000000000 ) ) ;
#2276 = LINE ( 'NONE', #6325, #1065 ) ;
#2278 = ORIENTED_EDGE ( 'NONE', *, *, #1567, .T. ) ;
#2279 = AXIS2_PLACEMENT_3D ( 'NONE', #4309, #1238, #8257 ) ;
#2280 = LINE ( 'NONE', #3921, #3077 ) ;
#2281 = DIRECTION ( 'NONE',  ( 5.295295684769738866E-17, -1.495563749054453032E-16, 1.000000000000000000 ) ) ;
#2282 = VERTEX_POINT ( 'NONE', #3169 ) ;
#2283 = EDGE_CURVE ( 'NONE', #8551, #8221, #5685, .T. ) ;
#2284 = VECTOR ( 'NONE', #6690, 1000.000000000000000 ) ;
#2285 = DIRECTION ( 'NONE',  ( -0.000000000000000000, -0.000000000000000000, -1.000000000000000000 ) ) ;
#2286 = ORIENTED_EDGE ( 'NONE', *, *, #9856, .F. ) ;
#2287 = CARTESIAN_POINT ( 'NONE',  ( 0.000000000000000000, 0.000000000000000000, 0.000000000000000000 ) ) ;
#2288 = VERTEX_POINT ( 'NONE', #6868 ) ;
#2289 = LINE ( 'NONE', #9990, #9758 ) ;
#2290 = CARTESIAN_POINT ( 'NONE',  ( 1.499999999999999556, 0.000000000000000000, 0.000000000000000000 ) ) ;
#2291 = ORIENTED_EDGE ( 'NONE', *, *, #6071, .F. ) ;
#2292 = DIRECTION ( 'NONE',  ( 0.000000000000000000, 0.000000000000000000, 1.000000000000000000 ) ) ;
#2293 = CARTESIAN_POINT ( 'NONE',  ( 0.000000000000000000, -4.949647314371500073, 2.670274791727444974 ) ) ;
#2294 = CARTESIAN_POINT ( 'NONE',  ( 0.000000000000000000, -1.690788321043816822, -0.04718953385306016990 ) ) ;
#2295 = AXIS2_PLACEMENT_3D ( 'NONE', #3121, #6255, #6974 ) ;
#2296 = EDGE_LOOP ( 'NONE', ( #2681, #6330, #7880, #233 ) ) ;
#2297 = ORIENTED_EDGE ( 'NONE', *, *, #2424, .F. ) ;
#2298 = DIRECTION ( 'NONE',  ( -1.000000000000000000, 0.000000000000000000, 0.000000000000000000 ) ) ;
#2299 = CARTESIAN_POINT ( 'NONE',  ( 1.499999999999999556, 0.000000000000000000, 0.000000000000000000 ) ) ;
#2300 = EDGE_CURVE ( 'NONE', #9888, #95, #3712, .T. ) ;
#2301 = AXIS2_PLACEMENT_3D ( 'NONE', #6599, #390, #9786 ) ;
#2302 = CYLINDRICAL_SURFACE ( 'NONE', #9258, 2.399999999999999467 ) ;
#2303 = VERTEX_POINT ( 'NONE', #4566 ) ;
#2304 = DIRECTION ( 'NONE',  ( -1.000000000000000000, 0.000000000000000000, 0.000000000000000000 ) ) ;
#2305 = CARTESIAN_POINT ( 'NONE',  ( 0.000000000000000000, 0.4902404781355189090, 2.041975581048279587 ) ) ;
#2306 = CARTESIAN_POINT ( 'NONE',  ( 1.499999999999999556, 1.523282488027554171, -1.445548498552914563 ) ) ;
#2307 = DIRECTION ( 'NONE',  ( -0.000000000000000000, -1.000000000000000000, -0.000000000000000000 ) ) ;
#2308 = AXIS2_PLACEMENT_3D ( 'NONE', #8041, #1023, #4201 ) ;
#2309 = FACE_OUTER_BOUND ( 'NONE', #3541, .T. ) ;
#2310 = DIRECTION ( 'NONE',  ( -1.000000000000000000, 0.000000000000000000, 0.000000000000000000 ) ) ;
#2311 = EDGE_CURVE ( 'NONE', #5027, #7886, #1434, .T. ) ;
#2312 = CIRCLE ( 'NONE', #6723, 1.000000000000000000 ) ;
#2313 = CIRCLE ( 'NONE', #4781, 2.399999999999999023 ) ;
#2314 = AXIS2_PLACEMENT_3D ( 'NONE', #8442, #6902, #637 ) ;
#2315 = ORIENTED_EDGE ( 'NONE', *, *, #1748, .T. ) ;
#2316 = DIRECTION ( 'NONE',  ( -1.000000000000000000, -0.000000000000000000, 0.000000000000000000 ) ) ;
#2317 = CYLINDRICAL_SURFACE ( 'NONE', #3377, 0.7200000000000004174 ) ;
#2318 = EDGE_CURVE ( 'NONE', #136, #4438, #6153, .T. ) ;
#2319 = DIRECTION ( 'NONE',  ( -0.000000000000000000, -1.000000000000000000, -0.000000000000000000 ) ) ;
#2320 = CIRCLE ( 'NONE', #5107, 2.399999999999999467 ) ;
#2321 = CARTESIAN_POINT ( 'NONE',  ( 0.000000000000000000, 5.532554621990620980, 1.010057104667987371 ) ) ;
#2322 = PRESENTATION_LAYER_ASSIGNMENT (  '', '', ( #6420 ) ) ;
#2323 = EDGE_CURVE ( 'NONE', #8059, #7667, #2249, .T. ) ;
#2324 = ORIENTED_EDGE ( 'NONE', *, *, #762, .T. ) ;
#2325 = EDGE_CURVE ( 'NONE', #3443, #8075, #2144, .T. ) ;
#2326 = CIRCLE ( 'NONE', #4466, 6.299999999999999822 ) ;
#2327 = VECTOR ( 'NONE', #1584, 1000.000000000000000 ) ;
#2328 = AXIS2_PLACEMENT_3D ( 'NONE', #7431, #8255, #5950 ) ;
#2329 = PLANE ( 'NONE',  #6037 ) ;
#2330 = DIRECTION ( 'NONE',  ( 0.000000000000000000, 1.000000000000000000, 0.000000000000000000 ) ) ;
#2332 = SURFACE_SIDE_STYLE ('',( #6789 ) ) ;
#2331 = CARTESIAN_POINT ( 'NONE',  ( 1.499999999999999556, -4.621077171872406630, -3.230239272402469553 ) ) ;
#2333 = EDGE_LOOP ( 'NONE', ( #10044, #2931, #8486, #4200 ) ) ;
#2334 = CARTESIAN_POINT ( 'NONE',  ( 1.499999999999999556, 3.396706725542331107, 4.500131487637556660 ) ) ;
#2335 = AXIS2_PLACEMENT_3D ( 'NONE', #1935, #6702, #8101 ) ;
#2336 = ORIENTED_EDGE ( 'NONE', *, *, #9534, .F. ) ;
#2337 = DIRECTION ( 'NONE',  ( 1.000000000000000000, 0.000000000000000000, 0.000000000000000000 ) ) ;
#2338 = VERTEX_POINT ( 'NONE', #5425 ) ;
#2339 = DIRECTION ( 'NONE',  ( -1.000000000000000000, -0.000000000000000000, -0.000000000000000000 ) ) ;
#2340 = VERTEX_POINT ( 'NONE', #2455 ) ;
#2341 = CARTESIAN_POINT ( 'NONE',  ( 0.000000000000000000, -1.690788321043816822, -0.04718953385306016990 ) ) ;
#2342 = DIRECTION ( 'NONE',  ( -1.000000000000000000, -0.000000000000000000, -0.000000000000000000 ) ) ;
#2343 = ORIENTED_EDGE ( 'NONE', *, *, #1858, .F. ) ;
#2344 = DIRECTION ( 'NONE',  ( 0.000000000000000000, 0.8660254037844362651, 0.5000000000000038858 ) ) ;
#2345 = DIRECTION ( 'NONE',  ( -1.000000000000000000, -0.000000000000000000, -0.000000000000000000 ) ) ;
#2346 = DIRECTION ( 'NONE',  ( -1.000000000000000000, 0.000000000000000000, 0.000000000000000000 ) ) ;
#2347 = ORIENTED_EDGE ( 'NONE', *, *, #8512, .T. ) ;
#2348 = EDGE_CURVE ( 'NONE', #7063, #8225, #7573, .T. ) ;
#2349 = EDGE_LOOP ( 'NONE', ( #9420, #2839, #7397, #9757 ) ) ;
#2350 = CARTESIAN_POINT ( 'NONE',  ( 1.499999999999999556, -1.839842958668749029, -5.329519478602976257 ) ) ;
#2351 = FACE_OUTER_BOUND ( 'NONE', #1149, .T. ) ;
#2352 = CYLINDRICAL_SURFACE ( 'NONE', #1732, 6.299999999999999822 ) ;
#2353 = EDGE_LOOP ( 'NONE', ( #6500, #8813, #330, #1769 ) ) ;
#2354 = CYLINDRICAL_SURFACE ( 'NONE', #4296, 6.299999999999999822 ) ;
#2355 = CARTESIAN_POINT ( 'NONE',  ( -12.00000000000000355, 40.00000000000000000, -11.99999999999999822 ) ) ;
#2356 = CYLINDRICAL_SURFACE ( 'NONE', #3418, 1.423999999999999488 ) ;
#2357 = DIRECTION ( 'NONE',  ( 0.000000000000000000, 0.000000000000000000, 1.000000000000000000 ) ) ;
#2358 = DIRECTION ( 'NONE',  ( 0.000000000000000000, -0.9876883405951394357, 0.1564344650402205161 ) ) ;
#2359 = CYLINDRICAL_SURFACE ( 'NONE', #7668, 5.624000000000004107 ) ;
#2360 = VERTEX_POINT ( 'NONE', #5579 ) ;
#2361 = AXIS2_PLACEMENT_3D ( 'NONE', #1804, #2617, #5038 ) ;
#2362 = VECTOR ( 'NONE', #8239, 1000.000000000000000 ) ;
#2363 =( NAMED_UNIT ( * ) SI_UNIT ( $, .STERADIAN. ) SOLID_ANGLE_UNIT ( ) );
#2364 = AXIS2_PLACEMENT_3D ( 'NONE', #3978, #4800, #77 ) ;
#2365 = ORIENTED_EDGE ( 'NONE', *, *, #3193, .T. ) ;
#2366 = DIRECTION ( 'NONE',  ( 0.000000000000000000, 0.000000000000000000, 1.000000000000000000 ) ) ;
#2367 = CARTESIAN_POINT ( 'NONE',  ( 1.499999999999999556, 1.562940689591853394, -6.103049762276082646 ) ) ;
#2369 = AXIS2_PLACEMENT_3D ( 'NONE', #1311, #9054, #9200 ) ;
#2368 = LINE ( 'NONE', #5497, #5931 ) ;
#2370 = CARTESIAN_POINT ( 'NONE',  ( 0.000000000000000000, 0.1321394030188806912, 5.622447436674695709 ) ) ;
#2371 = EDGE_CURVE ( 'NONE', #3557, #19, #39, .T. ) ;
#2372 = AXIS2_PLACEMENT_3D ( 'NONE', #8405, #4565, #7688 ) ;
#2373 = VERTEX_POINT ( 'NONE', #7986 ) ;
#2374 = ADVANCED_FACE ( 'NONE', ( #1787 ), #4920, .T. ) ;
#2375 = CIRCLE ( 'NONE', #9256, 6.299999999999999822 ) ;
#2376 = EDGE_CURVE ( 'NONE', #7403, #8188, #2955, .T. ) ;
#2377 = CARTESIAN_POINT ( 'NONE',  ( 0.000000000000000000, 1.414203329750087557, 0.1667481397910145768 ) ) ;
#2378 = LINE ( 'NONE', #3346, #7565 ) ;
#2380 = DIRECTION ( 'NONE',  ( -1.000000000000000000, -0.000000000000000000, -0.000000000000000000 ) ) ;
#2379 = DIRECTION ( 'NONE',  ( -1.000000000000000000, 0.000000000000000000, -0.000000000000000000 ) ) ;
#2381 = VERTEX_POINT ( 'NONE', #7174 ) ;
#2382 = DIRECTION ( 'NONE',  ( -1.000000000000000000, 0.000000000000000000, 0.000000000000000000 ) ) ;
#2383 = ADVANCED_FACE ( 'NONE', ( #5787 ), #237, .T. ) ;
#2384 = CIRCLE ( 'NONE', #4193, 2.399999999999999467 ) ;
#2385 = VERTEX_POINT ( 'NONE', #7274 ) ;
#2386 = ORIENTED_EDGE ( 'NONE', *, *, #1651, .F. ) ;
#2387 = CARTESIAN_POINT ( 'NONE',  ( 0.7499999999999997780, -0.4902404781355327867, 2.041975581048276034 ) ) ;
#2388 = CONTEXT_DEPENDENT_SHAPE_REPRESENTATION ( #9463, #2996 ) ;
#2389 = EDGE_CURVE ( 'NONE', #7353, #2744, #826, .T. ) ;
#2390 = CARTESIAN_POINT ( 'NONE',  ( -6.415642272996979756, 4.549999999999999822, 0.000000000000000000 ) ) ;
#2391 = CONTEXT_DEPENDENT_SHAPE_REPRESENTATION ( #7882, #8893 ) ;
#2392 = ORIENTED_EDGE ( 'NONE', *, *, #1384, .T. ) ;
#2393 = DIRECTION ( 'NONE',  ( -1.000000000000000000, 0.000000000000000000, 0.000000000000000000 ) ) ;
#2394 = FACE_OUTER_BOUND ( 'NONE', #4558, .T. ) ;
#2395 = VERTEX_POINT ( 'NONE', #5632 ) ;
#2396 = LINE ( 'NONE', #7628, #2166 ) ;
#2397 = DIRECTION ( 'NONE',  ( 0.000000000000000000, -0.8090169943749530024, 0.5877852522924653655 ) ) ;
#2398 = DIRECTION ( 'NONE',  ( -1.000000000000000000, -0.000000000000000000, -0.000000000000000000 ) ) ;
#2399 = ORIENTED_EDGE ( 'NONE', *, *, #1435, .F. ) ;
#2400 = CIRCLE ( 'NONE', #10101, 5.624000000000004107 ) ;
#2401 = ORIENTED_EDGE ( 'NONE', *, *, #2239, .T. ) ;
#2402 = FACE_OUTER_BOUND ( 'NONE', #7459, .T. ) ;
#2403 = EDGE_CURVE ( 'NONE', #984, #8256, #287, .T. ) ;
#2404 = DIRECTION ( 'NONE',  ( 0.000000000000000000, -1.000000000000000000, -1.054085445472017534E-14 ) ) ;
#2405 = ORIENTED_EDGE ( 'NONE', *, *, #2671, .T. ) ;
#2406 = VECTOR ( 'NONE', #7011, 1000.000000000000000 ) ;
#2407 = ORIENTED_EDGE ( 'NONE', *, *, #4637, .F. ) ;
#2408 = ADVANCED_FACE ( 'NONE', ( #1687 ), #3420, .T. ) ;
#2409 = CARTESIAN_POINT ( 'NONE',  ( 1.499999999999999556, -2.670274791727491603, 4.949647314371474316 ) ) ;
#2410 = CYLINDRICAL_SURFACE ( 'NONE', #2572, 6.299999999999999822 ) ;
#2411 = CARTESIAN_POINT ( 'NONE',  ( 1.499999999999999556, 3.396706725542392835, -4.500131487637513139 ) ) ;
#2412 = DIRECTION ( 'NONE',  ( -1.000000000000000000, -0.000000000000000000, -0.000000000000000000 ) ) ;
#2413 = FACE_BOUND ( 'NONE', #3340, .T. ) ;
#2414 = VECTOR ( 'NONE', #4522, 1000.000000000000000 ) ;
#2415 = ORIENTED_EDGE ( 'NONE', *, *, #3243, .F. ) ;
#2416 = DIRECTION ( 'NONE',  ( -1.000000000000000000, 0.000000000000000000, 0.000000000000000000 ) ) ;
#2417 = VERTEX_POINT ( 'NONE', #8096 ) ;
#2418 = FACE_OUTER_BOUND ( 'NONE', #8992, .T. ) ;
#2419 = CARTESIAN_POINT ( 'NONE',  ( 0.000000000000000000, 5.783413301606161738, -2.498425620827028570 ) ) ;
#2420 = LINE ( 'NONE', #1089, #1806 ) ;
#2421 = DIRECTION ( 'NONE',  ( -1.000000000000000000, 0.000000000000000000, -0.000000000000000000 ) ) ;
#2422 = CIRCLE ( 'NONE', #8158, 2.100000000000000089 ) ;
#2423 = ORIENTED_EDGE ( 'NONE', *, *, #5075, .F. ) ;
#2424 = EDGE_CURVE ( 'NONE', #3818, #628, #6559, .T. ) ;
#2425 = AXIS2_PLACEMENT_3D ( 'NONE', #5869, #4331, #7510 ) ;
#2426 = DIRECTION ( 'NONE',  ( 0.000000000000000000, 0.000000000000000000, 1.000000000000000000 ) ) ;
#2427 = DIRECTION ( 'NONE',  ( 0.000000000000000000, 0.000000000000000000, -1.000000000000000000 ) ) ;
#2429 = FILL_AREA_STYLE_COLOUR ( '', #9857 ) ;
#2428 = DIRECTION ( 'NONE',  ( -1.000000000000000000, 0.000000000000000000, 0.000000000000000000 ) ) ;
#2430 = AXIS2_PLACEMENT_3D ( 'NONE', #9878, #2788, #3461 ) ;
#2431 = ORIENTED_EDGE ( 'NONE', *, *, #674, .F. ) ;
#2432 = AXIS2_PLACEMENT_3D ( 'NONE', #2841, #5206, #3770 ) ;
#2433 = EDGE_LOOP ( 'NONE', ( #7135, #247, #10135, #7017 ) ) ;
#2434 = ORIENTED_EDGE ( 'NONE', *, *, #5030, .F. ) ;
#2435 = AXIS2_PLACEMENT_3D ( 'NONE', #2720, #316, #3595 ) ;
#2436 = EDGE_CURVE ( 'NONE', #2139, #1675, #7224, .T. ) ;
#2437 = DIRECTION ( 'NONE',  ( -1.000000000000000000, -0.000000000000000000, 0.000000000000000000 ) ) ;
#2438 = CONTEXT_DEPENDENT_SHAPE_REPRESENTATION ( #7495, #7248 ) ;
#2439 = ORIENTED_EDGE ( 'NONE', *, *, #1464, .F. ) ;
#2440 =( GEOMETRIC_REPRESENTATION_CONTEXT ( 3 ) GLOBAL_UNCERTAINTY_ASSIGNED_CONTEXT ( ( #6332 ) ) GLOBAL_UNIT_ASSIGNED_CONTEXT ( ( #3643, #6159, #5334 ) ) REPRESENTATION_CONTEXT ( 'NONE', 'WORKASPACE' ) );
#2441 = CIRCLE ( 'NONE', #303, 2.400000000000000355 ) ;
#2442 =( GEOMETRIC_REPRESENTATION_CONTEXT ( 3 ) GLOBAL_UNCERTAINTY_ASSIGNED_CONTEXT ( ( #7246 ) ) GLOBAL_UNIT_ASSIGNED_CONTEXT ( ( #3235, #8778, #6312 ) ) REPRESENTATION_CONTEXT ( 'NONE', 'WORKASPACE' ) );
#2443 = DIRECTION ( 'NONE',  ( 0.000000000000000000, -0.4539904997395542985, 0.8910065241883641241 ) ) ;
#2444 = ORIENTED_EDGE ( 'NONE', *, *, #4836, .T. ) ;
#2445 = DIRECTION ( 'NONE',  ( 1.000000000000000000, -0.000000000000000000, 0.000000000000000000 ) ) ;
#2446 = DIRECTION ( 'NONE',  ( 0.000000000000000000, -0.4999999999999888978, -0.8660254037844450359 ) ) ;
#2447 = ORIENTED_EDGE ( 'NONE', *, *, #5601, .T. ) ;
#2448 = ADVANCED_FACE ( 'NONE', ( #9634 ), #5018, .T. ) ;
#2449 = DIRECTION ( 'NONE',  ( -1.000000000000000000, 0.000000000000000000, 0.000000000000000000 ) ) ;
#2450 = DIRECTION ( 'NONE',  ( 0.000000000000000000, 0.000000000000000000, 1.000000000000000000 ) ) ;
#2451 = CIRCLE ( 'NONE', #1148, 2.399999999999999023 ) ;
#2452 = ORIENTED_EDGE ( 'NONE', *, *, #6063, .F. ) ;
#2453 = ORIENTED_EDGE ( 'NONE', *, *, #7408, .T. ) ;
#2454 = APPLICATION_CONTEXT ( 'automotive_design' ) ;
#2455 = CARTESIAN_POINT ( 'NONE',  ( 1.499999999999999556, -4.949647314371465434, -2.670274791727508923 ) ) ;
#2456 = EDGE_CURVE ( 'NONE', #5261, #334, #4812, .T. ) ;
#2457 = ORIENTED_EDGE ( 'NONE', *, *, #1008, .T. ) ;
#2458 = VERTEX_POINT ( 'NONE', #2551 ) ;
#2459 = VECTOR ( 'NONE', #2257, 1000.000000000000000 ) ;
#2460 = DIRECTION ( 'NONE',  ( 0.000000000000000000, 0.000000000000000000, 1.000000000000000000 ) ) ;
#2461 = DIRECTION ( 'NONE',  ( 0.000000000000000000, 0.5877852522924741363, -0.8090169943749465631 ) ) ;
#2462 = DIRECTION ( 'NONE',  ( 0.000000000000000000, 0.000000000000000000, 1.000000000000000000 ) ) ;
#2463 = CYLINDRICAL_SURFACE ( 'NONE', #7187, 5.624000000000004107 ) ;
#2464 = SURFACE_STYLE_FILL_AREA ( #2608 ) ;
#2465 = CARTESIAN_POINT ( 'NONE',  ( -3.590000000000002967, 31.00000000000000000, -15.96000000000000263 ) ) ;
#2466 = ORIENTED_EDGE ( 'NONE', *, *, #5196, .F. ) ;
#2467 = DIRECTION ( 'NONE',  ( 0.000000000000000000, 0.000000000000000000, 1.000000000000000000 ) ) ;
#2468 = AXIS2_PLACEMENT_3D ( 'NONE', #9385, #8568, #2358 ) ;
#2469 = ORIENTED_EDGE ( 'NONE', *, *, #5756, .T. ) ;
#2470 = DIRECTION ( 'NONE',  ( 0.000000000000000000, -0.8910065241883722287, 0.4539904997395382003 ) ) ;
#2471 = DIRECTION ( 'NONE',  ( 0.000000000000000000, 0.000000000000000000, -1.000000000000000000 ) ) ;
#2472 = DIRECTION ( 'NONE',  ( -1.000000000000000000, 0.000000000000000000, 0.000000000000000000 ) ) ;
#2473 = CARTESIAN_POINT ( 'NONE',  ( 0.7499999999999997780, 3.372391021478398088, 5.321370011402315470 ) ) ;
#2474 = EDGE_LOOP ( 'NONE', ( #2653, #5918, #1876, #10118 ) ) ;
#2475 = CIRCLE ( 'NONE', #6242, 2.399999999999999467 ) ;
#2476 = EDGE_CURVE ( 'NONE', #7350, #8282, #5439, .T. ) ;
#2477 = AXIS2_PLACEMENT_3D ( 'NONE', #8912, #4392, #3362 ) ;
#2478 = EDGE_LOOP ( 'NONE', ( #954, #322, #3396, #7240 ) ) ;
#2479 = FACE_OUTER_BOUND ( 'NONE', #2227, .T. ) ;
#2480 = VECTOR ( 'NONE', #691, 1000.000000000000000 ) ;
#2481 = DIRECTION ( 'NONE',  ( 0.000000000000000000, 0.000000000000000000, 1.000000000000000000 ) ) ;
#2483 = DIRECTION ( 'NONE',  ( -1.000000000000000000, 0.000000000000000000, 0.000000000000000000 ) ) ;
#2482 = FACE_OUTER_BOUND ( 'NONE', #5153, .T. ) ;
#2484 = ORIENTED_EDGE ( 'NONE', *, *, #6137, .F. ) ;
#2485 = FILL_AREA_STYLE ('',( #8799 ) ) ;
#2486 = ORIENTED_EDGE ( 'NONE', *, *, #4963, .F. ) ;
#2487 = VERTEX_POINT ( 'NONE', #8870 ) ;
#2488 = MECHANICAL_DESIGN_GEOMETRIC_PRESENTATION_REPRESENTATION (  '', ( #8712 ), #9195 ) ;
#2489 = LINE ( 'NONE', #5617, #4665 ) ;
#2490 = AXIS2_PLACEMENT_3D ( 'NONE', #1014, #7265, #1831 ) ;
#2491 = DIRECTION ( 'NONE',  ( 1.000000000000000000, -0.000000000000000000, -0.000000000000000000 ) ) ;
#2492 = ORIENTED_EDGE ( 'NONE', *, *, #9537, .F. ) ;
#2493 = DIRECTION ( 'NONE',  ( -1.000000000000000000, -0.000000000000000000, -0.000000000000000000 ) ) ;
#2494 = CYLINDRICAL_SURFACE ( 'NONE', #1837, 5.624000000000004107 ) ;
#2495 = VERTEX_POINT ( 'NONE', #1842 ) ;
#2496 = AXIS2_PLACEMENT_3D ( 'NONE', #3795, #605, #7744 ) ;
#2497 = DIRECTION ( 'NONE',  ( 0.000000000000000000, 0.000000000000000000, -1.000000000000000000 ) ) ;
#2498 = AXIS2_PLACEMENT_3D ( 'NONE', #6811, #1949, #504 ) ;
#2499 = ADVANCED_FACE ( 'NONE', ( #94 ), #7935, .T. ) ;
#2500 = ORIENTED_EDGE ( 'NONE', *, *, #4314, .F. ) ;
#2501 = EDGE_LOOP ( 'NONE', ( #8123, #6171, #1872, #3272 ) ) ;
#2502 = CARTESIAN_POINT ( 'NONE',  ( 1.499999999999999556, -5.532554621990625421, 1.010057104667956951 ) ) ;
#2503 = DIRECTION ( 'NONE',  ( -1.000000000000000000, 0.000000000000000000, -0.000000000000000000 ) ) ;
#2504 = ADVANCED_FACE ( 'NONE', ( #6400 ), #8760, .T. ) ;
#2505 = PRODUCT ( 'PCB', 'PCB', '', ( #7539 ) ) ;
#2506 = EDGE_LOOP ( 'NONE', ( #2090, #9305, #1474, #8684 ) ) ;
#2507 = EDGE_CURVE ( 'NONE', #5581, #7607, #4248, .T. ) ;
#2508 = EDGE_LOOP ( 'NONE', ( #5499, #221 ) ) ;
#2509 = CARTESIAN_POINT ( 'NONE',  ( 0.000000000000000000, 0.000000000000000000, 0.000000000000000000 ) ) ;
#2510 = CARTESIAN_POINT ( 'NONE',  ( 0.000000000000000000, 5.551719098988212586, 0.9834709102464908037 ) ) ;
#2511 = DIRECTION ( 'NONE',  ( -1.000000000000000000, -0.000000000000000000, 0.000000000000000000 ) ) ;
#2512 = DIRECTION ( 'NONE',  ( -1.000000000000000000, -0.000000000000000000, -0.000000000000000000 ) ) ;
#2513 = DIRECTION ( 'NONE',  ( -1.000000000000000000, -0.000000000000000000, -0.000000000000000000 ) ) ;
#2514 = ORIENTED_EDGE ( 'NONE', *, *, #4541, .F. ) ;
#2515 = EDGE_CURVE ( 'NONE', #3376, #1993, #9683, .T. ) ;
#2516 = DIRECTION ( 'NONE',  ( 0.000000000000000000, -0.9510565162951500895, -0.3090169943749579984 ) ) ;
#2517 = SHAPE_REPRESENTATION_RELATIONSHIP ( 'NONE' , 'NONE' ,  #6093, #6734 ) ;
#2518 = VECTOR ( 'NONE', #84, 1000.000000000000000 ) ;
#2519 = ORIENTED_EDGE ( 'NONE', *, *, #5446, .F. ) ;
#2520 = CYLINDRICAL_SURFACE ( 'NONE', #1466, 2.399999999999999911 ) ;
#2521 = CARTESIAN_POINT ( 'NONE',  ( 0.000000000000000000, 4.500131487637591299, -3.396706725542285366 ) ) ;
#2522 = CARTESIAN_POINT ( 'NONE',  ( 0.000000000000000000, 31.00000000000000000, 0.000000000000000000 ) ) ;
#2523 = CYLINDRICAL_SURFACE ( 'NONE', #1544, 0.7200000000000004174 ) ;
#2524 = STYLED_ITEM ( 'NONE', ( #6518 ), #6822 ) ;
#2525 = ORIENTED_EDGE ( 'NONE', *, *, #7705, .T. ) ;
#2526 = UNCERTAINTY_MEASURE_WITH_UNIT (LENGTH_MEASURE( 1.000000000000000082E-05 ), #727, 'distance_accuracy_value', 'NONE');
#2527 = CIRCLE ( 'NONE', #8262, 0.7200000000000003064 ) ;
#2528 = ORIENTED_EDGE ( 'NONE', *, *, #4324, .T. ) ;
#2529 = CARTESIAN_POINT ( 'NONE',  ( 3.404357727003020528, 3.919999999999999041, 1.000000000000000000 ) ) ;
#2530 = CARTESIAN_POINT ( 'NONE',  ( 1.499999999999999556, 0.000000000000000000, 0.000000000000000000 ) ) ;
#2532 = FACE_OUTER_BOUND ( 'NONE', #2716, .T. ) ;
#2531 = DIRECTION ( 'NONE',  ( -1.000000000000000000, -0.000000000000000000, -0.000000000000000000 ) ) ;
#2533 = EDGE_CURVE ( 'NONE', #92, #6389, #8365, .T. ) ;
#2534 = ORIENTED_EDGE ( 'NONE', *, *, #3623, .F. ) ;
#2535 = ORIENTED_EDGE ( 'NONE', *, *, #238, .F. ) ;
#2537 = VECTOR ( 'NONE', #6378, 1000.000000000000000 ) ;
#2536 = UNCERTAINTY_MEASURE_WITH_UNIT (LENGTH_MEASURE( 1.000000000000000082E-05 ), #6177, 'distance_accuracy_value', 'NONE');
#2538 = DIRECTION ( 'NONE',  ( 1.000000000000000000, -0.000000000000000000, -0.000000000000000000 ) ) ;
#2539 = CONTEXT_DEPENDENT_SHAPE_REPRESENTATION ( #7236, #5779 ) ;
#2540 = DIRECTION ( 'NONE',  ( 0.000000000000000000, 0.000000000000000000, 1.000000000000000000 ) ) ;
#2541 = ORIENTED_EDGE ( 'NONE', *, *, #5810, .T. ) ;
#2542 = CYLINDRICAL_SURFACE ( 'NONE', #3178, 5.624000000000004107 ) ;
#2543 = DIRECTION ( 'NONE',  ( 0.000000000000000000, 0.5877852522924742473, -0.8090169943749465631 ) ) ;
#2544 = ORIENTED_EDGE ( 'NONE', *, *, #832, .F. ) ;
#2545 = AXIS2_PLACEMENT_3D ( 'NONE', #7845, #6103, #9379 ) ;
#2546 = LINE ( 'NONE', #7267, #971 ) ;
#2547 = CARTESIAN_POINT ( 'NONE',  ( 0.7499999999999997780, 0.5964270824953672445, -2.013522966163054928 ) ) ;
#2548 = ORIENTED_EDGE ( 'NONE', *, *, #577, .F. ) ;
#2549 = ORIENTED_EDGE ( 'NONE', *, *, #7275, .F. ) ;
#2550 =( NAMED_UNIT ( * ) PLANE_ANGLE_UNIT ( ) SI_UNIT ( $, .RADIAN. ) );
#2551 = CARTESIAN_POINT ( 'NONE',  ( 1.499999999999999556, 4.163316962856852932, -4.728296930903175266 ) ) ;
#2552 = PRODUCT_DEFINITION ( 'UNKNOWN', '', #154, #8892 ) ;
#2553 = ADVANCED_FACE ( 'NONE', ( #9777 ), #6748, .T. ) ;
#2554 = AXIS2_PLACEMENT_3D ( 'NONE', #4429, #1402, #6776 ) ;
#2555 = ORIENTED_EDGE ( 'NONE', *, *, #1288, .T. ) ;
#2556 = ORIENTED_EDGE ( 'NONE', *, *, #2134, .F. ) ;
#2557 = CARTESIAN_POINT ( 'NONE',  ( 0.000000000000000000, 0.9834709102465506447, -5.551719098988201040 ) ) ;
#2558 = CARTESIAN_POINT ( 'NONE',  ( 1.499999999999999556, 0.5626935397822415696, -1.308110079575618201 ) ) ;
#2559 = DIRECTION ( 'NONE',  ( -1.000000000000000000, 0.000000000000000000, -0.000000000000000000 ) ) ;
#2560 = DIRECTION ( 'NONE',  ( 0.000000000000000000, 1.000000000000000000, 3.491481338843132961E-15 ) ) ;
#2561 = DIRECTION ( 'NONE',  ( -1.000000000000000000, 0.000000000000000000, 0.000000000000000000 ) ) ;
#2562 = VERTEX_POINT ( 'NONE', #2694 ) ;
#2563 = CIRCLE ( 'NONE', #3867, 5.624000000000004107 ) ;
#2564 = DIRECTION ( 'NONE',  ( -1.000000000000000000, 0.000000000000000000, 0.000000000000000000 ) ) ;
#2565 = EDGE_CURVE ( 'NONE', #6351, #1845, #6722, .T. ) ;
#2566 = CIRCLE ( 'NONE', #3873, 2.399999999999999467 ) ;
#2567 = FILL_AREA_STYLE ('',( #8124 ) ) ;
#2568 = EDGE_CURVE ( 'NONE', #2139, #9464, #7417, .T. ) ;
#2569 = ORIENTED_EDGE ( 'NONE', *, *, #8020, .F. ) ;
#2570 = LINE ( 'NONE', #1754, #2603 ) ;
#2571 = CARTESIAN_POINT ( 'NONE',  ( 0.000000000000000000, 5.393104387681774803, -1.644148730784154688 ) ) ;
#2572 = AXIS2_PLACEMENT_3D ( 'NONE', #98, #4925, #9003 ) ;
#2573 = DIRECTION ( 'NONE',  ( -1.000000000000000000, -0.000000000000000000, -0.000000000000000000 ) ) ;
#2574 = CARTESIAN_POINT ( 'NONE',  ( 0.000000000000000000, 1.141361939784620860, -0.8515097899678467641 ) ) ;
#2575 = EDGE_CURVE ( 'NONE', #5763, #10048, #1321, .T. ) ;
#2576 = VERTEX_POINT ( 'NONE', #5881 ) ;
#2577 = CIRCLE ( 'NONE', #9623, 2.400000000000000355 ) ;
#2578 = ADVANCED_FACE ( 'NONE', ( #5935 ), #4452, .T. ) ;
#2579 = ORIENTED_EDGE ( 'NONE', *, *, #7623, .T. ) ;
#2580 = CARTESIAN_POINT ( 'NONE',  ( 0.000000000000000000, 0.000000000000000000, -0.9454937898344801805 ) ) ;
#2582 = LINE ( 'NONE', #998, #6904 ) ;
#2581 = DIRECTION ( 'NONE',  ( 0.000000000000000000, 1.000000000000000000, 0.000000000000000000 ) ) ;
#2583 = ORIENTED_EDGE ( 'NONE', *, *, #4213, .T. ) ;
#2584 = VERTEX_POINT ( 'NONE', #9061 ) ;
#2585 = CARTESIAN_POINT ( 'NONE',  ( 0.7499999999999997780, 6.272408882937939190, -0.5889709714758770698 ) ) ;
#2586 = AXIS2_PLACEMENT_3D ( 'NONE', #5774, #7309, #8082 ) ;
#2587 = VERTEX_POINT ( 'NONE', #8341 ) ;
#2588 = ADVANCED_FACE ( 'NONE', ( #9161 ), #2846, .T. ) ;
#2589 = AXIS2_PLACEMENT_3D ( 'NONE', #9254, #1467, #6995 ) ;
#2590 = CARTESIAN_POINT ( 'NONE',  ( 1.499999999999999556, 0.000000000000000000, 0.000000000000000000 ) ) ;
#2591 = ORIENTED_EDGE ( 'NONE', *, *, #3320, .T. ) ;
#2592 = DIRECTION ( 'NONE',  ( -1.000000000000000000, -0.000000000000000000, 0.000000000000000000 ) ) ;
#2593 = DIRECTION ( 'NONE',  ( -1.000000000000000000, 0.000000000000000000, -0.000000000000000000 ) ) ;
#2594 = ORIENTED_EDGE ( 'NONE', *, *, #4250, .T. ) ;
#2595 = AXIS2_PLACEMENT_3D ( 'NONE', #215, #4946, #4995 ) ;
#2596 = EDGE_CURVE ( 'NONE', #4638, #9310, #8890, .T. ) ;
#2597 = DIRECTION ( 'NONE',  ( 0.000000000000000000, 1.000000000000000000, 0.000000000000000000 ) ) ;
#2598 = ORIENTED_EDGE ( 'NONE', *, *, #7771, .F. ) ;
#2599 = CIRCLE ( 'NONE', #8836, 2.399999999999999911 ) ;
#2600 = ORIENTED_EDGE ( 'NONE', *, *, #3339, .F. ) ;
#2601 = ORIENTED_EDGE ( 'NONE', *, *, #4314, .T. ) ;
#2602 = DIRECTION ( 'NONE',  ( -1.000000000000000000, -0.000000000000000000, -0.000000000000000000 ) ) ;
#2603 = VECTOR ( 'NONE', #5697, 1000.000000000000000 ) ;
#2604 = EDGE_LOOP ( 'NONE', ( #4818, #3920, #1558, #6237 ) ) ;
#2605 = CARTESIAN_POINT ( 'NONE',  ( 1.499999999999999556, 4.976089400993465084, -2.650911967359915078 ) ) ;
#2606 = DIRECTION ( 'NONE',  ( 0.000000000000000000, 0.000000000000000000, 1.000000000000000000 ) ) ;
#2607 = CARTESIAN_POINT ( 'NONE',  ( 1.499999999999999556, 0.000000000000000000, 0.000000000000000000 ) ) ;
#2608 = FILL_AREA_STYLE ('',( #101 ) ) ;
#2609 = VERTEX_POINT ( 'NONE', #5834 ) ;
#2610 = EDGE_CURVE ( 'NONE', #689, #536, #4397, .T. ) ;
#2611 = DIRECTION ( 'NONE',  ( 1.000000000000000000, 0.000000000000000000, 0.000000000000000000 ) ) ;
#2612 = CIRCLE ( 'NONE', #3927, 1.000000000000000000 ) ;
#2613 = VERTEX_POINT ( 'NONE', #9012 ) ;
#2614 = CARTESIAN_POINT ( 'NONE',  ( 0.000000000000000000, 0.000000000000000000, 0.000000000000000000 ) ) ;
#2615 = CARTESIAN_POINT ( 'NONE',  ( 0.7499999999999997780, -2.013522966163065142, 0.5964270824953320504 ) ) ;
#2616 = CARTESIAN_POINT ( 'NONE',  ( 0.000000000000000000, 1.308110079575623974, 0.5626935397822278029 ) ) ;
#2617 = DIRECTION ( 'NONE',  ( -0.000000000000000000, -0.000000000000000000, -1.000000000000000000 ) ) ;
#2618 = ADVANCED_FACE ( 'NONE', ( #8290 ), #3468, .T. ) ;
#2619 = AXIS2_PLACEMENT_3D ( 'NONE', #9956, #4673, #2917 ) ;
#2620 = VERTEX_POINT ( 'NONE', #8241 ) ;
#2621 = PRODUCT_DEFINITION_CONTEXT ( 'detailed design', #3491, 'design' ) ;
#2622 = EDGE_CURVE ( 'NONE', #1993, #8193, #5746, .T. ) ;
#2623 = AXIS2_PLACEMENT_3D ( 'NONE', #5025, #8152, #9839 ) ;
#2624 = VERTEX_POINT ( 'NONE', #8194 ) ;
#2625 = DIRECTION ( 'NONE',  ( -1.000000000000000000, -0.000000000000000000, 0.000000000000000000 ) ) ;
#2626 = DIRECTION ( 'NONE',  ( 0.000000000000000000, 0.000000000000000000, 1.000000000000000000 ) ) ;
#2627 = EDGE_CURVE ( 'NONE', #4652, #3257, #9830, .T. ) ;
#2628 = EDGE_LOOP ( 'NONE', ( #444, #4018, #9627, #8326 ) ) ;
#2629 = ORIENTED_EDGE ( 'NONE', *, *, #5048, .F. ) ;
#2630 = EDGE_CURVE ( 'NONE', #5358, #984, #4278, .T. ) ;
#2631 = AXIS2_PLACEMENT_3D ( 'NONE', #912, #1629, #6292 ) ;
#2632 = DIRECTION ( 'NONE',  ( 0.000000000000000000, 0.000000000000000000, 1.000000000000000000 ) ) ;
#2633 = VERTEX_POINT ( 'NONE', #7671 ) ;
#2634 = CIRCLE ( 'NONE', #7878, 5.624000000000004995 ) ;
#2635 = FACE_OUTER_BOUND ( 'NONE', #1254, .T. ) ;
#2636 = ORIENTED_EDGE ( 'NONE', *, *, #4517, .F. ) ;
#2637 = APPLICATION_CONTEXT ( 'automotive_design' ) ;
#2638 = SURFACE_STYLE_FILL_AREA ( #5975 ) ;
#2639 = DIRECTION ( 'NONE',  ( 0.000000000000000000, -0.000000000000000000, -1.000000000000000000 ) ) ;
#2640 = ORIENTED_EDGE ( 'NONE', *, *, #5039, .F. ) ;
#2641 = FACE_OUTER_BOUND ( 'NONE', #8601, .T. ) ;
#2642 = DIRECTION ( 'NONE',  ( 1.000000000000000000, 0.000000000000000000, 0.000000000000000000 ) ) ;
#2643 = COLOUR_RGB ( '',0.7921568627450980005, 0.8196078431372548767, 0.9333333333333333481 ) ;
#2644 = AXIS2_PLACEMENT_3D ( 'NONE', #571, #9916, #1779 ) ;
#2645 = ORIENTED_EDGE ( 'NONE', *, *, #3623, .T. ) ;
#2646 = ORIENTED_EDGE ( 'NONE', *, *, #4647, .F. ) ;
#2647 = CARTESIAN_POINT ( 'NONE',  ( -10.00000000000000000, 0.000000000000000000, 0.000000000000000000 ) ) ;
#2648 = ORIENTED_EDGE ( 'NONE', *, *, #9718, .F. ) ;
#2649 = DIRECTION ( 'NONE',  ( 0.000000000000000000, 0.000000000000000000, -1.000000000000000000 ) ) ;
#2650 = AXIS2_PLACEMENT_3D ( 'NONE', #7805, #13, #3195 ) ;
#2651 = MECHANICAL_DESIGN_GEOMETRIC_PRESENTATION_REPRESENTATION (  '', ( #5767 ), #4136 ) ;
#2652 = CIRCLE ( 'NONE', #3634, 6.299999999999999822 ) ;
#2653 = ORIENTED_EDGE ( 'NONE', *, *, #2726, .T. ) ;
#2654 = VECTOR ( 'NONE', #1573, 1000.000000000000000 ) ;
#2655 = CARTESIAN_POINT ( 'NONE',  ( 1.499999999999999556, 0.000000000000000000, 0.000000000000000000 ) ) ;
#2656 = CARTESIAN_POINT ( 'NONE',  ( 1.499999999999999556, -5.069504796178954997, -2.467573931392955444 ) ) ;
#2657 = DIRECTION ( 'NONE',  ( -1.000000000000000000, 0.000000000000000000, -0.000000000000000000 ) ) ;
#2658 = DIRECTION ( 'NONE',  ( -0.000000000000000000, -0.000000000000000000, -1.000000000000000000 ) ) ;
#2659 = EDGE_CURVE ( 'NONE', #516, #1057, #1027, .T. ) ;
#2660 = VERTEX_POINT ( 'NONE', #8546 ) ;
#2661 = DIRECTION ( 'NONE',  ( 0.000000000000000000, 0.8910065241883690090, -0.4539904997395446951 ) ) ;
#2662 = ORIENTED_EDGE ( 'NONE', *, *, #9897, .F. ) ;
#2663 = CARTESIAN_POINT ( 'NONE',  ( 1.499999999999999556, -3.372391021478430506, 5.321370011402295042 ) ) ;
#2664 = DIRECTION ( 'NONE',  ( -1.000000000000000000, -0.000000000000000000, 0.000000000000000000 ) ) ;
#2665 = DIRECTION ( 'NONE',  ( 0.000000000000000000, 0.000000000000000000, 1.000000000000000000 ) ) ;
#2666 = PRODUCT ( 'Gear Assembley13', 'Gear Assembley13', '', ( #602 ) ) ;
#2667 = CYLINDRICAL_SURFACE ( 'NONE', #4657, 5.624000000000004107 ) ;
#2668 = EDGE_LOOP ( 'NONE', ( #7480, #679, #9684, #3241 ) ) ;
#2669 = PRODUCT_RELATED_PRODUCT_CATEGORY ( 'part', '', ( #1121 ) ) ;
#2670 = ORIENTED_EDGE ( 'NONE', *, *, #8023, .T. ) ;
#2671 = EDGE_CURVE ( 'NONE', #9209, #6131, #9373, .T. ) ;
#2672 = DIRECTION ( 'NONE',  ( -1.000000000000000000, -0.000000000000000000, -0.000000000000000000 ) ) ;
#2673 = AXIS2_PLACEMENT_3D ( 'NONE', #6526, #9664, #7301 ) ;
#2674 = CARTESIAN_POINT ( 'NONE',  ( 1.499999999999999556, 0.000000000000000000, 0.000000000000000000 ) ) ;
#2675 = ORIENTED_EDGE ( 'NONE', *, *, #1248, .F. ) ;
#2676 = ORIENTED_EDGE ( 'NONE', *, *, #4210, .T. ) ;
#2677 = DIRECTION ( 'NONE',  ( 0.000000000000000000, 0.000000000000000000, 1.000000000000000000 ) ) ;
#2678 = COLOUR_RGB ( '',0.000000000000000000, 0.000000000000000000, 1.000000000000000000 ) ;
#2679 = ADVANCED_FACE ( 'NONE', ( #2233 ), #9306, .T. ) ;
#2680 = DIRECTION ( 'NONE',  ( -0.000000000000000000, -1.000000000000000000, -0.000000000000000000 ) ) ;
#2681 = ORIENTED_EDGE ( 'NONE', *, *, #7149, .F. ) ;
#2682 = EDGE_CURVE ( 'NONE', #3885, #2246, #6262, .T. ) ;
#2683 = LINE ( 'NONE', #9055, #4167 ) ;
#2684 = EDGE_LOOP ( 'NONE', ( #9303, #6041, #7393, #3353 ) ) ;
#2685 = CARTESIAN_POINT ( 'NONE',  ( 1.499999999999999556, -5.306431951017064108, 1.863103848212783964 ) ) ;
#2686 =( NAMED_UNIT ( * ) SI_UNIT ( $, .STERADIAN. ) SOLID_ANGLE_UNIT ( ) );
#2687 = CIRCLE ( 'NONE', #4339, 6.300000000000000711 ) ;
#2688 = ORIENTED_EDGE ( 'NONE', *, *, #7569, .T. ) ;
#2689 = EDGE_CURVE ( 'NONE', #4458, #5108, #4615, .T. ) ;
#2690 = CIRCLE ( 'NONE', #4316, 2.399999999999999467 ) ;
#2691 = CYLINDRICAL_SURFACE ( 'NONE', #4990, 1.000000000000000000 ) ;
#2692 = CIRCLE ( 'NONE', #8431, 0.7200000000000004174 ) ;
#2693 = ORIENTED_EDGE ( 'NONE', *, *, #4045, .F. ) ;
#2694 = CARTESIAN_POINT ( 'NONE',  ( 0.000000000000000000, -4.018797487647422173, -4.851728223352867353 ) ) ;
#2695 = AXIS2_PLACEMENT_3D ( 'NONE', #8048, #4873, #292 ) ;
#2696 = VECTOR ( 'NONE', #5761, 1000.000000000000000 ) ;
#2697 = VERTEX_POINT ( 'NONE', #8394 ) ;
#2698 = CARTESIAN_POINT ( 'NONE',  ( 1.499999999999999556, 0.000000000000000000, 0.000000000000000000 ) ) ;
#2699 = DIRECTION ( 'NONE',  ( -1.000000000000000000, 0.000000000000000000, 0.000000000000000000 ) ) ;
#2700 = CARTESIAN_POINT ( 'NONE',  ( 1.499999999999999556, 3.913365401975939850, -4.058863291118488981 ) ) ;
#2701 = LINE ( 'NONE', #346, #3442 ) ;
#2702 = VERTEX_POINT ( 'NONE', #7770 ) ;
#2703 = EDGE_CURVE ( 'NONE', #392, #1675, #5461, .T. ) ;
#2704 = PLANE ( 'NONE',  #2183 ) ;
#2705 = CARTESIAN_POINT ( 'NONE',  ( 0.000000000000000000, 40.00000000000000000, 0.000000000000000000 ) ) ;
#2706 = ADVANCED_FACE ( 'NONE', ( #7051 ), #1521, .T. ) ;
#2707 = CARTESIAN_POINT ( 'NONE',  ( -3.777164299333000130, 9.040373503540248379, 35.61913962260836541 ) ) ;
#2708 = DIRECTION ( 'NONE',  ( 0.000000000000000000, 0.3090169943749481729, -0.9510565162951534202 ) ) ;
#2709 = EDGE_LOOP ( 'NONE', ( #7958, #2886, #8677, #2946 ) ) ;
#2710 = CARTESIAN_POINT ( 'NONE',  ( 0.000000000000000000, 0.000000000000000000, 0.000000000000000000 ) ) ;
#2711 = CYLINDRICAL_SURFACE ( 'NONE', #3231, 2.399999999999999467 ) ;
#2712 = DIRECTION ( 'NONE',  ( 0.000000000000000000, 0.8090169943749445647, 0.5877852522924770229 ) ) ;
#2713 = CARTESIAN_POINT ( 'NONE',  ( 0.000000000000000000, -5.856144462747240098, 2.322837065193083195 ) ) ;
#2714 = CIRCLE ( 'NONE', #4683, 2.400000000000000355 ) ;
#2715 = EDGE_CURVE ( 'NONE', #4981, #1119, #5422, .T. ) ;
#2716 = EDGE_LOOP ( 'NONE', ( #10079, #7308, #2055, #1525 ) ) ;
#2717 = PRODUCT_DEFINITION_CONTEXT ( 'detailed design', #4554, 'design' ) ;
#2718 = AXIS2_PLACEMENT_3D ( 'NONE', #6928, #8525, #6164 ) ;
#2719 = ORIENTED_EDGE ( 'NONE', *, *, #3329, .F. ) ;
#2720 = CARTESIAN_POINT ( 'NONE',  ( 0.000000000000000000, 0.000000000000000000, 0.000000000000000000 ) ) ;
#2721 = FACE_OUTER_BOUND ( 'NONE', #764, .T. ) ;
#2722 = DIRECTION ( 'NONE',  ( -1.000000000000000000, 0.000000000000000000, 0.000000000000000000 ) ) ;
#2723 = EDGE_LOOP ( 'NONE', ( #2730, #2399, #1518, #1740 ) ) ;
#2724 = CIRCLE ( 'NONE', #4547, 6.299999999999999822 ) ;
#2725 = EDGE_LOOP ( 'NONE', ( #8043, #4496, #9221, #3862 ) ) ;
#2726 = EDGE_CURVE ( 'NONE', #6217, #9448, #180, .T. ) ;
#2727 = DIRECTION ( 'NONE',  ( 0.000000000000000000, 1.000000000000000000, 0.000000000000000000 ) ) ;
#2728 = CARTESIAN_POINT ( 'NONE',  ( 0.000000000000000000, -0.7490320092780753392, 5.573896935634610195 ) ) ;
#2729 = ORIENTED_EDGE ( 'NONE', *, *, #1809, .T. ) ;
#2730 = ORIENTED_EDGE ( 'NONE', *, *, #862, .T. ) ;
#2732 = FILL_AREA_STYLE_COLOUR ( '', #2811 ) ;
#2731 = DIRECTION ( 'NONE',  ( 0.000000000000000000, 0.000000000000000000, -1.000000000000000000 ) ) ;
#2733 = VERTEX_POINT ( 'NONE', #5307 ) ;
#2734 = DIRECTION ( 'NONE',  ( -1.000000000000000000, -0.000000000000000000, -0.000000000000000000 ) ) ;
#2735 = SHAPE_REPRESENTATION_RELATIONSHIP ( 'NONE' , 'NONE' ,  #8576, #725 ) ;
#2736 = EDGE_CURVE ( 'NONE', #380, #5027, #5917, .T. ) ;
#2737 = ORIENTED_EDGE ( 'NONE', *, *, #8477, .F. ) ;
#2738 = DIRECTION ( 'NONE',  ( 0.000000000000000000, 0.000000000000000000, 1.000000000000000000 ) ) ;
#2739 = ORIENTED_EDGE ( 'NONE', *, *, #6007, .F. ) ;
#2740 = CARTESIAN_POINT ( 'NONE',  ( 0.7499999999999997780, -0.5964270824953533667, 2.013522966163058481 ) ) ;
#2741 = AXIS2_PLACEMENT_3D ( 'NONE', #6277, #2127, #5255 ) ;
#2742 = VECTOR ( 'NONE', #102, 1000.000000000000000 ) ;
#2743 = EDGE_CURVE ( 'NONE', #6857, #8188, #586, .T. ) ;
#2744 = VERTEX_POINT ( 'NONE', #26 ) ;
#2745 = DIRECTION ( 'NONE',  ( -1.000000000000000000, -0.000000000000000000, -0.000000000000000000 ) ) ;
#2746 = CYLINDRICAL_SURFACE ( 'NONE', #9378, 2.399999999999999911 ) ;
#2747 = ORIENTED_EDGE ( 'NONE', *, *, #4953, .F. ) ;
#2748 = CARTESIAN_POINT ( 'NONE',  ( 0.000000000000000000, -6.287320479970236242, 0.3995011666401461214 ) ) ;
#2749 = CARTESIAN_POINT ( 'NONE',  ( 0.000000000000000000, 0.000000000000000000, -97.00000000000000000 ) ) ;
#2750 = EDGE_CURVE ( 'NONE', #422, #3150, #1827, .T. ) ;
#2751 = CIRCLE ( 'NONE', #5868, 5.624000000000003219 ) ;
#2752 = ORIENTED_EDGE ( 'NONE', *, *, #1413, .T. ) ;
#2753 = MECHANICAL_DESIGN_GEOMETRIC_PRESENTATION_REPRESENTATION (  '', ( #5385 ), #2442 ) ;
#2754 = FILL_AREA_STYLE ('',( #2091 ) ) ;
#2755 = AXIS2_PLACEMENT_3D ( 'NONE', #9296, #3861, #8429 ) ;
#2756 = EDGE_CURVE ( 'NONE', #7969, #2240, #505, .T. ) ;
#2757 = CARTESIAN_POINT ( 'NONE',  ( 0.000000000000000000, 0.000000000000000000, 0.000000000000000000 ) ) ;
#2758 = AXIS2_PLACEMENT_3D ( 'NONE', #3106, #3006, #2952 ) ;
#2759 = CARTESIAN_POINT ( 'NONE',  ( 8.253290011683898086, 7.130007046070324428, 8.119139622608392060 ) ) ;
#2760 = DIRECTION ( 'NONE',  ( -1.000000000000000000, 0.000000000000000000, -0.000000000000000000 ) ) ;
#2761 = EDGE_LOOP ( 'NONE', ( #1889, #5819, #4333, #2629 ) ) ;
#2762 = PRODUCT_DEFINITION_FORMATION_WITH_SPECIFIED_SOURCE ( 'ANY', '', #7674, .NOT_KNOWN. ) ;
#2763 = CARTESIAN_POINT ( 'NONE',  ( 1.499999999999999556, -1.308110079575620199, -0.5626935397822370177 ) ) ;
#2764 = DIRECTION ( 'NONE',  ( -1.000000000000000000, 0.000000000000000000, 0.000000000000000000 ) ) ;
#2765 = CARTESIAN_POINT ( 'NONE',  ( 0.000000000000000000, 0.000000000000000000, 0.000000000000000000 ) ) ;
#2766 = AXIS2_PLACEMENT_3D ( 'NONE', #2163, #3904, #6064 ) ;
#2767 = FACE_OUTER_BOUND ( 'NONE', #3986, .T. ) ;
#2768 = CARTESIAN_POINT ( 'NONE',  ( 0.7499999999999997780, -2.041975581048274258, -0.4902404781355405583 ) ) ;
#2769 = VECTOR ( 'NONE', #1733, 1000.000000000000000 ) ;
#2770 = ORIENTED_EDGE ( 'NONE', *, *, #862, .F. ) ;
#2771 = ORIENTED_EDGE ( 'NONE', *, *, #8220, .T. ) ;
#2772 = DIRECTION ( 'NONE',  ( -1.000000000000000000, -0.000000000000000000, -0.000000000000000000 ) ) ;
#2773 = DIRECTION ( 'NONE',  ( -1.000000000000000000, 0.000000000000000000, 0.000000000000000000 ) ) ;
#2774 = DIRECTION ( 'NONE',  ( -1.000000000000000000, 0.000000000000000000, -0.000000000000000000 ) ) ;
#2775 = CIRCLE ( 'NONE', #4432, 1.423999999999999488 ) ;
#2776 = ORIENTED_EDGE ( 'NONE', *, *, #6516, .F. ) ;
#2777 = EDGE_CURVE ( 'NONE', #4630, #9339, #7723, .T. ) ;
#2778 = VERTEX_POINT ( 'NONE', #8493 ) ;
#2779 = CARTESIAN_POINT ( 'NONE',  ( 1.499999999999999556, -5.783413301606143087, 2.498425620827069427 ) ) ;
#2780 = AXIS2_PLACEMENT_3D ( 'NONE', #6410, #9544, #9640 ) ;
#2781 = DIRECTION ( 'NONE',  ( -1.000000000000000000, 0.000000000000000000, 0.000000000000000000 ) ) ;
#2782 = VERTEX_POINT ( 'NONE', #3775 ) ;
#2783 = AXIS2_PLACEMENT_3D ( 'NONE', #4974, #916, #4048 ) ;
#2784 = ORIENTED_EDGE ( 'NONE', *, *, #8265, .T. ) ;
#2786 = SURFACE_STYLE_USAGE ( .BOTH. , #5776 ) ;
#2785 = DIRECTION ( 'NONE',  ( 0.000000000000000000, 0.3090169943749481174, -0.9510565162951533091 ) ) ;
#2787 = ORIENTED_EDGE ( 'NONE', *, *, #7516, .T. ) ;
#2788 = DIRECTION ( 'NONE',  ( -1.000000000000000000, 0.000000000000000000, 0.000000000000000000 ) ) ;
#2789 =( NAMED_UNIT ( * ) PLANE_ANGLE_UNIT ( ) SI_UNIT ( $, .RADIAN. ) );
#2790 = STYLED_ITEM ( 'NONE', ( #4096 ), #725 ) ;
#2791 = ORIENTED_EDGE ( 'NONE', *, *, #5801, .F. ) ;
#2792 = CARTESIAN_POINT ( 'NONE',  ( -3.590000000000002967, 30.00000000000000000, -15.96000000000000263 ) ) ;
#2793 = CIRCLE ( 'NONE', #6900, 0.7200000000000005285 ) ;
#2794 = AXIS2_PLACEMENT_3D ( 'NONE', #3100, #3825, #4553 ) ;
#2795 = ORIENTED_EDGE ( 'NONE', *, *, #7015, .F. ) ;
#2796 = DIRECTION ( 'NONE',  ( -1.000000000000000000, 0.000000000000000000, 0.000000000000000000 ) ) ;
#2797 = ORIENTED_EDGE ( 'NONE', *, *, #994, .T. ) ;
#2798 = ADVANCED_FACE ( 'NONE', ( #6282 ), #9987, .T. ) ;
#2799 = STYLED_ITEM ( 'NONE', ( #8946 ), #3722 ) ;
#2800 = CARTESIAN_POINT ( 'NONE',  ( 1.499999999999999556, 0.000000000000000000, 1.423999999999999488 ) ) ;
#2802 = EDGE_CURVE ( 'NONE', #3879, #8551, #6949, .T. ) ;
#2801 = CARTESIAN_POINT ( 'NONE',  ( 1.499999999999999556, -0.9834709102465094555, 5.551719098988208145 ) ) ;
#2803 = EDGE_LOOP ( 'NONE', ( #2688, #6524, #9001, #5159 ) ) ;
#2804 = CYLINDRICAL_SURFACE ( 'NONE', #9548, 2.399999999999999467 ) ;
#2805 = AXIS2_PLACEMENT_3D ( 'NONE', #4733, #1501, #2167 ) ;
#2806 = CARTESIAN_POINT ( 'NONE',  ( -24.99999999999999645, 19.99999999999999645, 25.00000000000000000 ) ) ;
#2807 = DIRECTION ( 'NONE',  ( 0.000000000000000000, 1.000000000000000000, 0.000000000000000000 ) ) ;
#2808 = EDGE_LOOP ( 'NONE', ( #9320, #6445 ) ) ;
#2809 = LINE ( 'NONE', #2857, #5318 ) ;
#2810 = EDGE_CURVE ( 'NONE', #6421, #422, #9030, .T. ) ;
#2811 = COLOUR_RGB ( '',0.4235294117647058765, 0.000000000000000000, 0.2941176470588235392 ) ;
#2812 = CARTESIAN_POINT ( 'NONE',  ( 0.7499999999999997780, -3.372391021478430950, 5.321370011402295930 ) ) ;
#2813 = VECTOR ( 'NONE', #7991, 1000.000000000000000 ) ;
#2814 = EDGE_CURVE ( 'NONE', #2988, #5104, #3205, .T. ) ;
#2815 = DIRECTION ( 'NONE',  ( 0.000000000000000000, 0.000000000000000000, -1.000000000000000000 ) ) ;
#2816 = ORIENTED_EDGE ( 'NONE', *, *, #4084, .F. ) ;
#2817 = CARTESIAN_POINT ( 'NONE',  ( -2.950000000000001066, 40.00000000000000000, -23.79000000000000625 ) ) ;
#2818 = DIRECTION ( 'NONE',  ( -1.000000000000000000, 0.000000000000000000, 0.000000000000000000 ) ) ;
#2819 = CARTESIAN_POINT ( 'NONE',  ( 1.499999999999999556, -1.487860405372502637, -0.8045268254124350316 ) ) ;
#2820 = FACE_OUTER_BOUND ( 'NONE', #5607, .T. ) ;
#2821 = EDGE_CURVE ( 'NONE', #8231, #6076, #844, .T. ) ;
#2822 = SURFACE_STYLE_FILL_AREA ( #2005 ) ;
#2823 = VECTOR ( 'NONE', #1849, 1000.000000000000000 ) ;
#2824 = EDGE_LOOP ( 'NONE', ( #3976, #4564, #1364, #6646 ) ) ;
#2825 = CARTESIAN_POINT ( 'NONE',  ( 11.99999999999999645, 40.00000000000000000, 12.00000000000000178 ) ) ;
#2826 = CARTESIAN_POINT ( 'NONE',  ( 1.499999999999999556, 1.644148730784134926, 5.393104387681780132 ) ) ;
#2827 = DIRECTION ( 'NONE',  ( 0.000000000000000000, 0.000000000000000000, 1.000000000000000000 ) ) ;
#2828 = CARTESIAN_POINT ( 'NONE',  ( 1.499999999999999556, 0.8862614956314109893, -1.440670871519450280 ) ) ;
#2829 = VERTEX_POINT ( 'NONE', #2390 ) ;
#2830 = VERTEX_POINT ( 'NONE', #5515 ) ;
#2831 = PRODUCT ( 'Box of gear train', 'Box of gear train', '', ( #2094 ) ) ;
#2832 = DIRECTION ( 'NONE',  ( -1.000000000000000000, -0.000000000000000000, 0.000000000000000000 ) ) ;
#2833 = EDGE_CURVE ( 'NONE', #9538, #2303, #6409, .T. ) ;
#2834 = CARTESIAN_POINT ( 'NONE',  ( 0.000000000000000000, 4.163316962856790759, 4.728296930903230333 ) ) ;
#2835 = ORIENTED_EDGE ( 'NONE', *, *, #2596, .F. ) ;
#2836 = CIRCLE ( 'NONE', #8578, 2.399999999999999023 ) ;
#2838 = CARTESIAN_POINT ( 'NONE',  ( 1.499999999999999556, -1.141361939784603097, -0.8515097899678707449 ) ) ;
#2837 = CYLINDRICAL_SURFACE ( 'NONE', #8268, 5.624000000000004107 ) ;
#2839 = ORIENTED_EDGE ( 'NONE', *, *, #4106, .F. ) ;
#2840 = CARTESIAN_POINT ( 'NONE',  ( 0.000000000000000000, 0.000000000000000000, 0.000000000000000000 ) ) ;
#2841 = CARTESIAN_POINT ( 'NONE',  ( 6.938893903907228378E-15, 2.602085213965210642E-15, -1.499999999999999556 ) ) ;
#2842 = ORIENTED_EDGE ( 'NONE', *, *, #8528, .T. ) ;
#2843 = VECTOR ( 'NONE', #3823, 1000.000000000000000 ) ;
#2844 = DIRECTION ( 'NONE',  ( 0.000000000000000000, 1.000000000000000000, 0.000000000000000000 ) ) ;
#2845 = ORIENTED_EDGE ( 'NONE', *, *, #3888, .F. ) ;
#2846 = CYLINDRICAL_SURFACE ( 'NONE', #6074, 2.399999999999999911 ) ;
#2847 = AXIS2_PLACEMENT_3D ( 'NONE', #6333, #2437, #5563 ) ;
#2848 = ORIENTED_EDGE ( 'NONE', *, *, #5149, .F. ) ;
#2849 = VECTOR ( 'NONE', #3091, 1000.000000000000000 ) ;
#2850 = DIRECTION ( 'NONE',  ( 0.000000000000000000, 0.9876883405951383255, -0.1564344650402276216 ) ) ;
#2851 = DIRECTION ( 'NONE',  ( 0.000000000000000000, 0.000000000000000000, 1.000000000000000000 ) ) ;
#2852 = EDGE_LOOP ( 'NONE', ( #8641, #7125, #1086, #7760 ) ) ;
#2853 = FACE_OUTER_BOUND ( 'NONE', #2628, .T. ) ;
#2854 = SURFACE_STYLE_FILL_AREA ( #9068 ) ;
#2855 = LINE ( 'NONE', #9891, #7220 ) ;
#2856 = ORIENTED_EDGE ( 'NONE', *, *, #9218, .T. ) ;
#2857 = CARTESIAN_POINT ( 'NONE',  ( 1.499999999999999556, -5.583907850472554557, 1.619760868193282688 ) ) ;
#2858 = CIRCLE ( 'NONE', #3674, 2.400000000000000355 ) ;
#2859 = DIRECTION ( 'NONE',  ( -1.000000000000000000, -0.000000000000000000, 0.000000000000000000 ) ) ;
#2860 = EDGE_CURVE ( 'NONE', #3147, #5794, #661, .T. ) ;
#2861 = APPLICATION_PROTOCOL_DEFINITION ( 'draft international standard', 'automotive_design', 1998, #6833 ) ;
#2862 = FACE_OUTER_BOUND ( 'NONE', #1988, .T. ) ;
#2863 = VERTEX_POINT ( 'NONE', #7536 ) ;
#2864 = DIRECTION ( 'NONE',  ( -1.000000000000000000, 0.000000000000000000, 0.000000000000000000 ) ) ;
#2865 = CARTESIAN_POINT ( 'NONE',  ( -12.00000000000000355, 40.00000000000000000, 12.00000000000000178 ) ) ;
#2866 = FACE_OUTER_BOUND ( 'NONE', #3990, .T. ) ;
#2867 = SURFACE_STYLE_USAGE ( .BOTH. , #1153 ) ;
#2868 = CARTESIAN_POINT ( 'NONE',  ( 25.00000000000000355, 19.99999999999999645, 25.00000000000000000 ) ) ;
#2869 = CARTESIAN_POINT ( 'NONE',  ( 0.000000000000000000, 0.000000000000000000, 0.000000000000000000 ) ) ;
#2870 = EDGE_CURVE ( 'NONE', #7036, #3479, #2475, .T. ) ;
#2871 = EDGE_CURVE ( 'NONE', #416, #7886, #4450, .T. ) ;
#2872 = EDGE_CURVE ( 'NONE', #5969, #5539, #3291, .T. ) ;
#2873 = ORIENTED_EDGE ( 'NONE', *, *, #4356, .T. ) ;
#2874 = CARTESIAN_POINT ( 'NONE',  ( 0.000000000000000000, 3.913365401975887892, 4.058863291118543160 ) ) ;
#2875 = DIRECTION ( 'NONE',  ( -1.000000000000000000, 0.000000000000000000, 0.000000000000000000 ) ) ;
#2876 = CIRCLE ( 'NONE', #5500, 5.624000000000004995 ) ;
#2877 = EDGE_CURVE ( 'NONE', #9095, #9826, #8155, .T. ) ;
#2878 = CARTESIAN_POINT ( 'NONE',  ( -5.415642272996979756, 4.549999999999999822, 0.000000000000000000 ) ) ;
#2879 = CARTESIAN_POINT ( 'NONE',  ( 0.7499999999999997780, -5.856144462747210788, -2.322837065193163575 ) ) ;
#2880 = ORIENTED_EDGE ( 'NONE', *, *, #5004, .T. ) ;
#2881 = ORIENTED_EDGE ( 'NONE', *, *, #6820, .T. ) ;
#2883 = DIRECTION ( 'NONE',  ( 0.000000000000000000, 0.000000000000000000, 1.000000000000000000 ) ) ;
#2882 = AXIS2_PLACEMENT_3D ( 'NONE', #2571, #4011, #8729 ) ;
#2884 = EDGE_CURVE ( 'NONE', #6544, #3299, #7714, .T. ) ;
#2885 = AXIS2_PLACEMENT_3D ( 'NONE', #4539, #3812, #624 ) ;
#2886 = ORIENTED_EDGE ( 'NONE', *, *, #2148, .F. ) ;
#2887 = DIRECTION ( 'NONE',  ( 0.000000000000000000, 0.000000000000000000, -1.000000000000000000 ) ) ;
#2888 = ORIENTED_EDGE ( 'NONE', *, *, #8638, .T. ) ;
#2889 = DIRECTION ( 'NONE',  ( 1.000000000000000000, -0.000000000000000000, -0.000000000000000000 ) ) ;
#2890 = ORIENTED_EDGE ( 'NONE', *, *, #832, .T. ) ;
#2891 = EDGE_CURVE ( 'NONE', #3458, #8802, #6709, .T. ) ;
#2892 = CARTESIAN_POINT ( 'NONE',  ( 1.499999999999999556, 0.000000000000000000, 0.000000000000000000 ) ) ;
#2893 = EDGE_LOOP ( 'NONE', ( #4332, #523, #3015, #1224 ) ) ;
#2894 = CARTESIAN_POINT ( 'NONE',  ( 0.7499999999999997780, -5.856144462747240098, 2.322837065193083195 ) ) ;
#2895 = EDGE_CURVE ( 'NONE', #10102, #8305, #2690, .T. ) ;
#2896 = ORIENTED_EDGE ( 'NONE', *, *, #8277, .T. ) ;
#2897 = DIRECTION ( 'NONE',  ( -1.000000000000000000, 0.000000000000000000, -0.000000000000000000 ) ) ;
#2898 = CARTESIAN_POINT ( 'NONE',  ( -7.500000000000000000, 7.500000000000000000, 1.000000000000000000 ) ) ;
#2899 = ORIENTED_EDGE ( 'NONE', *, *, #3697, .F. ) ;
#2900 = DIRECTION ( 'NONE',  ( -1.000000000000000000, 0.000000000000000000, 0.000000000000000000 ) ) ;
#2901 = DIRECTION ( 'NONE',  ( -1.000000000000000000, -0.000000000000000000, -0.000000000000000000 ) ) ;
#2902 = DIRECTION ( 'NONE',  ( 0.000000000000000000, -0.8660254037844328234, -0.5000000000000101030 ) ) ;
#2903 = AXIS2_PLACEMENT_3D ( 'NONE', #4255, #7376, #3626 ) ;
#2904 = ORIENTED_EDGE ( 'NONE', *, *, #167, .T. ) ;
#2905 = ADVANCED_FACE ( 'NONE', ( #9894, #8204 ), #2704, .F. ) ;
#2906 = DIRECTION ( 'NONE',  ( 0.000000000000000000, 1.000000000000000000, 3.614007241618346010E-15 ) ) ;
#2907 = CARTESIAN_POINT ( 'NONE',  ( -0.06137469101172795399, 19.99999999999999645, -0.9981147966557828433 ) ) ;
#2908 = AXIS2_PLACEMENT_3D ( 'NONE', #7164, #4142, #903 ) ;
#2909 = SHAPE_DEFINITION_REPRESENTATION ( #210, #9960 ) ;
#2910 = DIRECTION ( 'NONE',  ( 0.000000000000000000, 0.000000000000000000, 1.000000000000000000 ) ) ;
#2911 = VECTOR ( 'NONE', #6842, 1000.000000000000000 ) ;
#2912 = EDGE_LOOP ( 'NONE', ( #8372, #5883, #1326, #219 ) ) ;
#2913 = CARTESIAN_POINT ( 'NONE',  ( 1.499999999999999556, 3.197888662398150839, 4.626325118590933094 ) ) ;
#2914 = CARTESIAN_POINT ( 'NONE',  ( 1.499999999999999556, -1.562940689591731047, -6.103049762276113732 ) ) ;
#2915 = CARTESIAN_POINT ( 'NONE',  ( 1.499999999999999556, -0.8862614956314008863, 1.440670871519456719 ) ) ;
#2916 = DIRECTION ( 'NONE',  ( -1.000000000000000000, 0.000000000000000000, -0.000000000000000000 ) ) ;
#2917 = DIRECTION ( 'NONE',  ( 0.000000000000000000, 0.000000000000000000, -1.000000000000000000 ) ) ;
#2918 = PRESENTATION_STYLE_ASSIGNMENT (( #5238 ) ) ;
#2919 = EDGE_CURVE ( 'NONE', #3315, #8913, #4998, .T. ) ;
#2920 = CIRCLE ( 'NONE', #8660, 6.299999999999999822 ) ;
#2921 = CIRCLE ( 'NONE', #3415, 5.624000000000004107 ) ;
#2922 = CIRCLE ( 'NONE', #7351, 2.399999999999999467 ) ;
#2923 =( GEOMETRIC_REPRESENTATION_CONTEXT ( 3 ) GLOBAL_UNCERTAINTY_ASSIGNED_CONTEXT ( ( #9920 ) ) GLOBAL_UNIT_ASSIGNED_CONTEXT ( ( #1650, #9598, #3283 ) ) REPRESENTATION_CONTEXT ( 'NONE', 'WORKASPACE' ) );
#2924 = ORIENTED_EDGE ( 'NONE', *, *, #8391, .F. ) ;
#2925 = DIRECTION ( 'NONE',  ( -1.000000000000000000, 0.000000000000000000, -0.000000000000000000 ) ) ;
#2926 = LINE ( 'NONE', #7498, #926 ) ;
#2928 = EDGE_CURVE ( 'NONE', #2079, #1414, #2809, .T. ) ;
#2927 = FILL_AREA_STYLE_COLOUR ( '', #513 ) ;
#2929 = CARTESIAN_POINT ( 'NONE',  ( 0.7499999999999997780, 1.562940689591772569, 6.103049762276102186 ) ) ;
#2930 = AXIS2_PLACEMENT_3D ( 'NONE', #8449, #5526, #2397 ) ;
#2931 = ORIENTED_EDGE ( 'NONE', *, *, #7636, .F. ) ;
#2932 = ADVANCED_BREP_SHAPE_REPRESENTATION ( '', ( #3707, #6402 ), #8832 ) ;
#2933 = DIRECTION ( 'NONE',  ( 0.000000000000000000, 0.000000000000000000, 1.000000000000000000 ) ) ;
#2934 = ADVANCED_FACE ( 'NONE', ( #9843 ), #3683, .F. ) ;
#2935 = EDGE_CURVE ( 'NONE', #6025, #5786, #1371, .T. ) ;
#2936 = DIRECTION ( 'NONE',  ( -1.000000000000000000, -0.000000000000000000, -0.000000000000000000 ) ) ;
#2937 = ORIENTED_EDGE ( 'NONE', *, *, #2158, .T. ) ;
#2938 = DIRECTION ( 'NONE',  ( 1.000000000000000000, 0.000000000000000000, 0.000000000000000000 ) ) ;
#2939 = ORIENTED_EDGE ( 'NONE', *, *, #1054, .T. ) ;
#2940 = EDGE_CURVE ( 'NONE', #4944, #3179, #8973, .T. ) ;
#2941 = FACE_OUTER_BOUND ( 'NONE', #6670, .T. ) ;
#2942 = ORIENTED_EDGE ( 'NONE', *, *, #3459, .T. ) ;
#2943 = CIRCLE ( 'NONE', #8036, 0.7200000000000004174 ) ;
#2944 = VERTEX_POINT ( 'NONE', #4618 ) ;
#2945 = CARTESIAN_POINT ( 'NONE',  ( 0.7499999999999997780, 4.018797487647522537, -4.851728223352782088 ) ) ;
#2946 = ORIENTED_EDGE ( 'NONE', *, *, #3191, .T. ) ;
#2947 = DIRECTION ( 'NONE',  ( -0.000000000000000000, -1.000000000000000000, -0.000000000000000000 ) ) ;
#2948 = PRESENTATION_LAYER_ASSIGNMENT (  '', '', ( #2790 ) ) ;
#2949 = LINE ( 'NONE', #6184, #9191 ) ;
#2950 = ORIENTED_EDGE ( 'NONE', *, *, #1054, .F. ) ;
#2951 = DIRECTION ( 'NONE',  ( -1.000000000000000000, -0.000000000000000000, 0.000000000000000000 ) ) ;
#2952 = DIRECTION ( 'NONE',  ( 0.000000000000000000, -0.3090169943749349613, -0.9510565162951576390 ) ) ;
#2953 = DIRECTION ( 'NONE',  ( 1.000000000000000000, 0.000000000000000000, 0.000000000000000000 ) ) ;
#2954 = ORIENTED_EDGE ( 'NONE', *, *, #3763, .F. ) ;
#2955 = CIRCLE ( 'NONE', #2308, 5.624000000000004107 ) ;
#2956 = ORIENTED_EDGE ( 'NONE', *, *, #3404, .F. ) ;
#2957 = CARTESIAN_POINT ( 'NONE',  ( -15.00000000000000355, -30.00000000000000000, 0.000000000000000000 ) ) ;
#2958 = FACE_OUTER_BOUND ( 'NONE', #8860, .T. ) ;
#2959 = COLOUR_RGB ( '',0.7764705882352941346, 0.7568627450980391913, 0.7372549019607843590 ) ;
#2961 = AXIS2_PLACEMENT_3D ( 'NONE', #3728, #4457, #7580 ) ;
#2960 = PRODUCT_CONTEXT ( 'NONE', #3168, 'mechanical' ) ;
#2962 = CARTESIAN_POINT ( 'NONE',  ( 1.499999999999999556, 0.000000000000000000, 0.000000000000000000 ) ) ;
#2963 = ORIENTED_EDGE ( 'NONE', *, *, #9518, .T. ) ;
#2964 = EDGE_CURVE ( 'NONE', #433, #5299, #3110, .T. ) ;
#2965 = DIRECTION ( 'NONE',  ( 0.000000000000000000, 0.8660254037844362651, 0.5000000000000038858 ) ) ;
#2966 = CARTESIAN_POINT ( 'NONE',  ( 1.499999999999999556, -6.272408882937934749, 0.5889709714759242543 ) ) ;
#2967 = FACE_OUTER_BOUND ( 'NONE', #6979, .T. ) ;
#2968 = CYLINDRICAL_SURFACE ( 'NONE', #7396, 2.399999999999999467 ) ;
#2969 = DIRECTION ( 'NONE',  ( 0.000000000000000000, 0.000000000000000000, 1.000000000000000000 ) ) ;
#2970 = DIRECTION ( 'NONE',  ( 0.000000000000000000, 0.000000000000000000, 1.000000000000000000 ) ) ;
#2971 =( REPRESENTATION_RELATIONSHIP ('NONE','NONE', #9960, #5760 ) REPRESENTATION_RELATIONSHIP_WITH_TRANSFORMATION ( #8804 )SHAPE_REPRESENTATION_RELATIONSHIP( ) );
#2972 = AXIS2_PLACEMENT_3D ( 'NONE', #3716, #8586, #6173 ) ;
#2973 = AXIS2_PLACEMENT_3D ( 'NONE', #9626, #4430, #2827 ) ;
#2974 = VERTEX_POINT ( 'NONE', #7783 ) ;
#2975 = DIRECTION ( 'NONE',  ( -1.000000000000000000, -0.000000000000000000, -0.000000000000000000 ) ) ;
#2976 = CARTESIAN_POINT ( 'NONE',  ( 1.499999999999999556, -1.644148730784095402, -5.393104387681791678 ) ) ;
#2977 = AXIS2_PLACEMENT_3D ( 'NONE', #1184, #8304, #8160 ) ;
#2978 = DIRECTION ( 'NONE',  ( -1.000000000000000000, 0.000000000000000000, 0.000000000000000000 ) ) ;
#2979 = LINE ( 'NONE', #2929, #5003 ) ;
#2980 = ORIENTED_EDGE ( 'NONE', *, *, #3593, .F. ) ;
#2981 = CARTESIAN_POINT ( 'NONE',  ( 1.499999999999999556, 0.000000000000000000, 0.000000000000000000 ) ) ;
#2982 = PRODUCT_DEFINITION ( 'UNKNOWN', '', #7524, #261 ) ;
#2983 = EDGE_CURVE ( 'NONE', #8196, #8434, #9235, .T. ) ;
#2984 = DIRECTION ( 'NONE',  ( 0.000000000000000000, 0.000000000000000000, 1.000000000000000000 ) ) ;
#2985 = ORIENTED_EDGE ( 'NONE', *, *, #2671, .F. ) ;
#2987 =( NAMED_UNIT ( * ) PLANE_ANGLE_UNIT ( ) SI_UNIT ( $, .RADIAN. ) );
#2986 = CARTESIAN_POINT ( 'NONE',  ( 1.499999999999999556, 1.440670871519459606, -0.8862614956313958903 ) ) ;
#2988 = VERTEX_POINT ( 'NONE', #6098 ) ;
#2989 = DIRECTION ( 'NONE',  ( 0.000000000000000000, 0.000000000000000000, 1.000000000000000000 ) ) ;
#2990 = DIRECTION ( 'NONE',  ( 1.000000000000000000, 0.000000000000000000, 0.000000000000000000 ) ) ;
#2991 = VERTEX_POINT ( 'NONE', #4663 ) ;
#2992 = EDGE_CURVE ( 'NONE', #2077, #4098, #3011, .T. ) ;
#2993 = LINE ( 'NONE', #1368, #4817 ) ;
#2994 = ORIENTED_EDGE ( 'NONE', *, *, #9517, .F. ) ;
#2995 = DIRECTION ( 'NONE',  ( 0.000000000000000000, 0.000000000000000000, 1.000000000000000000 ) ) ;
#2996 = PRODUCT_DEFINITION_SHAPE ( 'NONE', 'NONE',  #10152 ) ;
#2997 = ADVANCED_FACE ( 'NONE', ( #6913 ), #10000, .F. ) ;
#2998 = AXIS2_PLACEMENT_3D ( 'NONE', #2350, #4514, #599 ) ;
#2999 = EDGE_CURVE ( 'NONE', #1675, #8606, #10060, .T. ) ;
#3000 = ORIENTED_EDGE ( 'NONE', *, *, #194, .F. ) ;
#3001 = DIRECTION ( 'NONE',  ( 0.000000000000000000, 0.000000000000000000, -1.000000000000000000 ) ) ;
#3002 = CARTESIAN_POINT ( 'NONE',  ( 0.000000000000000000, 0.000000000000000000, 0.000000000000000000 ) ) ;
#3003 = EDGE_LOOP ( 'NONE', ( #2071, #363 ) ) ;
#3004 = LINE ( 'NONE', #35, #3312 ) ;
#3005 = EDGE_CURVE ( 'NONE', #753, #6743, #1484, .T. ) ;
#3006 = DIRECTION ( 'NONE',  ( -1.000000000000000000, -0.000000000000000000, 0.000000000000000000 ) ) ;
#3007 = DIRECTION ( 'NONE',  ( -1.000000000000000000, 0.000000000000000000, -0.000000000000000000 ) ) ;
#3008 = COLOUR_RGB ( '',1.000000000000000000, 0.000000000000000000, 1.000000000000000000 ) ;
#3009 = VERTEX_POINT ( 'NONE', #2197 ) ;
#3010 = ORIENTED_EDGE ( 'NONE', *, *, #5290, .T. ) ;
#3011 = LINE ( 'NONE', #1433, #9248 ) ;
#3012 = CARTESIAN_POINT ( 'NONE',  ( 1.499999999999999556, 0.8862614956314109893, -1.440670871519450280 ) ) ;
#3013 = CIRCLE ( 'NONE', #7116, 1.000000000000000000 ) ;
#3014 = DIRECTION ( 'NONE',  ( -1.000000000000000000, -0.000000000000000000, -0.000000000000000000 ) ) ;
#3015 = ORIENTED_EDGE ( 'NONE', *, *, #496, .F. ) ;
#3016 = LINE ( 'NONE', #2913, #8228 ) ;
#3017 = DIRECTION ( 'NONE',  ( 0.000000000000000000, 0.000000000000000000, 1.000000000000000000 ) ) ;
#3018 = DIRECTION ( 'NONE',  ( -1.000000000000000000, 0.000000000000000000, 0.000000000000000000 ) ) ;
#3019 = CARTESIAN_POINT ( 'NONE',  ( 1.499999999999999556, 0.4902404781355186869, 2.041975581048279587 ) ) ;
#3020 = ADVANCED_FACE ( 'NONE', ( #7737 ), #8453, .T. ) ;
#3021 = DIRECTION ( 'NONE',  ( 0.000000000000000000, -6.926847213101830904E-15, 1.000000000000000000 ) ) ;
#3022 = CIRCLE ( 'NONE', #2369, 2.100000000000000089 ) ;
#3023 = ADVANCED_FACE ( 'NONE', ( #649 ), #6150, .T. ) ;
#3024 = AXIS2_PLACEMENT_3D ( 'NONE', #1532, #2248, #3736 ) ;
#3025 = VECTOR ( 'NONE', #9796, 1000.000000000000000 ) ;
#3026 = AXIS2_PLACEMENT_3D ( 'NONE', #6407, #9490, #2462 ) ;
#3027 = VECTOR ( 'NONE', #3188, 1000.000000000000000 ) ;
#3028 = ORIENTED_EDGE ( 'NONE', *, *, #9769, .F. ) ;
#3029 = DIRECTION ( 'NONE',  ( 0.000000000000000000, 0.000000000000000000, 1.000000000000000000 ) ) ;
#3030 = DIRECTION ( 'NONE',  ( -1.000000000000000000, 0.000000000000000000, 0.000000000000000000 ) ) ;
#3031 = AXIS2_PLACEMENT_3D ( 'NONE', #3066, #2151, #3114 ) ;
#3032 = EDGE_CURVE ( 'NONE', #2830, #2744, #7830, .T. ) ;
#3033 = DIRECTION ( 'NONE',  ( -1.000000000000000000, -0.000000000000000000, -0.000000000000000000 ) ) ;
#3034 = CARTESIAN_POINT ( 'NONE',  ( 0.7499999999999997780, 0.5889709714759444603, 6.272408882937932084 ) ) ;
#3035 = ORIENTED_EDGE ( 'NONE', *, *, #125, .T. ) ;
#3036 = CIRCLE ( 'NONE', #2554, 2.399999999999999911 ) ;
#3037 = FACE_OUTER_BOUND ( 'NONE', #6798, .T. ) ;
#3038 = ORIENTED_EDGE ( 'NONE', *, *, #9207, .T. ) ;
#3040 = CARTESIAN_POINT ( 'NONE',  ( 1.499999999999999556, 5.321370011402306588, 3.372391021478412743 ) ) ;
#3039 = CARTESIAN_POINT ( 'NONE',  ( 0.000000000000000000, 23.99999999999999645, 0.000000000000000000 ) ) ;
#3041 = VERTEX_POINT ( 'NONE', #3167 ) ;
#3042 = DIRECTION ( 'NONE',  ( 0.000000000000000000, 0.000000000000000000, 1.000000000000000000 ) ) ;
#3043 = EDGE_CURVE ( 'NONE', #1106, #4135, #875, .T. ) ;
#3044 = AXIS2_PLACEMENT_3D ( 'NONE', #9503, #7190, #2471 ) ;
#3045 = ORIENTED_EDGE ( 'NONE', *, *, #7771, .T. ) ;
#3046 = SURFACE_STYLE_USAGE ( .BOTH. , #8593 ) ;
#3047 = ORIENTED_EDGE ( 'NONE', *, *, #2860, .T. ) ;
#3048 = CARTESIAN_POINT ( 'NONE',  ( 0.000000000000000000, 0.000000000000000000, 0.000000000000000000 ) ) ;
#3049 = AXIS2_PLACEMENT_3D ( 'NONE', #6557, #9596, #8835 ) ;
#3050 = AXIS2_PLACEMENT_3D ( 'NONE', #2826, #6672, #518 ) ;
#3051 = ORIENTED_EDGE ( 'NONE', *, *, #4732, .T. ) ;
#3052 = LINE ( 'NONE', #5413, #8619 ) ;
#3053 = EDGE_CURVE ( 'NONE', #531, #2778, #3514, .T. ) ;
#3054 = LINE ( 'NONE', #5415, #3617 ) ;
#3055 = ORIENTED_EDGE ( 'NONE', *, *, #10080, .F. ) ;
#3056 = DIRECTION ( 'NONE',  ( -0.000000000000000000, -1.000000000000000000, -0.000000000000000000 ) ) ;
#3057 = CARTESIAN_POINT ( 'NONE',  ( 1.499999999999999556, -0.7490320092780032857, -5.573896935634619965 ) ) ;
#3058 = CYLINDRICAL_SURFACE ( 'NONE', #3289, 2.100000000000000089 ) ;
#3059 = CIRCLE ( 'NONE', #10110, 1.000000000000000000 ) ;
#3060 = ORIENTED_EDGE ( 'NONE', *, *, #4210, .F. ) ;
#3061 = ORIENTED_EDGE ( 'NONE', *, *, #411, .T. ) ;
#3062 = CIRCLE ( 'NONE', #8145, 2.400000000000000355 ) ;
#3063 = CARTESIAN_POINT ( 'NONE',  ( 0.000000000000000000, 0.7802391318066611570, 5.583907850472564327 ) ) ;
#3064 = DIRECTION ( 'NONE',  ( -1.000000000000000000, -0.000000000000000000, -0.000000000000000000 ) ) ;
#3065 = EDGE_CURVE ( 'NONE', #8943, #5490, #6120, .T. ) ;
#3066 = CARTESIAN_POINT ( 'NONE',  ( 0.06137469101172798175, -40.00000000000000711, -1.054506210165520264 ) ) ;
#3067 = EDGE_CURVE ( 'NONE', #5529, #290, #6786, .T. ) ;
#3068 = VERTEX_POINT ( 'NONE', #10096 ) ;
#3069 = CARTESIAN_POINT ( 'NONE',  ( 0.000000000000000000, 0.8515097899678587545, 1.141361939784611979 ) ) ;
#3070 = CYLINDRICAL_SURFACE ( 'NONE', #8470, 2.399999999999999911 ) ;
#3071 = DIRECTION ( 'NONE',  ( -1.000000000000000000, 0.000000000000000000, -0.000000000000000000 ) ) ;
#3072 = LINE ( 'NONE', #657, #8991 ) ;
#3073 = DIRECTION ( 'NONE',  ( -1.000000000000000000, 0.000000000000000000, -0.000000000000000000 ) ) ;
#3074 = DIRECTION ( 'NONE',  ( -1.000000000000000000, -0.000000000000000000, 0.000000000000000000 ) ) ;
#3075 = EDGE_CURVE ( 'NONE', #7667, #6743, #3681, .T. ) ;
#3076 = AXIS2_PLACEMENT_3D ( 'NONE', #421, #374, #5248 ) ;
#3077 = VECTOR ( 'NONE', #10124, 1000.000000000000000 ) ;
#3078 = ORIENTED_EDGE ( 'NONE', *, *, #8928, .F. ) ;
#3079 = COLOUR_RGB ( '',0.7921568627450980005, 0.8196078431372548767, 0.9333333333333333481 ) ;
#3080 = LINE ( 'NONE', #6163, #5390 ) ;
#3081 = DIRECTION ( 'NONE',  ( 0.000000000000000000, 0.000000000000000000, -1.000000000000000000 ) ) ;
#3082 = VECTOR ( 'NONE', #3392, 1000.000000000000000 ) ;
#3083 = DIRECTION ( 'NONE',  ( 0.000000000000000000, 0.000000000000000000, 1.000000000000000000 ) ) ;
#3084 = LINE ( 'NONE', #8574, #64 ) ;
#3085 = ORIENTED_EDGE ( 'NONE', *, *, #9867, .T. ) ;
#3086 = CARTESIAN_POINT ( 'NONE',  ( 1.499999999999999556, -5.329519478602970040, 1.839842958668767681 ) ) ;
#3087 = VECTOR ( 'NONE', #2925, 1000.000000000000000 ) ;
#3088 = AXIS2_PLACEMENT_3D ( 'NONE', #4149, #9628, #5727 ) ;
#3089 = DIRECTION ( 'NONE',  ( 0.000000000000000000, 1.000000000000000000, 3.491481338843132961E-15 ) ) ;
#3090 = ORIENTED_EDGE ( 'NONE', *, *, #348, .F. ) ;
#3092 = CARTESIAN_POINT ( 'NONE',  ( 0.000000000000000000, 5.329519478602960270, 1.839842958668801209 ) ) ;
#3091 = DIRECTION ( 'NONE',  ( -1.000000000000000000, 0.000000000000000000, 0.000000000000000000 ) ) ;
#3093 = ADVANCED_FACE ( 'NONE', ( #803 ), #6193, .T. ) ;
#3094 = ORIENTED_EDGE ( 'NONE', *, *, #2270, .T. ) ;
#3095 = AXIS2_PLACEMENT_3D ( 'NONE', #7489, #454, #3587 ) ;
#3096 = CARTESIAN_POINT ( 'NONE',  ( 1.499999999999999556, -0.1321394030189117774, 5.622447436674694821 ) ) ;
#3097 = VERTEX_POINT ( 'NONE', #5322 ) ;
#3098 = FACE_OUTER_BOUND ( 'NONE', #3902, .T. ) ;
#3099 = ORIENTED_EDGE ( 'NONE', *, *, #8267, .F. ) ;
#3100 = CARTESIAN_POINT ( 'NONE',  ( 1.499999999999999556, 1.440670871519459606, 0.8862614956313958903 ) ) ;
#3101 = VERTEX_POINT ( 'NONE', #2145 ) ;
#3102 = CARTESIAN_POINT ( 'NONE',  ( 0.000000000000000000, -6.147417380365308937, -1.378136260165342186 ) ) ;
#3103 = DIRECTION ( 'NONE',  ( 0.000000000000000000, 0.1564344650402312298, -0.9876883405951376593 ) ) ;
#3104 = ORIENTED_EDGE ( 'NONE', *, *, #3910, .T. ) ;
#3105 = CARTESIAN_POINT ( 'NONE',  ( 1.499999999999999556, 4.058863291118582239, -3.913365401975845259 ) ) ;
#3106 = CARTESIAN_POINT ( 'NONE',  ( 0.000000000000000000, 0.000000000000000000, 0.000000000000000000 ) ) ;
#3107 = AXIS2_PLACEMENT_3D ( 'NONE', #9554, #3388, #3487 ) ;
#3108 = ORIENTED_EDGE ( 'NONE', *, *, #617, .T. ) ;
#3109 = ORIENTED_EDGE ( 'NONE', *, *, #5157, .F. ) ;
#3110 = LINE ( 'NONE', #3789, #6303 ) ;
#3111 = CARTESIAN_POINT ( 'NONE',  ( 1.499999999999999556, 5.069627381595182669, -2.434800651343023592 ) ) ;
#3112 = CIRCLE ( 'NONE', #4437, 2.399999999999999911 ) ;
#3113 = ADVANCED_FACE ( 'NONE', ( #9482 ), #8657, .T. ) ;
#3114 = DIRECTION ( 'NONE',  ( -0.000000000000000000, 0.000000000000000000, -1.000000000000000000 ) ) ;
#3115 = ORIENTED_EDGE ( 'NONE', *, *, #9958, .F. ) ;
#3116 = DIRECTION ( 'NONE',  ( 0.000000000000000000, 0.000000000000000000, 1.000000000000000000 ) ) ;
#3117 = DIRECTION ( 'NONE',  ( 0.000000000000000000, 0.000000000000000000, 1.000000000000000000 ) ) ;
#3118 = DIRECTION ( 'NONE',  ( 0.000000000000000000, 0.000000000000000000, -1.000000000000000000 ) ) ;
#3119 = CARTESIAN_POINT ( 'NONE',  ( -16.00000000000000355, 31.00000000000000000, -97.00000000000000000 ) ) ;
#3120 = VECTOR ( 'NONE', #6034, 1000.000000000000000 ) ;
#3121 = CARTESIAN_POINT ( 'NONE',  ( 1.499999999999999556, -1.690788321043817488, 0.04718953385303653603 ) ) ;
#3122 = FACE_BOUND ( 'NONE', #6872, .T. ) ;
#3123 = ORIENTED_EDGE ( 'NONE', *, *, #1322, .T. ) ;
#3124 = ADVANCED_FACE ( 'NONE', ( #3992 ), #5681, .T. ) ;
#3125 = CIRCLE ( 'NONE', #8042, 5.624000000000004995 ) ;
#3126 = ADVANCED_FACE ( 'NONE', ( #2402 ), #4047, .F. ) ;
#3127 = CIRCLE ( 'NONE', #8874, 2.399999999999999467 ) ;
#3128 = VECTOR ( 'NONE', #6848, 1000.000000000000000 ) ;
#3129 = ADVANCED_FACE ( 'NONE', ( #8039 ), #7223, .T. ) ;
#3130 = ORIENTED_EDGE ( 'NONE', *, *, #3370, .F. ) ;
#3131 = CARTESIAN_POINT ( 'NONE',  ( 0.000000000000000000, 0.7802391318067337656, -5.583907850472551893 ) ) ;
#3132 = DIRECTION ( 'NONE',  ( -1.000000000000000000, 0.000000000000000000, 0.000000000000000000 ) ) ;
#3133 = FILL_AREA_STYLE ('',( #2927 ) ) ;
#3134 = AXIS2_PLACEMENT_3D ( 'NONE', #8360, #3693, #9955 ) ;
#3135 = LINE ( 'NONE', #8475, #9421 ) ;
#3136 = AXIS2_PLACEMENT_3D ( 'NONE', #9453, #4219, #1043 ) ;
#3137 = EDGE_CURVE ( 'NONE', #2609, #8396, #9740, .T. ) ;
#3138 = ORIENTED_EDGE ( 'NONE', *, *, #4327, .F. ) ;
#3139 = VECTOR ( 'NONE', #2330, 1000.000000000000000 ) ;
#3140 = AXIS2_PLACEMENT_3D ( 'NONE', #4669, #7788, #3893 ) ;
#3141 = CIRCLE ( 'NONE', #6260, 1.000000000000000000 ) ;
#3142 = AXIS2_PLACEMENT_3D ( 'NONE', #6999, #688, #9262 ) ;
#3143 = CARTESIAN_POINT ( 'NONE',  ( 0.000000000000000000, 5.321370011402306588, 3.372391021478412743 ) ) ;
#3144 = CARTESIAN_POINT ( 'NONE',  ( 0.000000000000000000, 5.532554621990631638, -1.010057104667915651 ) ) ;
#3146 = LINE ( 'NONE', #3971, #1670 ) ;
#3145 = CYLINDRICAL_SURFACE ( 'NONE', #1233, 6.299999999999999822 ) ;
#3147 = VERTEX_POINT ( 'NONE', #8820 ) ;
#3148 = CARTESIAN_POINT ( 'NONE',  ( -16.00000000000000355, 31.00000000000000000, 0.000000000000000000 ) ) ;
#3149 = EDGE_LOOP ( 'NONE', ( #684, #8910, #3465, #10120 ) ) ;
#3150 = VERTEX_POINT ( 'NONE', #3316 ) ;
#3151 = UNCERTAINTY_MEASURE_WITH_UNIT (LENGTH_MEASURE( 1.000000000000000082E-05 ), #665, 'distance_accuracy_value', 'NONE');
#3152 = CARTESIAN_POINT ( 'NONE',  ( 9.593511828441991796, 19.99999999999999645, 18.14180375945002766 ) ) ;
#3153 = CONTEXT_DEPENDENT_SHAPE_REPRESENTATION ( #6976, #4577 ) ;
#3154 = ORIENTED_EDGE ( 'NONE', *, *, #5, .F. ) ;
#3155 = DIRECTION ( 'NONE',  ( 0.000000000000000000, 1.000000000000000000, 3.491481338843132961E-15 ) ) ;
#3156 = EDGE_CURVE ( 'NONE', #1993, #1825, #5577, .T. ) ;
#3157 = ITEM_DEFINED_TRANSFORMATION ( 'NONE', 'NONE', #4087,  #623 ) ;
#3158 = ORIENTED_EDGE ( 'NONE', *, *, #3635, .F. ) ;
#3159 = CARTESIAN_POINT ( 'NONE',  ( 0.000000000000000000, 5.306431951017076543, -1.863103848212749103 ) ) ;
#3160 = CARTESIAN_POINT ( 'NONE',  ( 0.000000000000000000, 0.000000000000000000, 0.000000000000000000 ) ) ;
#3161 = ORIENTED_EDGE ( 'NONE', *, *, #44, .F. ) ;
#3162 = LINE ( 'NONE', #7730, #2654 ) ;
#3163 = CARTESIAN_POINT ( 'NONE',  ( 1.499999999999999556, 4.976089400993430445, 2.650911967359983024 ) ) ;
#3164 = SURFACE_STYLE_USAGE ( .BOTH. , #8756 ) ;
#3165 = VERTEX_POINT ( 'NONE', #235 ) ;
#3166 = EDGE_LOOP ( 'NONE', ( #20, #9822, #3625, #7206 ) ) ;
#3167 = CARTESIAN_POINT ( 'NONE',  ( 0.000000000000000000, -0.7490320092780032857, -5.573896935634619965 ) ) ;
#3168 = APPLICATION_CONTEXT ( 'automotive_design' ) ;
#3169 = CARTESIAN_POINT ( 'NONE',  ( 0.000000000000000000, 6.103049762276098633, 1.562940689591788557 ) ) ;
#3170 = DIRECTION ( 'NONE',  ( 0.000000000000000000, -6.926847213101830115E-15, 1.000000000000000000 ) ) ;
#3171 = ORIENTED_EDGE ( 'NONE', *, *, #4778, .T. ) ;
#3172 = DIRECTION ( 'NONE',  ( 1.000000000000000000, 0.000000000000000000, 0.000000000000000000 ) ) ;
#3173 = CARTESIAN_POINT ( 'NONE',  ( 0.000000000000000000, -1.487860405372513961, 0.8045268254124144924 ) ) ;
#3174 = CARTESIAN_POINT ( 'NONE',  ( 0.000000000000000000, -5.783413301606144863, 2.498425620827069427 ) ) ;
#3175 = CYLINDRICAL_SURFACE ( 'NONE', #4898, 2.399999999999999467 ) ;
#3176 = DIRECTION ( 'NONE',  ( 1.000000000000000000, -0.000000000000000000, -0.000000000000000000 ) ) ;
#3177 = CYLINDRICAL_SURFACE ( 'NONE', #5208, 2.399999999999999467 ) ;
#3178 = AXIS2_PLACEMENT_3D ( 'NONE', #8700, #2592, #7264 ) ;
#3179 = VERTEX_POINT ( 'NONE', #1634 ) ;
#3180 = ADVANCED_FACE ( 'NONE', ( #6447, #4972, #6495 ), #859, .F. ) ;
#3181 = DIRECTION ( 'NONE',  ( -1.000000000000000000, 0.000000000000000000, 0.000000000000000000 ) ) ;
#3182 = CIRCLE ( 'NONE', #1880, 5.624000000000004995 ) ;
#3183 = VERTEX_POINT ( 'NONE', #8759 ) ;
#3184 = DIRECTION ( 'NONE',  ( 0.000000000000000000, -1.000000000000000000, -1.048062100069321163E-14 ) ) ;
#3185 = DIRECTION ( 'NONE',  ( -1.000000000000000000, -0.000000000000000000, 0.000000000000000000 ) ) ;
#3187 = AXIS2_PLACEMENT_3D ( 'NONE', #1263, #2938, #4388 ) ;
#3186 = DIRECTION ( 'NONE',  ( 0.000000000000000000, 1.000000000000000000, 0.000000000000000000 ) ) ;
#3188 = DIRECTION ( 'NONE',  ( 1.000000000000000000, -0.000000000000000000, -0.000000000000000000 ) ) ;
#3189 = EDGE_CURVE ( 'NONE', #4079, #4536, #9565, .T. ) ;
#3190 = ORIENTED_EDGE ( 'NONE', *, *, #2565, .T. ) ;
#3191 = EDGE_CURVE ( 'NONE', #4549, #2139, #6283, .T. ) ;
#3192 = AXIS2_PLACEMENT_3D ( 'NONE', #8990, #3449, #8175 ) ;
#3193 = EDGE_CURVE ( 'NONE', #3963, #1900, #285, .T. ) ;
#3194 = CARTESIAN_POINT ( 'NONE',  ( 1.499999999999999556, 4.470985933908492527, -3.411694707735796861 ) ) ;
#3195 = DIRECTION ( 'NONE',  ( 0.000000000000000000, -0.8910065241883722287, 0.4539904997395384223 ) ) ;
#3197 = SURFACE_SIDE_STYLE ('',( #7253 ) ) ;
#3196 = DIRECTION ( 'NONE',  ( -1.000000000000000000, 0.000000000000000000, 0.000000000000000000 ) ) ;
#3198 = ORIENTED_EDGE ( 'NONE', *, *, #8763, .F. ) ;
#3199 = DIRECTION ( 'NONE',  ( 0.000000000000000000, 0.000000000000000000, 1.000000000000000000 ) ) ;
#3200 = ORIENTED_EDGE ( 'NONE', *, *, #3378, .F. ) ;
#3201 = VERTEX_POINT ( 'NONE', #8085 ) ;
#3202 = EDGE_CURVE ( 'NONE', #5330, #1900, #1871, .T. ) ;
#3203 = DIRECTION ( 'NONE',  ( -1.000000000000000000, 0.000000000000000000, -0.000000000000000000 ) ) ;
#3204 = ITEM_DEFINED_TRANSFORMATION ( 'NONE', 'NONE', #144,  #6402 ) ;
#3205 = LINE ( 'NONE', #78, #4126 ) ;
#3206 = ORIENTED_EDGE ( 'NONE', *, *, #7117, .T. ) ;
#3207 = CARTESIAN_POINT ( 'NONE',  ( 1.499999999999999556, 0.000000000000000000, 0.000000000000000000 ) ) ;
#3208 = CARTESIAN_POINT ( 'NONE',  ( 1.499999999999999556, 0.8045268254124403606, -1.487860405372499528 ) ) ;
#3209 = ORIENTED_EDGE ( 'NONE', *, *, #9833, .F. ) ;
#3210 = AXIS2_PLACEMENT_3D ( 'NONE', #8549, #1523, #1569 ) ;
#3211 = LINE ( 'NONE', #5231, #5606 ) ;
#3212 = CARTESIAN_POINT ( 'NONE',  ( -10.00000000000000000, 0.000000000000000000, 0.000000000000000000 ) ) ;
#3213 = DIRECTION ( 'NONE',  ( 0.000000000000000000, 0.000000000000000000, 1.000000000000000000 ) ) ;
#3214 = EDGE_CURVE ( 'NONE', #914, #9507, #8095, .T. ) ;
#3215 = VERTEX_POINT ( 'NONE', #3984 ) ;
#3216 = ORIENTED_EDGE ( 'NONE', *, *, #6934, .T. ) ;
#3217 = CARTESIAN_POINT ( 'NONE',  ( 1.499999999999999556, 0.000000000000000000, 0.000000000000000000 ) ) ;
#3218 = DIRECTION ( 'NONE',  ( -1.000000000000000000, -0.000000000000000000, 0.000000000000000000 ) ) ;
#3219 = CIRCLE ( 'NONE', #2718, 1.000000000000000888 ) ;
#3220 = ADVANCED_FACE ( 'NONE', ( #5568 ), #1061, .T. ) ;
#3221 = ORIENTED_EDGE ( 'NONE', *, *, #6397, .T. ) ;
#3222 = VECTOR ( 'NONE', #5275, 1000.000000000000000 ) ;
#3223 = ORIENTED_EDGE ( 'NONE', *, *, #5827, .T. ) ;
#3224 = LINE ( 'NONE', #3475, #1035 ) ;
#3225 = DIRECTION ( 'NONE',  ( 0.000000000000000000, 0.000000000000000000, 1.000000000000000000 ) ) ;
#3226 = CYLINDRICAL_SURFACE ( 'NONE', #6151, 2.399999999999999467 ) ;
#3227 = DIRECTION ( 'NONE',  ( 0.000000000000000000, 0.000000000000000000, 1.000000000000000000 ) ) ;
#3228 = DIRECTION ( 'NONE',  ( 0.000000000000000000, -0.5000000000000069944, 0.8660254037844345998 ) ) ;
#3229 = LINE ( 'NONE', #6358, #289 ) ;
#3230 = ADVANCED_FACE ( 'NONE', ( #9625 ), #2542, .T. ) ;
#3231 = AXIS2_PLACEMENT_3D ( 'NONE', #7434, #6663, #5178 ) ;
#3232 = ORIENTED_EDGE ( 'NONE', *, *, #2964, .F. ) ;
#3233 = PRODUCT_DEFINITION_SHAPE ( 'NONE', 'NONE',  #7812 ) ;
#3234 = DIRECTION ( 'NONE',  ( 0.000000000000000000, 1.000000000000000000, -0.000000000000000000 ) ) ;
#3235 =( LENGTH_UNIT ( ) NAMED_UNIT ( * ) SI_UNIT ( .MILLI., .METRE. ) );
#3236 = ORIENTED_EDGE ( 'NONE', *, *, #314, .T. ) ;
#3237 = DIRECTION ( 'NONE',  ( -1.000000000000000000, 0.000000000000000000, 0.000000000000000000 ) ) ;
#3238 = DIRECTION ( 'NONE',  ( 0.000000000000000000, 0.000000000000000000, 1.000000000000000000 ) ) ;
#3239 = DIRECTION ( 'NONE',  ( -1.000000000000000000, -0.000000000000000000, -0.000000000000000000 ) ) ;
#3240 = DIRECTION ( 'NONE',  ( 0.000000000000000000, 0.000000000000000000, 1.000000000000000000 ) ) ;
#3241 = ORIENTED_EDGE ( 'NONE', *, *, #5041, .T. ) ;
#3242 = AXIS2_PLACEMENT_3D ( 'NONE', #1010, #1059, #2443 ) ;
#3243 = EDGE_CURVE ( 'NONE', #7951, #9607, #1543, .T. ) ;
#3244 = ORIENTED_EDGE ( 'NONE', *, *, #9802, .T. ) ;
#3245 = DIRECTION ( 'NONE',  ( 0.000000000000000000, 0.000000000000000000, -1.000000000000000000 ) ) ;
#3246 = CARTESIAN_POINT ( 'NONE',  ( -10.00000000000000000, 0.000000000000000000, 0.000000000000000000 ) ) ;
#3248 = CYLINDRICAL_SURFACE ( 'NONE', #6248, 2.399999999999999911 ) ;
#3247 = LINE ( 'NONE', #3863, #2849 ) ;
#3249 = CIRCLE ( 'NONE', #9970, 0.7200000000000004174 ) ;
#3250 = ORIENTED_EDGE ( 'NONE', *, *, #4006, .T. ) ;
#3251 =( NAMED_UNIT ( * ) SI_UNIT ( $, .STERADIAN. ) SOLID_ANGLE_UNIT ( ) );
#3252 = ORIENTED_EDGE ( 'NONE', *, *, #4886, .F. ) ;
#3253 = ORIENTED_EDGE ( 'NONE', *, *, #8456, .F. ) ;
#3254 = AXIS2_PLACEMENT_3D ( 'NONE', #3447, #9861, #5813 ) ;
#3255 = ADVANCED_FACE ( 'NONE', ( #5672 ), #1778, .T. ) ;
#3256 = FACE_OUTER_BOUND ( 'NONE', #7475, .T. ) ;
#3257 = VERTEX_POINT ( 'NONE', #8030 ) ;
#3258 = EDGE_CURVE ( 'NONE', #1623, #7458, #4492, .T. ) ;
#3259 = AXIS2_PLACEMENT_3D ( 'NONE', #6306, #2307, #2357 ) ;
#3260 = CARTESIAN_POINT ( 'NONE',  ( -10.00000000000000000, 0.000000000000000000, 0.000000000000000000 ) ) ;
#3261 = AXIS2_PLACEMENT_3D ( 'NONE', #3, #6265, #2366 ) ;
#3262 = EDGE_LOOP ( 'NONE', ( #9405, #8523, #2549, #9630 ) ) ;
#3263 = DIRECTION ( 'NONE',  ( 0.000000000000000000, -0.9510565162951565288, 0.3090169943749382919 ) ) ;
#3264 = CARTESIAN_POINT ( 'NONE',  ( 3.404357727003020528, 3.919999999999999041, 0.000000000000000000 ) ) ;
#3265 = EDGE_LOOP ( 'NONE', ( #198, #7163, #9615, #7270 ) ) ;
#3266 = CARTESIAN_POINT ( 'NONE',  ( 0.000000000000000000, -5.573896935634616412, 0.7490320092780251571 ) ) ;
#3267 = VECTOR ( 'NONE', #7732, 1000.000000000000000 ) ;
#3268 = ORIENTED_EDGE ( 'NONE', *, *, #5822, .T. ) ;
#3269 = ORIENTED_EDGE ( 'NONE', *, *, #6152, .F. ) ;
#3270 = DIRECTION ( 'NONE',  ( -1.000000000000000000, 0.000000000000000000, 0.000000000000000000 ) ) ;
#3271 = ORIENTED_EDGE ( 'NONE', *, *, #881, .F. ) ;
#3272 = ORIENTED_EDGE ( 'NONE', *, *, #9908, .T. ) ;
#3273 = CIRCLE ( 'NONE', #319, 2.399999999999999911 ) ;
#3274 = DIRECTION ( 'NONE',  ( 0.000000000000000000, 0.000000000000000000, 1.000000000000000000 ) ) ;
#3275 = DIRECTION ( 'NONE',  ( 0.000000000000000000, 0.000000000000000000, 1.000000000000000000 ) ) ;
#3276 = CYLINDRICAL_SURFACE ( 'NONE', #403, 5.624000000000004107 ) ;
#3277 = DIRECTION ( 'NONE',  ( 0.000000000000000000, 0.000000000000000000, 1.000000000000000000 ) ) ;
#3278 = CARTESIAN_POINT ( 'NONE',  ( 0.000000000000000000, 0.1028825440610755954, 5.637216970057036036 ) ) ;
#3279 = ORIENTED_EDGE ( 'NONE', *, *, #8661, .T. ) ;
#3280 = DIRECTION ( 'NONE',  ( 0.000000000000000000, 0.000000000000000000, -1.000000000000000000 ) ) ;
#3281 = CIRCLE ( 'NONE', #6068, 1.000000000000000888 ) ;
#3282 = EDGE_CURVE ( 'NONE', #4279, #8022, #7215, .T. ) ;
#3283 =( NAMED_UNIT ( * ) SI_UNIT ( $, .STERADIAN. ) SOLID_ANGLE_UNIT ( ) );
#3284 = ORIENTED_EDGE ( 'NONE', *, *, #10024, .T. ) ;
#3285 = DIRECTION ( 'NONE',  ( -1.000000000000000000, 0.000000000000000000, 0.000000000000000000 ) ) ;
#3286 = DIRECTION ( 'NONE',  ( 0.000000000000000000, 0.000000000000000000, 1.000000000000000000 ) ) ;
#3287 = DIRECTION ( 'NONE',  ( 0.000000000000000000, 0.000000000000000000, 1.000000000000000000 ) ) ;
#3288 = DIRECTION ( 'NONE',  ( 0.000000000000000000, 0.000000000000000000, 1.000000000000000000 ) ) ;
#3289 = AXIS2_PLACEMENT_3D ( 'NONE', #6189, #5317, #4561 ) ;
#3290 = VERTEX_POINT ( 'NONE', #3159 ) ;
#3291 = CIRCLE ( 'NONE', #8210, 6.300000000000000711 ) ;
#3292 = ORIENTED_EDGE ( 'NONE', *, *, #4156, .F. ) ;
#3293 = DIRECTION ( 'NONE',  ( 1.000000000000000000, 0.000000000000000000, -0.000000000000000000 ) ) ;
#3294 = AXIS2_PLACEMENT_3D ( 'NONE', #10043, #8445, #491 ) ;
#3295 = DIRECTION ( 'NONE',  ( -1.000000000000000000, 0.000000000000000000, 0.000000000000000000 ) ) ;
#3296 = CARTESIAN_POINT ( 'NONE',  ( 1.499999999999999556, 4.851728223352827385, 4.018797487647471023 ) ) ;
#3297 = EDGE_LOOP ( 'NONE', ( #9465, #3717, #858, #5734 ) ) ;
#3298 = APPLICATION_CONTEXT ( 'automotive_design' ) ;
#3299 = VERTEX_POINT ( 'NONE', #1676 ) ;
#3300 = ORIENTED_EDGE ( 'NONE', *, *, #2160, .F. ) ;
#3301 = ADVANCED_FACE ( 'NONE', ( #9473 ), #4804, .T. ) ;
#3302 = DIRECTION ( 'NONE',  ( 0.000000000000000000, -0.8660254037844327124, -0.5000000000000099920 ) ) ;
#3303 = AXIS2_PLACEMENT_3D ( 'NONE', #1403, #1550, #10115 ) ;
#3304 = DIRECTION ( 'NONE',  ( -1.000000000000000000, -0.000000000000000000, -0.000000000000000000 ) ) ;
#3305 = ORIENTED_EDGE ( 'NONE', *, *, #2895, .T. ) ;
#3306 = LINE ( 'NONE', #9524, #6773 ) ;
#3307 = DIRECTION ( 'NONE',  ( 0.000000000000000000, 0.000000000000000000, 1.000000000000000000 ) ) ;
#3308 = ORIENTED_EDGE ( 'NONE', *, *, #5030, .T. ) ;
#3309 = AXIS2_PLACEMENT_3D ( 'NONE', #6209, #1792, #9488 ) ;
#3310 = LINE ( 'NONE', #8816, #2769 ) ;
#3312 = VECTOR ( 'NONE', #6957, 1000.000000000000000 ) ;
#3311 = DIRECTION ( 'NONE',  ( -1.000000000000000000, -0.000000000000000000, -0.000000000000000000 ) ) ;
#3313 = EDGE_CURVE ( 'NONE', #4754, #7320, #9396, .T. ) ;
#3314 = VERTEX_POINT ( 'NONE', #7927 ) ;
#3315 = VERTEX_POINT ( 'NONE', #6487 ) ;
#3316 = CARTESIAN_POINT ( 'NONE',  ( 1.499999999999999556, 1.414203329750087557, 0.1667481397910145768 ) ) ;
#3317 = EDGE_CURVE ( 'NONE', #2458, #8551, #6932, .T. ) ;
#3318 = DIRECTION ( 'NONE',  ( -1.000000000000000000, 0.000000000000000000, 0.000000000000000000 ) ) ;
#3319 = PRODUCT_DEFINITION_SHAPE ( 'NONE', 'NONE',  #861 ) ;
#3320 = EDGE_CURVE ( 'NONE', #4777, #2733, #4964, .T. ) ;
#3321 = EDGE_LOOP ( 'NONE', ( #8921, #4529, #1357, #340 ) ) ;
#3322 = ORIENTED_EDGE ( 'NONE', *, *, #2311, .T. ) ;
#3323 = DIRECTION ( 'NONE',  ( -1.000000000000000000, -0.000000000000000000, 0.000000000000000000 ) ) ;
#3324 = CARTESIAN_POINT ( 'NONE',  ( 1.499999999999999556, -3.411694707735870136, 4.470985933908436571 ) ) ;
#3325 = CARTESIAN_POINT ( 'NONE',  ( 1.499999999999999556, -1.010057104668006911, 5.532554621990616539 ) ) ;
#3326 = CYLINDRICAL_SURFACE ( 'NONE', #1459, 2.399999999999999911 ) ;
#3327 = CARTESIAN_POINT ( 'NONE',  ( 1.499999999999999556, 1.611759767611926408, -5.388098593335834074 ) ) ;
#3328 = ORIENTED_EDGE ( 'NONE', *, *, #8242, .T. ) ;
#3329 = EDGE_CURVE ( 'NONE', #4480, #8231, #7871, .T. ) ;
#3330 = CYLINDRICAL_SURFACE ( 'NONE', #5516, 2.400000000000000355 ) ;
#3331 = VECTOR ( 'NONE', #4755, 1000.000000000000000 ) ;
#3332 = ORIENTED_EDGE ( 'NONE', *, *, #3804, .F. ) ;
#3333 = FACE_OUTER_BOUND ( 'NONE', #1632, .T. ) ;
#3334 = LINE ( 'NONE', #2615, #5509 ) ;
#3335 = CYLINDRICAL_SURFACE ( 'NONE', #3627, 0.7200000000000004174 ) ;
#3336 = FACE_OUTER_BOUND ( 'NONE', #825, .T. ) ;
#3337 =( GEOMETRIC_REPRESENTATION_CONTEXT ( 3 ) GLOBAL_UNCERTAINTY_ASSIGNED_CONTEXT ( ( #1821 ) ) GLOBAL_UNIT_ASSIGNED_CONTEXT ( ( #9655, #8888, #1862 ) ) REPRESENTATION_CONTEXT ( 'NONE', 'WORKASPACE' ) );
#3338 = CIRCLE ( 'NONE', #7430, 2.399999999999999467 ) ;
#3339 = EDGE_CURVE ( 'NONE', #5871, #6857, #8250, .T. ) ;
#3340 = EDGE_LOOP ( 'NONE', ( #8747, #9118 ) ) ;
#3341 = CIRCLE ( 'NONE', #564, 1.000000000000000000 ) ;
#3342 = STYLED_ITEM ( 'NONE', ( #8466 ), #6961 ) ;
#3343 = EDGE_CURVE ( 'NONE', #86, #7909, #3306, .T. ) ;
#3344 = ORIENTED_EDGE ( 'NONE', *, *, #5075, .T. ) ;
#3345 = LINE ( 'NONE', #8015, #4081 ) ;
#3346 = CARTESIAN_POINT ( 'NONE',  ( -12.00000000000000355, 0.000000000000000000, 12.00000000000000178 ) ) ;
#3348 = CARTESIAN_POINT ( 'NONE',  ( -15.00000000000000355, -30.00000000000000000, 0.000000000000000000 ) ) ;
#3347 = DIRECTION ( 'NONE',  ( 0.000000000000000000, 0.000000000000000000, -1.000000000000000000 ) ) ;
#3349 = VERTEX_POINT ( 'NONE', #958 ) ;
#3350 = ORIENTED_EDGE ( 'NONE', *, *, #8007, .T. ) ;
#3351 = UNCERTAINTY_MEASURE_WITH_UNIT (LENGTH_MEASURE( 1.000000000000000082E-05 ), #7881, 'distance_accuracy_value', 'NONE');
#3352 = DIRECTION ( 'NONE',  ( -1.000000000000000000, 0.000000000000000000, -0.000000000000000000 ) ) ;
#3353 = ORIENTED_EDGE ( 'NONE', *, *, #7069, .T. ) ;
#3354 = CARTESIAN_POINT ( 'NONE',  ( 0.7499999999999997780, -0.3995011666402072947, 6.287320479970232689 ) ) ;
#3355 = ORIENTED_EDGE ( 'NONE', *, *, #190, .F. ) ;
#3356 = CARTESIAN_POINT ( 'NONE',  ( 1.499999999999999556, 0.000000000000000000, 0.000000000000000000 ) ) ;
#3358 = EDGE_CURVE ( 'NONE', #7990, #851, #183, .T. ) ;
#3357 = DIRECTION ( 'NONE',  ( 0.000000000000000000, 0.000000000000000000, 1.000000000000000000 ) ) ;
#3359 = ORIENTED_EDGE ( 'NONE', *, *, #3758, .T. ) ;
#3360 = VECTOR ( 'NONE', #7638, 1000.000000000000000 ) ;
#3361 = CARTESIAN_POINT ( 'NONE',  ( 0.000000000000000000, 1.644148730784134926, 5.393104387681780132 ) ) ;
#3362 = DIRECTION ( 'NONE',  ( 5.295295684769741947E-17, -1.495563749054452785E-16, 1.000000000000000000 ) ) ;
#3363 = ORIENTED_EDGE ( 'NONE', *, *, #6641, .T. ) ;
#3364 = ORIENTED_EDGE ( 'NONE', *, *, #9842, .F. ) ;
#3365 = DIRECTION ( 'NONE',  ( -1.000000000000000000, 0.000000000000000000, 0.000000000000000000 ) ) ;
#3366 = VERTEX_POINT ( 'NONE', #1923 ) ;
#3367 = DIRECTION ( 'NONE',  ( -1.000000000000000000, 0.000000000000000000, -0.000000000000000000 ) ) ;
#3368 = AXIS2_PLACEMENT_3D ( 'NONE', #1423, #8397, #6954 ) ;
#3369 = VERTEX_POINT ( 'NONE', #8329 ) ;
#3370 = EDGE_CURVE ( 'NONE', #9448, #2974, #4286, .T. ) ;
#3371 = FACE_OUTER_BOUND ( 'NONE', #711, .T. ) ;
#3372 = CARTESIAN_POINT ( 'NONE',  ( 1.499999999999999556, -4.069107377274220561, 3.882234041400976832 ) ) ;
#3373 = DIRECTION ( 'NONE',  ( 0.000000000000000000, 0.4539904997395478592, -0.8910065241883672327 ) ) ;
#3374 = CARTESIAN_POINT ( 'NONE',  ( 1.404357727003020306, 3.919999999999999041, 1.000000000000000000 ) ) ;
#3375 = CYLINDRICAL_SURFACE ( 'NONE', #7037, 2.399999999999999467 ) ;
#3376 = VERTEX_POINT ( 'NONE', #6687 ) ;
#3377 = AXIS2_PLACEMENT_3D ( 'NONE', #8622, #4784, #10018 ) ;
#3378 = EDGE_CURVE ( 'NONE', #732, #5567, #2836, .T. ) ;
#3379 = DIRECTION ( 'NONE',  ( 0.000000000000000000, -0.000000000000000000, 1.000000000000000000 ) ) ;
#3380 = VECTOR ( 'NONE', #1135, 1000.000000000000000 ) ;
#3381 = EDGE_CURVE ( 'NONE', #2246, #2360, #2683, .T. ) ;
#3382 = CARTESIAN_POINT ( 'NONE',  ( 5.414019270655959559, -6.587193172266295527, 13.71913962260836684 ) ) ;
#3383 = VERTEX_POINT ( 'NONE', #2073 ) ;
#3384 = CARTESIAN_POINT ( 'NONE',  ( 1.499999999999999556, 3.372391021478470030, -5.321370011402270173 ) ) ;
#3385 = CARTESIAN_POINT ( 'NONE',  ( 9.593511828441991796, 23.99999999999999645, 19.14180375945003121 ) ) ;
#3386 = AXIS2_PLACEMENT_3D ( 'NONE', #5953, #7389, #5129 ) ;
#3387 = EDGE_CURVE ( 'NONE', #5010, #10022, #6580, .T. ) ;
#3388 = DIRECTION ( 'NONE',  ( -1.000000000000000000, -0.000000000000000000, -0.000000000000000000 ) ) ;
#3389 = SURFACE_SIDE_STYLE ('',( #9555 ) ) ;
#3390 = ORIENTED_EDGE ( 'NONE', *, *, #674, .T. ) ;
#3391 = EDGE_LOOP ( 'NONE', ( #8637, #4648, #8587, #4609 ) ) ;
#3392 = DIRECTION ( 'NONE',  ( -1.000000000000000000, 0.000000000000000000, -0.000000000000000000 ) ) ;
#3393 = AXIS2_PLACEMENT_3D ( 'NONE', #5689, #8827, #3373 ) ;
#3395 = FILL_AREA_STYLE_COLOUR ( '', #2643 ) ;
#3394 = CYLINDRICAL_SURFACE ( 'NONE', #3192, 1.000000000000000222 ) ;
#3396 = ORIENTED_EDGE ( 'NONE', *, *, #125, .F. ) ;
#3397 = FILL_AREA_STYLE_COLOUR ( '', #3079 ) ;
#3398 = ORIENTED_EDGE ( 'NONE', *, *, #2999, .T. ) ;
#3399 = PRODUCT ( 'Gear Assembley13', 'Gear Assembley13', '', ( #7053 ) ) ;
#3400 = FACE_OUTER_BOUND ( 'NONE', #2912, .T. ) ;
#3401 = AXIS2_PLACEMENT_3D ( 'NONE', #1776, #1971, #2019 ) ;
#3402 = EDGE_LOOP ( 'NONE', ( #7448, #8291, #5928, #8571 ) ) ;
#3403 = CIRCLE ( 'NONE', #10122, 5.624000000000003219 ) ;
#3404 = EDGE_CURVE ( 'NONE', #2135, #784, #5930, .T. ) ;
#3405 = LINE ( 'NONE', #5566, #7342 ) ;
#3406 = EDGE_LOOP ( 'NONE', ( #1380, #9668, #7303, #6513 ) ) ;
#3407 = CARTESIAN_POINT ( 'NONE',  ( 0.7499999999999997780, 4.728296930903273854, -4.163316962856742798 ) ) ;
#3409 = CARTESIAN_POINT ( 'NONE',  ( 1.499999999999999556, -0.1321394030188414448, -5.622447436674697485 ) ) ;
#3408 = PRESENTATION_LAYER_ASSIGNMENT (  '', '', ( #7833 ) ) ;
#3410 = EDGE_LOOP ( 'NONE', ( #5156, #1967, #2784, #8346 ) ) ;
#3411 = AXIS2_PLACEMENT_3D ( 'NONE', #264, #6525, #517 ) ;
#3412 = DIRECTION ( 'NONE',  ( -1.000000000000000000, 0.000000000000000000, 0.000000000000000000 ) ) ;
#3413 =( LENGTH_UNIT ( ) NAMED_UNIT ( * ) SI_UNIT ( .MILLI., .METRE. ) );
#3414 = ORIENTED_EDGE ( 'NONE', *, *, #1805, .F. ) ;
#3415 = AXIS2_PLACEMENT_3D ( 'NONE', #3948, #1587, #7696 ) ;
#3416 = ORIENTED_EDGE ( 'NONE', *, *, #9073, .F. ) ;
#3417 = FACE_OUTER_BOUND ( 'NONE', #843, .T. ) ;
#3418 = AXIS2_PLACEMENT_3D ( 'NONE', #4772, #7841, #867 ) ;
#3419 = ORIENTED_EDGE ( 'NONE', *, *, #6329, .T. ) ;
#3420 = CYLINDRICAL_SURFACE ( 'NONE', #9841, 2.400000000000000355 ) ;
#3421 = CARTESIAN_POINT ( 'NONE',  ( 1.499999999999999556, 5.573896935634613747, 0.7490320092780556882 ) ) ;
#3422 = CIRCLE ( 'NONE', #8004, 2.399999999999999911 ) ;
#3423 = ORIENTED_EDGE ( 'NONE', *, *, #8354, .F. ) ;
#3424 = CIRCLE ( 'NONE', #8013, 2.399999999999999911 ) ;
#3425 = CARTESIAN_POINT ( 'NONE',  ( 1.499999999999999556, -5.532554621990612098, -1.010057104668026229 ) ) ;
#3426 = CARTESIAN_POINT ( 'NONE',  ( 0.000000000000000000, 2.467573931392972764, -5.069504796178946116 ) ) ;
#3427 = LINE ( 'NONE', #5586, #9486 ) ;
#3428 = FACE_OUTER_BOUND ( 'NONE', #6952, .T. ) ;
#3429 = ORIENTED_EDGE ( 'NONE', *, *, #9137, .F. ) ;
#3430 = PRODUCT_DEFINITION ( 'UNKNOWN', '', #2762, #2621 ) ;
#3431 = CARTESIAN_POINT ( 'NONE',  ( 0.000000000000000000, -5.637216970057037813, 0.1028825440610547787 ) ) ;
#3432 = EDGE_CURVE ( 'NONE', #4971, #8225, #2326, .T. ) ;
#3433 = CIRCLE ( 'NONE', #7035, 6.300000000000000711 ) ;
#3434 = MANIFOLD_SOLID_BREP ( 'Boss-Extrude1', #845 ) ;
#3435 = ORIENTED_EDGE ( 'NONE', *, *, #4425, .T. ) ;
#3436 = LINE ( 'NONE', #4365, #8011 ) ;
#3437 = CARTESIAN_POINT ( 'NONE',  ( 1.499999999999999556, 0.000000000000000000, 0.000000000000000000 ) ) ;
#3438 = EDGE_CURVE ( 'NONE', #8225, #7653, #4389, .T. ) ;
#3439 = DIRECTION ( 'NONE',  ( 0.000000000000000000, 0.000000000000000000, 1.000000000000000000 ) ) ;
#3440 = FACE_OUTER_BOUND ( 'NONE', #4921, .T. ) ;
#3441 = EDGE_CURVE ( 'NONE', #2117, #7150, #9004, .T. ) ;
#3442 = VECTOR ( 'NONE', #6757, 1000.000000000000000 ) ;
#3443 = VERTEX_POINT ( 'NONE', #1975 ) ;
#3444 = PRODUCT_DEFINITION_CONTEXT ( 'detailed design', #478, 'design' ) ;
#3445 = EDGE_CURVE ( 'NONE', #8913, #3147, #1508, .T. ) ;
#3446 = ORIENTED_EDGE ( 'NONE', *, *, #1678, .F. ) ;
#3447 = CARTESIAN_POINT ( 'NONE',  ( 1.499999999999999556, -0.8045268254124090523, -1.487860405372516404 ) ) ;
#3448 = ADVANCED_FACE ( 'NONE', ( #9716 ), #5103, .T. ) ;
#3450 = DIRECTION ( 'NONE',  ( 0.000000000000000000, 0.000000000000000000, 1.000000000000000000 ) ) ;
#3449 = DIRECTION ( 'NONE',  ( -0.000000000000000000, -0.000000000000000000, -1.000000000000000000 ) ) ;
#3451 = ORIENTED_EDGE ( 'NONE', *, *, #3067, .T. ) ;
#3452 = AXIS2_PLACEMENT_3D ( 'NONE', #3619, #9935, #5211 ) ;
#3453 = ORIENTED_EDGE ( 'NONE', *, *, #7826, .T. ) ;
#3454 = UNCERTAINTY_MEASURE_WITH_UNIT (LENGTH_MEASURE( 1.000000000000000082E-05 ), #9007, 'distance_accuracy_value', 'NONE');
#3455 = PRESENTATION_LAYER_ASSIGNMENT (  '', '', ( #4281 ) ) ;
#3456 = DIRECTION ( 'NONE',  ( 0.000000000000000000, 0.000000000000000000, 1.000000000000000000 ) ) ;
#3457 = DIRECTION ( 'NONE',  ( 0.000000000000000000, 0.000000000000000000, 1.000000000000000000 ) ) ;
#3458 = VERTEX_POINT ( 'NONE', #8234 ) ;
#3459 = EDGE_CURVE ( 'NONE', #2487, #7050, #1211, .T. ) ;
#3460 = ORIENTED_EDGE ( 'NONE', *, *, #6022, .T. ) ;
#3461 = DIRECTION ( 'NONE',  ( 0.000000000000000000, 0.1564344650402242354, 0.9876883405951386585 ) ) ;
#3462 =( GEOMETRIC_REPRESENTATION_CONTEXT ( 3 ) GLOBAL_UNCERTAINTY_ASSIGNED_CONTEXT ( ( #3151 ) ) GLOBAL_UNIT_ASSIGNED_CONTEXT ( ( #665, #4679, #6268 ) ) REPRESENTATION_CONTEXT ( 'NONE', 'WORKASPACE' ) );
#3463 = EDGE_LOOP ( 'NONE', ( #836, #9368, #864, #2028 ) ) ;
#3464 = EDGE_CURVE ( 'NONE', #1610, #3963, #195, .T. ) ;
#3465 = ORIENTED_EDGE ( 'NONE', *, *, #6770, .T. ) ;
#3466 = DIRECTION ( 'NONE',  ( 0.000000000000000000, 0.000000000000000000, -1.000000000000000000 ) ) ;
#3467 = VERTEX_POINT ( 'NONE', #2838 ) ;
#3468 = CYLINDRICAL_SURFACE ( 'NONE', #1660, 5.624000000000004107 ) ;
#3469 = CIRCLE ( 'NONE', #8383, 2.100000000000000089 ) ;
#3470 = AXIS2_PLACEMENT_3D ( 'NONE', #400, #4216, #1087 ) ;
#3471 = EDGE_CURVE ( 'NONE', #1718, #2082, #8063, .T. ) ;
#3472 = ORIENTED_EDGE ( 'NONE', *, *, #9394, .T. ) ;
#3473 = CIRCLE ( 'NONE', #4792, 5.624000000000004107 ) ;
#3474 = DIRECTION ( 'NONE',  ( -1.000000000000000000, -0.000000000000000000, -0.000000000000000000 ) ) ;
#3475 = CARTESIAN_POINT ( 'NONE',  ( 1.499999999999999556, 0.7490320092780434758, 5.573896935634614636 ) ) ;
#3476 = DIRECTION ( 'NONE',  ( 0.000000000000000000, -1.000000000000000000, -1.048062100069321163E-14 ) ) ;
#3477 = DIRECTION ( 'NONE',  ( 0.000000000000000000, 0.000000000000000000, 1.000000000000000000 ) ) ;
#3478 = CARTESIAN_POINT ( 'NONE',  ( 1.499999999999999556, 5.393104387681749934, 1.644148730784227297 ) ) ;
#3479 = VERTEX_POINT ( 'NONE', #1463 ) ;
#3480 = CARTESIAN_POINT ( 'NONE',  ( 25.00000000000000355, 19.99999999999999645, 25.00000000000000000 ) ) ;
#3481 = DIRECTION ( 'NONE',  ( -1.000000000000000000, -0.000000000000000000, -0.000000000000000000 ) ) ;
#3482 =( LENGTH_UNIT ( ) NAMED_UNIT ( * ) SI_UNIT ( .MILLI., .METRE. ) );
#3483 = DIRECTION ( 'NONE',  ( 1.000000000000000000, -0.000000000000000000, -0.000000000000000000 ) ) ;
#3484 = ORIENTED_EDGE ( 'NONE', *, *, #1446, .T. ) ;
#3485 = DIRECTION ( 'NONE',  ( 0.000000000000000000, 0.000000000000000000, -1.000000000000000000 ) ) ;
#3486 = DIRECTION ( 'NONE',  ( -1.000000000000000000, 0.000000000000000000, -0.000000000000000000 ) ) ;
#3487 = DIRECTION ( 'NONE',  ( 0.000000000000000000, 0.000000000000000000, 1.000000000000000000 ) ) ;
#3488 = LINE ( 'NONE', #8785, #6290 ) ;
#3489 = ADVANCED_FACE ( 'NONE', ( #723 ), #5402, .T. ) ;
#3490 = VERTEX_POINT ( 'NONE', #3663 ) ;
#3491 = APPLICATION_CONTEXT ( 'automotive_design' ) ;
#3492 = AXIS2_PLACEMENT_3D ( 'NONE', #9376, #1381, #10050 ) ;
#3493 = EDGE_CURVE ( 'NONE', #2587, #7566, #8382, .T. ) ;
#3494 = ORIENTED_EDGE ( 'NONE', *, *, #5284, .T. ) ;
#3495 = CARTESIAN_POINT ( 'NONE',  ( 1.499999999999999556, -1.141361939784614865, 0.8515097899678547577 ) ) ;
#3496 = AXIS2_PLACEMENT_3D ( 'NONE', #5966, #5243, #5142 ) ;
#3497 = LINE ( 'NONE', #6621, #2696 ) ;
#3498 = CIRCLE ( 'NONE', #1058, 2.399999999999999911 ) ;
#3499 = ORIENTED_EDGE ( 'NONE', *, *, #6732, .F. ) ;
#3500 = MANIFOLD_SOLID_BREP ( 'Bore', #4790 ) ;
#3501 = EDGE_LOOP ( 'NONE', ( #7324, #2009, #5696, #3700 ) ) ;
#3502 = DIRECTION ( 'NONE',  ( 0.000000000000000000, -6.926847213101830904E-15, 1.000000000000000000 ) ) ;
#3503 = EDGE_CURVE ( 'NONE', #8798, #3557, #5274, .T. ) ;
#3504 = CARTESIAN_POINT ( 'NONE',  ( -16.00000000000000355, 31.00000000000000000, -97.00000000000000000 ) ) ;
#3505 = EDGE_LOOP ( 'NONE', ( #1536, #1594, #2848, #3832 ) ) ;
#3506 = EDGE_LOOP ( 'NONE', ( #5306, #534, #5210, #6293 ) ) ;
#3507 = DIRECTION ( 'NONE',  ( 1.000000000000000000, 0.000000000000000000, -0.000000000000000000 ) ) ;
#3508 = ORIENTED_EDGE ( 'NONE', *, *, #7214, .T. ) ;
#3509 = EDGE_CURVE ( 'NONE', #2082, #7811, #2159, .T. ) ;
#3510 = DIRECTION ( 'NONE',  ( -1.000000000000000000, 0.000000000000000000, 0.000000000000000000 ) ) ;
#3511 = SURFACE_SIDE_STYLE ('',( #1835 ) ) ;
#3512 = CIRCLE ( 'NONE', #9909, 0.7200000000000003064 ) ;
#3513 = VERTEX_POINT ( 'NONE', #7663 ) ;
#3514 = CIRCLE ( 'NONE', #3024, 5.624000000000004107 ) ;
#3515 = FACE_OUTER_BOUND ( 'NONE', #141, .T. ) ;
#3516 = ORIENTED_EDGE ( 'NONE', *, *, #718, .F. ) ;
#3517 = DIRECTION ( 'NONE',  ( -1.000000000000000000, 0.000000000000000000, 0.000000000000000000 ) ) ;
#3518 = VECTOR ( 'NONE', #705, 1000.000000000000000 ) ;
#3519 = CIRCLE ( 'NONE', #5491, 0.7200000000000005285 ) ;
#3520 = VECTOR ( 'NONE', #4262, 1000.000000000000000 ) ;
#3521 = ORIENTED_EDGE ( 'NONE', *, *, #2250, .T. ) ;
#3522 = CARTESIAN_POINT ( 'NONE',  ( 1.499999999999999556, -3.882234041401013691, 4.069107377274185033 ) ) ;
#3523 = DIRECTION ( 'NONE',  ( -0.000000000000000000, 0.000000000000000000, -1.000000000000000000 ) ) ;
#3524 = VERTEX_POINT ( 'NONE', #3040 ) ;
#3525 = CARTESIAN_POINT ( 'NONE',  ( 0.000000000000000000, 0.000000000000000000, 0.000000000000000000 ) ) ;
#3526 = DIRECTION ( 'NONE',  ( -1.000000000000000000, -0.000000000000000000, -0.000000000000000000 ) ) ;
#3527 = DIRECTION ( 'NONE',  ( 0.000000000000000000, 0.9876883405951383255, -0.1564344650402274550 ) ) ;
#3528 = EDGE_LOOP ( 'NONE', ( #8110, #234, #3094, #8439 ) ) ;
#3529 = DIRECTION ( 'NONE',  ( -1.000000000000000000, 0.000000000000000000, 0.000000000000000000 ) ) ;
#3530 = CARTESIAN_POINT ( 'NONE',  ( 1.499999999999999556, 0.000000000000000000, 0.000000000000000000 ) ) ;
#3531 = MANIFOLD_SOLID_BREP ( 'Bore', #7412 ) ;
#3532 = DIRECTION ( 'NONE',  ( -1.000000000000000000, 0.000000000000000000, 0.000000000000000000 ) ) ;
#3533 = ORIENTED_EDGE ( 'NONE', *, *, #4152, .T. ) ;
#3534 = ADVANCED_FACE ( 'NONE', ( #8484 ), #3864, .T. ) ;
#3535 = CARTESIAN_POINT ( 'NONE',  ( 1.499999999999999556, -6.147417380365328476, 1.378136260165262694 ) ) ;
#3536 = CARTESIAN_POINT ( 'NONE',  ( 1.499999999999999556, 3.197888662398210791, -4.626325118590892238 ) ) ;
#3537 = LINE ( 'NONE', #6665, #3025 ) ;
#3538 = DIRECTION ( 'NONE',  ( 0.000000000000000000, 0.000000000000000000, 1.000000000000000000 ) ) ;
#3539 = DIRECTION ( 'NONE',  ( -1.000000000000000000, 0.000000000000000000, -0.000000000000000000 ) ) ;
#3540 = AXIS2_PLACEMENT_3D ( 'NONE', #4456, #7578, #540 ) ;
#3541 = EDGE_LOOP ( 'NONE', ( #5938, #613, #4364, #8694 ) ) ;
#3542 = AXIS2_PLACEMENT_3D ( 'NONE', #1358, #1648, #9193 ) ;
#3543 = VECTOR ( 'NONE', #8782, 1000.000000000000000 ) ;
#3544 = ORIENTED_EDGE ( 'NONE', *, *, #7313, .F. ) ;
#3545 = CARTESIAN_POINT ( 'NONE',  ( -10.00000000000000000, 0.000000000000000000, 0.000000000000000000 ) ) ;
#3546 = DIRECTION ( 'NONE',  ( 0.000000000000000000, 0.000000000000000000, 1.000000000000000000 ) ) ;
#3547 = CYLINDRICAL_SURFACE ( 'NONE', #4321, 6.299999999999999822 ) ;
#3548 = CIRCLE ( 'NONE', #5348, 1.423999999999999488 ) ;
#3549 = VERTEX_POINT ( 'NONE', #7762 ) ;
#3550 = CIRCLE ( 'NONE', #1763, 1.000000000000000888 ) ;
#3551 = VERTEX_POINT ( 'NONE', #6992 ) ;
#3552 = UNCERTAINTY_MEASURE_WITH_UNIT (LENGTH_MEASURE( 1.000000000000000082E-05 ), #4644, 'distance_accuracy_value', 'NONE');
#3553 = DIRECTION ( 'NONE',  ( -1.000000000000000000, 0.000000000000000000, 0.000000000000000000 ) ) ;
#3554 = ADVANCED_FACE ( 'NONE', ( #2532 ), #6429, .T. ) ;
#3555 = DIRECTION ( 'NONE',  ( -1.000000000000000000, -0.000000000000000000, -0.000000000000000000 ) ) ;
#3556 = VERTEX_POINT ( 'NONE', #8796 ) ;
#3557 = VERTEX_POINT ( 'NONE', #218 ) ;
#3559 = DIRECTION ( 'NONE',  ( -1.000000000000000000, 0.000000000000000000, -0.000000000000000000 ) ) ;
#3558 = CARTESIAN_POINT ( 'NONE',  ( 1.499999999999999556, -0.1028825440610348224, -5.637216970057037813 ) ) ;
#3560 = ORIENTED_EDGE ( 'NONE', *, *, #9558, .F. ) ;
#3561 = EDGE_CURVE ( 'NONE', #5892, #4944, #6477, .T. ) ;
#3562 = CARTESIAN_POINT ( 'NONE',  ( 1.499999999999999556, 1.141361939784609092, 0.8515097899678625293 ) ) ;
#3563 = ORIENTED_EDGE ( 'NONE', *, *, #7392, .F. ) ;
#3564 = AXIS2_PLACEMENT_3D ( 'NONE', #7212, #4802, #1878 ) ;
#3565 = EDGE_CURVE ( 'NONE', #8943, #4135, #4133, .T. ) ;
#3566 = DIRECTION ( 'NONE',  ( 0.000000000000000000, -0.000000000000000000, 1.000000000000000000 ) ) ;
#3567 = ORIENTED_EDGE ( 'NONE', *, *, #8526, .F. ) ;
#3568 = DIRECTION ( 'NONE',  ( 0.000000000000000000, 0.000000000000000000, -1.000000000000000000 ) ) ;
#3569 = VECTOR ( 'NONE', #8957, 1000.000000000000000 ) ;
#3570 = ADVANCED_FACE ( 'NONE', ( #9613 ), #6379, .T. ) ;
#3571 = AXIS2_PLACEMENT_3D ( 'NONE', #3713, #2680, #3814 ) ;
#3572 = ORIENTED_EDGE ( 'NONE', *, *, #5789, .T. ) ;
#3573 = DIRECTION ( 'NONE',  ( -1.000000000000000000, 0.000000000000000000, -0.000000000000000000 ) ) ;
#3574 = LINE ( 'NONE', #9730, #8070 ) ;
#3575 = ORIENTED_EDGE ( 'NONE', *, *, #8521, .T. ) ;
#3576 = CARTESIAN_POINT ( 'NONE',  ( 0.000000000000000000, 5.069627381595152471, 2.434800651343088429 ) ) ;
#3577 = CARTESIAN_POINT ( 'NONE',  ( 1.499999999999999556, -1.414203329750086446, -0.1667481397910244301 ) ) ;
#3578 = DIRECTION ( 'NONE',  ( 0.000000000000000000, 0.000000000000000000, 1.000000000000000000 ) ) ;
#3579 = AXIS2_PLACEMENT_3D ( 'NONE', #4625, #3896, #1644 ) ;
#3580 = ORIENTED_EDGE ( 'NONE', *, *, #5375, .T. ) ;
#3581 = MECHANICAL_DESIGN_GEOMETRIC_PRESENTATION_REPRESENTATION (  '', ( #9803 ), #8171 ) ;
#3582 = DIRECTION ( 'NONE',  ( 0.000000000000000000, -0.7071067811865388020, -0.7071067811865561215 ) ) ;
#3583 = AXIS2_PLACEMENT_3D ( 'NONE', #4631, #2975, #9239 ) ;
#3584 = DIRECTION ( 'NONE',  ( 0.000000000000000000, 0.000000000000000000, 1.000000000000000000 ) ) ;
#3585 = FACE_OUTER_BOUND ( 'NONE', #9793, .T. ) ;
#3586 = VERTEX_POINT ( 'NONE', #4846 ) ;
#3587 = DIRECTION ( 'NONE',  ( 0.000000000000000000, -0.4999999999999889533, -0.8660254037844449249 ) ) ;
#3588 = LINE ( 'NONE', #3536, #9616 ) ;
#3589 = CARTESIAN_POINT ( 'NONE',  ( 0.7499999999999997780, -5.321370011402327904, 3.372391021478379436 ) ) ;
#3590 = CIRCLE ( 'NONE', #472, 5.624000000000004107 ) ;
#3591 = CARTESIAN_POINT ( 'NONE',  ( 1.499999999999999556, 0.000000000000000000, 0.000000000000000000 ) ) ;
#3592 = DIRECTION ( 'NONE',  ( 0.000000000000000000, 0.000000000000000000, 1.000000000000000000 ) ) ;
#3593 = EDGE_CURVE ( 'NONE', #489, #5104, #2582, .T. ) ;
#3594 = EDGE_LOOP ( 'NONE', ( #1150, #1684, #2601, #4507 ) ) ;
#3595 = DIRECTION ( 'NONE',  ( 0.000000000000000000, 0.000000000000000000, 1.000000000000000000 ) ) ;
#3596 = CARTESIAN_POINT ( 'NONE',  ( 1.499999999999999556, -5.637216970057037813, 0.1028825440610547787 ) ) ;
#3597 = CARTESIAN_POINT ( 'NONE',  ( 1.499999999999999556, -2.013522966163056260, -0.5964270824953603611 ) ) ;
#3598 = DIRECTION ( 'NONE',  ( -1.000000000000000000, 0.000000000000000000, -0.000000000000000000 ) ) ;
#3599 = AXIS2_PLACEMENT_3D ( 'NONE', #609, #3747, #3848 ) ;
#3600 = EDGE_LOOP ( 'NONE', ( #7922, #5559, #7631, #9586 ) ) ;
#3601 = ORIENTED_EDGE ( 'NONE', *, *, #2983, .F. ) ;
#3602 = CARTESIAN_POINT ( 'NONE',  ( 0.000000000000000000, 3.411694707735845711, 4.470985933908456111 ) ) ;
#3603 = AXIS2_PLACEMENT_3D ( 'NONE', #6554, #7534, #7329 ) ;
#3604 = CARTESIAN_POINT ( 'NONE',  ( 1.499999999999999556, -1.010057104668006911, 5.532554621990616539 ) ) ;
#3605 = ORIENTED_EDGE ( 'NONE', *, *, #2877, .T. ) ;
#3606 = VECTOR ( 'NONE', #2796, 1000.000000000000000 ) ;
#3608 = CARTESIAN_POINT ( 'NONE',  ( 0.000000000000000000, 3.230239272402487760, -4.621077171872394196 ) ) ;
#3607 = CARTESIAN_POINT ( 'NONE',  ( 0.000000000000000000, 3.411694707735903442, -4.470985933908411702 ) ) ;
#3609 = ORIENTED_EDGE ( 'NONE', *, *, #1637, .F. ) ;
#3610 = DIRECTION ( 'NONE',  ( 0.000000000000000000, 0.000000000000000000, 1.000000000000000000 ) ) ;
#3611 = CARTESIAN_POINT ( 'NONE',  ( -7.850000000000007638, 9.540979117872439019E-15, -1.499999999999997780 ) ) ;
#3612 = AXIS2_PLACEMENT_3D ( 'NONE', #10047, #5419, #1480 ) ;
#3613 = ADVANCED_FACE ( 'NONE', ( #8690 ), #9461, .T. ) ;
#3614 = ORIENTED_EDGE ( 'NONE', *, *, #4929, .T. ) ;
#3615 = DIRECTION ( 'NONE',  ( -1.000000000000000000, -0.000000000000000000, 0.000000000000000000 ) ) ;
#3616 = MANIFOLD_SOLID_BREP ( 'Boss-Extrude2', #1689 ) ;
#3617 = VECTOR ( 'NONE', #4404, 1000.000000000000000 ) ;
#3618 = EDGE_LOOP ( 'NONE', ( #8016, #1839, #6486, #9717 ) ) ;
#3619 = CARTESIAN_POINT ( 'NONE',  ( 0.000000000000000000, -5.329519478602970040, 1.839842958668767681 ) ) ;
#3620 = ORIENTED_EDGE ( 'NONE', *, *, #5876, .T. ) ;
#3621 = VECTOR ( 'NONE', #8018, 1000.000000000000000 ) ;
#3622 = DIRECTION ( 'NONE',  ( 0.000000000000000000, 0.000000000000000000, 1.000000000000000000 ) ) ;
#3623 = EDGE_CURVE ( 'NONE', #5423, #4405, #889, .T. ) ;
#3624 = FACE_OUTER_BOUND ( 'NONE', #3768, .T. ) ;
#3625 = ORIENTED_EDGE ( 'NONE', *, *, #2323, .F. ) ;
#3626 = DIRECTION ( 'NONE',  ( 0.000000000000000000, -0.1564344650402383352, 0.9876883405951366601 ) ) ;
#3627 = AXIS2_PLACEMENT_3D ( 'NONE', #4833, #933, #8887 ) ;
#3628 = DIRECTION ( 'NONE',  ( 0.000000000000000000, -6.866613759074861678E-15, 1.000000000000000000 ) ) ;
#3629 = VERTEX_POINT ( 'NONE', #4027 ) ;
#3630 = EDGE_CURVE ( 'NONE', #4079, #3490, #3919, .T. ) ;
#3631 = DIRECTION ( 'NONE',  ( 0.000000000000000000, 0.000000000000000000, -1.000000000000000000 ) ) ;
#3632 = PRESENTATION_LAYER_ASSIGNMENT (  '', '', ( #5767 ) ) ;
#3633 = CARTESIAN_POINT ( 'NONE',  ( 1.499999999999999556, 5.622447436674695709, 0.1321394030188921542 ) ) ;
#3634 = AXIS2_PLACEMENT_3D ( 'NONE', #4572, #7693, #8564 ) ;
#3635 = EDGE_CURVE ( 'NONE', #214, #1568, #3146, .T. ) ;
#3636 = AXIS2_PLACEMENT_3D ( 'NONE', #5315, #4704, #2292 ) ;
#3637 = SHAPE_DEFINITION_REPRESENTATION ( #5212, #6093 ) ;
#3638 = CARTESIAN_POINT ( 'NONE',  ( 4.209999999999998188, 31.00000000000000000, -13.99999999999999822 ) ) ;
#3639 = ORIENTED_EDGE ( 'NONE', *, *, #7526, .F. ) ;
#3640 = DIRECTION ( 'NONE',  ( -1.000000000000000000, 0.000000000000000000, -0.000000000000000000 ) ) ;
#3641 = DIRECTION ( 'NONE',  ( 0.000000000000000000, 0.000000000000000000, 1.000000000000000000 ) ) ;
#3642 = CARTESIAN_POINT ( 'NONE',  ( 17.54825565829598588, 23.99999999999999645, 18.14180375945002766 ) ) ;
#3643 =( LENGTH_UNIT ( ) NAMED_UNIT ( * ) SI_UNIT ( .MILLI., .METRE. ) );
#3644 = FACE_OUTER_BOUND ( 'NONE', #8810, .T. ) ;
#3645 = DIRECTION ( 'NONE',  ( -1.000000000000000000, 0.000000000000000000, 0.000000000000000000 ) ) ;
#3646 = AXIS2_PLACEMENT_3D ( 'NONE', #5535, #3323, #9588 ) ;
#3647 = EDGE_CURVE ( 'NONE', #5539, #5871, #6569, .T. ) ;
#3648 = EDGE_LOOP ( 'NONE', ( #1800, #2776, #90, #4235 ) ) ;
#3649 = CARTESIAN_POINT ( 'NONE',  ( 0.000000000000000000, 0.000000000000000000, 0.000000000000000000 ) ) ;
#3650 = DIRECTION ( 'NONE',  ( 0.000000000000000000, 0.000000000000000000, 1.000000000000000000 ) ) ;
#3651 = CARTESIAN_POINT ( 'NONE',  ( 0.7499999999999997780, 6.103049762276119061, -1.562940689591709287 ) ) ;
#3652 = CARTESIAN_POINT ( 'NONE',  ( 1.499999999999999556, 0.000000000000000000, 0.000000000000000000 ) ) ;
#3653 = ADVANCED_FACE ( 'NONE', ( #1605 ), #3248, .T. ) ;
#3654 = ORIENTED_EDGE ( 'NONE', *, *, #4746, .F. ) ;
#3655 = VERTEX_POINT ( 'NONE', #1717 ) ;
#3656 = UNCERTAINTY_MEASURE_WITH_UNIT (LENGTH_MEASURE( 1.000000000000000082E-05 ), #1752, 'distance_accuracy_value', 'NONE');
#3657 = FACE_OUTER_BOUND ( 'NONE', #1339, .T. ) ;
#3658 = ADVANCED_FACE ( 'NONE', ( #1050 ), #2968, .T. ) ;
#3659 = FILL_AREA_STYLE ('',( #9052 ) ) ;
#3660 = ORIENTED_EDGE ( 'NONE', *, *, #2300, .F. ) ;
#3661 = AXIS2_PLACEMENT_3D ( 'NONE', #1729, #6390, #4856 ) ;
#3663 = CARTESIAN_POINT ( 'NONE',  ( 0.000000000000000000, -1.414203329750086446, -0.1667481397910244301 ) ) ;
#3662 = CARTESIAN_POINT ( 'NONE',  ( 1.499999999999999556, 0.000000000000000000, 0.000000000000000000 ) ) ;
#3664 = EDGE_CURVE ( 'NONE', #7318, #6221, #2320, .T. ) ;
#3665 = VERTEX_POINT ( 'NONE', #6059 ) ;
#3666 = DIRECTION ( 'NONE',  ( 1.000000000000000000, 0.000000000000000000, 0.000000000000000000 ) ) ;
#3667 = VERTEX_POINT ( 'NONE', #7644 ) ;
#3668 = AXIS2_PLACEMENT_3D ( 'NONE', #3669, #2131, #10129 ) ;
#3669 = CARTESIAN_POINT ( 'NONE',  ( 1.499999999999999556, 0.000000000000000000, 0.000000000000000000 ) ) ;
#3670 = ORIENTED_EDGE ( 'NONE', *, *, #2919, .T. ) ;
#3671 = DIRECTION ( 'NONE',  ( -1.000000000000000000, 0.000000000000000000, 0.000000000000000000 ) ) ;
#3672 = EDGE_CURVE ( 'NONE', #2020, #3165, #3746, .T. ) ;
#3673 = EDGE_LOOP ( 'NONE', ( #6135, #7168, #2453, #6685 ) ) ;
#3674 = AXIS2_PLACEMENT_3D ( 'NONE', #7252, #217, #3347 ) ;
#3675 = DIRECTION ( 'NONE',  ( -1.000000000000000000, 0.000000000000000000, 0.000000000000000000 ) ) ;
#3676 = CARTESIAN_POINT ( 'NONE',  ( 11.99999999999999645, 0.000000000000000000, 12.00000000000000178 ) ) ;
#3677 = ORIENTED_EDGE ( 'NONE', *, *, #4746, .T. ) ;
#3678 = CARTESIAN_POINT ( 'NONE',  ( 0.000000000000000000, 1.378136260165282456, 6.147417380365323147 ) ) ;
#3679 = DIRECTION ( 'NONE',  ( 0.000000000000000000, 0.000000000000000000, -1.000000000000000000 ) ) ;
#3680 = CYLINDRICAL_SURFACE ( 'NONE', #7863, 6.299999999999999822 ) ;
#3681 = CIRCLE ( 'NONE', #10071, 2.399999999999999467 ) ;
#3682 = VERTEX_POINT ( 'NONE', #7302 ) ;
#3683 = PLANE ( 'NONE',  #8932 ) ;
#3684 = CIRCLE ( 'NONE', #8774, 1.000000000000000888 ) ;
#3685 = CARTESIAN_POINT ( 'NONE',  ( 1.499999999999999556, -3.197888662398116200, -4.626325118590957075 ) ) ;
#3686 = ADVANCED_FACE ( 'NONE', ( #7348 ), #6876, .T. ) ;
#3687 = SHAPE_DEFINITION_REPRESENTATION ( #6507, #8576 ) ;
#3688 = DIRECTION ( 'NONE',  ( 0.000000000000000000, 0.000000000000000000, -1.000000000000000000 ) ) ;
#3689 = ORIENTED_EDGE ( 'NONE', *, *, #91, .F. ) ;
#3690 = CARTESIAN_POINT ( 'NONE',  ( 1.499999999999999556, -4.976089400993411793, -2.650911967360020327 ) ) ;
#3691 = CARTESIAN_POINT ( 'NONE',  ( 1.499999999999999556, 0.000000000000000000, 0.000000000000000000 ) ) ;
#3692 = DIRECTION ( 'NONE',  ( 0.000000000000000000, -1.000000000000000000, 0.000000000000000000 ) ) ;
#3693 = DIRECTION ( 'NONE',  ( -1.000000000000000000, -0.000000000000000000, -0.000000000000000000 ) ) ;
#3694 = DIRECTION ( 'NONE',  ( 0.000000000000000000, 0.000000000000000000, -1.000000000000000000 ) ) ;
#3695 = DIRECTION ( 'NONE',  ( 0.000000000000000000, 0.000000000000000000, 1.000000000000000000 ) ) ;
#3696 = VECTOR ( 'NONE', #45, 1000.000000000000000 ) ;
#3697 = EDGE_CURVE ( 'NONE', #3383, #6271, #8542, .T. ) ;
#3698 = ADVANCED_FACE ( 'NONE', ( #1101 ), #1814, .T. ) ;
#3699 = ADVANCED_FACE ( 'NONE', ( #8074 ), #2156, .T. ) ;
#3700 = ORIENTED_EDGE ( 'NONE', *, *, #5914, .T. ) ;
#3701 = CARTESIAN_POINT ( 'NONE',  ( 0.000000000000000000, 4.851728223352826497, 4.018797487647471023 ) ) ;
#3702 = DIRECTION ( 'NONE',  ( 1.000000000000000000, -0.000000000000000000, 0.000000000000000000 ) ) ;
#3703 = AXIS2_PLACEMENT_3D ( 'NONE', #438, #3573, #6700 ) ;
#3704 = CARTESIAN_POINT ( 'NONE',  ( 1.499999999999999556, 1.690788321043817044, -0.04718953385304835296 ) ) ;
#3705 = DIRECTION ( 'NONE',  ( 0.000000000000000000, 0.000000000000000000, 1.000000000000000000 ) ) ;
#3706 = ORIENTED_EDGE ( 'NONE', *, *, #767, .T. ) ;
#3707 = MANIFOLD_SOLID_BREP ( 'Cut-Extrude3', #9216 ) ;
#3708 = AXIS2_PLACEMENT_3D ( 'NONE', #8427, #3234, #2067 ) ;
#3709 = VERTEX_POINT ( 'NONE', #4997 ) ;
#3711 = DIRECTION ( 'NONE',  ( -1.000000000000000000, 0.000000000000000000, 0.000000000000000000 ) ) ;
#3710 = AXIS2_PLACEMENT_3D ( 'NONE', #6882, #2265, #6213 ) ;
#3712 = CIRCLE ( 'NONE', #9408, 5.624000000000004995 ) ;
#3713 = CARTESIAN_POINT ( 'NONE',  ( 17.54825565829598588, 23.99999999999999645, 19.14180375945003121 ) ) ;
#3714 = VERTEX_POINT ( 'NONE', #8122 ) ;
#3716 = CARTESIAN_POINT ( 'NONE',  ( 1.499999999999999556, 0.000000000000000000, 0.000000000000000000 ) ) ;
#3715 = FACE_OUTER_BOUND ( 'NONE', #9580, .T. ) ;
#3717 = ORIENTED_EDGE ( 'NONE', *, *, #7897, .F. ) ;
#3718 = CIRCLE ( 'NONE', #5683, 2.400000000000000355 ) ;
#3719 = CARTESIAN_POINT ( 'NONE',  ( 7.500000000000000000, -7.500000000000000000, 0.000000000000000000 ) ) ;
#3720 = EDGE_LOOP ( 'NONE', ( #8331, #4157, #9357, #3359 ) ) ;
#3721 = CARTESIAN_POINT ( 'NONE',  ( 0.000000000000000000, -5.583907850472554557, 1.619760868193282688 ) ) ;
#3722 = MANIFOLD_SOLID_BREP ( 'Boss-Extrude1', #8884 ) ;
#3723 = VERTEX_POINT ( 'NONE', #560 ) ;
#3724 = CARTESIAN_POINT ( 'NONE',  ( -3.590000000000002967, 30.00000000000000000, -15.96000000000000263 ) ) ;
#3725 = ADVANCED_FACE ( 'NONE', ( #9440 ), #7401, .F. ) ;
#3726 = ORIENTED_EDGE ( 'NONE', *, *, #7463, .F. ) ;
#3727 = CARTESIAN_POINT ( 'NONE',  ( 1.499999999999999556, -4.949647314371500073, 2.670274791727444974 ) ) ;
#3728 = CARTESIAN_POINT ( 'NONE',  ( 1.499999999999999556, -4.621077171872406630, -3.230239272402469553 ) ) ;
#3729 = ORIENTED_EDGE ( 'NONE', *, *, #9760, .T. ) ;
#3730 = DIRECTION ( 'NONE',  ( 0.000000000000000000, 0.000000000000000000, 1.000000000000000000 ) ) ;
#3731 = DIRECTION ( 'NONE',  ( 0.000000000000000000, -0.5877852522924803536, 0.8090169943749423442 ) ) ;
#3732 = DIRECTION ( 'NONE',  ( 0.000000000000000000, -0.000000000000000000, -1.000000000000000000 ) ) ;
#3733 = AXIS2_PLACEMENT_3D ( 'NONE', #9731, #5118, #1327 ) ;
#3734 = EDGE_LOOP ( 'NONE', ( #2017, #2942, #6587, #5134 ) ) ;
#3735 = EDGE_LOOP ( 'NONE', ( #5870, #324, #1891, #9919 ) ) ;
#3736 = DIRECTION ( 'NONE',  ( 0.000000000000000000, -0.8910065241883722287, 0.4539904997395382558 ) ) ;
#3737 = DIRECTION ( 'NONE',  ( -1.000000000000000000, -0.000000000000000000, 0.000000000000000000 ) ) ;
#3738 = AXIS2_PLACEMENT_3D ( 'NONE', #9000, #8230, #9099 ) ;
#3739 = SHAPE_DEFINITION_REPRESENTATION ( #3233, #5760 ) ;
#3740 = DIRECTION ( 'NONE',  ( 0.000000000000000000, 0.000000000000000000, -1.000000000000000000 ) ) ;
#3741 = AXIS2_PLACEMENT_3D ( 'NONE', #680, #6225, #9356 ) ;
#3742 = ORIENTED_EDGE ( 'NONE', *, *, #601, .T. ) ;
#3743 = DIRECTION ( 'NONE',  ( -1.000000000000000000, 0.000000000000000000, 0.000000000000000000 ) ) ;
#3744 = CARTESIAN_POINT ( 'NONE',  ( 0.000000000000000000, -2.041975581048274258, -0.4902404781355404473 ) ) ;
#3745 = DIRECTION ( 'NONE',  ( -1.000000000000000000, 0.000000000000000000, 0.000000000000000000 ) ) ;
#3746 = LINE ( 'NONE', #608, #4943 ) ;
#3747 = DIRECTION ( 'NONE',  ( -1.000000000000000000, 0.000000000000000000, 0.000000000000000000 ) ) ;
#3748 = LINE ( 'NONE', #2768, #6936 ) ;
#3749 = CIRCLE ( 'NONE', #5057, 5.624000000000004107 ) ;
#3750 = EDGE_CURVE ( 'NONE', #7848, #115, #461, .T. ) ;
#3751 = CIRCLE ( 'NONE', #2106, 2.399999999999999911 ) ;
#3752 = AXIS2_PLACEMENT_3D ( 'NONE', #4882, #7849, #3184 ) ;
#3753 = ORIENTED_EDGE ( 'NONE', *, *, #3931, .F. ) ;
#3754 = CARTESIAN_POINT ( 'NONE',  ( 1.499999999999999556, 3.372391021478398088, 5.321370011402315470 ) ) ;
#3755 = DIRECTION ( 'NONE',  ( 1.000000000000000000, 0.000000000000000000, -0.000000000000000000 ) ) ;
#3756 = CYLINDRICAL_SURFACE ( 'NONE', #4629, 5.624000000000004107 ) ;
#3757 = DIRECTION ( 'NONE',  ( 0.000000000000000000, 0.000000000000000000, 1.000000000000000000 ) ) ;
#3758 = EDGE_CURVE ( 'NONE', #993, #290, #7130, .T. ) ;
#3759 = CIRCLE ( 'NONE', #9657, 2.100000000000000089 ) ;
#3760 = VERTEX_POINT ( 'NONE', #8615 ) ;
#3761 = ADVANCED_FACE ( 'NONE', ( #9332 ), #813, .T. ) ;
#3762 = CARTESIAN_POINT ( 'NONE',  ( 0.000000000000000000, -4.728296930903245432, 4.163316962856774772 ) ) ;
#3763 = EDGE_CURVE ( 'NONE', #7254, #4723, #4575, .T. ) ;
#3764 = AXIS2_PLACEMENT_3D ( 'NONE', #4785, #7906, #9654 ) ;
#3765 = LINE ( 'NONE', #2274, #4731 ) ;
#3766 = VERTEX_POINT ( 'NONE', #7843 ) ;
#3767 = FACE_OUTER_BOUND ( 'NONE', #366, .T. ) ;
#3768 = EDGE_LOOP ( 'NONE', ( #6729, #1735, #5863, #7310 ) ) ;
#3769 = DIRECTION ( 'NONE',  ( 1.000000000000000000, 0.000000000000000000, 0.000000000000000000 ) ) ;
#3770 = DIRECTION ( 'NONE',  ( -1.526571843250869105E-16, -4.501050525400302877E-17, 1.000000000000000000 ) ) ;
#3771 = EDGE_LOOP ( 'NONE', ( #9389, #8627, #2040, #2324 ) ) ;
#3772 = CIRCLE ( 'NONE', #5906, 2.399999999999999911 ) ;
#3773 = CARTESIAN_POINT ( 'NONE',  ( -15.00000000000000355, 30.00000000000000000, 0.000000000000000000 ) ) ;
#3774 = ORIENTED_EDGE ( 'NONE', *, *, #7145, .T. ) ;
#3775 = CARTESIAN_POINT ( 'NONE',  ( 0.000000000000000000, -4.018797487647487010, 4.851728223352811398 ) ) ;
#3776 = EDGE_CURVE ( 'NONE', #8393, #6364, #8000, .T. ) ;
#3777 = ORIENTED_EDGE ( 'NONE', *, *, #8777, .F. ) ;
#3778 = FACE_OUTER_BOUND ( 'NONE', #4247, .T. ) ;
#3779 =( GEOMETRIC_REPRESENTATION_CONTEXT ( 3 ) GLOBAL_UNCERTAINTY_ASSIGNED_CONTEXT ( ( #5002 ) ) GLOBAL_UNIT_ASSIGNED_CONTEXT ( ( #7317, #7465, #2686 ) ) REPRESENTATION_CONTEXT ( 'NONE', 'WORKASPACE' ) );
#3780 = DIRECTION ( 'NONE',  ( -1.000000000000000000, 0.000000000000000000, -0.000000000000000000 ) ) ;
#3781 = EDGE_LOOP ( 'NONE', ( #1638, #7541, #863, #10006 ) ) ;
#3782 = CARTESIAN_POINT ( 'NONE',  ( 1.499999999999999556, 1.141361939784620860, -0.8515097899678467641 ) ) ;
#3783 = LINE ( 'NONE', #3057, #159 ) ;
#3784 = CYLINDRICAL_SURFACE ( 'NONE', #6235, 2.399999999999999911 ) ;
#3785 = EDGE_CURVE ( 'NONE', #8966, #7838, #5432, .T. ) ;
#3786 = ORIENTED_EDGE ( 'NONE', *, *, #7149, .T. ) ;
#3787 = AXIS2_PLACEMENT_3D ( 'NONE', #2287, #2339, #4500 ) ;
#3788 = ORIENTED_EDGE ( 'NONE', *, *, #1124, .T. ) ;
#3789 = CARTESIAN_POINT ( 'NONE',  ( 1.499999999999999556, -5.622447436674694821, -0.1321394030189314006 ) ) ;
#3790 = CYLINDRICAL_SURFACE ( 'NONE', #596, 6.299999999999999822 ) ;
#3791 = ADVANCED_FACE ( 'NONE', ( #8669 ), #2207, .T. ) ;
#3792 = AXIS2_PLACEMENT_3D ( 'NONE', #6089, #6800, #7529 ) ;
#3793 = CARTESIAN_POINT ( 'NONE',  ( -10.00000000000000000, 0.000000000000000000, 0.000000000000000000 ) ) ;
#3794 = ORIENTED_EDGE ( 'NONE', *, *, #2134, .T. ) ;
#3795 = CARTESIAN_POINT ( 'NONE',  ( 1.499999999999999556, 0.000000000000000000, 0.000000000000000000 ) ) ;
#3796 = DIRECTION ( 'NONE',  ( -1.000000000000000000, -0.000000000000000000, -0.000000000000000000 ) ) ;
#3797 = DIRECTION ( 'NONE',  ( 0.000000000000000000, 1.000000000000000000, 0.000000000000000000 ) ) ;
#3798 = CARTESIAN_POINT ( 'NONE',  ( 1.499999999999999556, 0.000000000000000000, 0.000000000000000000 ) ) ;
#3799 = DIRECTION ( 'NONE',  ( -1.000000000000000000, 0.000000000000000000, -0.000000000000000000 ) ) ;
#3800 = DIRECTION ( 'NONE',  ( 0.000000000000000000, -0.000000000000000000, 1.000000000000000000 ) ) ;
#3801 = STYLED_ITEM ( 'NONE', ( #4477 ), #3707 ) ;
#3802 = AXIS2_PLACEMENT_3D ( 'NONE', #768, #9342, #3083 ) ;
#3803 = ORIENTED_EDGE ( 'NONE', *, *, #2610, .F. ) ;
#3804 = EDGE_CURVE ( 'NONE', #2340, #732, #2921, .T. ) ;
#3805 = DIRECTION ( 'NONE',  ( 0.000000000000000000, 0.000000000000000000, -1.000000000000000000 ) ) ;
#3806 = CARTESIAN_POINT ( 'NONE',  ( 0.000000000000000000, 5.637216970057038701, 0.1028825440610903336 ) ) ;
#3807 = CIRCLE ( 'NONE', #3309, 1.000000000000000888 ) ;
#3808 = AXIS2_PLACEMENT_3D ( 'NONE', #5071, #8400, #8502 ) ;
#3809 = DIRECTION ( 'NONE',  ( -1.000000000000000000, 0.000000000000000000, -0.000000000000000000 ) ) ;
#3810 = FACE_OUTER_BOUND ( 'NONE', #3410, .T. ) ;
#3811 = ORIENTED_EDGE ( 'NONE', *, *, #8974, .T. ) ;
#3812 = DIRECTION ( 'NONE',  ( -1.000000000000000000, 0.000000000000000000, 0.000000000000000000 ) ) ;
#3813 = ADVANCED_FACE ( 'NONE', ( #4002 ), #2256, .T. ) ;
#3814 = DIRECTION ( 'NONE',  ( 0.000000000000000000, 0.000000000000000000, -1.000000000000000000 ) ) ;
#3815 = VERTEX_POINT ( 'NONE', #1491 ) ;
#3817 =( NAMED_UNIT ( * ) PLANE_ANGLE_UNIT ( ) SI_UNIT ( $, .RADIAN. ) );
#3816 = CARTESIAN_POINT ( 'NONE',  ( 25.00000000000000355, 0.000000000000000000, -24.99999999999999289 ) ) ;
#3818 = VERTEX_POINT ( 'NONE', #9230 ) ;
#3819 = CARTESIAN_POINT ( 'NONE',  ( 1.499999999999999556, 5.388098593335852726, 1.611759767611869565 ) ) ;
#3820 =( NAMED_UNIT ( * ) SI_UNIT ( $, .STERADIAN. ) SOLID_ANGLE_UNIT ( ) );
#3821 = VERTEX_POINT ( 'NONE', #7076 ) ;
#3822 = EDGE_CURVE ( 'NONE', #5763, #3383, #7509, .T. ) ;
#3823 = DIRECTION ( 'NONE',  ( -1.000000000000000000, -0.000000000000000000, -0.000000000000000000 ) ) ;
#3824 = ORIENTED_EDGE ( 'NONE', *, *, #311, .F. ) ;
#3825 = DIRECTION ( 'NONE',  ( -1.000000000000000000, -0.000000000000000000, -0.000000000000000000 ) ) ;
#3826 = EDGE_CURVE ( 'NONE', #6076, #4308, #3072, .T. ) ;
#3827 = AXIS2_PLACEMENT_3D ( 'NONE', #7985, #4199, #7321 ) ;
#3828 = EDGE_CURVE ( 'NONE', #9992, #4744, #10106, .T. ) ;
#3829 = ORIENTED_EDGE ( 'NONE', *, *, #8791, .T. ) ;
#3830 = CARTESIAN_POINT ( 'NONE',  ( 0.000000000000000000, -5.329519478602947835, -1.839842958668838291 ) ) ;
#3831 = DIRECTION ( 'NONE',  ( -1.000000000000000000, -0.000000000000000000, 0.000000000000000000 ) ) ;
#3832 = ORIENTED_EDGE ( 'NONE', *, *, #4375, .T. ) ;
#3833 = DIRECTION ( 'NONE',  ( -1.000000000000000000, 0.000000000000000000, 0.000000000000000000 ) ) ;
#3834 = PRESENTATION_LAYER_ASSIGNMENT (  '', '', ( #8580 ) ) ;
#3835 = CARTESIAN_POINT ( 'NONE',  ( 1.499999999999999556, 0.8515097899678746307, -1.141361939784599988 ) ) ;
#3836 = CARTESIAN_POINT ( 'NONE',  ( 0.000000000000000000, -31.00000000000000000, -97.00000000000000000 ) ) ;
#3837 = ORIENTED_EDGE ( 'NONE', *, *, #575, .F. ) ;
#3838 = ORIENTED_EDGE ( 'NONE', *, *, #8023, .F. ) ;
#3839 = DIRECTION ( 'NONE',  ( 1.000000000000000000, 0.000000000000000000, 0.000000000000000000 ) ) ;
#3840 = LINE ( 'NONE', #9377, #2406 ) ;
#3841 = CIRCLE ( 'NONE', #9574, 2.399999999999999911 ) ;
#3842 = CYLINDRICAL_SURFACE ( 'NONE', #9594, 6.299999999999999822 ) ;
#3843 = ORIENTED_EDGE ( 'NONE', *, *, #5327, .T. ) ;
#3844 = CARTESIAN_POINT ( 'NONE',  ( 0.000000000000000000, 0.5964270824953390449, 2.013522966163062922 ) ) ;
#3845 = DIRECTION ( 'NONE',  ( -1.000000000000000000, -0.000000000000000000, 0.000000000000000000 ) ) ;
#3846 = DIRECTION ( 'NONE',  ( 0.000000000000000000, 0.000000000000000000, 1.000000000000000000 ) ) ;
#3847 = DIRECTION ( 'NONE',  ( 0.000000000000000000, 0.9510565162951545304, -0.3090169943749447312 ) ) ;
#3848 = DIRECTION ( 'NONE',  ( 0.000000000000000000, 0.8910065241883656784, 0.4539904997395511899 ) ) ;
#3849 = LINE ( 'NONE', #1493, #885 ) ;
#3850 = CIRCLE ( 'NONE', #76, 1.423999999999999488 ) ;
#3851 = EDGE_CURVE ( 'NONE', #8508, #4933, #965, .T. ) ;
#3852 = ORIENTED_EDGE ( 'NONE', *, *, #3630, .F. ) ;
#3853 = DIRECTION ( 'NONE',  ( 0.000000000000000000, 0.4999999999999950040, 0.8660254037844415942 ) ) ;
#3854 = CARTESIAN_POINT ( 'NONE',  ( 0.7499999999999997780, 4.018797487647457700, 4.851728223352836267 ) ) ;
#3855 = AXIS2_PLACEMENT_3D ( 'NONE', #4713, #7071, #9225 ) ;
#3856 = CARTESIAN_POINT ( 'NONE',  ( 0.000000000000000000, -3.913365401975911873, 4.058863291118516514 ) ) ;
#3857 = DIRECTION ( 'NONE',  ( 0.000000000000000000, 0.000000000000000000, 1.000000000000000000 ) ) ;
#3858 = ORIENTED_EDGE ( 'NONE', *, *, #6462, .F. ) ;
#3859 = CIRCLE ( 'NONE', #6810, 2.399999999999999911 ) ;
#3860 = CIRCLE ( 'NONE', #9742, 2.399999999999999023 ) ;
#3861 = DIRECTION ( 'NONE',  ( -1.000000000000000000, -0.000000000000000000, 0.000000000000000000 ) ) ;
#3862 = ORIENTED_EDGE ( 'NONE', *, *, #5019, .F. ) ;
#3864 = CYLINDRICAL_SURFACE ( 'NONE', #4455, 6.299999999999999822 ) ;
#3863 = CARTESIAN_POINT ( 'NONE',  ( 50.00005079999999680, 0.000000000000000000, 1.000000000000000000 ) ) ;
#3865 = ORIENTED_EDGE ( 'NONE', *, *, #3647, .F. ) ;
#3866 = LINE ( 'NONE', #7718, #2911 ) ;
#3867 = AXIS2_PLACEMENT_3D ( 'NONE', #4475, #9953, #1187 ) ;
#3868 = ORIENTED_EDGE ( 'NONE', *, *, #3565, .F. ) ;
#3869 = ADVANCED_FACE ( 'NONE', ( #7021 ), #3175, .T. ) ;
#3870 = ADVANCED_FACE ( 'NONE', ( #9543 ), #1795, .T. ) ;
#3871 = CARTESIAN_POINT ( 'NONE',  ( 1.499999999999999556, -4.470985933908423249, -3.411694707735887899 ) ) ;
#3872 = DIRECTION ( 'NONE',  ( -1.000000000000000000, 0.000000000000000000, 0.000000000000000000 ) ) ;
#3873 = AXIS2_PLACEMENT_3D ( 'NONE', #8056, #7186, #2516 ) ;
#3874 = VECTOR ( 'NONE', #8718, 1000.000000000000000 ) ;
#3875 = ADVANCED_FACE ( 'NONE', ( #202 ), #5792, .T. ) ;
#3876 = ORIENTED_EDGE ( 'NONE', *, *, #1145, .T. ) ;
#3877 = DIRECTION ( 'NONE',  ( -1.000000000000000000, 0.000000000000000000, 0.000000000000000000 ) ) ;
#3878 = DIRECTION ( 'NONE',  ( -1.000000000000000000, 0.000000000000000000, -0.000000000000000000 ) ) ;
#3879 = VERTEX_POINT ( 'NONE', #1898 ) ;
#3880 = DIRECTION ( 'NONE',  ( 0.000000000000000000, 0.8910065241883688980, -0.4539904997395446951 ) ) ;
#3881 = DIRECTION ( 'NONE',  ( -1.000000000000000000, 0.000000000000000000, -0.000000000000000000 ) ) ;
#3882 = DIRECTION ( 'NONE',  ( -1.000000000000000000, 0.000000000000000000, -0.000000000000000000 ) ) ;
#3883 = EDGE_CURVE ( 'NONE', #8955, #7172, #7994, .T. ) ;
#3884 = ORIENTED_EDGE ( 'NONE', *, *, #2376, .T. ) ;
#3885 = VERTEX_POINT ( 'NONE', #5740 ) ;
#3886 = AXIS2_PLACEMENT_3D ( 'NONE', #3558, #6686, #8666 ) ;
#3887 = CARTESIAN_POINT ( 'NONE',  ( -10.00000000000000000, 0.000000000000000000, 0.000000000000000000 ) ) ;
#3888 = EDGE_CURVE ( 'NONE', #7402, #7290, #2599, .T. ) ;
#3889 = CARTESIAN_POINT ( 'NONE',  ( 1.500000000000001332, 0.000000000000000000, 0.000000000000000000 ) ) ;
#3890 = ADVANCED_FACE ( 'NONE', ( #1851 ), #8828, .T. ) ;
#3891 = DIRECTION ( 'NONE',  ( -1.000000000000000000, 0.000000000000000000, 0.000000000000000000 ) ) ;
#3892 = EDGE_LOOP ( 'NONE', ( #6841, #1669, #7296, #7982 ) ) ;
#3893 = DIRECTION ( 'NONE',  ( 0.000000000000000000, 0.000000000000000000, -1.000000000000000000 ) ) ;
#3894 = DIRECTION ( 'NONE',  ( 0.000000000000000000, 0.000000000000000000, 1.000000000000000000 ) ) ;
#3895 = LINE ( 'NONE', #8667, #9647 ) ;
#3896 = DIRECTION ( 'NONE',  ( 0.000000000000000000, 1.000000000000000000, 0.000000000000000000 ) ) ;
#3897 = CARTESIAN_POINT ( 'NONE',  ( 0.7499999999999997780, -4.851728223352851366, 4.018797487647442601 ) ) ;
#3898 = SURFACE_STYLE_USAGE ( .BOTH. , #9386 ) ;
#3899 = VERTEX_POINT ( 'NONE', #8770 ) ;
#3900 = AXIS2_PLACEMENT_3D ( 'NONE', #8028, #8749, #275 ) ;
#3901 = AXIS2_PLACEMENT_3D ( 'NONE', #7809, #7044, #7764 ) ;
#3902 = EDGE_LOOP ( 'NONE', ( #4667, #3572, #729, #1425 ) ) ;
#3903 = PRESENTATION_LAYER_ASSIGNMENT (  '', '', ( #297 ) ) ;
#3904 = DIRECTION ( 'NONE',  ( -1.000000000000000000, 0.000000000000000000, 0.000000000000000000 ) ) ;
#3905 = DIRECTION ( 'NONE',  ( 1.000000000000000000, 0.000000000000000000, 0.000000000000000000 ) ) ;
#3906 = VECTOR ( 'NONE', #2984, 1000.000000000000000 ) ;
#3907 = CARTESIAN_POINT ( 'NONE',  ( 0.000000000000000000, -6.103049762276108403, 1.562940689591749477 ) ) ;
#3908 = DIRECTION ( 'NONE',  ( 0.000000000000000000, -1.000000000000000000, 0.000000000000000000 ) ) ;
#3909 = STYLED_ITEM ( 'NONE', ( #4461 ), #4016 ) ;
#3910 = EDGE_CURVE ( 'NONE', #2381, #5807, #4735, .T. ) ;
#3911 = ORIENTED_EDGE ( 'NONE', *, *, #8406, .F. ) ;
#3912 = CIRCLE ( 'NONE', #5224, 1.423999999999999488 ) ;
#3913 = PRODUCT_DEFINITION_FORMATION_WITH_SPECIFIED_SOURCE ( 'ANY', '', #4229, .NOT_KNOWN. ) ;
#3914 = AXIS2_PLACEMENT_3D ( 'NONE', #8781, #6467, #9650 ) ;
#3915 = CIRCLE ( 'NONE', #5389, 0.7200000000000004174 ) ;
#3916 = LINE ( 'NONE', #6837, #3906 ) ;
#3917 = CARTESIAN_POINT ( 'NONE',  ( 1.499999999999999556, 0.000000000000000000, 0.000000000000000000 ) ) ;
#3919 = LINE ( 'NONE', #7041, #6418 ) ;
#3918 = CARTESIAN_POINT ( 'NONE',  ( 1.499999999999999556, 0.9834709102464751496, 5.551719098988211698 ) ) ;
#3920 = ORIENTED_EDGE ( 'NONE', *, *, #9833, .T. ) ;
#3921 = CARTESIAN_POINT ( 'NONE',  ( 1.499999999999999556, 0.1667481397910293983, -1.414203329750086002 ) ) ;
#3922 = ORIENTED_EDGE ( 'NONE', *, *, #1622, .F. ) ;
#3923 = ORIENTED_EDGE ( 'NONE', *, *, #8579, .T. ) ;
#3924 = LINE ( 'NONE', #2585, #5970 ) ;
#3925 = CONTEXT_DEPENDENT_SHAPE_REPRESENTATION ( #5398, #1455 ) ;
#3926 = CARTESIAN_POINT ( 'NONE',  ( 1.499999999999999556, -1.487860405372502637, -0.8045268254124350316 ) ) ;
#3927 = AXIS2_PLACEMENT_3D ( 'NONE', #5085, #1189, #4312 ) ;
#3928 = ORIENTED_EDGE ( 'NONE', *, *, #2802, .F. ) ;
#3929 = DIRECTION ( 'NONE',  ( 1.000000000000000000, 0.000000000000000000, 0.000000000000000000 ) ) ;
#3931 = EDGE_CURVE ( 'NONE', #8802, #4899, #3427, .T. ) ;
#3930 = CARTESIAN_POINT ( 'NONE',  ( -10.00000000000000000, 0.000000000000000000, 0.000000000000000000 ) ) ;
#3932 = ORIENTED_EDGE ( 'NONE', *, *, #3883, .F. ) ;
#3933 = CARTESIAN_POINT ( 'NONE',  ( 0.000000000000000000, -3.230239272402392725, -4.621077171872464362 ) ) ;
#3934 = DIRECTION ( 'NONE',  ( -1.000000000000000000, 0.000000000000000000, -0.000000000000000000 ) ) ;
#3935 = CARTESIAN_POINT ( 'NONE',  ( 0.000000000000000000, 0.8045268254124194884, 1.487860405372510852 ) ) ;
#3936 = AXIS2_PLACEMENT_3D ( 'NONE', #6504, #1745, #3228 ) ;
#3937 = ORIENTED_EDGE ( 'NONE', *, *, #7069, .F. ) ;
#3938 = ORIENTED_EDGE ( 'NONE', *, *, #5286, .T. ) ;
#3939 = DIRECTION ( 'NONE',  ( -1.000000000000000000, -0.000000000000000000, -0.000000000000000000 ) ) ;
#3940 = DIRECTION ( 'NONE',  ( 0.000000000000000000, 0.000000000000000000, 1.000000000000000000 ) ) ;
#3941 = EDGE_CURVE ( 'NONE', #1610, #2338, #1295, .T. ) ;
#3942 = AXIS2_PLACEMENT_3D ( 'NONE', #3836, #10142, #3732 ) ;
#3943 = CARTESIAN_POINT ( 'NONE',  ( 1.499999999999999556, 5.583907850472561663, -0.7802391318066814740 ) ) ;
#3944 = ORIENTED_EDGE ( 'NONE', *, *, #2928, .F. ) ;
#3945 = CARTESIAN_POINT ( 'NONE',  ( 0.000000000000000000, 0.5889709714759444603, 6.272408882937932084 ) ) ;
#3946 = CYLINDRICAL_SURFACE ( 'NONE', #760, 1.000000000000000888 ) ;
#3947 = DIRECTION ( 'NONE',  ( 0.000000000000000000, 0.000000000000000000, -1.000000000000000000 ) ) ;
#3948 = CARTESIAN_POINT ( 'NONE',  ( 1.499999999999999556, 0.000000000000000000, 0.000000000000000000 ) ) ;
#3949 = VECTOR ( 'NONE', #7470, 1000.000000000000000 ) ;
#3950 = DIRECTION ( 'NONE',  ( -0.000000000000000000, -1.000000000000000000, -0.000000000000000000 ) ) ;
#3951 = DIRECTION ( 'NONE',  ( 0.000000000000000000, -1.000000000000000000, 0.000000000000000000 ) ) ;
#3952 = EDGE_CURVE ( 'NONE', #130, #3899, #2751, .T. ) ;
#3953 = ORIENTED_EDGE ( 'NONE', *, *, #8855, .F. ) ;
#3954 = ADVANCED_FACE ( 'NONE', ( #1128 ), #3326, .T. ) ;
#3955 = SURFACE_SIDE_STYLE ('',( #7029 ) ) ;
#3956 = EDGE_LOOP ( 'NONE', ( #3423, #5218 ) ) ;
#3957 = DIRECTION ( 'NONE',  ( 0.000000000000000000, -0.9510565162951499785, -0.3090169943749582759 ) ) ;
#3958 = DIRECTION ( 'NONE',  ( 0.000000000000000000, 0.000000000000000000, 1.000000000000000000 ) ) ;
#3959 = EDGE_CURVE ( 'NONE', #1417, #631, #1079, .T. ) ;
#3960 = CYLINDRICAL_SURFACE ( 'NONE', #3802, 2.399999999999999467 ) ;
#3961 = AXIS2_PLACEMENT_3D ( 'NONE', #9181, #4949, #3450 ) ;
#3962 = PLANE ( 'NONE',  #6627 ) ;
#3963 = VERTEX_POINT ( 'NONE', #4256 ) ;
#3964 = VECTOR ( 'NONE', #2427, 1000.000000000000000 ) ;
#3965 = AXIS2_PLACEMENT_3D ( 'NONE', #2710, #8306, #3485 ) ;
#3966 = CIRCLE ( 'NONE', #5771, 2.399999999999999911 ) ;
#3967 = ADVANCED_FACE ( 'NONE', ( #9492 ), #2463, .T. ) ;
#3968 = DIRECTION ( 'NONE',  ( -0.000000000000000000, -0.000000000000000000, -1.000000000000000000 ) ) ;
#3969 = ORIENTED_EDGE ( 'NONE', *, *, #9500, .F. ) ;
#3971 = CARTESIAN_POINT ( 'NONE',  ( 9.593511828441991796, 23.99999999999999645, 18.14180375945002766 ) ) ;
#3970 = CARTESIAN_POINT ( 'NONE',  ( 0.000000000000000000, -4.851728223352797187, -4.018797487647508326 ) ) ;
#3972 = VERTEX_POINT ( 'NONE', #9591 ) ;
#3973 = FACE_OUTER_BOUND ( 'NONE', #6609, .T. ) ;
#3974 =( NAMED_UNIT ( * ) SI_UNIT ( $, .STERADIAN. ) SOLID_ANGLE_UNIT ( ) );
#3975 = ORIENTED_EDGE ( 'NONE', *, *, #10081, .T. ) ;
#3976 = ORIENTED_EDGE ( 'NONE', *, *, #1204, .T. ) ;
#3977 = EDGE_CURVE ( 'NONE', #6025, #7664, #4822, .T. ) ;
#3978 = CARTESIAN_POINT ( 'NONE',  ( 0.000000000000000000, 0.000000000000000000, 0.000000000000000000 ) ) ;
#3979 = ORIENTED_EDGE ( 'NONE', *, *, #8376, .T. ) ;
#3980 = CARTESIAN_POINT ( 'NONE',  ( 25.00000000000000355, 0.000000000000000000, 25.00000000000000000 ) ) ;
#3981 = EDGE_CURVE ( 'NONE', #7886, #6570, #5060, .T. ) ;
#3982 = APPLICATION_PROTOCOL_DEFINITION ( 'draft international standard', 'automotive_design', 1998, #874 ) ;
#3983 = ORIENTED_EDGE ( 'NONE', *, *, #6207, .T. ) ;
#3984 = CARTESIAN_POINT ( 'NONE',  ( 1.499999999999999556, -2.498425620827127602, 5.783413301606118218 ) ) ;
#3985 = CARTESIAN_POINT ( 'NONE',  ( 0.000000000000000000, 0.000000000000000000, 0.000000000000000000 ) ) ;
#3986 = EDGE_LOOP ( 'NONE', ( #7413, #3932, #4888, #4546 ) ) ;
#3987 = CARTESIAN_POINT ( 'NONE',  ( 1.499999999999999556, -1.839842958668749029, -5.329519478602976257 ) ) ;
#3988 = CARTESIAN_POINT ( 'NONE',  ( 1.500000000000001332, 0.000000000000000000, 1.000000000000000000 ) ) ;
#3989 = DIRECTION ( 'NONE',  ( -1.000000000000000000, -0.000000000000000000, -0.000000000000000000 ) ) ;
#3990 = EDGE_LOOP ( 'NONE', ( #6155, #7829, #9885, #5973 ) ) ;
#3991 = ORIENTED_EDGE ( 'NONE', *, *, #6167, .F. ) ;
#3992 = FACE_OUTER_BOUND ( 'NONE', #1590, .T. ) ;
#3993 =( GEOMETRIC_REPRESENTATION_CONTEXT ( 3 ) GLOBAL_UNCERTAINTY_ASSIGNED_CONTEXT ( ( #3351 ) ) GLOBAL_UNIT_ASSIGNED_CONTEXT ( ( #7881, #2550, #9431 ) ) REPRESENTATION_CONTEXT ( 'NONE', 'WORKASPACE' ) );
#3994 = DIRECTION ( 'NONE',  ( -1.000000000000000000, 0.000000000000000000, 0.000000000000000000 ) ) ;
#3995 = EDGE_CURVE ( 'NONE', #19, #604, #6503, .T. ) ;
#3996 = VECTOR ( 'NONE', #7605, 1000.000000000000000 ) ;
#3997 = EDGE_LOOP ( 'NONE', ( #2392, #423, #7575, #2444 ) ) ;
#3998 = ORIENTED_EDGE ( 'NONE', *, *, #9345, .F. ) ;
#3999 = CARTESIAN_POINT ( 'NONE',  ( 1.499999999999999556, -1.839842958668820083, 5.329519478602954941 ) ) ;
#4000 = CARTESIAN_POINT ( 'NONE',  ( 1.499999999999999556, 1.487860405372519290, -0.8045268254124040563 ) ) ;
#4001 = LINE ( 'NONE', #7129, #5323 ) ;
#4002 = FACE_OUTER_BOUND ( 'NONE', #8128, .T. ) ;
#4003 = DIRECTION ( 'NONE',  ( 1.000000000000000000, 0.000000000000000000, 0.000000000000000000 ) ) ;
#4004 = DIRECTION ( 'NONE',  ( 0.000000000000000000, 1.000000000000000000, 0.000000000000000000 ) ) ;
#4005 = VERTEX_POINT ( 'NONE', #9639 ) ;
#4006 = EDGE_CURVE ( 'NONE', #9715, #4005, #1279, .T. ) ;
#4007 = FACE_OUTER_BOUND ( 'NONE', #4852, .T. ) ;
#4008 = CIRCLE ( 'NONE', #1394, 6.299999999999999822 ) ;
#4009 = ORIENTED_EDGE ( 'NONE', *, *, #2999, .F. ) ;
#4010 = DIRECTION ( 'NONE',  ( 1.000000000000000000, 0.000000000000000000, 0.000000000000000000 ) ) ;
#4011 = DIRECTION ( 'NONE',  ( -1.000000000000000000, 0.000000000000000000, -0.000000000000000000 ) ) ;
#4012 = EDGE_CURVE ( 'NONE', #5969, #486, #7477, .T. ) ;
#4014 = AXIS2_PLACEMENT_3D ( 'NONE', #121, #1666, #68 ) ;
#4013 = LINE ( 'NONE', #5700, #5078 ) ;
#4015 = FACE_OUTER_BOUND ( 'NONE', #3528, .T. ) ;
#4016 = ADVANCED_FACE ( 'NONE', ( #5220 ), #1329, .F. ) ;
#4017 = AXIS2_PLACEMENT_3D ( 'NONE', #967, #93, #3365 ) ;
#4018 = ORIENTED_EDGE ( 'NONE', *, *, #5387, .F. ) ;
#4019 = CIRCLE ( 'NONE', #5320, 2.399999999999999911 ) ;
#4020 = VECTOR ( 'NONE', #7327, 1000.000000000000000 ) ;
#4021 = ADVANCED_FACE ( 'NONE', ( #2087 ), #1175, .T. ) ;
#4022 = CIRCLE ( 'NONE', #4515, 2.100000000000000089 ) ;
#4023 = AXIS2_PLACEMENT_3D ( 'NONE', #5080, #3532, #6660 ) ;
#4024 = FACE_OUTER_BOUND ( 'NONE', #1356, .T. ) ;
#4025 = CARTESIAN_POINT ( 'NONE',  ( 0.7499999999999997780, -4.018797487647487010, 4.851728223352811398 ) ) ;
#4027 = CARTESIAN_POINT ( 'NONE',  ( 1.499999999999999556, -1.445548498552919670, -1.523282488027549064 ) ) ;
#4026 = CARTESIAN_POINT ( 'NONE',  ( -0.06137469101172798175, 0.000000000000000000, -0.9981147966557830653 ) ) ;
#4028 = ORIENTED_EDGE ( 'NONE', *, *, #9324, .F. ) ;
#4029 = APPLICATION_CONTEXT ( 'automotive_design' ) ;
#4030 = ORIENTED_EDGE ( 'NONE', *, *, #9457, .T. ) ;
#4031 = ORIENTED_EDGE ( 'NONE', *, *, #1562, .F. ) ;
#4032 = DIRECTION ( 'NONE',  ( 0.000000000000000000, 0.000000000000000000, 1.000000000000000000 ) ) ;
#4033 = ITEM_DEFINED_TRANSFORMATION ( 'NONE', 'NONE', #7872,  #6402 ) ;
#4034 = EDGE_LOOP ( 'NONE', ( #9271, #4158, #9658, #6375 ) ) ;
#4035 = DIRECTION ( 'NONE',  ( 0.000000000000000000, 0.000000000000000000, 1.000000000000000000 ) ) ;
#4036 = ORIENTED_EDGE ( 'NONE', *, *, #8931, .F. ) ;
#4037 = DIRECTION ( 'NONE',  ( -1.000000000000000000, -0.000000000000000000, -0.000000000000000000 ) ) ;
#4038 = DIRECTION ( 'NONE',  ( -1.000000000000000000, -0.000000000000000000, 0.000000000000000000 ) ) ;
#4039 = ORIENTED_EDGE ( 'NONE', *, *, #3776, .F. ) ;
#4040 = VECTOR ( 'NONE', #7055, 1000.000000000000000 ) ;
#4041 = DIRECTION ( 'NONE',  ( 1.000000000000000000, 0.000000000000000000, 0.000000000000000000 ) ) ;
#4042 = DIRECTION ( 'NONE',  ( -1.000000000000000000, -0.000000000000000000, -0.000000000000000000 ) ) ;
#4043 = ORIENTED_EDGE ( 'NONE', *, *, #21, .F. ) ;
#4044 = AXIS2_PLACEMENT_3D ( 'NONE', #3431, #2611, #7381 ) ;
#4045 = EDGE_CURVE ( 'NONE', #7990, #2613, #9146, .T. ) ;
#4046 = VERTEX_POINT ( 'NONE', #7533 ) ;
#4047 = CYLINDRICAL_SURFACE ( 'NONE', #4017, 1.000000000000000000 ) ;
#4048 = DIRECTION ( 'NONE',  ( 0.000000000000000000, 0.000000000000000000, 1.000000000000000000 ) ) ;
#4049 = AXIS2_PLACEMENT_3D ( 'NONE', #5861, #5091, #3546 ) ;
#4050 = ORIENTED_EDGE ( 'NONE', *, *, #4768, .F. ) ;
#4051 = AXIS2_PLACEMENT_3D ( 'NONE', #3012, #43, #2404 ) ;
#4052 = ORIENTED_EDGE ( 'NONE', *, *, #2810, .T. ) ;
#4053 = LINE ( 'NONE', #6353, #1680 ) ;
#4054 = DIRECTION ( 'NONE',  ( 0.000000000000000000, 0.000000000000000000, -1.000000000000000000 ) ) ;
#4055 = DIRECTION ( 'NONE',  ( -1.000000000000000000, 0.000000000000000000, 0.000000000000000000 ) ) ;
#4056 = DIRECTION ( 'NONE',  ( -1.000000000000000000, 0.000000000000000000, 0.000000000000000000 ) ) ;
#4057 = AXIS2_PLACEMENT_3D ( 'NONE', #9330, #6157, #3117 ) ;
#4058 = VERTEX_POINT ( 'NONE', #494 ) ;
#4059 = CARTESIAN_POINT ( 'NONE',  ( 1.499999999999999556, 0.000000000000000000, 0.000000000000000000 ) ) ;
#4060 = SURFACE_STYLE_USAGE ( .BOTH. , #3955 ) ;
#4061 = ORIENTED_EDGE ( 'NONE', *, *, #6085, .T. ) ;
#4062 = CARTESIAN_POINT ( 'NONE',  ( 0.000000000000000000, 0.000000000000000000, -1.000000000000000000 ) ) ;
#4063 = CARTESIAN_POINT ( 'NONE',  ( -10.00000000000000000, 0.000000000000000000, 0.000000000000000000 ) ) ;
#4065 = EDGE_CURVE ( 'NONE', #3165, #5582, #3759, .T. ) ;
#4064 = CYLINDRICAL_SURFACE ( 'NONE', #8057, 0.7200000000000003064 ) ;
#4066 = EDGE_CURVE ( 'NONE', #8750, #9429, #4906, .T. ) ;
#4067 = ORIENTED_EDGE ( 'NONE', *, *, #190, .T. ) ;
#4068 = AXIS2_PLACEMENT_3D ( 'NONE', #7528, #3474, #5939 ) ;
#4069 = CIRCLE ( 'NONE', #9799, 2.400000000000000355 ) ;
#4070 = ADVANCED_FACE ( 'NONE', ( #6043 ), #4354, .T. ) ;
#4071 = VERTEX_POINT ( 'NONE', #442 ) ;
#4072 = DIRECTION ( 'NONE',  ( 0.000000000000000000, 0.000000000000000000, 1.000000000000000000 ) ) ;
#4073 = LINE ( 'NONE', #8735, #3139 ) ;
#4075 = DIRECTION ( 'NONE',  ( -0.000000000000000000, -1.000000000000000000, -0.000000000000000000 ) ) ;
#4074 = CARTESIAN_POINT ( 'NONE',  ( 1.499999999999999556, 0.000000000000000000, 0.000000000000000000 ) ) ;
#4076 = VECTOR ( 'NONE', #7583, 1000.000000000000000 ) ;
#4077 = VERTEX_POINT ( 'NONE', #9020 ) ;
#4078 = EDGE_CURVE ( 'NONE', #5824, #8460, #1957, .T. ) ;
#4079 = VERTEX_POINT ( 'NONE', #3577 ) ;
#4080 = ORIENTED_EDGE ( 'NONE', *, *, #1374, .F. ) ;
#4081 = VECTOR ( 'NONE', #8072, 1000.000000000000000 ) ;
#4082 = EDGE_CURVE ( 'NONE', #8134, #6749, #6705, .T. ) ;
#4083 = CARTESIAN_POINT ( 'NONE',  ( 0.000000000000000000, 1.562940689591853394, -6.103049762276081758 ) ) ;
#4084 = EDGE_CURVE ( 'NONE', #8029, #6536, #2272, .T. ) ;
#4085 = ORIENTED_EDGE ( 'NONE', *, *, #8847, .F. ) ;
#4086 = CIRCLE ( 'NONE', #2758, 5.624000000000004107 ) ;
#4087 = AXIS2_PLACEMENT_3D ( 'NONE', #3382, #8882, #7335 ) ;
#4088 = DIRECTION ( 'NONE',  ( -1.000000000000000000, 0.000000000000000000, 0.000000000000000000 ) ) ;
#4089 = CIRCLE ( 'NONE', #3914, 2.399999999999999467 ) ;
#4090 = ORIENTED_EDGE ( 'NONE', *, *, #2575, .F. ) ;
#4091 = CARTESIAN_POINT ( 'NONE',  ( 0.7499999999999997780, 3.372391021478470030, -5.321370011402270173 ) ) ;
#4092 = DIRECTION ( 'NONE',  ( 0.000000000000000000, 0.000000000000000000, 1.000000000000000000 ) ) ;
#4093 = ORIENTED_EDGE ( 'NONE', *, *, #5312, .T. ) ;
#4094 = EDGE_CURVE ( 'NONE', #5360, #3290, #1937, .T. ) ;
#4095 = FACE_OUTER_BOUND ( 'NONE', #9115, .T. ) ;
#4096 = PRESENTATION_STYLE_ASSIGNMENT (( #3164 ) ) ;
#4097 = CIRCLE ( 'NONE', #9816, 0.7200000000000005285 ) ;
#4098 = VERTEX_POINT ( 'NONE', #594 ) ;
#4099 = ORIENTED_EDGE ( 'NONE', *, *, #566, .T. ) ;
#4100 = SURFACE_STYLE_USAGE ( .BOTH. , #1686 ) ;
#4101 = EDGE_CURVE ( 'NONE', #1119, #5878, #7690, .T. ) ;
#4102 = CARTESIAN_POINT ( 'NONE',  ( 0.000000000000000000, 0.000000000000000000, 0.000000000000000000 ) ) ;
#4103 = ORIENTED_EDGE ( 'NONE', *, *, #8007, .F. ) ;
#4104 = ORIENTED_EDGE ( 'NONE', *, *, #3565, .T. ) ;
#4105 = AXIS2_PLACEMENT_3D ( 'NONE', #5598, #6417, #8062 ) ;
#4106 = EDGE_CURVE ( 'NONE', #3723, #3041, #3783, .T. ) ;
#4107 = LINE ( 'NONE', #8612, #2327 ) ;
#4108 = CYLINDRICAL_SURFACE ( 'NONE', #6505, 2.399999999999999467 ) ;
#4109 = DIRECTION ( 'NONE',  ( 0.000000000000000000, 0.000000000000000000, 1.000000000000000000 ) ) ;
#4110 = DIRECTION ( 'NONE',  ( -1.000000000000000000, -0.000000000000000000, 0.000000000000000000 ) ) ;
#4111 = FACE_OUTER_BOUND ( 'NONE', #8180, .T. ) ;
#4112 = EDGE_LOOP ( 'NONE', ( #1438, #6594, #2881, #6542 ) ) ;
#4113 = EDGE_CURVE ( 'NONE', #4709, #4744, #4759, .T. ) ;
#4114 = FACE_OUTER_BOUND ( 'NONE', #6320, .T. ) ;
#4115 = VECTOR ( 'NONE', #3176, 1000.000000000000000 ) ;
#4116 =( LENGTH_UNIT ( ) NAMED_UNIT ( * ) SI_UNIT ( .MILLI., .METRE. ) );
#4117 = AXIS2_PLACEMENT_3D ( 'NONE', #6450, #2503, #9483 ) ;
#4118 = ORIENTED_EDGE ( 'NONE', *, *, #4356, .F. ) ;
#4119 = DIRECTION ( 'NONE',  ( -1.000000000000000000, -0.000000000000000000, 0.000000000000000000 ) ) ;
#4120 = DIRECTION ( 'NONE',  ( -1.000000000000000000, -0.000000000000000000, 0.000000000000000000 ) ) ;
#4121 = DIRECTION ( 'NONE',  ( -1.000000000000000000, 0.000000000000000000, 0.000000000000000000 ) ) ;
#4122 = DIRECTION ( 'NONE',  ( 1.000000000000000000, -0.000000000000000000, -0.000000000000000000 ) ) ;
#4123 = AXIS2_PLACEMENT_3D ( 'NONE', #3935, #4915, #4862 ) ;
#4124 = ORIENTED_EDGE ( 'NONE', *, *, #4148, .F. ) ;
#4125 = AXIS2_PLACEMENT_3D ( 'NONE', #2898, #6752, #640 ) ;
#4126 = VECTOR ( 'NONE', #7108, 1000.000000000000000 ) ;
#4127 = EDGE_CURVE ( 'NONE', #3972, #2203, #5886, .T. ) ;
#4128 = VERTEX_POINT ( 'NONE', #10046 ) ;
#4129 = CARTESIAN_POINT ( 'NONE',  ( -7.500000000000000000, -7.500000000000000000, 0.000000000000000000 ) ) ;
#4130 = AXIS2_PLACEMENT_3D ( 'NONE', #1730, #6236, #6538 ) ;
#4131 = LINE ( 'NONE', #6274, #6096 ) ;
#4133 = LINE ( 'NONE', #6326, #1836 ) ;
#4132 = CARTESIAN_POINT ( 'NONE',  ( 1.499999999999999556, -1.644148730784169343, 5.393104387681766809 ) ) ;
#4134 = ORIENTED_EDGE ( 'NONE', *, *, #4970, .F. ) ;
#4135 = VERTEX_POINT ( 'NONE', #5469 ) ;
#4136 =( GEOMETRIC_REPRESENTATION_CONTEXT ( 3 ) GLOBAL_UNCERTAINTY_ASSIGNED_CONTEXT ( ( #4185 ) ) GLOBAL_UNIT_ASSIGNED_CONTEXT ( ( #6940, #3817, #4545 ) ) REPRESENTATION_CONTEXT ( 'NONE', 'WORKASPACE' ) );
#4137 = EDGE_CURVE ( 'NONE', #4703, #7263, #9219, .T. ) ;
#4138 = FACE_OUTER_BOUND ( 'NONE', #8673, .T. ) ;
#4139 = CONTEXT_DEPENDENT_SHAPE_REPRESENTATION ( #2971, #10059 ) ;
#4140 = CIRCLE ( 'NONE', #2006, 6.299999999999999822 ) ;
#4141 = ORIENTED_EDGE ( 'NONE', *, *, #9449, .F. ) ;
#4142 = DIRECTION ( 'NONE',  ( -1.000000000000000000, -0.000000000000000000, -0.000000000000000000 ) ) ;
#4143 = ORIENTED_EDGE ( 'NONE', *, *, #3075, .T. ) ;
#4144 = CARTESIAN_POINT ( 'NONE',  ( 1.499999999999999556, 0.000000000000000000, 0.000000000000000000 ) ) ;
#4145 = LINE ( 'NONE', #4483, #8713 ) ;
#4146 = VERTEX_POINT ( 'NONE', #6188 ) ;
#4147 = VECTOR ( 'NONE', #387, 1000.000000000000000 ) ;
#4148 = EDGE_CURVE ( 'NONE', #2117, #5017, #8338, .T. ) ;
#4149 = CARTESIAN_POINT ( 'NONE',  ( 1.499999999999999556, 0.000000000000000000, 0.000000000000000000 ) ) ;
#4150 = CARTESIAN_POINT ( 'NONE',  ( 0.000000000000000000, 0.000000000000000000, 0.000000000000000000 ) ) ;
#4151 = ORIENTED_EDGE ( 'NONE', *, *, #5573, .T. ) ;
#4152 = EDGE_CURVE ( 'NONE', #2778, #4769, #6092, .T. ) ;
#4153 = ORIENTED_EDGE ( 'NONE', *, *, #925, .F. ) ;
#4154 = DIRECTION ( 'NONE',  ( 0.000000000000000000, 0.000000000000000000, 1.000000000000000000 ) ) ;
#4155 = DIRECTION ( 'NONE',  ( -1.000000000000000000, -0.000000000000000000, -0.000000000000000000 ) ) ;
#4156 = EDGE_CURVE ( 'NONE', #9826, #2974, #10141, .T. ) ;
#4157 = ORIENTED_EDGE ( 'NONE', *, *, #8638, .F. ) ;
#4158 = ORIENTED_EDGE ( 'NONE', *, *, #8097, .T. ) ;
#4159 = DIRECTION ( 'NONE',  ( 0.000000000000000000, -1.000000000000000000, -1.047444401652940007E-14 ) ) ;
#4160 = DIRECTION ( 'NONE',  ( 1.000000000000000000, 0.000000000000000000, 0.000000000000000000 ) ) ;
#4161 = FACE_OUTER_BOUND ( 'NONE', #2604, .T. ) ;
#4162 = DIRECTION ( 'NONE',  ( -1.000000000000000000, -0.000000000000000000, 0.000000000000000000 ) ) ;
#4163 = FACE_OUTER_BOUND ( 'NONE', #5932, .T. ) ;
#4164 = ORIENTED_EDGE ( 'NONE', *, *, #7160, .F. ) ;
#4165 = DIRECTION ( 'NONE',  ( 0.000000000000000000, 1.000000000000000000, 0.000000000000000000 ) ) ;
#4166 = CARTESIAN_POINT ( 'NONE',  ( 4.401759813564629198, 1.197267681995151101, 22.11913962260839384 ) ) ;
#4167 = VECTOR ( 'NONE', #3507, 1000.000000000000000 ) ;
#4168 = ORIENTED_EDGE ( 'NONE', *, *, #1927, .T. ) ;
#4169 = CARTESIAN_POINT ( 'NONE',  ( -0.06137469101172798175, -40.00000000000000711, -1.054506210165520264 ) ) ;
#4170 = DIRECTION ( 'NONE',  ( -1.000000000000000000, -0.000000000000000000, -0.000000000000000000 ) ) ;
#4171 = DIRECTION ( 'NONE',  ( 1.000000000000000000, -0.000000000000000000, 0.000000000000000000 ) ) ;
#4172 = CARTESIAN_POINT ( 'NONE',  ( 1.499999999999999556, 0.000000000000000000, 0.000000000000000000 ) ) ;
#4173 = VECTOR ( 'NONE', #3539, 1000.000000000000000 ) ;
#4174 = AXIS2_PLACEMENT_3D ( 'NONE', #8744, #8639, #177 ) ;
#4175 = ORIENTED_EDGE ( 'NONE', *, *, #4078, .T. ) ;
#4176 = EDGE_CURVE ( 'NONE', #8090, #3290, #4086, .T. ) ;
#4177 = CIRCLE ( 'NONE', #2364, 6.299999999999999822 ) ;
#4178 = AXIS2_PLACEMENT_3D ( 'NONE', #10074, #6172, #9298 ) ;
#4179 = EDGE_LOOP ( 'NONE', ( #5088, #5170, #1832, #7278 ) ) ;
#4180 = DIRECTION ( 'NONE',  ( -1.000000000000000000, 0.000000000000000000, 0.000000000000000000 ) ) ;
#4182 = CARTESIAN_POINT ( 'NONE',  ( 1.499999999999999556, -3.913365401975859026, -4.058863291118569805 ) ) ;
#4181 = CYLINDRICAL_SURFACE ( 'NONE', #2673, 2.399999999999999911 ) ;
#4183 = ORIENTED_EDGE ( 'NONE', *, *, #3445, .T. ) ;
#4184 = ORIENTED_EDGE ( 'NONE', *, *, #9517, .T. ) ;
#4185 = UNCERTAINTY_MEASURE_WITH_UNIT (LENGTH_MEASURE( 1.000000000000000082E-05 ), #6940, 'distance_accuracy_value', 'NONE');
#4186 = CARTESIAN_POINT ( 'NONE',  ( 1.499999999999999556, -3.197888662398176596, 4.626325118590915331 ) ) ;
#4187 = ORIENTED_EDGE ( 'NONE', *, *, #113, .T. ) ;
#4188 = CARTESIAN_POINT ( 'NONE',  ( 0.000000000000000000, -3.197888662398116200, -4.626325118590957075 ) ) ;
#4189 = ORIENTED_EDGE ( 'NONE', *, *, #1926, .T. ) ;
#4190 = DIRECTION ( 'NONE',  ( 0.000000000000000000, 0.000000000000000000, 1.000000000000000000 ) ) ;
#4191 = FACE_OUTER_BOUND ( 'NONE', #4112, .T. ) ;
#4192 = VERTEX_POINT ( 'NONE', #9370 ) ;
#4193 = AXIS2_PLACEMENT_3D ( 'NONE', #8514, #7836, #1486 ) ;
#4194 = CARTESIAN_POINT ( 'NONE',  ( 14.99999999999999645, -30.00000000000000000, -97.00000000000000000 ) ) ;
#4195 = PRODUCT_RELATED_PRODUCT_CATEGORY ( 'part', '', ( #4229 ) ) ;
#4196 = EDGE_CURVE ( 'NONE', #7402, #1718, #8675, .T. ) ;
#4197 = ORIENTED_EDGE ( 'NONE', *, *, #4486, .T. ) ;
#4198 = ORIENTED_EDGE ( 'NONE', *, *, #7598, .F. ) ;
#4199 = DIRECTION ( 'NONE',  ( -1.000000000000000000, 0.000000000000000000, 0.000000000000000000 ) ) ;
#4200 = ORIENTED_EDGE ( 'NONE', *, *, #4897, .T. ) ;
#4201 = DIRECTION ( 'NONE',  ( 0.000000000000000000, -0.9510565162951565288, 0.3090169943749382919 ) ) ;
#4202 = EDGE_CURVE ( 'NONE', #410, #638, #8554, .T. ) ;
#4203 = ORIENTED_EDGE ( 'NONE', *, *, #5706, .T. ) ;
#4204 = EDGE_CURVE ( 'NONE', #1932, #7763, #2451, .T. ) ;
#4205 = LINE ( 'NONE', #242, #1664 ) ;
#4206 = CARTESIAN_POINT ( 'NONE',  ( 1.499999999999999556, -0.1667481397910195173, 1.414203329750086890 ) ) ;
#4207 = DIRECTION ( 'NONE',  ( 0.000000000000000000, 0.000000000000000000, 1.000000000000000000 ) ) ;
#4208 = PLANE ( 'NONE',  #5406 ) ;
#4209 = VERTEX_POINT ( 'NONE', #2293 ) ;
#4210 = EDGE_CURVE ( 'NONE', #7043, #9351, #8184, .T. ) ;
#4211 = AXIS2_PLACEMENT_3D ( 'NONE', #2976, #6114, #9240 ) ;
#4212 = CARTESIAN_POINT ( 'NONE',  ( -7.500000000000000000, -7.500000000000000000, 1.000000000000000000 ) ) ;
#4213 = EDGE_CURVE ( 'NONE', #8396, #8824, #9499, .T. ) ;
#4214 = AXIS2_PLACEMENT_3D ( 'NONE', #6604, #6711, #3584 ) ;
#4215 = ORIENTED_EDGE ( 'NONE', *, *, #8045, .F. ) ;
#4216 = DIRECTION ( 'NONE',  ( 1.000000000000000000, 0.000000000000000000, 0.000000000000000000 ) ) ;
#4217 = DIRECTION ( 'NONE',  ( 0.000000000000000000, 1.000000000000000000, 0.000000000000000000 ) ) ;
#4218 = CIRCLE ( 'NONE', #3386, 2.399999999999999911 ) ;
#4219 = DIRECTION ( 'NONE',  ( -1.000000000000000000, 0.000000000000000000, 0.000000000000000000 ) ) ;
#4220 = DIRECTION ( 'NONE',  ( -1.000000000000000000, 0.000000000000000000, 0.000000000000000000 ) ) ;
#4221 = ORIENTED_EDGE ( 'NONE', *, *, #5770, .F. ) ;
#4222 = ORIENTED_EDGE ( 'NONE', *, *, #4725, .T. ) ;
#4223 = CARTESIAN_POINT ( 'NONE',  ( -10.00000000000000000, 0.000000000000000000, 0.000000000000000000 ) ) ;
#4225 = DIRECTION ( 'NONE',  ( -1.000000000000000000, -0.000000000000000000, 0.000000000000000000 ) ) ;
#4224 = DIRECTION ( 'NONE',  ( 0.000000000000000000, 0.000000000000000000, 1.000000000000000000 ) ) ;
#4226 = EDGE_CURVE ( 'NONE', #10022, #7969, #8503, .T. ) ;
#4227 = ORIENTED_EDGE ( 'NONE', *, *, #9036, .T. ) ;
#4228 = EDGE_LOOP ( 'NONE', ( #4892, #6011, #82, #1047 ) ) ;
#4229 = PRODUCT ( 'Gear Assembley13', 'Gear Assembley13', '', ( #2960 ) ) ;
#4230 = CARTESIAN_POINT ( 'NONE',  ( 1.499999999999999556, 0.1028825440610755954, 5.637216970057036036 ) ) ;
#4231 = AXIS2_PLACEMENT_3D ( 'NONE', #6388, #9672, #2540 ) ;
#4232 = ORIENTED_EDGE ( 'NONE', *, *, #762, .F. ) ;
#4233 = CIRCLE ( 'NONE', #7996, 2.100000000000000089 ) ;
#4234 = CARTESIAN_POINT ( 'NONE',  ( 1.499999999999999556, 0.000000000000000000, 0.000000000000000000 ) ) ;
#4235 = ORIENTED_EDGE ( 'NONE', *, *, #8629, .T. ) ;
#4236 = PRESENTATION_STYLE_ASSIGNMENT (( #2786 ) ) ;
#4238 = CARTESIAN_POINT ( 'NONE',  ( 1.499999999999999556, 0.000000000000000000, 0.000000000000000000 ) ) ;
#4237 = COLOUR_RGB ( '',0.7921568627450980005, 0.8196078431372548767, 0.9333333333333333481 ) ;
#4239 = EDGE_LOOP ( 'NONE', ( #4621, #7854, #9593, #6643 ) ) ;
#4240 = VECTOR ( 'NONE', #7038, 1000.000000000000000 ) ;
#4241 = LINE ( 'NONE', #5012, #452 ) ;
#4242 = ORIENTED_EDGE ( 'NONE', *, *, #8651, .F. ) ;
#4243 = AXIS2_PLACEMENT_3D ( 'NONE', #8519, #2412, #3227 ) ;
#4244 = ORIENTED_EDGE ( 'NONE', *, *, #4196, .F. ) ;
#4245 = CARTESIAN_POINT ( 'NONE',  ( 1.499999999999999556, -5.583907850472554557, -0.7802391318067171122 ) ) ;
#4246 = CIRCLE ( 'NONE', #10076, 1.000000000000000000 ) ;
#4247 = EDGE_LOOP ( 'NONE', ( #589, #3435, #4601, #8577 ) ) ;
#4248 = LINE ( 'NONE', #2740, #3120 ) ;
#4249 = CIRCLE ( 'NONE', #3583, 6.300000000000000711 ) ;
#4250 = EDGE_CURVE ( 'NONE', #2587, #3443, #6374, .T. ) ;
#4251 = ORIENTED_EDGE ( 'NONE', *, *, #7081, .F. ) ;
#4252 = DIRECTION ( 'NONE',  ( 1.000000000000000000, 0.000000000000000000, 0.000000000000000000 ) ) ;
#4253 = AXIS2_PLACEMENT_3D ( 'NONE', #5316, #1628, #1574 ) ;
#4254 = DIRECTION ( 'NONE',  ( 0.000000000000000000, 0.000000000000000000, 1.000000000000000000 ) ) ;
#4255 = CARTESIAN_POINT ( 'NONE',  ( 0.000000000000000000, -5.393104387681784573, 1.644148730784116275 ) ) ;
#4256 = CARTESIAN_POINT ( 'NONE',  ( 0.000000000000000000, 1.378136260165366389, -6.147417380365303607 ) ) ;
#4257 = DIRECTION ( 'NONE',  ( -1.000000000000000000, 0.000000000000000000, -0.000000000000000000 ) ) ;
#4258 = ORIENTED_EDGE ( 'NONE', *, *, #9962, .F. ) ;
#4259 = LINE ( 'NONE', #9644, #106 ) ;
#4260 = EDGE_CURVE ( 'NONE', #6271, #2576, #5069, .T. ) ;
#4261 = AXIS2_PLACEMENT_3D ( 'NONE', #5131, #8361, #9905 ) ;
#4262 = DIRECTION ( 'NONE',  ( -1.000000000000000000, 0.000000000000000000, 0.000000000000000000 ) ) ;
#4263 = ORIENTED_EDGE ( 'NONE', *, *, #2148, .T. ) ;
#4264 = FACE_OUTER_BOUND ( 'NONE', #3673, .T. ) ;
#4265 = CARTESIAN_POINT ( 'NONE',  ( 1.499999999999999556, 0.000000000000000000, 0.000000000000000000 ) ) ;
#4266 = CARTESIAN_POINT ( 'NONE',  ( 50.00005079999999680, 0.000000000000000000, 0.000000000000000000 ) ) ;
#4267 = CARTESIAN_POINT ( 'NONE',  ( 4.209999999999998188, 40.00000000000000000, -16.00000000000000000 ) ) ;
#4268 = EDGE_CURVE ( 'NONE', #4966, #8838, #2242, .T. ) ;
#4269 = AXIS2_PLACEMENT_3D ( 'NONE', #7077, #2513, #6307 ) ;
#4270 = ORIENTED_EDGE ( 'NONE', *, *, #311, .T. ) ;
#4271 = PRODUCT_DEFINITION_CONTEXT ( 'detailed design', #2637, 'design' ) ;
#4272 = ADVANCED_FACE ( 'NONE', ( #694 ), #6959, .T. ) ;
#4273 = MECHANICAL_DESIGN_GEOMETRIC_PRESENTATION_REPRESENTATION (  '', ( #2790 ), #3779 ) ;
#4274 = VERTEX_POINT ( 'NONE', #5571 ) ;
#4275 = CYLINDRICAL_SURFACE ( 'NONE', #6372, 6.299999999999999822 ) ;
#4276 = DIRECTION ( 'NONE',  ( -1.000000000000000000, 0.000000000000000000, 0.000000000000000000 ) ) ;
#4277 = VERTEX_POINT ( 'NONE', #8034 ) ;
#4278 = CIRCLE ( 'NONE', #9866, 0.7200000000000004174 ) ;
#4279 = VERTEX_POINT ( 'NONE', #5781 ) ;
#4280 = UNCERTAINTY_MEASURE_WITH_UNIT (LENGTH_MEASURE( 1.000000000000000082E-05 ), #1994, 'distance_accuracy_value', 'NONE');
#4281 = STYLED_ITEM ( 'NONE', ( #1114 ), #8083 ) ;
#4282 = CARTESIAN_POINT ( 'NONE',  ( -10.00000000000000000, 0.000000000000000000, 0.000000000000000000 ) ) ;
#4283 = CIRCLE ( 'NONE', #8049, 2.399999999999999467 ) ;
#4284 = CARTESIAN_POINT ( 'NONE',  ( -10.00000000000000000, 0.000000000000000000, 0.000000000000000000 ) ) ;
#4285 = VERTEX_POINT ( 'NONE', #9677 ) ;
#4286 = LINE ( 'NONE', #9102, #5959 ) ;
#4287 = ORIENTED_EDGE ( 'NONE', *, *, #4635, .F. ) ;
#4288 = DIRECTION ( 'NONE',  ( -1.000000000000000000, -0.000000000000000000, -0.000000000000000000 ) ) ;
#4289 = AXIS2_PLACEMENT_3D ( 'NONE', #5506, #7154, #8633 ) ;
#4290 = AXIS2_PLACEMENT_3D ( 'NONE', #9675, #2593, #8315 ) ;
#4291 = VERTEX_POINT ( 'NONE', #3988 ) ;
#4292 = CARTESIAN_POINT ( 'NONE',  ( 0.000000000000000000, -0.8045268254124301466, 1.487860405372505301 ) ) ;
#4293 = ORIENTED_EDGE ( 'NONE', *, *, #4550, .T. ) ;
#4294 = CARTESIAN_POINT ( 'NONE',  ( 1.499999999999999556, 5.388098593335852726, 1.611759767611869565 ) ) ;
#4295 = ADVANCED_FACE ( 'NONE', ( #2641 ), #1834, .T. ) ;
#4296 = AXIS2_PLACEMENT_3D ( 'NONE', #7073, #8766, #2460 ) ;
#4297 = ORIENTED_EDGE ( 'NONE', *, *, #3258, .F. ) ;
#4298 = DIRECTION ( 'NONE',  ( -1.000000000000000000, -0.000000000000000000, -0.000000000000000000 ) ) ;
#4299 = LINE ( 'NONE', #342, #10021 ) ;
#4300 = ORIENTED_EDGE ( 'NONE', *, *, #2630, .F. ) ;
#4301 = DIRECTION ( 'NONE',  ( -1.000000000000000000, -0.000000000000000000, 0.000000000000000000 ) ) ;
#4302 = DIRECTION ( 'NONE',  ( 0.000000000000000000, 0.000000000000000000, 1.000000000000000000 ) ) ;
#4303 = CARTESIAN_POINT ( 'NONE',  ( 0.06137469101172798175, 19.99999999999999645, -0.9454937898344801805 ) ) ;
#4304 = ORIENTED_EDGE ( 'NONE', *, *, #1833, .T. ) ;
#4305 = CARTESIAN_POINT ( 'NONE',  ( 0.000000000000000000, 5.069504796178972761, -2.467573931392925246 ) ) ;
#4306 = LINE ( 'NONE', #2907, #5848 ) ;
#4307 = CARTESIAN_POINT ( 'NONE',  ( 0.000000000000000000, 40.00000000000000000, 0.000000000000000000 ) ) ;
#4308 = VERTEX_POINT ( 'NONE', #911 ) ;
#4309 = CARTESIAN_POINT ( 'NONE',  ( 0.000000000000000000, 23.99999999999999645, 0.000000000000000000 ) ) ;
#4310 = FACE_OUTER_BOUND ( 'NONE', #5514, .T. ) ;
#4311 = DIRECTION ( 'NONE',  ( 0.000000000000000000, 0.000000000000000000, 1.000000000000000000 ) ) ;
#4312 = DIRECTION ( 'NONE',  ( 0.000000000000000000, 0.000000000000000000, -1.000000000000000000 ) ) ;
#4313 = CYLINDRICAL_SURFACE ( 'NONE', #9399, 1.000000000000000888 ) ;
#4314 = EDGE_CURVE ( 'NONE', #8471, #8059, #5229, .T. ) ;
#4315 = EDGE_LOOP ( 'NONE', ( #1561, #8618, #3499, #10015 ) ) ;
#4316 = AXIS2_PLACEMENT_3D ( 'NONE', #4305, #1333, #3631 ) ;
#4317 = EDGE_CURVE ( 'NONE', #8978, #5423, #1470, .T. ) ;
#4318 = VERTEX_POINT ( 'NONE', #7218 ) ;
#4319 = CARTESIAN_POINT ( 'NONE',  ( 1.499999999999999556, 2.322837065193183559, -5.856144462747201906 ) ) ;
#4320 = CARTESIAN_POINT ( 'NONE',  ( 0.7499999999999997780, 2.013522966163069139, -0.5964270824953179506 ) ) ;
#4321 = AXIS2_PLACEMENT_3D ( 'NONE', #1253, #6778, #9967 ) ;
#4322 = CARTESIAN_POINT ( 'NONE',  ( 0.000000000000000000, -5.393104387681760592, -1.644148730784186441 ) ) ;
#4323 = STYLED_ITEM ( 'NONE', ( #4693 ), #1503 ) ;
#4324 = EDGE_CURVE ( 'NONE', #7269, #6083, #2115, .T. ) ;
#4325 = ORIENTED_EDGE ( 'NONE', *, *, #3509, .F. ) ;
#4326 = ORIENTED_EDGE ( 'NONE', *, *, #372, .F. ) ;
#4327 = EDGE_CURVE ( 'NONE', #7787, #5892, #3310, .T. ) ;
#4328 = VECTOR ( 'NONE', #7307, 1000.000000000000000 ) ;
#4329 = LINE ( 'NONE', #4186, #6782 ) ;
#4330 = CIRCLE ( 'NONE', #1712, 6.300000000000000711 ) ;
#4331 = DIRECTION ( 'NONE',  ( -1.000000000000000000, -0.000000000000000000, 0.000000000000000000 ) ) ;
#4332 = ORIENTED_EDGE ( 'NONE', *, *, #9556, .F. ) ;
#4333 = ORIENTED_EDGE ( 'NONE', *, *, #424, .F. ) ;
#4335 = DIRECTION ( 'NONE',  ( -1.000000000000000000, -0.000000000000000000, 0.000000000000000000 ) ) ;
#4334 = DIRECTION ( 'NONE',  ( -1.000000000000000000, 0.000000000000000000, -0.000000000000000000 ) ) ;
#4336 = ORIENTED_EDGE ( 'NONE', *, *, #5233, .T. ) ;
#4337 = DIRECTION ( 'NONE',  ( -1.000000000000000000, -0.000000000000000000, 0.000000000000000000 ) ) ;
#4338 = SHAPE_REPRESENTATION_RELATIONSHIP ( 'NONE' , 'NONE' ,  #5760, #8083 ) ;
#4339 = AXIS2_PLACEMENT_3D ( 'NONE', #2174, #5300, #1462 ) ;
#4340 = VERTEX_POINT ( 'NONE', #8089 ) ;
#4341 = AXIS2_PLACEMENT_3D ( 'NONE', #393, #6656, #9072 ) ;
#4342 = FACE_OUTER_BOUND ( 'NONE', #8404, .T. ) ;
#4343 = CIRCLE ( 'NONE', #4512, 5.624000000000004107 ) ;
#4344 = ORIENTED_EDGE ( 'NONE', *, *, #5831, .T. ) ;
#4345 = DIRECTION ( 'NONE',  ( 0.000000000000000000, 0.000000000000000000, 1.000000000000000000 ) ) ;
#4346 = CIRCLE ( 'NONE', #3393, 2.399999999999999467 ) ;
#4347 = CIRCLE ( 'NONE', #1709, 6.300000000000000711 ) ;
#4348 = AXIS2_PLACEMENT_3D ( 'NONE', #6764, #1139, #2815 ) ;
#4349 = ORIENTED_EDGE ( 'NONE', *, *, #7488, .F. ) ;
#4350 = DIRECTION ( 'NONE',  ( -1.000000000000000000, 0.000000000000000000, -0.000000000000000000 ) ) ;
#4351 = DIRECTION ( 'NONE',  ( -1.000000000000000000, -0.000000000000000000, 0.000000000000000000 ) ) ;
#4352 = ORIENTED_EDGE ( 'NONE', *, *, #7853, .T. ) ;
#4353 = DIRECTION ( 'NONE',  ( 0.000000000000000000, -0.7071067811865389130, -0.7071067811865562325 ) ) ;
#4354 = CYLINDRICAL_SURFACE ( 'NONE', #634, 2.399999999999999911 ) ;
#4355 = CARTESIAN_POINT ( 'NONE',  ( 1.499999999999999556, 0.000000000000000000, 0.000000000000000000 ) ) ;
#4356 = EDGE_CURVE ( 'NONE', #1973, #7357, #1884, .T. ) ;
#4357 = ORIENTED_EDGE ( 'NONE', *, *, #1519, .T. ) ;
#4358 = APPLICATION_CONTEXT ( 'automotive_design' ) ;
#4359 = CARTESIAN_POINT ( 'NONE',  ( 0.000000000000000000, 0.000000000000000000, 0.000000000000000000 ) ) ;
#4360 = DIRECTION ( 'NONE',  ( 0.000000000000000000, -0.8910065241883626808, -0.4539904997395569630 ) ) ;
#4361 = CIRCLE ( 'NONE', #5995, 2.399999999999999023 ) ;
#4362 = SURFACE_STYLE_USAGE ( .BOTH. , #9646 ) ;
#4363 = FACE_OUTER_BOUND ( 'NONE', #7072, .T. ) ;
#4364 = ORIENTED_EDGE ( 'NONE', *, *, #1934, .F. ) ;
#4365 = CARTESIAN_POINT ( 'NONE',  ( 0.7499999999999997780, -2.498425620827127158, 5.783413301606119994 ) ) ;
#4366 = CARTESIAN_POINT ( 'NONE',  ( 0.000000000000000000, -1.644148730784095402, -5.393104387681791678 ) ) ;
#4367 = CYLINDRICAL_SURFACE ( 'NONE', #259, 5.624000000000004107 ) ;
#4368 = CARTESIAN_POINT ( 'NONE',  ( 25.00000000000000355, 19.99999999999999645, -24.99999999999999289 ) ) ;
#4369 = CYLINDRICAL_SURFACE ( 'NONE', #7603, 0.7200000000000004174 ) ;
#4370 = AXIS2_PLACEMENT_3D ( 'NONE', #4935, #4217, #6416 ) ;
#4371 = AXIS2_PLACEMENT_3D ( 'NONE', #9973, #5295, #2883 ) ;
#4372 = CIRCLE ( 'NONE', #9778, 5.624000000000004107 ) ;
#4373 = EDGE_CURVE ( 'NONE', #8146, #4438, #7028, .T. ) ;
#4374 = ORIENTED_EDGE ( 'NONE', *, *, #2935, .F. ) ;
#4375 = EDGE_CURVE ( 'NONE', #7273, #9539, #3915, .T. ) ;
#4376 = CARTESIAN_POINT ( 'NONE',  ( 0.000000000000000000, 0.000000000000000000, 0.000000000000000000 ) ) ;
#4377 = LINE ( 'NONE', #1300, #417 ) ;
#4378 = CYLINDRICAL_SURFACE ( 'NONE', #882, 0.7200000000000004174 ) ;
#4379 = AXIS2_PLACEMENT_3D ( 'NONE', #447, #4467, #4414 ) ;
#4380 = ORIENTED_EDGE ( 'NONE', *, *, #3378, .T. ) ;
#4381 = VECTOR ( 'NONE', #6874, 1000.000000000000000 ) ;
#4382 = ORIENTED_EDGE ( 'NONE', *, *, #4712, .F. ) ;
#4383 = CARTESIAN_POINT ( 'NONE',  ( 1.499999999999999556, 0.000000000000000000, 0.000000000000000000 ) ) ;
#4384 = EDGE_CURVE ( 'NONE', #4798, #7036, #2546, .T. ) ;
#4385 = CYLINDRICAL_SURFACE ( 'NONE', #8167, 5.624000000000004107 ) ;
#4386 = ORIENTED_EDGE ( 'NONE', *, *, #9597, .T. ) ;
#4387 = EDGE_CURVE ( 'NONE', #3760, #2702, #7316, .T. ) ;
#4389 = LINE ( 'NONE', #3407, #7082 ) ;
#4388 = DIRECTION ( 'NONE',  ( 0.000000000000000000, 0.000000000000000000, -1.000000000000000000 ) ) ;
#4390 = ORIENTED_EDGE ( 'NONE', *, *, #1066, .F. ) ;
#4391 = FACE_OUTER_BOUND ( 'NONE', #7769, .T. ) ;
#4392 = DIRECTION ( 'NONE',  ( -0.5692474381025202090, 0.8221662570391208291, 1.531035399978544133E-16 ) ) ;
#4393 = EDGE_LOOP ( 'NONE', ( #3398, #1512, #10037, #7861 ) ) ;
#4394 = EDGE_CURVE ( 'NONE', #3556, #2587, #8008, .T. ) ;
#4395 = DIRECTION ( 'NONE',  ( -1.000000000000000000, 0.000000000000000000, 0.000000000000000000 ) ) ;
#4396 = ORIENTED_EDGE ( 'NONE', *, *, #8117, .T. ) ;
#4397 = LINE ( 'NONE', #537, #4439 ) ;
#4398 = AXIS2_PLACEMENT_3D ( 'NONE', #5302, #7616, #3042 ) ;
#4399 =( GEOMETRIC_REPRESENTATION_CONTEXT ( 3 ) GLOBAL_UNCERTAINTY_ASSIGNED_CONTEXT ( ( #8789 ) ) GLOBAL_UNIT_ASSIGNED_CONTEXT ( ( #1870, #270, #6576 ) ) REPRESENTATION_CONTEXT ( 'NONE', 'WORKASPACE' ) );
#4400 = AXIS2_PLACEMENT_3D ( 'NONE', #9610, #941, #4072 ) ;
#4401 = ADVANCED_FACE ( 'NONE', ( #7877 ), #5626, .T. ) ;
#4402 = EDGE_LOOP ( 'NONE', ( #1966, #7030, #8081, #3035 ) ) ;
#4403 = CARTESIAN_POINT ( 'NONE',  ( 1.224646799147353207E-16, 49.99999999999999289, 1.000000000000000000 ) ) ;
#4404 = DIRECTION ( 'NONE',  ( -1.000000000000000000, 0.000000000000000000, 0.000000000000000000 ) ) ;
#4405 = VERTEX_POINT ( 'NONE', #6541 ) ;
#4406 = DIRECTION ( 'NONE',  ( 0.000000000000000000, 0.000000000000000000, 1.000000000000000000 ) ) ;
#4407 = DIRECTION ( 'NONE',  ( -0.000000000000000000, -1.000000000000000000, -0.000000000000000000 ) ) ;
#4408 = DIRECTION ( 'NONE',  ( 0.000000000000000000, -0.000000000000000000, 1.000000000000000000 ) ) ;
#4409 = AXIS2_PLACEMENT_3D ( 'NONE', #7232, #7180, #5024 ) ;
#4410 = ORIENTED_EDGE ( 'NONE', *, *, #6137, .T. ) ;
#4411 = COLOUR_RGB ( '',0.7921568627450980005, 0.8196078431372548767, 0.9333333333333333481 ) ;
#4412 = CARTESIAN_POINT ( 'NONE',  ( 1.499999999999999556, 0.000000000000000000, 0.000000000000000000 ) ) ;
#4413 = VECTOR ( 'NONE', #10065, 1000.000000000000000 ) ;
#4414 = DIRECTION ( 'NONE',  ( 0.000000000000000000, 0.000000000000000000, 1.000000000000000000 ) ) ;
#4415 = AXIS2_PLACEMENT_3D ( 'NONE', #743, #2345, #6239 ) ;
#4416 = EDGE_CURVE ( 'NONE', #3201, #5301, #3424, .T. ) ;
#4417 = APPLICATION_PROTOCOL_DEFINITION ( 'draft international standard', 'automotive_design', 1998, #9599 ) ;
#4418 = CARTESIAN_POINT ( 'NONE',  ( 1.499999999999999556, -5.573896935634607530, -0.7490320092780949901 ) ) ;
#4419 = VERTEX_POINT ( 'NONE', #3266 ) ;
#4420 = LINE ( 'NONE', #1289, #853 ) ;
#4421 = DIRECTION ( 'NONE',  ( 0.000000000000000000, 0.8910065241883656784, 0.4539904997395510233 ) ) ;
#4422 = DIRECTION ( 'NONE',  ( 0.000000000000000000, 0.000000000000000000, -1.000000000000000000 ) ) ;
#4423 = DIRECTION ( 'NONE',  ( 1.000000000000000000, 0.000000000000000000, 0.000000000000000000 ) ) ;
#4424 = DIRECTION ( 'NONE',  ( 0.000000000000000000, 0.000000000000000000, -1.000000000000000000 ) ) ;
#4425 = EDGE_CURVE ( 'NONE', #5062, #9199, #1016, .T. ) ;
#4426 = CIRCLE ( 'NONE', #9827, 1.000000000000000000 ) ;
#4427 = ORIENTED_EDGE ( 'NONE', *, *, #7587, .T. ) ;
#4428 = DIRECTION ( 'NONE',  ( 0.000000000000000000, -0.000000000000000000, 1.000000000000000000 ) ) ;
#4429 = CARTESIAN_POINT ( 'NONE',  ( 1.499999999999999556, -0.7802391318066960180, 5.583907850472558110 ) ) ;
#4430 = DIRECTION ( 'NONE',  ( -1.000000000000000000, -0.000000000000000000, -0.000000000000000000 ) ) ;
#4431 = DIRECTION ( 'NONE',  ( -1.000000000000000000, -0.000000000000000000, -0.000000000000000000 ) ) ;
#4432 = AXIS2_PLACEMENT_3D ( 'NONE', #9083, #8164, #510 ) ;
#4433 = ORIENTED_EDGE ( 'NONE', *, *, #1134, .T. ) ;
#4434 = VERTEX_POINT ( 'NONE', #6394 ) ;
#4435 = EDGE_CURVE ( 'NONE', #8087, #8508, #4916, .T. ) ;
#4436 = CYLINDRICAL_SURFACE ( 'NONE', #2885, 1.423999999999999488 ) ;
#4437 = AXIS2_PLACEMENT_3D ( 'NONE', #3478, #6652, #1992 ) ;
#4438 = VERTEX_POINT ( 'NONE', #962 ) ;
#4439 = VECTOR ( 'NONE', #5160, 1000.000000000000000 ) ;
#4441 = CARTESIAN_POINT ( 'NONE',  ( 1.499999999999999556, 0.000000000000000000, 0.000000000000000000 ) ) ;
#4440 = DIRECTION ( 'NONE',  ( -1.000000000000000000, -0.000000000000000000, 0.000000000000000000 ) ) ;
#4442 = ORIENTED_EDGE ( 'NONE', *, *, #4692, .F. ) ;
#4443 = DIRECTION ( 'NONE',  ( 0.000000000000000000, 0.000000000000000000, 1.000000000000000000 ) ) ;
#4444 = DIRECTION ( 'NONE',  ( 5.295295684769751192E-17, -1.495563749054452785E-16, 1.000000000000000000 ) ) ;
#4445 = AXIS2_PLACEMENT_3D ( 'NONE', #10092, #6044, #9168 ) ;
#4446 = ORIENTED_EDGE ( 'NONE', *, *, #5048, .T. ) ;
#4447 = ADVANCED_FACE ( 'NONE', ( #4095 ), #7365, .T. ) ;
#4448 = DIRECTION ( 'NONE',  ( 1.000000000000000000, 0.000000000000000000, 0.000000000000000000 ) ) ;
#4449 = AXIS2_PLACEMENT_3D ( 'NONE', #3160, #3878, #2543 ) ;
#4450 = CIRCLE ( 'NONE', #1166, 5.624000000000004107 ) ;
#4451 = ORIENTED_EDGE ( 'NONE', *, *, #7042, .T. ) ;
#4452 = CYLINDRICAL_SURFACE ( 'NONE', #6232, 2.399999999999999467 ) ;
#4453 = EDGE_CURVE ( 'NONE', #7290, #4661, #1113, .T. ) ;
#4454 = ORIENTED_EDGE ( 'NONE', *, *, #5669, .F. ) ;
#4455 = AXIS2_PLACEMENT_3D ( 'NONE', #530, #7716, #2277 ) ;
#4456 = CARTESIAN_POINT ( 'NONE',  ( 0.000000000000000000, 0.8862614956314109893, -1.440670871519450280 ) ) ;
#4457 = DIRECTION ( 'NONE',  ( -1.000000000000000000, 0.000000000000000000, 0.000000000000000000 ) ) ;
#4458 = VERTEX_POINT ( 'NONE', #1977 ) ;
#4459 = DIRECTION ( 'NONE',  ( -1.000000000000000000, 0.000000000000000000, 0.000000000000000000 ) ) ;
#4460 = AXIS2_PLACEMENT_3D ( 'NONE', #6014, #8031, #2639 ) ;
#4461 = PRESENTATION_STYLE_ASSIGNMENT (( #5841 ) ) ;
#4462 = FACE_OUTER_BOUND ( 'NONE', #9649, .T. ) ;
#4463 = EDGE_CURVE ( 'NONE', #2232, #5807, #4097, .T. ) ;
#4464 = ORIENTED_EDGE ( 'NONE', *, *, #4778, .F. ) ;
#4465 = EDGE_CURVE ( 'NONE', #3101, #993, #5396, .T. ) ;
#4466 = AXIS2_PLACEMENT_3D ( 'NONE', #5873, #9821, #6739 ) ;
#4467 = DIRECTION ( 'NONE',  ( -1.000000000000000000, -0.000000000000000000, -0.000000000000000000 ) ) ;
#4468 = CIRCLE ( 'NONE', #3646, 5.624000000000004107 ) ;
#4469 = AXIS2_PLACEMENT_3D ( 'NONE', #4508, #2241, #796 ) ;
#4470 = VECTOR ( 'NONE', #6914, 1000.000000000000000 ) ;
#4471 = APPLICATION_PROTOCOL_DEFINITION ( 'draft international standard', 'automotive_design', 1998, #1593 ) ;
#4472 = CARTESIAN_POINT ( 'NONE',  ( -10.00000000000000000, 0.000000000000000000, 0.000000000000000000 ) ) ;
#4473 = ORIENTED_EDGE ( 'NONE', *, *, #8220, .F. ) ;
#4474 = CARTESIAN_POINT ( 'NONE',  ( 1.499999999999999556, 0.04718953385304239245, 1.690788321043817710 ) ) ;
#4475 = CARTESIAN_POINT ( 'NONE',  ( 0.000000000000000000, 0.000000000000000000, 0.000000000000000000 ) ) ;
#4476 = DIRECTION ( 'NONE',  ( 0.000000000000000000, 0.000000000000000000, 1.000000000000000000 ) ) ;
#4477 = PRESENTATION_STYLE_ASSIGNMENT (( #2867 ) ) ;
#4478 = DIRECTION ( 'NONE',  ( -1.000000000000000000, -0.000000000000000000, -0.000000000000000000 ) ) ;
#4479 = DIRECTION ( 'NONE',  ( -1.000000000000000000, 0.000000000000000000, 0.000000000000000000 ) ) ;
#4480 = VERTEX_POINT ( 'NONE', #8189 ) ;
#4481 = CARTESIAN_POINT ( 'NONE',  ( -15.00000000000000355, -30.00000000000000000, -97.00000000000000000 ) ) ;
#4482 = DIRECTION ( 'NONE',  ( -1.000000000000000000, -0.000000000000000000, 0.000000000000000000 ) ) ;
#4483 = CARTESIAN_POINT ( 'NONE',  ( 0.7499999999999997780, 3.210341912621703209, -5.420673833027072064 ) ) ;
#4484 = CARTESIAN_POINT ( 'NONE',  ( 0.000000000000000000, 0.000000000000000000, 0.000000000000000000 ) ) ;
#4485 = ORIENTED_EDGE ( 'NONE', *, *, #4860, .T. ) ;
#4486 = EDGE_CURVE ( 'NONE', #7811, #6398, #9770, .T. ) ;
#4487 = ORIENTED_EDGE ( 'NONE', *, *, #767, .F. ) ;
#4488 = PRODUCT_DEFINITION_CONTEXT ( 'detailed design', #9599, 'design' ) ;
#4489 = CARTESIAN_POINT ( 'NONE',  ( 1.499999999999999556, 5.856144462747256085, -2.322837065193045447 ) ) ;
#4490 = FACE_OUTER_BOUND ( 'NONE', #2353, .T. ) ;
#4491 = ORIENTED_EDGE ( 'NONE', *, *, #5893, .F. ) ;
#4492 = CIRCLE ( 'NONE', #709, 6.300000000000000711 ) ;
#4493 = DIRECTION ( 'NONE',  ( 0.000000000000000000, 0.000000000000000000, 1.000000000000000000 ) ) ;
#4494 = EDGE_LOOP ( 'NONE', ( #173, #4287, #7518, #7632 ) ) ;
#4495 = CARTESIAN_POINT ( 'NONE',  ( 1.499999999999999556, 1.308110079575623974, 0.5626935397822278029 ) ) ;
#4496 = ORIENTED_EDGE ( 'NONE', *, *, #6785, .T. ) ;
#4497 = CIRCLE ( 'NONE', #5806, 0.7200000000000003064 ) ;
#4498 = DIRECTION ( 'NONE',  ( 1.000000000000000000, 0.000000000000000000, 0.000000000000000000 ) ) ;
#4499 = ORIENTED_EDGE ( 'NONE', *, *, #6548, .T. ) ;
#4500 = DIRECTION ( 'NONE',  ( 0.000000000000000000, 0.000000000000000000, 1.000000000000000000 ) ) ;
#4501 = ORIENTED_EDGE ( 'NONE', *, *, #9207, .F. ) ;
#4503 = EDGE_CURVE ( 'NONE', #2744, #641, #6035, .T. ) ;
#4502 = AXIS2_PLACEMENT_3D ( 'NONE', #2225, #4440, #1362 ) ;
#4504 = DIRECTION ( 'NONE',  ( 0.000000000000000000, 0.000000000000000000, 1.000000000000000000 ) ) ;
#4506 = EDGE_CURVE ( 'NONE', #2252, #4981, #4241, .T. ) ;
#4505 = DIRECTION ( 'NONE',  ( -1.000000000000000000, 0.000000000000000000, 0.000000000000000000 ) ) ;
#4507 = ORIENTED_EDGE ( 'NONE', *, *, #2323, .T. ) ;
#4508 = CARTESIAN_POINT ( 'NONE',  ( 0.000000000000000000, 0.000000000000000000, 0.000000000000000000 ) ) ;
#4509 = DIRECTION ( 'NONE',  ( 0.000000000000000000, 0.000000000000000000, 1.000000000000000000 ) ) ;
#4510 = CYLINDRICAL_SURFACE ( 'NONE', #9348, 2.400000000000000355 ) ;
#4511 = ORIENTED_EDGE ( 'NONE', *, *, #3977, .F. ) ;
#4512 = AXIS2_PLACEMENT_3D ( 'NONE', #2765, #5236, #1240 ) ;
#4513 = ORIENTED_EDGE ( 'NONE', *, *, #9196, .T. ) ;
#4514 = DIRECTION ( 'NONE',  ( -1.000000000000000000, -0.000000000000000000, 0.000000000000000000 ) ) ;
#4515 = AXIS2_PLACEMENT_3D ( 'NONE', #2674, #2531, #9708 ) ;
#4516 = CARTESIAN_POINT ( 'NONE',  ( 1.499999999999999556, -5.583907850472554557, 1.619760868193282688 ) ) ;
#4517 = EDGE_CURVE ( 'NONE', #6162, #2576, #5154, .T. ) ;
#4518 = APPLICATION_PROTOCOL_DEFINITION ( 'draft international standard', 'automotive_design', 1998, #3298 ) ;
#4519 = DIRECTION ( 'NONE',  ( -0.000000000000000000, -1.000000000000000000, -0.000000000000000000 ) ) ;
#4520 = ORIENTED_EDGE ( 'NONE', *, *, #1223, .F. ) ;
#4521 = CARTESIAN_POINT ( 'NONE',  ( -10.00000000000000000, 0.000000000000000000, 0.000000000000000000 ) ) ;
#4522 = DIRECTION ( 'NONE',  ( -1.000000000000000000, 0.000000000000000000, 0.000000000000000000 ) ) ;
#4523 = CARTESIAN_POINT ( 'NONE',  ( 9.593511828441991796, 23.99999999999999645, 18.14180375945002766 ) ) ;
#4524 = DIRECTION ( 'NONE',  ( 0.000000000000000000, 0.000000000000000000, 1.000000000000000000 ) ) ;
#4525 = LINE ( 'NONE', #3897, #8686 ) ;
#4526 = EDGE_CURVE ( 'NONE', #1765, #5047, #8655, .T. ) ;
#4527 = CARTESIAN_POINT ( 'NONE',  ( 1.500000000000001332, 0.000000000000000000, 0.000000000000000000 ) ) ;
#4528 = ADVANCED_FACE ( 'NONE', ( #4391 ), #332, .T. ) ;
#4529 = ORIENTED_EDGE ( 'NONE', *, *, #4616, .T. ) ;
#4530 = DIRECTION ( 'NONE',  ( -1.000000000000000000, 0.000000000000000000, 0.000000000000000000 ) ) ;
#4531 = DIRECTION ( 'NONE',  ( 0.000000000000000000, -0.5877852522924624790, -0.8090169943749551118 ) ) ;
#4532 = AXIS2_PLACEMENT_3D ( 'NONE', #4607, #10136, #10086 ) ;
#4533 = FACE_OUTER_BOUND ( 'NONE', #2803, .T. ) ;
#4534 = DIRECTION ( 'NONE',  ( 0.000000000000000000, 0.5877852522924684742, 0.8090169943749507819 ) ) ;
#4535 = AXIS2_PLACEMENT_3D ( 'NONE', #927, #3481, #2467 ) ;
#4536 = VERTEX_POINT ( 'NONE', #9155 ) ;
#4537 = EDGE_CURVE ( 'NONE', #2079, #9444, #5705, .T. ) ;
#4539 = CARTESIAN_POINT ( 'NONE',  ( 1.499999999999999556, 0.000000000000000000, 0.000000000000000000 ) ) ;
#4538 = AXIS2_PLACEMENT_3D ( 'NONE', #5546, #7032, #9341 ) ;
#4540 = AXIS2_PLACEMENT_3D ( 'NONE', #1579, #5373, #8511 ) ;
#4541 = EDGE_CURVE ( 'NONE', #5747, #3376, #9140, .T. ) ;
#4542 = DIRECTION ( 'NONE',  ( 0.000000000000000000, 0.000000000000000000, 1.000000000000000000 ) ) ;
#4543 = VERTEX_POINT ( 'NONE', #8136 ) ;
#4545 =( NAMED_UNIT ( * ) SI_UNIT ( $, .STERADIAN. ) SOLID_ANGLE_UNIT ( ) );
#4544 = DIRECTION ( 'NONE',  ( -1.000000000000000000, 0.000000000000000000, -0.000000000000000000 ) ) ;
#4546 = ORIENTED_EDGE ( 'NONE', *, *, #542, .T. ) ;
#4547 = AXIS2_PLACEMENT_3D ( 'NONE', #5225, #6253, #3017 ) ;
#4548 = DIRECTION ( 'NONE',  ( -1.000000000000000000, -0.000000000000000000, -0.000000000000000000 ) ) ;
#4549 = VERTEX_POINT ( 'NONE', #2685 ) ;
#4550 = EDGE_CURVE ( 'NONE', #3369, #9724, #4233, .T. ) ;
#4551 = CARTESIAN_POINT ( 'NONE',  ( 1.499999999999999556, 1.378136260165282678, 6.147417380365323147 ) ) ;
#4552 = ORIENTED_EDGE ( 'NONE', *, *, #5304, .F. ) ;
#4553 = DIRECTION ( 'NONE',  ( 0.000000000000000000, 0.000000000000000000, -1.000000000000000000 ) ) ;
#4554 = APPLICATION_CONTEXT ( 'automotive_design' ) ;
#4555 = ORIENTED_EDGE ( 'NONE', *, *, #1699, .F. ) ;
#4556 = CARTESIAN_POINT ( 'NONE',  ( 1.499999999999999556, 0.000000000000000000, 5.624000000000004107 ) ) ;
#4557 = CARTESIAN_POINT ( 'NONE',  ( 2.404357727003020528, 3.919999999999999041, 0.000000000000000000 ) ) ;
#4558 = EDGE_LOOP ( 'NONE', ( #263, #7976, #8904, #2963 ) ) ;
#4559 = CARTESIAN_POINT ( 'NONE',  ( 11.99999999999999645, 40.00000000000000000, -11.99999999999999822 ) ) ;
#4560 = CARTESIAN_POINT ( 'NONE',  ( 1.499999999999999556, 0.000000000000000000, 0.000000000000000000 ) ) ;
#4561 = DIRECTION ( 'NONE',  ( 0.000000000000000000, 0.000000000000000000, 1.000000000000000000 ) ) ;
#4562 = ORIENTED_EDGE ( 'NONE', *, *, #2030, .T. ) ;
#4563 = AXIS2_PLACEMENT_3D ( 'NONE', #1933, #386, #1171 ) ;
#4564 = ORIENTED_EDGE ( 'NONE', *, *, #8851, .F. ) ;
#4565 = DIRECTION ( 'NONE',  ( 0.000000000000000000, -1.000000000000000000, 0.000000000000000000 ) ) ;
#4566 = CARTESIAN_POINT ( 'NONE',  ( 0.000000000000000000, -2.013522966163065142, 0.5964270824953319394 ) ) ;
#4567 = ADVANCED_FACE ( 'NONE', ( #9006 ), #5977, .T. ) ;
#4568 = PRODUCT_CONTEXT ( 'NONE', #4880, 'mechanical' ) ;
#4569 = DIRECTION ( 'NONE',  ( 0.000000000000000000, 0.3090169943749481174, -0.9510565162951533091 ) ) ;
#4570 = AXIS2_PLACEMENT_3D ( 'NONE', #1607, #2382, #5508 ) ;
#4571 = ORIENTED_EDGE ( 'NONE', *, *, #2184, .F. ) ;
#4572 = CARTESIAN_POINT ( 'NONE',  ( 0.000000000000000000, 0.000000000000000000, 0.000000000000000000 ) ) ;
#4573 = CARTESIAN_POINT ( 'NONE',  ( 4.209999999999998188, 31.00000000000000000, -15.00000000000000000 ) ) ;
#4574 = CARTESIAN_POINT ( 'NONE',  ( -5.415642272996979756, 4.549999999999999822, 1.000000000000000000 ) ) ;
#4575 = LINE ( 'NONE', #3119, #5222 ) ;
#4576 = FACE_OUTER_BOUND ( 'NONE', #7562, .T. ) ;
#4577 = PRODUCT_DEFINITION_SHAPE ( 'NONE', 'NONE',  #10151 ) ;
#4578 = DIRECTION ( 'NONE',  ( -1.000000000000000000, 0.000000000000000000, 0.000000000000000000 ) ) ;
#4579 = CIRCLE ( 'NONE', #8172, 2.399999999999999467 ) ;
#4580 = EDGE_CURVE ( 'NONE', #2624, #4709, #5828, .T. ) ;
#4581 = PRESENTATION_LAYER_ASSIGNMENT (  '', '', ( #3909 ) ) ;
#4582 = DIRECTION ( 'NONE',  ( 0.000000000000000000, -0.5877852522924624790, -0.8090169943749551118 ) ) ;
#4583 = AXIS2_PLACEMENT_3D ( 'NONE', #8420, #1499, #6881 ) ;
#4584 = ORIENTED_EDGE ( 'NONE', *, *, #5810, .F. ) ;
#4585 = LINE ( 'NONE', #5288, #8181 ) ;
#4586 = DIRECTION ( 'NONE',  ( 1.000000000000000000, -0.000000000000000000, 0.000000000000000000 ) ) ;
#4587 = ADVANCED_FACE ( 'NONE', ( #5205 ), #6639, .T. ) ;
#4588 = CARTESIAN_POINT ( 'NONE',  ( -24.99999999999999645, 19.99999999999999645, 25.00000000000000000 ) ) ;
#4589 = DIRECTION ( 'NONE',  ( 0.000000000000000000, 0.000000000000000000, 1.000000000000000000 ) ) ;
#4590 = AXIS2_PLACEMENT_3D ( 'NONE', #8703, #3412, #4967 ) ;
#4591 = EDGE_CURVE ( 'NONE', #3201, #7951, #295, .T. ) ;
#4592 = VERTEX_POINT ( 'NONE', #3562 ) ;
#4593 = DIRECTION ( 'NONE',  ( 0.000000000000000000, 0.5000000000000009992, -0.8660254037844379305 ) ) ;
#4594 = EDGE_CURVE ( 'NONE', #4419, #1825, #7502, .T. ) ;
#4595 = CIRCLE ( 'NONE', #4105, 1.423999999999999710 ) ;
#4596 = CYLINDRICAL_SURFACE ( 'NONE', #8322, 0.7200000000000004174 ) ;
#4597 = ORIENTED_EDGE ( 'NONE', *, *, #7145, .F. ) ;
#4598 = DIRECTION ( 'NONE',  ( -1.000000000000000000, 0.000000000000000000, 0.000000000000000000 ) ) ;
#4599 = EDGE_LOOP ( 'NONE', ( #7345, #399 ) ) ;
#4600 = CARTESIAN_POINT ( 'NONE',  ( 1.499999999999999556, 0.000000000000000000, 0.000000000000000000 ) ) ;
#4601 = ORIENTED_EDGE ( 'NONE', *, *, #9500, .T. ) ;
#4602 = CIRCLE ( 'NONE', #9671, 2.399999999999999911 ) ;
#4603 = DIRECTION ( 'NONE',  ( 0.000000000000000000, 0.000000000000000000, 1.000000000000000000 ) ) ;
#4604 = VERTEX_POINT ( 'NONE', #4646 ) ;
#4605 = DIRECTION ( 'NONE',  ( -1.000000000000000000, -0.000000000000000000, -0.000000000000000000 ) ) ;
#4606 = ORIENTED_EDGE ( 'NONE', *, *, #4537, .T. ) ;
#4607 = CARTESIAN_POINT ( 'NONE',  ( -5.415642272996979756, 4.549999999999999822, 1.000000000000000000 ) ) ;
#4608 = DIRECTION ( 'NONE',  ( 0.000000000000000000, 0.000000000000000000, 1.000000000000000000 ) ) ;
#4609 = ORIENTED_EDGE ( 'NONE', *, *, #2011, .T. ) ;
#4610 = CARTESIAN_POINT ( 'NONE',  ( 1.499999999999999556, 5.622447436674695709, -0.1321394030189003421 ) ) ;
#4611 = CARTESIAN_POINT ( 'NONE',  ( 0.06137469101172798175, 19.99999999999999645, -1.054506210165520264 ) ) ;
#4612 = CARTESIAN_POINT ( 'NONE',  ( 1.499999999999999556, -0.8515097899678667481, 1.141361939784606205 ) ) ;
#4613 = AXIS2_PLACEMENT_3D ( 'NONE', #8600, #1677, #7057 ) ;
#4614 = EDGE_LOOP ( 'NONE', ( #1811, #8274, #6506, #6027, #5783, #8529, #1219, #1853, #4803, #6696, #7527, #2297, #4958, #2452, #1206, #8447, #3654, #5837, #2085, #621, #2269, #6117, #3937, #2336, #2648, #8226, #9103, #7879, #6790, #315, #4232, #8558, #1123, #1098, #3689, #9100, #9222, #5915, #7640, #3078, #5397, #7765, #4258, #4300, #8927, #568, #5127, #9176, #6340, #3609, #5544, #5151, #6473 ) ) ;
#4615 = CIRCLE ( 'NONE', #8051, 2.399999999999999911 ) ;
#4616 = EDGE_CURVE ( 'NONE', #4868, #380, #1939, .T. ) ;
#4617 = ORIENTED_EDGE ( 'NONE', *, *, #3822, .F. ) ;
#4618 = CARTESIAN_POINT ( 'NONE',  ( 0.000000000000000000, 5.856144462747226775, 2.322837065193122719 ) ) ;
#4619 = DIRECTION ( 'NONE',  ( -1.000000000000000000, 0.000000000000000000, 0.000000000000000000 ) ) ;
#4620 = DIRECTION ( 'NONE',  ( -1.000000000000000000, 0.000000000000000000, -0.000000000000000000 ) ) ;
#4621 = ORIENTED_EDGE ( 'NONE', *, *, #1384, .F. ) ;
#4622 = CARTESIAN_POINT ( 'NONE',  ( 0.000000000000000000, 2.041975581048277810, -0.4902404781355258478 ) ) ;
#4623 = LINE ( 'NONE', #7840, #6664 ) ;
#4624 = LINE ( 'NONE', #7746, #3518 ) ;
#4625 = CARTESIAN_POINT ( 'NONE',  ( 0.000000000000000000, 0.000000000000000000, 0.000000000000000000 ) ) ;
#4626 = CARTESIAN_POINT ( 'NONE',  ( 0.7499999999999997780, -3.210341912621668570, 5.420673833027094268 ) ) ;
#4627 =( LENGTH_UNIT ( ) NAMED_UNIT ( * ) SI_UNIT ( .MILLI., .METRE. ) );
#4628 = AXIS2_PLACEMENT_3D ( 'NONE', #6537, #7409, #8132 ) ;
#4629 = AXIS2_PLACEMENT_3D ( 'NONE', #5291, #3809, #5342 ) ;
#4630 = VERTEX_POINT ( 'NONE', #4495 ) ;
#4631 = CARTESIAN_POINT ( 'NONE',  ( 1.499999999999999556, 0.000000000000000000, 0.000000000000000000 ) ) ;
#4632 = DIRECTION ( 'NONE',  ( -1.000000000000000000, 0.000000000000000000, -0.000000000000000000 ) ) ;
#4633 = CIRCLE ( 'NONE', #519, 1.423999999999999710 ) ;
#4635 = EDGE_CURVE ( 'NONE', #3068, #2395, #2280, .T. ) ;
#4634 = PLANE ( 'NONE',  #3303 ) ;
#4636 = DIRECTION ( 'NONE',  ( -1.000000000000000000, 0.000000000000000000, -0.000000000000000000 ) ) ;
#4637 = EDGE_CURVE ( 'NONE', #380, #416, #2177, .T. ) ;
#4638 = VERTEX_POINT ( 'NONE', #6176 ) ;
#4639 = EDGE_CURVE ( 'NONE', #8396, #1667, #3866, .T. ) ;
#4640 = ADVANCED_FACE ( 'NONE', ( #632 ), #8540, .T. ) ;
#4641 = CARTESIAN_POINT ( 'NONE',  ( 1.499999999999999556, -3.372391021478358564, -5.321370011402341227 ) ) ;
#4642 = ORIENTED_EDGE ( 'NONE', *, *, #8045, .T. ) ;
#4644 =( LENGTH_UNIT ( ) NAMED_UNIT ( * ) SI_UNIT ( .MILLI., .METRE. ) );
#4643 = DIRECTION ( 'NONE',  ( 0.000000000000000000, -0.3090169943749548342, 0.9510565162951511997 ) ) ;
#4645 = ORIENTED_EDGE ( 'NONE', *, *, #910, .T. ) ;
#4646 = CARTESIAN_POINT ( 'NONE',  ( 15.99999999999999645, 31.00000000000000000, -97.00000000000000000 ) ) ;
#4647 = EDGE_CURVE ( 'NONE', #3315, #9624, #3249, .T. ) ;
#4648 = ORIENTED_EDGE ( 'NONE', *, *, #2007, .F. ) ;
#4649 = CARTESIAN_POINT ( 'NONE',  ( 0.000000000000000000, -4.500131487637524685, -3.396706725542377292 ) ) ;
#4650 = CARTESIAN_POINT ( 'NONE',  ( 1.499999999999999556, -4.058863291118503192, -3.913365401975925195 ) ) ;
#4651 = VECTOR ( 'NONE', #3559, 1000.000000000000000 ) ;
#4652 = VERTEX_POINT ( 'NONE', #3819 ) ;
#4653 = DIRECTION ( 'NONE',  ( -1.000000000000000000, 0.000000000000000000, -0.000000000000000000 ) ) ;
#4654 = DIRECTION ( 'NONE',  ( 1.000000000000000000, 0.000000000000000000, -0.000000000000000000 ) ) ;
#4655 = VERTEX_POINT ( 'NONE', #8436 ) ;
#4656 = CARTESIAN_POINT ( 'NONE',  ( 1.499999999999999556, 4.500131487637549554, 3.396706725542344429 ) ) ;
#4657 = AXIS2_PLACEMENT_3D ( 'NONE', #5805, #8940, #9906 ) ;
#4658 = CARTESIAN_POINT ( 'NONE',  ( 1.499999999999999556, 5.637216970057037813, -0.1028825440610153102 ) ) ;
#4659 = CARTESIAN_POINT ( 'NONE',  ( 0.000000000000000000, 3.197888662398210791, -4.626325118590892238 ) ) ;
#4660 = CIRCLE ( 'NONE', #3668, 5.624000000000004107 ) ;
#4661 = VERTEX_POINT ( 'NONE', #9302 ) ;
#4662 = ORIENTED_EDGE ( 'NONE', *, *, #2126, .F. ) ;
#4663 = CARTESIAN_POINT ( 'NONE',  ( 1.499999999999999556, 3.197888662398210791, -4.626325118590892238 ) ) ;
#4664 = CARTESIAN_POINT ( 'NONE',  ( 17.54825565829598588, 23.99999999999999645, 18.14180375945002766 ) ) ;
#4665 = VECTOR ( 'NONE', #5147, 1000.000000000000000 ) ;
#4666 = CARTESIAN_POINT ( 'NONE',  ( 1.499999999999999556, 0.000000000000000000, 0.000000000000000000 ) ) ;
#4667 = ORIENTED_EDGE ( 'NONE', *, *, #3593, .T. ) ;
#4668 = EDGE_CURVE ( 'NONE', #9992, #86, #1415, .T. ) ;
#4669 = CARTESIAN_POINT ( 'NONE',  ( 0.000000000000000000, 0.9834709102464751496, 5.551719098988211698 ) ) ;
#4670 = DIRECTION ( 'NONE',  ( -1.000000000000000000, 0.000000000000000000, 0.000000000000000000 ) ) ;
#4671 = DIRECTION ( 'NONE',  ( 0.000000000000000000, -0.7071067811865390240, -0.7071067811865560104 ) ) ;
#4672 = CARTESIAN_POINT ( 'NONE',  ( 0.000000000000000000, 0.000000000000000000, 0.000000000000000000 ) ) ;
#4673 = DIRECTION ( 'NONE',  ( 1.000000000000000000, 0.000000000000000000, 0.000000000000000000 ) ) ;
#4674 = AXIS2_PLACEMENT_3D ( 'NONE', #3918, #2379, #4686 ) ;
#4675 = VERTEX_POINT ( 'NONE', #8385 ) ;
#4676 = DIRECTION ( 'NONE',  ( -1.000000000000000000, -0.000000000000000000, -0.000000000000000000 ) ) ;
#4677 = DIRECTION ( 'NONE',  ( 0.000000000000000000, 0.1564344650402242909, 0.9876883405951388806 ) ) ;
#4678 = CIRCLE ( 'NONE', #5984, 2.399999999999999467 ) ;
#4679 =( NAMED_UNIT ( * ) PLANE_ANGLE_UNIT ( ) SI_UNIT ( $, .RADIAN. ) );
#4680 = CARTESIAN_POINT ( 'NONE',  ( 1.499999999999999556, 5.329519478602960270, 1.839842958668801209 ) ) ;
#4681 = ORIENTED_EDGE ( 'NONE', *, *, #2062, .T. ) ;
#4682 = EDGE_CURVE ( 'NONE', #7175, #2252, #3403, .T. ) ;
#4683 = AXIS2_PLACEMENT_3D ( 'NONE', #9939, #8922, #1895 ) ;
#4684 = FACE_OUTER_BOUND ( 'NONE', #5521, .T. ) ;
#4685 = CARTESIAN_POINT ( 'NONE',  ( 0.000000000000000000, -1.010057104668006911, 5.532554621990616539 ) ) ;
#4687 = CARTESIAN_POINT ( 'NONE',  ( -10.00000000000000000, 0.000000000000000000, 0.000000000000000000 ) ) ;
#4686 = DIRECTION ( 'NONE',  ( 0.000000000000000000, 0.8090169943749485615, -0.5877852522924713607 ) ) ;
#4688 = ORIENTED_EDGE ( 'NONE', *, *, #10039, .T. ) ;
#4689 = CYLINDRICAL_SURFACE ( 'NONE', #2589, 2.399999999999999911 ) ;
#4690 = AXIS2_PLACEMENT_3D ( 'NONE', #3806, #4632, #9451 ) ;
#4691 = ORIENTED_EDGE ( 'NONE', *, *, #9558, .T. ) ;
#4692 = EDGE_CURVE ( 'NONE', #7607, #9624, #7672, .T. ) ;
#4693 = PRESENTATION_STYLE_ASSIGNMENT (( #3046 ) ) ;
#4694 = ORIENTED_EDGE ( 'NONE', *, *, #7067, .T. ) ;
#4695 = DIRECTION ( 'NONE',  ( -1.000000000000000000, -0.000000000000000000, 0.000000000000000000 ) ) ;
#4696 = CIRCLE ( 'NONE', #1751, 2.399999999999999467 ) ;
#4697 = ADVANCED_FACE ( 'NONE', ( #5356 ), #1559, .T. ) ;
#4698 = AXIS2_PLACEMENT_3D ( 'NONE', #9033, #3486, #7543 ) ;
#4699 = ADVANCED_FACE ( 'NONE', ( #2941 ), #4689, .T. ) ;
#4700 = ORIENTED_EDGE ( 'NONE', *, *, #807, .T. ) ;
#4701 = CARTESIAN_POINT ( 'NONE',  ( 1.499999999999999556, 4.621077171872475908, -3.230239272402376738 ) ) ;
#4702 = CARTESIAN_POINT ( 'NONE',  ( 0.000000000000000000, 0.000000000000000000, 1.423999999999999488 ) ) ;
#4703 = VERTEX_POINT ( 'NONE', #9203 ) ;
#4704 = DIRECTION ( 'NONE',  ( -1.000000000000000000, -0.000000000000000000, -0.000000000000000000 ) ) ;
#4705 = ADVANCED_FACE ( 'NONE', ( #2228 ), #8487, .T. ) ;
#4706 = CARTESIAN_POINT ( 'NONE',  ( 1.499999999999999556, -2.670274791727427655, -4.949647314371508955 ) ) ;
#4707 = DIRECTION ( 'NONE',  ( 1.000000000000000000, 0.000000000000000000, 0.000000000000000000 ) ) ;
#4708 = ORIENTED_EDGE ( 'NONE', *, *, #6540, .T. ) ;
#4709 = VERTEX_POINT ( 'NONE', #3719 ) ;
#4710 = CARTESIAN_POINT ( 'NONE',  ( 0.7499999999999997780, -1.562940689591810983, 6.103049762276093304 ) ) ;
#4711 = CARTESIAN_POINT ( 'NONE',  ( 4.209999999999998188, 30.00000000000000000, -15.00000000000000000 ) ) ;
#4712 = EDGE_CURVE ( 'NONE', #4434, #9945, #9299, .T. ) ;
#4713 = CARTESIAN_POINT ( 'NONE',  ( 1.499999999999999556, 0.000000000000000000, 0.000000000000000000 ) ) ;
#4714 = SHAPE_REPRESENTATION ( 'Gear Assembley13', ( #5589, #2477, #1169 ), #9686 ) ;
#4715 = CIRCLE ( 'NONE', #8640, 1.423999999999999710 ) ;
#4716 = VERTEX_POINT ( 'NONE', #1365 ) ;
#4717 = CARTESIAN_POINT ( 'NONE',  ( 0.000000000000000000, -6.147417380365326700, 1.378136260165261584 ) ) ;
#4718 = LINE ( 'NONE', #704, #5355 ) ;
#4719 = DIRECTION ( 'NONE',  ( -1.000000000000000000, 0.000000000000000000, 0.000000000000000000 ) ) ;
#4720 = CARTESIAN_POINT ( 'NONE',  ( 1.499999999999999556, -4.500131487637568206, 3.396706725542315120 ) ) ;
#4721 = CARTESIAN_POINT ( 'NONE',  ( 9.593511828441991796, 23.99999999999999645, 19.14180375945003121 ) ) ;
#4722 = FACE_OUTER_BOUND ( 'NONE', #8662, .T. ) ;
#4723 = VERTEX_POINT ( 'NONE', #3148 ) ;
#4724 = AXIS2_PLACEMENT_3D ( 'NONE', #7023, #4578, #2970 ) ;
#4725 = EDGE_CURVE ( 'NONE', #2697, #5628, #8318, .T. ) ;
#4726 = AXIS2_PLACEMENT_3D ( 'NONE', #7517, #379, #9719 ) ;
#4727 = ORIENTED_EDGE ( 'NONE', *, *, #8807, .F. ) ;
#4728 =( GEOMETRIC_REPRESENTATION_CONTEXT ( 3 ) GLOBAL_UNCERTAINTY_ASSIGNED_CONTEXT ( ( #3656 ) ) GLOBAL_UNIT_ASSIGNED_CONTEXT ( ( #1752, #5695, #2363 ) ) REPRESENTATION_CONTEXT ( 'NONE', 'WORKASPACE' ) );
#4729 = CARTESIAN_POINT ( 'NONE',  ( 1.499999999999999556, 0.000000000000000000, 0.000000000000000000 ) ) ;
#4730 = CARTESIAN_POINT ( 'NONE',  ( 0.7499999999999997780, 6.147417380365337358, -1.378136260165216065 ) ) ;
#4731 = VECTOR ( 'NONE', #9198, 1000.000000000000000 ) ;
#4732 = EDGE_CURVE ( 'NONE', #784, #7235, #777, .T. ) ;
#4733 = CARTESIAN_POINT ( 'NONE',  ( 0.000000000000000000, -5.637216970057037813, -0.1028825440611315367 ) ) ;
#4734 = CARTESIAN_POINT ( 'NONE',  ( 14.99999999999999645, 30.00000000000000000, 0.000000000000000000 ) ) ;
#4735 = CIRCLE ( 'NONE', #4409, 2.100000000000000089 ) ;
#4736 = ORIENTED_EDGE ( 'NONE', *, *, #8705, .F. ) ;
#4737 = ADVANCED_FACE ( 'NONE', ( #3973 ), #4745, .T. ) ;
#4738 = AXIS2_PLACEMENT_3D ( 'NONE', #8839, #820, #5802 ) ;
#4739 = VECTOR ( 'NONE', #36, 1000.000000000000000 ) ;
#4740 = CYLINDRICAL_SURFACE ( 'NONE', #1781, 6.299999999999999822 ) ;
#4741 = ORIENTED_EDGE ( 'NONE', *, *, #10002, .F. ) ;
#4743 = DIRECTION ( 'NONE',  ( -1.000000000000000000, 0.000000000000000000, 0.000000000000000000 ) ) ;
#4742 = CARTESIAN_POINT ( 'NONE',  ( 0.7499999999999997780, -0.5964270824953249450, -2.013522966163067363 ) ) ;
#4744 = VERTEX_POINT ( 'NONE', #9406 ) ;
#4745 = CYLINDRICAL_SURFACE ( 'NONE', #7828, 0.7200000000000004174 ) ;
#4746 = EDGE_CURVE ( 'NONE', #16, #8656, #6521, .T. ) ;
#4747 = ORIENTED_EDGE ( 'NONE', *, *, #9962, .T. ) ;
#4748 = ORIENTED_EDGE ( 'NONE', *, *, #8512, .F. ) ;
#4749 = DIRECTION ( 'NONE',  ( -1.000000000000000000, -0.000000000000000000, -0.000000000000000000 ) ) ;
#4750 = ORIENTED_EDGE ( 'NONE', *, *, #5756, .F. ) ;
#4751 = DIRECTION ( 'NONE',  ( 0.000000000000000000, 0.000000000000000000, 1.000000000000000000 ) ) ;
#4752 = CIRCLE ( 'NONE', #3599, 2.399999999999999911 ) ;
#4753 = SHAPE_DEFINITION_REPRESENTATION ( #1044, #7146 ) ;
#4754 = VERTEX_POINT ( 'NONE', #5164 ) ;
#4755 = DIRECTION ( 'NONE',  ( -0.000000000000000000, -1.000000000000000000, -0.000000000000000000 ) ) ;
#4756 = DIRECTION ( 'NONE',  ( -1.000000000000000000, -0.000000000000000000, -0.000000000000000000 ) ) ;
#4757 = ORIENTED_EDGE ( 'NONE', *, *, #5353, .T. ) ;
#4758 = DIRECTION ( 'NONE',  ( -1.000000000000000000, -0.000000000000000000, -0.000000000000000000 ) ) ;
#4759 = LINE ( 'NONE', #9994, #4739 ) ;
#4760 = DIRECTION ( 'NONE',  ( 0.000000000000000000, 0.000000000000000000, 1.000000000000000000 ) ) ;
#4761 = EDGE_CURVE ( 'NONE', #5581, #2495, #140, .T. ) ;
#4762 = CIRCLE ( 'NONE', #1970, 2.399999999999999911 ) ;
#4763 = ORIENTED_EDGE ( 'NONE', *, *, #8644, .F. ) ;
#4764 = ORIENTED_EDGE ( 'NONE', *, *, #3883, .T. ) ;
#4765 = CARTESIAN_POINT ( 'NONE',  ( 1.499999999999999556, 3.396706725542392835, -4.500131487637513139 ) ) ;
#4766 = EDGE_CURVE ( 'NONE', #7515, #8090, #5216, .T. ) ;
#4767 = ORIENTED_EDGE ( 'NONE', *, *, #2743, .T. ) ;
#4768 = EDGE_CURVE ( 'NONE', #9008, #5910, #5068, .T. ) ;
#4769 = VERTEX_POINT ( 'NONE', #2034 ) ;
#4770 = CARTESIAN_POINT ( 'NONE',  ( 1.499999999999999556, -3.882234041400962621, -4.069107377274232995 ) ) ;
#4771 = CARTESIAN_POINT ( 'NONE',  ( 1.499999999999999556, 0.5626935397822415696, -1.308110079575618201 ) ) ;
#4772 = CARTESIAN_POINT ( 'NONE',  ( 1.499999999999999556, 0.000000000000000000, 0.000000000000000000 ) ) ;
#4773 = CARTESIAN_POINT ( 'NONE',  ( 1.499999999999999556, -5.573896935634607530, -0.7490320092780949901 ) ) ;
#4774 = AXIS2_PLACEMENT_3D ( 'NONE', #9535, #9583, #6497 ) ;
#4775 = CARTESIAN_POINT ( 'NONE',  ( 1.499999999999999556, -2.650911967359999899, 4.976089400993421563 ) ) ;
#4776 = PLANE ( 'NONE',  #1222 ) ;
#4777 = VERTEX_POINT ( 'NONE', #4403 ) ;
#4778 = EDGE_CURVE ( 'NONE', #778, #3009, #1447, .T. ) ;
#4779 =( GEOMETRIC_REPRESENTATION_CONTEXT ( 3 ) GLOBAL_UNCERTAINTY_ASSIGNED_CONTEXT ( ( #3454 ) ) GLOBAL_UNIT_ASSIGNED_CONTEXT ( ( #9007, #6691, #8284 ) ) REPRESENTATION_CONTEXT ( 'NONE', 'WORKASPACE' ) );
#4780 = CYLINDRICAL_SURFACE ( 'NONE', #4371, 2.399999999999999467 ) ;
#4781 = AXIS2_PLACEMENT_3D ( 'NONE', #6906, #9940, #9266 ) ;
#4782 = ORIENTED_EDGE ( 'NONE', *, *, #8170, .T. ) ;
#4783 = DIRECTION ( 'NONE',  ( -1.000000000000000000, -0.000000000000000000, -0.000000000000000000 ) ) ;
#4784 = DIRECTION ( 'NONE',  ( -1.000000000000000000, 0.000000000000000000, -0.000000000000000000 ) ) ;
#4785 = CARTESIAN_POINT ( 'NONE',  ( 1.499999999999999556, 1.690788321043816378, 0.04718953385307199377 ) ) ;
#4786 = STYLED_ITEM ( 'NONE', ( #5252 ), #3531 ) ;
#4787 = CYLINDRICAL_SURFACE ( 'NONE', #5324, 1.423999999999999488 ) ;
#4788 = MECHANICAL_DESIGN_GEOMETRIC_PRESENTATION_REPRESENTATION (  '', ( #6420 ), #3462 ) ;
#4789 = ORIENTED_EDGE ( 'NONE', *, *, #2184, .T. ) ;
#4790 = CLOSED_SHELL ( 'NONE', ( #4983, #1688, #7795, #6762, #365, #2588, #6631, #7286, #28, #1181, #1658, #3570, #7724, #10040, #8949, #7197, #4401, #3875, #6227, #7331, #3534, #8342, #9680, #7092, #3023, #10138, #5877, #1217, #4567, #8219, #7905, #7740, #2068, #3686, #8711, #6499, #1245, #5478, #3093, #2198, #1093, #7207, #3448, #666, #3761, #1073, #799, #7699, #1706, #186, #3301, #6133, #6828, #7910, #5182, #7983, #8069, #8154, #3954, #300, #5921, #730, #6835, #5580, #8557, #149, #3869, #1566, #9145, #6996, #2408, #9959, #750, #4070, #3870, #2262, #2798, #9051, #2383, #6352, #1267, #5694, #1208, #5512, #6707, #6206, #10117, #2706, #8575, #524, #6016, #1591, #6983, #3129, #9974, #8692, #2499, #5703, #268, #3658, #4699, #2374, #5198, #5936, #7109, #1103, #3020, #6020, #8206, #1883, #3230, #6444, #1941, #7835, #5493, #9997, #7258, #2578, #1083, #2618, #9111, #3653, #8216, #4272, #3813, #4813, #488, #5135, #5593, #9713, #9774, #4021, #5647, #6889, #4447, #719, #9257, #5562, #647, #499, #3890, #5137, #7884, #1824, #4640, #1875, #1848, #2258, #6401, #1193, #1445, #6710, #5258, #3489, #1757, #3967, #9576, #445, #9026, #8611, #9988, #6978, #6272, #7137, #4587, #5908, #9910, #8958, #9411 ) ) ;
#4791 = CIRCLE ( 'NONE', #3140, 2.399999999999999911 ) ;
#4792 = AXIS2_PLACEMENT_3D ( 'NONE', #441, #2140, #9837 ) ;
#4793 = DIRECTION ( 'NONE',  ( 1.000000000000000000, 0.000000000000000000, -0.000000000000000000 ) ) ;
#4794 = CARTESIAN_POINT ( 'NONE',  ( 1.499999999999999556, -4.728296930903189477, -4.163316962856836057 ) ) ;
#4795 = DIRECTION ( 'NONE',  ( 0.000000000000000000, -0.8090169943749530024, 0.5877852522924653655 ) ) ;
#4796 = EDGE_CURVE ( 'NONE', #5117, #1845, #8485, .T. ) ;
#4797 = ORIENTED_EDGE ( 'NONE', *, *, #4639, .F. ) ;
#4798 = VERTEX_POINT ( 'NONE', #3522 ) ;
#4799 = ORIENTED_EDGE ( 'NONE', *, *, #6451, .F. ) ;
#4800 = DIRECTION ( 'NONE',  ( -1.000000000000000000, -0.000000000000000000, -0.000000000000000000 ) ) ;
#4801 = ORIENTED_EDGE ( 'NONE', *, *, #129, .F. ) ;
#4802 = DIRECTION ( 'NONE',  ( -1.000000000000000000, -0.000000000000000000, -0.000000000000000000 ) ) ;
#4803 = ORIENTED_EDGE ( 'NONE', *, *, #4761, .F. ) ;
#4804 = CYLINDRICAL_SURFACE ( 'NONE', #3661, 5.624000000000004107 ) ;
#4805 = CARTESIAN_POINT ( 'NONE',  ( 1.500000000000001332, 0.000000000000000000, 1.000000000000000000 ) ) ;
#4806 = ORIENTED_EDGE ( 'NONE', *, *, #9276, .F. ) ;
#4807 = DIRECTION ( 'NONE',  ( 1.000000000000000000, 0.000000000000000000, 0.000000000000000000 ) ) ;
#4808 = DIRECTION ( 'NONE',  ( -1.000000000000000000, -0.000000000000000000, -0.000000000000000000 ) ) ;
#4809 = ORIENTED_EDGE ( 'NONE', *, *, #5651, .F. ) ;
#4810 = ORIENTED_EDGE ( 'NONE', *, *, #9237, .T. ) ;
#4811 = FILL_AREA_STYLE_COLOUR ( '', #2211 ) ;
#4812 = LINE ( 'NONE', #143, #9185 ) ;
#4813 = ADVANCED_FACE ( 'NONE', ( #8147 ), #1324, .T. ) ;
#4814 = EDGE_CURVE ( 'NONE', #2458, #1841, #9886, .T. ) ;
#4815 = AXIS2_PLACEMENT_3D ( 'NONE', #6067, #2774, #9190 ) ;
#4816 = ORIENTED_EDGE ( 'NONE', *, *, #1111, .F. ) ;
#4817 = VECTOR ( 'NONE', #6794, 1000.000000000000000 ) ;
#4818 = ORIENTED_EDGE ( 'NONE', *, *, #3381, .T. ) ;
#4819 = LINE ( 'NONE', #810, #204 ) ;
#4820 = CARTESIAN_POINT ( 'NONE',  ( 0.000000000000000000, 4.621077171872429723, 3.230239272402438022 ) ) ;
#4821 = CARTESIAN_POINT ( 'NONE',  ( 0.7499999999999997780, 0.4902404781355190200, 2.041975581048279587 ) ) ;
#4822 = LINE ( 'NONE', #3374, #8324 ) ;
#4823 =( NAMED_UNIT ( * ) PLANE_ANGLE_UNIT ( ) SI_UNIT ( $, .RADIAN. ) );
#4824 = CARTESIAN_POINT ( 'NONE',  ( 0.000000000000000000, -2.434800651343041356, -5.069627381595174676 ) ) ;
#4825 = EDGE_LOOP ( 'NONE', ( #5309, #2954, #4950, #4810 ) ) ;
#4826 = PRESENTATION_LAYER_ASSIGNMENT (  '', '', ( #2524 ) ) ;
#4827 = DIRECTION ( 'NONE',  ( 0.000000000000000000, 1.000000000000000000, 0.000000000000000000 ) ) ;
#4828 = EDGE_CURVE ( 'NONE', #1731, #7213, #2876, .T. ) ;
#4829 = ADVANCED_FACE ( 'NONE', ( #5986 ), #5115, .T. ) ;
#4830 = ORIENTED_EDGE ( 'NONE', *, *, #2010, .T. ) ;
#4831 = DIRECTION ( 'NONE',  ( 0.000000000000000000, 0.3090169943749481174, -0.9510565162951533091 ) ) ;
#4832 = CARTESIAN_POINT ( 'NONE',  ( 1.499999999999999556, -3.396706725542362193, 4.500131487637537120 ) ) ;
#4834 = AXIS2_PLACEMENT_3D ( 'NONE', #7512, #8483, #5251 ) ;
#4833 = CARTESIAN_POINT ( 'NONE',  ( 1.499999999999999556, 1.440670871519459606, -0.8862614956313958903 ) ) ;
#4835 = CARTESIAN_POINT ( 'NONE',  ( 0.000000000000000000, -1.562940689591810539, 6.103049762276093304 ) ) ;
#4836 = EDGE_CURVE ( 'NONE', #2395, #9724, #9105, .T. ) ;
#4837 = PRESENTATION_LAYER_ASSIGNMENT (  '', '', ( #7940 ) ) ;
#4838 = VERTEX_POINT ( 'NONE', #6799 ) ;
#4839 = VECTOR ( 'NONE', #7544, 1000.000000000000000 ) ;
#4840 = CIRCLE ( 'NONE', #405, 2.399999999999999467 ) ;
#4841 = AXIS2_PLACEMENT_3D ( 'NONE', #5997, #1338, #2045 ) ;
#4842 = EDGE_LOOP ( 'NONE', ( #1930, #5245, #6585, #4325 ) ) ;
#4843 = DIRECTION ( 'NONE',  ( 0.000000000000000000, 0.5877852522924743583, -0.8090169943749465631 ) ) ;
#4844 = DIRECTION ( 'NONE',  ( 0.000000000000000000, 0.000000000000000000, 1.000000000000000000 ) ) ;
#4846 = CARTESIAN_POINT ( 'NONE',  ( 1.499999999999999556, 0.7490320092781167505, -5.573896935634604866 ) ) ;
#4845 = DIRECTION ( 'NONE',  ( 0.000000000000000000, 0.000000000000000000, 1.000000000000000000 ) ) ;
#4847 = VERTEX_POINT ( 'NONE', #1986 ) ;
#4848 = EDGE_CURVE ( 'NONE', #3009, #3723, #2714, .T. ) ;
#4849 = ORIENTED_EDGE ( 'NONE', *, *, #2533, .F. ) ;
#4850 = EDGE_LOOP ( 'NONE', ( #272, #4969, #3344, #5757 ) ) ;
#4851 = LINE ( 'NONE', #2387, #5146 ) ;
#4852 = EDGE_LOOP ( 'NONE', ( #9800, #1448, #7008, #4344 ) ) ;
#4853 = EDGE_CURVE ( 'NONE', #7222, #5924, #6645, .T. ) ;
#4854 = CARTESIAN_POINT ( 'NONE',  ( 0.000000000000000000, 0.000000000000000000, 0.000000000000000000 ) ) ;
#4855 = ORIENTED_EDGE ( 'NONE', *, *, #4084, .T. ) ;
#4856 = DIRECTION ( 'NONE',  ( 0.000000000000000000, 0.000000000000000000, 1.000000000000000000 ) ) ;
#4857 = DIRECTION ( 'NONE',  ( 0.000000000000000000, 0.1564344650402312298, -0.9876883405951376593 ) ) ;
#4858 = ORIENTED_EDGE ( 'NONE', *, *, #1984, .F. ) ;
#4859 = AXIS2_PLACEMENT_3D ( 'NONE', #5464, #6183, #9213 ) ;
#4860 = EDGE_CURVE ( 'NONE', #4638, #8460, #3859, .T. ) ;
#4861 = DIRECTION ( 'NONE',  ( -1.000000000000000000, 0.000000000000000000, 0.000000000000000000 ) ) ;
#4862 = DIRECTION ( 'NONE',  ( 0.000000000000000000, 0.000000000000000000, -1.000000000000000000 ) ) ;
#4863 = VERTEX_POINT ( 'NONE', #7373 ) ;
#4864 = ORIENTED_EDGE ( 'NONE', *, *, #2871, .F. ) ;
#4865 = CARTESIAN_POINT ( 'NONE',  ( 1.499999999999999556, 0.000000000000000000, 0.000000000000000000 ) ) ;
#4866 = DIRECTION ( 'NONE',  ( 0.000000000000000000, 0.000000000000000000, -1.000000000000000000 ) ) ;
#4867 = CIRCLE ( 'NONE', #4690, 2.399999999999999467 ) ;
#4868 = VERTEX_POINT ( 'NONE', #9728 ) ;
#4869 = CIRCLE ( 'NONE', #7484, 1.423999999999999488 ) ;
#4870 = ORIENTED_EDGE ( 'NONE', *, *, #7766, .T. ) ;
#4871 = LINE ( 'NONE', #1641, #2813 ) ;
#4872 = CARTESIAN_POINT ( 'NONE',  ( 1.499999999999999556, -0.7802391318066218551, -5.583907850472568768 ) ) ;
#4873 = DIRECTION ( 'NONE',  ( 0.000000000000000000, 1.000000000000000000, 0.000000000000000000 ) ) ;
#4874 = DIRECTION ( 'NONE',  ( 0.000000000000000000, 0.000000000000000000, -1.000000000000000000 ) ) ;
#4875 =( LENGTH_UNIT ( ) NAMED_UNIT ( * ) SI_UNIT ( .MILLI., .METRE. ) );
#4876 = AXIS2_PLACEMENT_3D ( 'NONE', #4366, #357, #7490 ) ;
#4877 = ORIENTED_EDGE ( 'NONE', *, *, #9663, .T. ) ;
#4878 = EDGE_CURVE ( 'NONE', #1057, #8913, #5838, .T. ) ;
#4879 = CARTESIAN_POINT ( 'NONE',  ( 1.499999999999999556, 0.000000000000000000, 0.000000000000000000 ) ) ;
#4880 = APPLICATION_CONTEXT ( 'automotive_design' ) ;
#4881 = ORIENTED_EDGE ( 'NONE', *, *, #9556, .T. ) ;
#4882 = CARTESIAN_POINT ( 'NONE',  ( 1.499999999999999556, -2.467573931392872399, -5.069504796178998518 ) ) ;
#4883 = DIRECTION ( 'NONE',  ( -0.000000000000000000, -1.000000000000000000, -0.000000000000000000 ) ) ;
#4884 = CARTESIAN_POINT ( 'NONE',  ( 0.7499999999999997780, 5.783413301606161738, -2.498425620827029014 ) ) ;
#4885 = CARTESIAN_POINT ( 'NONE',  ( 1.499999999999999556, 5.637216970057038701, 0.1028825440610903336 ) ) ;
#4886 = EDGE_CURVE ( 'NONE', #9464, #392, #6977, .T. ) ;
#4887 = CIRCLE ( 'NONE', #137, 1.000000000000000888 ) ;
#4888 = ORIENTED_EDGE ( 'NONE', *, *, #7750, .T. ) ;
#4889 = UNCERTAINTY_MEASURE_WITH_UNIT (LENGTH_MEASURE( 1.000000000000000082E-05 ), #7255, 'distance_accuracy_value', 'NONE');
#4890 = AXIS2_PLACEMENT_3D ( 'NONE', #627, #1602, #3089 ) ;
#4891 = EDGE_CURVE ( 'NONE', #536, #1167, #9275, .T. ) ;
#4892 = ORIENTED_EDGE ( 'NONE', *, *, #4814, .T. ) ;
#4893 = DIRECTION ( 'NONE',  ( 0.000000000000000000, 0.9876883405951369932, 0.1564344650402347547 ) ) ;
#4894 = CARTESIAN_POINT ( 'NONE',  ( 0.000000000000000000, -3.913365401975859026, -4.058863291118569805 ) ) ;
#4896 = CARTESIAN_POINT ( 'NONE',  ( 1.499999999999999556, -0.8515097899678507609, -1.141361939784617752 ) ) ;
#4895 = CARTESIAN_POINT ( 'NONE',  ( 0.000000000000000000, -5.583907850472566992, 0.7802391318066413950 ) ) ;
#4897 = EDGE_CURVE ( 'NONE', #8743, #689, #8126, .T. ) ;
#4898 = AXIS2_PLACEMENT_3D ( 'NONE', #7377, #6460, #8103 ) ;
#4899 = VERTEX_POINT ( 'NONE', #9832 ) ;
#4900 = EDGE_LOOP ( 'NONE', ( #761, #9148, #1487, #1698 ) ) ;
#4901 = AXIS2_PLACEMENT_3D ( 'NONE', #6514, #8621, #4831 ) ;
#4902 = EDGE_CURVE ( 'NONE', #7917, #3818, #2289, .T. ) ;
#4903 = LINE ( 'NONE', #23, #9907 ) ;
#4904 = CONTEXT_DEPENDENT_SHAPE_REPRESENTATION ( #6119, #6850 ) ;
#4905 = ORIENTED_EDGE ( 'NONE', *, *, #1328, .T. ) ;
#4906 = CIRCLE ( 'NONE', #8999, 0.7200000000000003064 ) ;
#4907 = PRODUCT_DEFINITION_FORMATION_WITH_SPECIFIED_SOURCE ( 'ANY', '', #2831, .NOT_KNOWN. ) ;
#4908 = LINE ( 'NONE', #5620, #9135 ) ;
#4909 = CIRCLE ( 'NONE', #3095, 0.7200000000000004174 ) ;
#4910 = EDGE_LOOP ( 'NONE', ( #648, #8959, #2016, #8634 ) ) ;
#4911 = DIRECTION ( 'NONE',  ( -1.000000000000000000, 0.000000000000000000, 0.000000000000000000 ) ) ;
#4912 = PLANE ( 'NONE',  #4460 ) ;
#4913 = ORIENTED_EDGE ( 'NONE', *, *, #7086, .F. ) ;
#4914 = CARTESIAN_POINT ( 'NONE',  ( -12.00000000000000355, 40.00000000000000000, 12.00000000000000178 ) ) ;
#4915 = DIRECTION ( 'NONE',  ( 1.000000000000000000, 0.000000000000000000, 0.000000000000000000 ) ) ;
#4916 = CIRCLE ( 'NONE', #6701, 2.399999999999999023 ) ;
#4917 = ORIENTED_EDGE ( 'NONE', *, *, #4463, .F. ) ;
#4918 = EDGE_LOOP ( 'NONE', ( #10053, #5440, #4764, #9734 ) ) ;
#4919 = FILL_AREA_STYLE ('',( #4811 ) ) ;
#4920 = CYLINDRICAL_SURFACE ( 'NONE', #5773, 5.624000000000004107 ) ;
#4921 = EDGE_LOOP ( 'NONE', ( #4688, #1051, #5981, #6539 ) ) ;
#4922 = VERTEX_POINT ( 'NONE', #32 ) ;
#4923 = CIRCLE ( 'NONE', #484, 6.299999999999999822 ) ;
#4924 = DIRECTION ( 'NONE',  ( -1.000000000000000000, -0.000000000000000000, -0.000000000000000000 ) ) ;
#4925 = DIRECTION ( 'NONE',  ( -1.000000000000000000, -0.000000000000000000, -0.000000000000000000 ) ) ;
#4926 = DIRECTION ( 'NONE',  ( 0.000000000000000000, 0.000000000000000000, 1.000000000000000000 ) ) ;
#4927 = CARTESIAN_POINT ( 'NONE',  ( 0.000000000000000000, 1.839842958668786332, 5.329519478602963822 ) ) ;
#4928 = FACE_OUTER_BOUND ( 'NONE', #1387, .T. ) ;
#4929 = EDGE_CURVE ( 'NONE', #783, #1568, #9445, .T. ) ;
#4930 = ORIENTED_EDGE ( 'NONE', *, *, #8779, .T. ) ;
#4931 = CARTESIAN_POINT ( 'NONE',  ( 1.499999999999999556, -4.626325118590902008, -3.197888662398194803 ) ) ;
#4932 = CIRCLE ( 'NONE', #8353, 1.000000000000000888 ) ;
#4933 = VERTEX_POINT ( 'NONE', #5265 ) ;
#4934 = CARTESIAN_POINT ( 'NONE',  ( 0.000000000000000000, 4.949647314371517837, -2.670274791727410779 ) ) ;
#4935 = CARTESIAN_POINT ( 'NONE',  ( -7.500000000000000000, -7.500000000000000000, 1.000000000000000000 ) ) ;
#4936 = DIRECTION ( 'NONE',  ( -1.000000000000000000, -0.000000000000000000, 0.000000000000000000 ) ) ;
#4937 = CYLINDRICAL_SURFACE ( 'NONE', #6132, 2.399999999999999911 ) ;
#4938 = CIRCLE ( 'NONE', #9, 2.399999999999999467 ) ;
#4939 = ORIENTED_EDGE ( 'NONE', *, *, #9324, .T. ) ;
#4940 = CIRCLE ( 'NONE', #2961, 2.399999999999999467 ) ;
#4941 = AXIS2_PLACEMENT_3D ( 'NONE', #1282, #9947, #2906 ) ;
#4942 = PRODUCT_RELATED_PRODUCT_CATEGORY ( 'part', '', ( #2666 ) ) ;
#4943 = VECTOR ( 'NONE', #1343, 1000.000000000000000 ) ;
#4944 = VERTEX_POINT ( 'NONE', #2186 ) ;
#4945 = EDGE_CURVE ( 'NONE', #3629, #7972, #7678, .T. ) ;
#4946 = DIRECTION ( 'NONE',  ( -1.000000000000000000, -0.000000000000000000, -0.000000000000000000 ) ) ;
#4947 = CIRCLE ( 'NONE', #2973, 6.300000000000000711 ) ;
#4949 = DIRECTION ( 'NONE',  ( -1.000000000000000000, 0.000000000000000000, 0.000000000000000000 ) ) ;
#4948 = DIRECTION ( 'NONE',  ( -0.000000000000000000, -1.000000000000000000, -0.000000000000000000 ) ) ;
#4950 = ORIENTED_EDGE ( 'NONE', *, *, #8905, .T. ) ;
#4951 =( NAMED_UNIT ( * ) SI_UNIT ( $, .STERADIAN. ) SOLID_ANGLE_UNIT ( ) );
#4952 = ORIENTED_EDGE ( 'NONE', *, *, #5960, .F. ) ;
#4953 = EDGE_CURVE ( 'NONE', #4046, #5524, #3052, .T. ) ;
#4954 = VECTOR ( 'NONE', #9980, 1000.000000000000000 ) ;
#4955 = DIRECTION ( 'NONE',  ( 1.000000000000000000, 0.000000000000000000, 0.000000000000000000 ) ) ;
#4956 = CIRCLE ( 'NONE', #683, 1.000000000000000000 ) ;
#4957 = CIRCLE ( 'NONE', #2498, 2.400000000000000355 ) ;
#4958 = ORIENTED_EDGE ( 'NONE', *, *, #5957, .F. ) ;
#4959 = AXIS2_PLACEMENT_3D ( 'NONE', #3048, #6231, #1370 ) ;
#4960 = EDGE_CURVE ( 'NONE', #8819, #1807, #4361, .T. ) ;
#4961 = CARTESIAN_POINT ( 'NONE',  ( 1.499999999999999556, 0.000000000000000000, 0.000000000000000000 ) ) ;
#4962 = EDGE_LOOP ( 'NONE', ( #2033, #6956, #3788, #8235 ) ) ;
#4963 = EDGE_CURVE ( 'NONE', #5674, #1932, #8285, .T. ) ;
#4964 = LINE ( 'NONE', #7112, #3331 ) ;
#4965 = DIRECTION ( 'NONE',  ( 0.000000000000000000, 0.000000000000000000, 1.000000000000000000 ) ) ;
#4966 = VERTEX_POINT ( 'NONE', #3102 ) ;
#4967 = DIRECTION ( 'NONE',  ( 0.000000000000000000, 0.9510565162951523099, 0.3090169943749515591 ) ) ;
#4968 = CARTESIAN_POINT ( 'NONE',  ( 7.806255641895631925E-15, 1.734723475976807094E-15, -1.500000000000001332 ) ) ;
#4969 = ORIENTED_EDGE ( 'NONE', *, *, #1910, .F. ) ;
#4970 = EDGE_CURVE ( 'NONE', #1159, #2385, #1475, .T. ) ;
#4971 = VERTEX_POINT ( 'NONE', #6088 ) ;
#4972 = FACE_BOUND ( 'NONE', #3956, .T. ) ;
#4973 = ORIENTED_EDGE ( 'NONE', *, *, #7757, .T. ) ;
#4974 = CARTESIAN_POINT ( 'NONE',  ( 1.499999999999999556, -3.230239272402392725, -4.621077171872464362 ) ) ;
#4975 = PRODUCT_DEFINITION_SHAPE ( 'NONE', 'NONE',  #9824 ) ;
#4976 = ORIENTED_EDGE ( 'NONE', *, *, #1012, .F. ) ;
#4977 = LINE ( 'NONE', #5887, #2823 ) ;
#4978 = CARTESIAN_POINT ( 'NONE',  ( 0.7499999999999997780, -2.322837065193143591, 5.856144462747218782 ) ) ;
#4979 = CARTESIAN_POINT ( 'NONE',  ( 0.000000000000000000, 0.000000000000000000, 0.000000000000000000 ) ) ;
#4980 = CARTESIAN_POINT ( 'NONE',  ( 1.499999999999999556, -5.069504796178954997, -2.467573931392955444 ) ) ;
#4981 = VERTEX_POINT ( 'NONE', #8444 ) ;
#4982 = DIRECTION ( 'NONE',  ( -1.000000000000000000, 0.000000000000000000, -0.000000000000000000 ) ) ;
#4983 = ADVANCED_FACE ( 'NONE', ( #3778 ), #10042, .F. ) ;
#4984 = ORIENTED_EDGE ( 'NONE', *, *, #6668, .F. ) ;
#4985 = CARTESIAN_POINT ( 'NONE',  ( 1.499999999999999556, -4.728296930903245432, 4.163316962856774772 ) ) ;
#4986 = DIRECTION ( 'NONE',  ( -1.000000000000000000, -0.000000000000000000, -0.000000000000000000 ) ) ;
#4987 = CARTESIAN_POINT ( 'NONE',  ( -16.00000000000000355, -31.00000000000000000, -97.00000000000000000 ) ) ;
#4988 = SURFACE_STYLE_USAGE ( .BOTH. , #3389 ) ;
#4989 = CIRCLE ( 'NONE', #9241, 2.399999999999999467 ) ;
#4990 = AXIS2_PLACEMENT_3D ( 'NONE', #8142, #1118, #7369 ) ;
#4991 = ORIENTED_EDGE ( 'NONE', *, *, #9729, .F. ) ;
#4992 = AXIS2_PLACEMENT_3D ( 'NONE', #4383, #3553, #2677 ) ;
#4993 = CIRCLE ( 'NONE', #7774, 2.400000000000000355 ) ;
#4994 = ORIENTED_EDGE ( 'NONE', *, *, #4960, .F. ) ;
#4995 = DIRECTION ( 'NONE',  ( 0.000000000000000000, 0.000000000000000000, 1.000000000000000000 ) ) ;
#4997 = CARTESIAN_POINT ( 'NONE',  ( 0.000000000000000000, 5.420673833027104926, 3.210341912621647698 ) ) ;
#4996 = CARTESIAN_POINT ( 'NONE',  ( 1.499999999999999556, -4.163316962856757897, -4.728296930903259643 ) ) ;
#4998 = CIRCLE ( 'NONE', #4341, 1.423999999999999488 ) ;
#4999 = ORIENTED_EDGE ( 'NONE', *, *, #8855, .T. ) ;
#5000 = SURFACE_SIDE_STYLE ('',( #7352 ) ) ;
#5001 = ORIENTED_EDGE ( 'NONE', *, *, #251, .F. ) ;
#5003 = VECTOR ( 'NONE', #2061, 1000.000000000000000 ) ;
#5002 = UNCERTAINTY_MEASURE_WITH_UNIT (LENGTH_MEASURE( 1.000000000000000082E-05 ), #7317, 'distance_accuracy_value', 'NONE');
#5004 = EDGE_CURVE ( 'NONE', #3383, #9031, #690, .T. ) ;
#5005 = CARTESIAN_POINT ( 'NONE',  ( 0.000000000000000000, 4.069107377274199244, 3.882234041400999480 ) ) ;
#5006 = ORIENTED_EDGE ( 'NONE', *, *, #6261, .T. ) ;
#5007 = CARTESIAN_POINT ( 'NONE',  ( 0.000000000000000000, -0.5889709714758993853, -6.272408882937936525 ) ) ;
#5008 = EDGE_LOOP ( 'NONE', ( #5239, #75, #9039, #4767 ) ) ;
#5009 = DIRECTION ( 'NONE',  ( 1.000000000000000000, -0.000000000000000000, 0.000000000000000000 ) ) ;
#5010 = VERTEX_POINT ( 'NONE', #7001 ) ;
#5011 = CIRCLE ( 'NONE', #2217, 6.300000000000000711 ) ;
#5012 = CARTESIAN_POINT ( 'NONE',  ( 1.499999999999999556, 2.670274791727463182, 4.949647314371489415 ) ) ;
#5013 = EDGE_CURVE ( 'NONE', #8001, #5338, #1907, .T. ) ;
#5014 = VERTEX_POINT ( 'NONE', #7727 ) ;
#5015 = ORIENTED_EDGE ( 'NONE', *, *, #7313, .T. ) ;
#5016 = CARTESIAN_POINT ( 'NONE',  ( 1.499999999999999556, 0.9834709102465506447, -5.551719098988201040 ) ) ;
#5017 = VERTEX_POINT ( 'NONE', #2136 ) ;
#5018 = CYLINDRICAL_SURFACE ( 'NONE', #10013, 2.100000000000000089 ) ;
#5019 = EDGE_CURVE ( 'NONE', #3714, #7556, #8950, .T. ) ;
#5020 = EDGE_LOOP ( 'NONE', ( #8249, #9226, #913, #3252 ) ) ;
#5021 = CARTESIAN_POINT ( 'NONE',  ( 1.499999999999999556, 0.000000000000000000, 0.000000000000000000 ) ) ;
#5022 = FACE_OUTER_BOUND ( 'NONE', #5081, .T. ) ;
#5023 = CYLINDRICAL_SURFACE ( 'NONE', #8435, 2.399999999999999911 ) ;
#5024 = DIRECTION ( 'NONE',  ( 0.000000000000000000, 0.000000000000000000, 1.000000000000000000 ) ) ;
#5025 = CARTESIAN_POINT ( 'NONE',  ( 2.404357727003020528, 3.919999999999999041, 1.000000000000000000 ) ) ;
#5026 = AXIS2_PLACEMENT_3D ( 'NONE', #1799, #4827, #7950 ) ;
#5027 = VERTEX_POINT ( 'NONE', #4556 ) ;
#5028 = CIRCLE ( 'NONE', #8623, 2.399999999999999467 ) ;
#5029 = DIRECTION ( 'NONE',  ( -1.000000000000000000, 0.000000000000000000, 0.000000000000000000 ) ) ;
#5030 = EDGE_CURVE ( 'NONE', #2697, #4933, #7306, .T. ) ;
#5031 = LINE ( 'NONE', #9498, #7965 ) ;
#5032 = CARTESIAN_POINT ( 'NONE',  ( -1.442995056494930095, 24.44286951771624672, -8.880860377391597282 ) ) ;
#5033 = DIRECTION ( 'NONE',  ( -1.000000000000000000, 0.000000000000000000, 0.000000000000000000 ) ) ;
#5034 = ORIENTED_EDGE ( 'NONE', *, *, #3822, .T. ) ;
#5035 = CARTESIAN_POINT ( 'NONE',  ( 0.000000000000000000, 49.99999999999999289, -1.000000000000000000 ) ) ;
#5036 = FACE_OUTER_BOUND ( 'NONE', #8389, .T. ) ;
#5037 = CYLINDRICAL_SURFACE ( 'NONE', #5565, 1.423999999999999488 ) ;
#5038 = DIRECTION ( 'NONE',  ( -1.000000000000000000, 0.000000000000000000, 0.000000000000000000 ) ) ;
#5039 = EDGE_CURVE ( 'NONE', #7172, #6549, #6321, .T. ) ;
#5040 = EDGE_LOOP ( 'NONE', ( #7577, #597, #918, #2025 ) ) ;
#5041 = EDGE_CURVE ( 'NONE', #7822, #2620, #104, .T. ) ;
#5042 = ORIENTED_EDGE ( 'NONE', *, *, #2821, .F. ) ;
#5043 = DIRECTION ( 'NONE',  ( 0.000000000000000000, 0.000000000000000000, -1.000000000000000000 ) ) ;
#5044 = CIRCLE ( 'NONE', #1116, 2.399999999999999467 ) ;
#5046 = FILL_AREA_STYLE ('',( #3395 ) ) ;
#5045 = CARTESIAN_POINT ( 'NONE',  ( 1.499999999999999556, -4.018797487647488786, 4.851728223352813174 ) ) ;
#5047 = VERTEX_POINT ( 'NONE', #7820 ) ;
#5048 = EDGE_CURVE ( 'NONE', #2562, #1304, #9606, .T. ) ;
#5049 = VERTEX_POINT ( 'NONE', #5363 ) ;
#5050 = CYLINDRICAL_SURFACE ( 'NONE', #9084, 2.400000000000000355 ) ;
#5051 = CIRCLE ( 'NONE', #6673, 0.7200000000000005285 ) ;
#5052 = AXIS2_PLACEMENT_3D ( 'NONE', #2334, #5456, #8588 ) ;
#5053 = DIRECTION ( 'NONE',  ( 0.000000000000000000, -0.9510565162951500895, -0.3090169943749581649 ) ) ;
#5054 = ORIENTED_EDGE ( 'NONE', *, *, #8877, .F. ) ;
#5055 = DIRECTION ( 'NONE',  ( -1.000000000000000000, -0.000000000000000000, -0.000000000000000000 ) ) ;
#5056 = ORIENTED_EDGE ( 'NONE', *, *, #7304, .T. ) ;
#5057 = AXIS2_PLACEMENT_3D ( 'NONE', #3649, #7346, #5240 ) ;
#5058 = CARTESIAN_POINT ( 'NONE',  ( 1.499999999999999556, 0.000000000000000000, 0.000000000000000000 ) ) ;
#5059 = VERTEX_POINT ( 'NONE', #7625 ) ;
#5060 = CIRCLE ( 'NONE', #2105, 5.624000000000004107 ) ;
#5061 = CARTESIAN_POINT ( 'NONE',  ( 0.000000000000000000, -0.5626935397822322438, 1.308110079575621754 ) ) ;
#5062 = VERTEX_POINT ( 'NONE', #590 ) ;
#5063 = DIRECTION ( 'NONE',  ( 0.000000000000000000, 0.9876883405951383255, -0.1564344650402276216 ) ) ;
#5064 =( GEOMETRIC_REPRESENTATION_CONTEXT ( 3 ) GLOBAL_UNCERTAINTY_ASSIGNED_CONTEXT ( ( #8375 ) ) GLOBAL_UNIT_ASSIGNED_CONTEXT ( ( #252, #353, #6659 ) ) REPRESENTATION_CONTEXT ( 'NONE', 'WORKASPACE' ) );
#5065 = AXIS2_PLACEMENT_3D ( 'NONE', #3545, #7031, #3029 ) ;
#5066 = VERTEX_POINT ( 'NONE', #3727 ) ;
#5067 = ADVANCED_FACE ( 'NONE', ( #8499 ), #6855, .T. ) ;
#5068 = LINE ( 'NONE', #341, #5864 ) ;
#5069 = CIRCLE ( 'NONE', #9984, 6.300000000000000711 ) ;
#5070 = DIRECTION ( 'NONE',  ( -1.000000000000000000, 0.000000000000000000, 0.000000000000000000 ) ) ;
#5071 = CARTESIAN_POINT ( 'NONE',  ( 1.499999999999999556, -5.393104387681784573, 1.644148730784116275 ) ) ;
#5072 = CARTESIAN_POINT ( 'NONE',  ( 1.499999999999999556, 5.306431951017076543, -1.863103848212749103 ) ) ;
#5073 = DIRECTION ( 'NONE',  ( 0.000000000000000000, 0.000000000000000000, 1.000000000000000000 ) ) ;
#5074 = ORIENTED_EDGE ( 'NONE', *, *, #1864, .T. ) ;
#5075 = EDGE_CURVE ( 'NONE', #7235, #8883, #1416, .T. ) ;
#5076 = DIRECTION ( 'NONE',  ( 0.000000000000000000, 0.4999999999999950040, 0.8660254037844415942 ) ) ;
#5077 = EDGE_CURVE ( 'NONE', #7320, #5059, #4377, .T. ) ;
#5078 = VECTOR ( 'NONE', #879, 1000.000000000000000 ) ;
#5079 = DIRECTION ( 'NONE',  ( 4.579669976578770729E-16, -5.551115123125782702E-16, 0.9999999999999998890 ) ) ;
#5080 = CARTESIAN_POINT ( 'NONE',  ( 1.499999999999999556, -4.976089400993445544, 2.650911967359951493 ) ) ;
#5081 = EDGE_LOOP ( 'NONE', ( #6781, #8280, #5093, #1498 ) ) ;
#5082 = CARTESIAN_POINT ( 'NONE',  ( -3.590000000000002967, 40.00000000000000000, -15.96000000000000263 ) ) ;
#5083 = DIRECTION ( 'NONE',  ( 0.000000000000000000, 0.000000000000000000, 1.000000000000000000 ) ) ;
#5084 = DIRECTION ( 'NONE',  ( -1.000000000000000000, -0.000000000000000000, 0.000000000000000000 ) ) ;
#5085 = CARTESIAN_POINT ( 'NONE',  ( 0.000000000000000000, 0.000000000000000000, 0.000000000000000000 ) ) ;
#5086 = DIRECTION ( 'NONE',  ( 0.000000000000000000, 0.000000000000000000, -1.000000000000000000 ) ) ;
#5087 = CIRCLE ( 'NONE', #5744, 2.399999999999999467 ) ;
#5088 = ORIENTED_EDGE ( 'NONE', *, *, #2389, .F. ) ;
#5089 = ORIENTED_EDGE ( 'NONE', *, *, #625, .F. ) ;
#5090 = DIRECTION ( 'NONE',  ( 0.000000000000000000, 0.000000000000000000, 1.000000000000000000 ) ) ;
#5091 = DIRECTION ( 'NONE',  ( -1.000000000000000000, 0.000000000000000000, -0.000000000000000000 ) ) ;
#5092 = CARTESIAN_POINT ( 'NONE',  ( 1.499999999999999556, 6.103049762276099521, 1.562940689591788557 ) ) ;
#5093 = ORIENTED_EDGE ( 'NONE', *, *, #7325, .T. ) ;
#5094 = VECTOR ( 'NONE', #787, 1000.000000000000000 ) ;
#5095 = ORIENTED_EDGE ( 'NONE', *, *, #4506, .T. ) ;
#5096 = DIRECTION ( 'NONE',  ( -1.000000000000000000, 0.000000000000000000, 0.000000000000000000 ) ) ;
#5097 = VECTOR ( 'NONE', #9575, 1000.000000000000000 ) ;
#5098 = EDGE_CURVE ( 'NONE', #9170, #7743, #8223, .T. ) ;
#5099 = DIRECTION ( 'NONE',  ( -1.000000000000000000, -0.000000000000000000, 0.000000000000000000 ) ) ;
#5100 = ORIENTED_EDGE ( 'NONE', *, *, #9867, .F. ) ;
#5101 = EDGE_LOOP ( 'NONE', ( #1626, #6638, #5709, #2162 ) ) ;
#5103 = CYLINDRICAL_SURFACE ( 'NONE', #31, 6.299999999999999822 ) ;
#5102 = DIRECTION ( 'NONE',  ( 1.000000000000000000, 0.000000000000000000, 0.000000000000000000 ) ) ;
#5104 = VERTEX_POINT ( 'NONE', #1251 ) ;
#5105 = CARTESIAN_POINT ( 'NONE',  ( 1.499999999999999556, 0.000000000000000000, 0.000000000000000000 ) ) ;
#5106 =( NAMED_UNIT ( * ) PLANE_ANGLE_UNIT ( ) SI_UNIT ( $, .RADIAN. ) );
#5107 = AXIS2_PLACEMENT_3D ( 'NONE', #5762, #2100, #318 ) ;
#5108 = VERTEX_POINT ( 'NONE', #8369 ) ;
#5109 = CARTESIAN_POINT ( 'NONE',  ( 0.7499999999999997780, -0.5889709714759849835, 6.272408882937928531 ) ) ;
#5110 = VERTEX_POINT ( 'NONE', #7602 ) ;
#5111 = CARTESIAN_POINT ( 'NONE',  ( 1.499999999999999556, 0.000000000000000000, 0.000000000000000000 ) ) ;
#5112 = AXIS2_PLACEMENT_3D ( 'NONE', #4474, #10007, #2965 ) ;
#5113 = ORIENTED_EDGE ( 'NONE', *, *, #7027, .F. ) ;
#5114 = AXIS2_PLACEMENT_3D ( 'NONE', #3987, #9476, #7115 ) ;
#5115 = CYLINDRICAL_SURFACE ( 'NONE', #8786, 0.7200000000000006395 ) ;
#5116 = CARTESIAN_POINT ( 'NONE',  ( 0.000000000000000000, 0.000000000000000000, 0.000000000000000000 ) ) ;
#5117 = VERTEX_POINT ( 'NONE', #5241 ) ;
#5118 = DIRECTION ( 'NONE',  ( -1.000000000000000000, 0.000000000000000000, -0.000000000000000000 ) ) ;
#5119 = CARTESIAN_POINT ( 'NONE',  ( 0.7499999999999997780, -1.378136260165237159, -6.147417380365333806 ) ) ;
#5120 = LINE ( 'NONE', #495, #651 ) ;
#5121 = ORIENTED_EDGE ( 'NONE', *, *, #1199, .T. ) ;
#5122 = PRODUCT_DEFINITION ( 'UNKNOWN', '', #4907, #3444 ) ;
#5123 = DIRECTION ( 'NONE',  ( 0.000000000000000000, 0.000000000000000000, 1.000000000000000000 ) ) ;
#5124 = EDGE_CURVE ( 'NONE', #7175, #2417, #2926, .T. ) ;
#5125 = DIRECTION ( 'NONE',  ( 2.212788606764291472E-16, -3.566493775823831610E-16, 1.000000000000000000 ) ) ;
#5126 = CARTESIAN_POINT ( 'NONE',  ( 0.7499999999999997780, -1.378136260165321758, 6.147417380365314266 ) ) ;
#5127 = ORIENTED_EDGE ( 'NONE', *, *, #2750, .F. ) ;
#5128 = CARTESIAN_POINT ( 'NONE',  ( 0.000000000000000000, -4.626325118590902008, -3.197888662398194803 ) ) ;
#5129 = DIRECTION ( 'NONE',  ( 0.000000000000000000, 0.000000000000000000, -1.000000000000000000 ) ) ;
#5130 = DIRECTION ( 'NONE',  ( -1.000000000000000000, -0.000000000000000000, 0.000000000000000000 ) ) ;
#5131 = CARTESIAN_POINT ( 'NONE',  ( 0.000000000000000000, 1.440670871519459606, 0.8862614956313958903 ) ) ;
#5132 =( LENGTH_UNIT ( ) NAMED_UNIT ( * ) SI_UNIT ( .MILLI., .METRE. ) );
#5133 = EDGE_CURVE ( 'NONE', #7043, #4769, #10089, .T. ) ;
#5134 = ORIENTED_EDGE ( 'NONE', *, *, #3282, .F. ) ;
#5135 = ADVANCED_FACE ( 'NONE', ( #8421 ), #2164, .T. ) ;
#5136 = AXIS2_PLACEMENT_3D ( 'NONE', #8751, #4911, #6341 ) ;
#5137 = ADVANCED_FACE ( 'NONE', ( #7655 ), #5912, .T. ) ;
#5138 = EDGE_LOOP ( 'NONE', ( #3911, #9983, #2770, #8823 ) ) ;
#5139 = DIRECTION ( 'NONE',  ( -1.000000000000000000, 0.000000000000000000, -0.000000000000000000 ) ) ;
#5140 = CARTESIAN_POINT ( 'NONE',  ( -15.00000000000000355, -30.00000000000000000, -97.00000000000000000 ) ) ;
#5141 = EDGE_CURVE ( 'NONE', #6969, #1838, #9915, .T. ) ;
#5142 = DIRECTION ( 'NONE',  ( 0.000000000000000000, 0.1564344650402310632, -0.9876883405951375483 ) ) ;
#5143 =( GEOMETRIC_REPRESENTATION_CONTEXT ( 3 ) GLOBAL_UNCERTAINTY_ASSIGNED_CONTEXT ( ( #6434 ) ) GLOBAL_UNIT_ASSIGNED_CONTEXT ( ( #8491, #8440, #6899 ) ) REPRESENTATION_CONTEXT ( 'NONE', 'WORKASPACE' ) );
#5144 = ORIENTED_EDGE ( 'NONE', *, *, #8403, .T. ) ;
#5145 = VERTEX_POINT ( 'NONE', #6827 ) ;
#5146 = VECTOR ( 'NONE', #2538, 1000.000000000000000 ) ;
#5147 = DIRECTION ( 'NONE',  ( -1.000000000000000000, 0.000000000000000000, -0.000000000000000000 ) ) ;
#5148 = AXIS2_PLACEMENT_3D ( 'NONE', #6975, #659, #8671 ) ;
#5149 = EDGE_CURVE ( 'NONE', #7273, #3147, #7445, .T. ) ;
#5150 = DIRECTION ( 'NONE',  ( 0.000000000000000000, 0.000000000000000000, 1.000000000000000000 ) ) ;
#5151 = ORIENTED_EDGE ( 'NONE', *, *, #7210, .F. ) ;
#5152 = DIRECTION ( 'NONE',  ( -1.000000000000000000, -0.000000000000000000, -0.000000000000000000 ) ) ;
#5153 = EDGE_LOOP ( 'NONE', ( #8384, #7600, #7530, #8317 ) ) ;
#5154 = LINE ( 'NONE', #6741, #5542 ) ;
#5155 = AXIS2_PLACEMENT_3D ( 'NONE', #6222, #2428, #722 ) ;
#5156 = ORIENTED_EDGE ( 'NONE', *, *, #7160, .T. ) ;
#5157 = EDGE_CURVE ( 'NONE', #3349, #5763, #3036, .T. ) ;
#5158 = DIRECTION ( 'NONE',  ( -1.000000000000000000, 0.000000000000000000, -0.000000000000000000 ) ) ;
#5159 = ORIENTED_EDGE ( 'NONE', *, *, #8446, .T. ) ;
#5160 = DIRECTION ( 'NONE',  ( -1.000000000000000000, 0.000000000000000000, 0.000000000000000000 ) ) ;
#5161 = AXIS2_PLACEMENT_3D ( 'NONE', #6300, #5278, #2202 ) ;
#5162 = ADVANCED_FACE ( 'NONE', ( #9965 ), #1962, .T. ) ;
#5163 = ORIENTED_EDGE ( 'NONE', *, *, #4878, .T. ) ;
#5164 = CARTESIAN_POINT ( 'NONE',  ( 0.000000000000000000, 6.272408882937930308, 0.5889709714759624459 ) ) ;
#5165 = DIRECTION ( 'NONE',  ( -1.000000000000000000, -0.000000000000000000, 0.000000000000000000 ) ) ;
#5166 = VERTEX_POINT ( 'NONE', #9754 ) ;
#5167 = DIRECTION ( 'NONE',  ( -1.000000000000000000, 0.000000000000000000, 0.000000000000000000 ) ) ;
#5168 = DIRECTION ( 'NONE',  ( -1.000000000000000000, 0.000000000000000000, 0.000000000000000000 ) ) ;
#5169 = CARTESIAN_POINT ( 'NONE',  ( -2.950000000000001066, 30.00000000000000000, -23.79000000000000625 ) ) ;
#5170 = ORIENTED_EDGE ( 'NONE', *, *, #6692, .F. ) ;
#5171 =( NAMED_UNIT ( * ) SI_UNIT ( $, .STERADIAN. ) SOLID_ANGLE_UNIT ( ) );
#5172 = LINE ( 'NONE', #3633, #7639 ) ;
#5173 = AXIS2_PLACEMENT_3D ( 'NONE', #615, #1198, #6620 ) ;
#5174 = SHAPE_DEFINITION_REPRESENTATION ( #951, #842 ) ;
#5175 = DIRECTION ( 'NONE',  ( 0.000000000000000000, 0.000000000000000000, 1.000000000000000000 ) ) ;
#5176 = ORIENTED_EDGE ( 'NONE', *, *, #7650, .T. ) ;
#5177 = DIRECTION ( 'NONE',  ( 0.000000000000000000, 0.000000000000000000, -1.000000000000000000 ) ) ;
#5178 = DIRECTION ( 'NONE',  ( 0.000000000000000000, 0.000000000000000000, 1.000000000000000000 ) ) ;
#5179 = LINE ( 'NONE', #2155, #7131 ) ;
#5180 = CARTESIAN_POINT ( 'NONE',  ( 0.7499999999999997780, 1.523282488027533743, 1.445548498552935657 ) ) ;
#5181 = DIRECTION ( 'NONE',  ( -1.000000000000000000, 0.000000000000000000, 0.000000000000000000 ) ) ;
#5182 = ADVANCED_FACE ( 'NONE', ( #2721 ), #9044, .T. ) ;
#5183 = CIRCLE ( 'NONE', #3710, 5.624000000000004995 ) ;
#5184 = AXIS2_PLACEMENT_3D ( 'NONE', #1457, #6121, #6834 ) ;
#5185 = CIRCLE ( 'NONE', #1918, 2.399999999999999911 ) ;
#5186 = ORIENTED_EDGE ( 'NONE', *, *, #881, .T. ) ;
#5187 = FACE_OUTER_BOUND ( 'NONE', #6192, .T. ) ;
#5188 = CYLINDRICAL_SURFACE ( 'NONE', #1421, 2.399999999999999467 ) ;
#5190 = EDGE_CURVE ( 'NONE', #5924, #6912, #9768, .T. ) ;
#5189 = CARTESIAN_POINT ( 'NONE',  ( 0.000000000000000000, 1.863103848212803726, 5.306431951017057003 ) ) ;
#5191 = DIRECTION ( 'NONE',  ( 0.000000000000000000, -0.8090169943749402348, -0.5877852522924830181 ) ) ;
#5192 = ORIENTED_EDGE ( 'NONE', *, *, #8480, .T. ) ;
#5193 = VECTOR ( 'NONE', #9541, 1000.000000000000000 ) ;
#5194 = ORIENTED_EDGE ( 'NONE', *, *, #9737, .T. ) ;
#5195 = CARTESIAN_POINT ( 'NONE',  ( 1.499999999999999556, 0.000000000000000000, 0.000000000000000000 ) ) ;
#5196 = EDGE_CURVE ( 'NONE', #7787, #7749, #2014, .T. ) ;
#5197 = AXIS2_PLACEMENT_3D ( 'NONE', #1936, #8347, #343 ) ;
#5198 = ADVANCED_FACE ( 'NONE', ( #5963 ), #5188, .T. ) ;
#5199 = SURFACE_SIDE_STYLE ('',( #8279 ) ) ;
#5200 = EDGE_LOOP ( 'NONE', ( #9165, #5113, #3154, #8805 ) ) ;
#5202 = DIRECTION ( 'NONE',  ( -1.000000000000000000, 0.000000000000000000, 0.000000000000000000 ) ) ;
#5201 = DIRECTION ( 'NONE',  ( 0.000000000000000000, 0.000000000000000000, 1.000000000000000000 ) ) ;
#5203 = ORIENTED_EDGE ( 'NONE', *, *, #326, .F. ) ;
#5204 = EDGE_CURVE ( 'NONE', #3097, #1040, #7157, .T. ) ;
#5205 = FACE_OUTER_BOUND ( 'NONE', #1202, .T. ) ;
#5206 = DIRECTION ( 'NONE',  ( 0.9788576785335322272, -0.2045425265707434825, 1.402230945930409310E-16 ) ) ;
#5207 = ORIENTED_EDGE ( 'NONE', *, *, #8589, .F. ) ;
#5208 = AXIS2_PLACEMENT_3D ( 'NONE', #1646, #6308, #6110 ) ;
#5209 = FACE_OUTER_BOUND ( 'NONE', #6675, .T. ) ;
#5210 = ORIENTED_EDGE ( 'NONE', *, *, #4506, .F. ) ;
#5211 = DIRECTION ( 'NONE',  ( 0.000000000000000000, 0.000000000000000000, -1.000000000000000000 ) ) ;
#5212 = PRODUCT_DEFINITION_SHAPE ( 'NONE', 'NONE',  #1613 ) ;
#5213 = COLOUR_RGB ( '',0.7921568627450980005, 0.8196078431372548767, 0.9333333333333333481 ) ;
#5214 = VECTOR ( 'NONE', #9090, 1000.000000000000000 ) ;
#5215 = ORIENTED_EDGE ( 'NONE', *, *, #1519, .F. ) ;
#5216 = LINE ( 'NONE', #8344, #131 ) ;
#5217 = CYLINDRICAL_SURFACE ( 'NONE', #3294, 6.299999999999999822 ) ;
#5218 = ORIENTED_EDGE ( 'NONE', *, *, #4373, .F. ) ;
#5219 = CARTESIAN_POINT ( 'NONE',  ( 0.000000000000000000, 1.523282488027554171, -1.445548498552914785 ) ) ;
#5220 = FACE_OUTER_BOUND ( 'NONE', #5200, .T. ) ;
#5221 = FACE_OUTER_BOUND ( 'NONE', #1161, .T. ) ;
#5222 = VECTOR ( 'NONE', #9284, 1000.000000000000000 ) ;
#5223 = ORIENTED_EDGE ( 'NONE', *, *, #8012, .F. ) ;
#5224 = AXIS2_PLACEMENT_3D ( 'NONE', #5431, #8463, #6158 ) ;
#5225 = CARTESIAN_POINT ( 'NONE',  ( 0.000000000000000000, 0.000000000000000000, 0.000000000000000000 ) ) ;
#5226 = CARTESIAN_POINT ( 'NONE',  ( 0.06137469101172798175, -40.00000000000000711, -0.9454937898344801805 ) ) ;
#5227 = AXIS2_PLACEMENT_3D ( 'NONE', #7702, #4676, #7797 ) ;
#5228 = FACE_BOUND ( 'NONE', #9545, .T. ) ;
#5229 = CIRCLE ( 'NONE', #4590, 5.624000000000004995 ) ;
#5230 = APPLICATION_PROTOCOL_DEFINITION ( 'draft international standard', 'automotive_design', 1998, #5795 ) ;
#5231 = CARTESIAN_POINT ( 'NONE',  ( 1.499999999999999556, 1.690788321043817044, 0.6728104661469520575 ) ) ;
#5232 = ORIENTED_EDGE ( 'NONE', *, *, #4268, .T. ) ;
#5233 = EDGE_CURVE ( 'NONE', #999, #6699, #7752, .T. ) ;
#5234 = DIRECTION ( 'NONE',  ( -1.000000000000000000, 0.000000000000000000, 0.000000000000000000 ) ) ;
#5235 = CARTESIAN_POINT ( 'NONE',  ( 0.000000000000000000, -5.069627381595134707, -2.434800651343124400 ) ) ;
#5236 = DIRECTION ( 'NONE',  ( -1.000000000000000000, -0.000000000000000000, 0.000000000000000000 ) ) ;
#5237 = CARTESIAN_POINT ( 'NONE',  ( 1.499999999999999556, 0.000000000000000000, 0.000000000000000000 ) ) ;
#5238 = SURFACE_STYLE_USAGE ( .BOTH. , #8362 ) ;
#5239 = ORIENTED_EDGE ( 'NONE', *, *, #2376, .F. ) ;
#5240 = DIRECTION ( 'NONE',  ( 0.000000000000000000, -6.982962677686265922E-15, 1.000000000000000000 ) ) ;
#5241 = CARTESIAN_POINT ( 'NONE',  ( 0.000000000000000000, -4.851728223352851366, 4.018797487647442601 ) ) ;
#5242 = FACE_OUTER_BOUND ( 'NONE', #9089, .T. ) ;
#5243 = DIRECTION ( 'NONE',  ( -1.000000000000000000, 0.000000000000000000, -0.000000000000000000 ) ) ;
#5244 = ORIENTED_EDGE ( 'NONE', *, *, #10039, .F. ) ;
#5245 = ORIENTED_EDGE ( 'NONE', *, *, #8644, .T. ) ;
#5246 = DIRECTION ( 'NONE',  ( 0.000000000000000000, 0.000000000000000000, 1.000000000000000000 ) ) ;
#5247 = EDGE_CURVE ( 'NONE', #8824, #5874, #713, .T. ) ;
#5248 = DIRECTION ( 'NONE',  ( 0.000000000000000000, 0.000000000000000000, 1.000000000000000000 ) ) ;
#5249 = ORIENTED_EDGE ( 'NONE', *, *, #288, .T. ) ;
#5250 = AXIS2_PLACEMENT_3D ( 'NONE', #2299, #3064, #8560 ) ;
#5252 = PRESENTATION_STYLE_ASSIGNMENT (( #2124 ) ) ;
#5251 = DIRECTION ( 'NONE',  ( 0.000000000000000000, -0.000000000000000000, -1.000000000000000000 ) ) ;
#5253 = ORIENTED_EDGE ( 'NONE', *, *, #4453, .F. ) ;
#5254 = EDGE_CURVE ( 'NONE', #574, #6301, #4867, .T. ) ;
#5255 = DIRECTION ( 'NONE',  ( 0.000000000000000000, -0.4539904997395541875, 0.8910065241883641241 ) ) ;
#5256 =( NAMED_UNIT ( * ) PLANE_ANGLE_UNIT ( ) SI_UNIT ( $, .RADIAN. ) );
#5257 = ORIENTED_EDGE ( 'NONE', *, *, #9177, .F. ) ;
#5258 = ADVANCED_FACE ( 'NONE', ( #4 ), #9292, .T. ) ;
#5259 = CARTESIAN_POINT ( 'NONE',  ( 0.000000000000000000, -0.5626935397822142582, -1.308110079575629747 ) ) ;
#5260 = CIRCLE ( 'NONE', #179, 2.399999999999999023 ) ;
#5261 = VERTEX_POINT ( 'NONE', #7703 ) ;
#5262 = DIRECTION ( 'NONE',  ( 0.000000000000000000, 0.000000000000000000, 1.000000000000000000 ) ) ;
#5263 = EDGE_CURVE ( 'NONE', #492, #8146, #5495, .T. ) ;
#5264 = ORIENTED_EDGE ( 'NONE', *, *, #2456, .T. ) ;
#5265 = CARTESIAN_POINT ( 'NONE',  ( 0.000000000000000000, -5.420673833027081834, -3.210341912621687666 ) ) ;
#5266 = CARTESIAN_POINT ( 'NONE',  ( 0.000000000000000000, -5.069504796178989636, 2.467573931392889719 ) ) ;
#5267 = ORIENTED_EDGE ( 'NONE', *, *, #6397, .F. ) ;
#5268 = CYLINDRICAL_SURFACE ( 'NONE', #6583, 2.399999999999999911 ) ;
#5269 = EDGE_CURVE ( 'NONE', #136, #492, #3219, .T. ) ;
#5270 =( LENGTH_UNIT ( ) NAMED_UNIT ( * ) SI_UNIT ( .MILLI., .METRE. ) );
#5271 = FACE_OUTER_BOUND ( 'NONE', #1431, .T. ) ;
#5272 = ORIENTED_EDGE ( 'NONE', *, *, #3459, .F. ) ;
#5273 = CARTESIAN_POINT ( 'NONE',  ( 0.000000000000000000, -4.500131487637568206, 3.396706725542315120 ) ) ;
#5274 = CIRCLE ( 'NONE', #2972, 6.300000000000000711 ) ;
#5275 = DIRECTION ( 'NONE',  ( -1.000000000000000000, 0.000000000000000000, 0.000000000000000000 ) ) ;
#5276 = CIRCLE ( 'NONE', #3965, 1.000000000000000000 ) ;
#5277 = APPLICATION_PROTOCOL_DEFINITION ( 'draft international standard', 'automotive_design', 1998, #4029 ) ;
#5278 = DIRECTION ( 'NONE',  ( -1.000000000000000000, 0.000000000000000000, -0.000000000000000000 ) ) ;
#5279 = ORIENTED_EDGE ( 'NONE', *, *, #2239, .F. ) ;
#5280 = DIRECTION ( 'NONE',  ( 0.000000000000000000, 0.000000000000000000, 1.000000000000000000 ) ) ;
#5281 = FACE_OUTER_BOUND ( 'NONE', #894, .T. ) ;
#5282 = LINE ( 'NONE', #3589, #1723 ) ;
#5283 = LINE ( 'NONE', #1492, #9666 ) ;
#5284 = EDGE_CURVE ( 'NONE', #6343, #5321, #1500, .T. ) ;
#5285 = DIRECTION ( 'NONE',  ( -0.000000000000000000, -1.000000000000000000, -0.000000000000000000 ) ) ;
#5286 = EDGE_CURVE ( 'NONE', #1400, #5582, #8956, .T. ) ;
#5287 = EDGE_LOOP ( 'NONE', ( #4806, #583, #3000, #2000 ) ) ;
#5288 = CARTESIAN_POINT ( 'NONE',  ( 1.499999999999999556, -2.434800651343107081, 5.069627381595143589 ) ) ;
#5289 = DIRECTION ( 'NONE',  ( -1.000000000000000000, 0.000000000000000000, 0.000000000000000000 ) ) ;
#5290 = EDGE_CURVE ( 'NONE', #7205, #3009, #7798, .T. ) ;
#5291 = CARTESIAN_POINT ( 'NONE',  ( 1.499999999999999556, 0.000000000000000000, 0.000000000000000000 ) ) ;
#5292 = LINE ( 'NONE', #2219, #8114 ) ;
#5293 = EDGE_LOOP ( 'NONE', ( #8119, #10049, #6241, #5934 ) ) ;
#5294 = AXIS2_PLACEMENT_3D ( 'NONE', #9582, #7173, #4154 ) ;
#5295 = DIRECTION ( 'NONE',  ( -1.000000000000000000, 0.000000000000000000, 0.000000000000000000 ) ) ;
#5296 = VECTOR ( 'NONE', #4276, 1000.000000000000000 ) ;
#5297 = AXIS2_PLACEMENT_3D ( 'NONE', #8392, #6846, #4498 ) ;
#5298 = CARTESIAN_POINT ( 'NONE',  ( 1.499999999999999556, 0.000000000000000000, 0.000000000000000000 ) ) ;
#5299 = VERTEX_POINT ( 'NONE', #6316 ) ;
#5300 = DIRECTION ( 'NONE',  ( -1.000000000000000000, -0.000000000000000000, -0.000000000000000000 ) ) ;
#5301 = VERTEX_POINT ( 'NONE', #2419 ) ;
#5302 = CARTESIAN_POINT ( 'NONE',  ( 1.499999999999999556, 5.329519478602960270, 1.839842958668801209 ) ) ;
#5303 =( LENGTH_UNIT ( ) NAMED_UNIT ( * ) SI_UNIT ( .MILLI., .METRE. ) );
#5304 = EDGE_CURVE ( 'NONE', #2620, #8727, #821, .T. ) ;
#5305 = ORIENTED_EDGE ( 'NONE', *, *, #3672, .T. ) ;
#5306 = ORIENTED_EDGE ( 'NONE', *, *, #6204, .T. ) ;
#5307 = CARTESIAN_POINT ( 'NONE',  ( 1.224646799147353207E-16, 40.00000000000000000, 1.000000000000000000 ) ) ;
#5308 = CIRCLE ( 'NONE', #2847, 2.399999999999999023 ) ;
#5309 = ORIENTED_EDGE ( 'NONE', *, *, #176, .F. ) ;
#5310 = AXIS2_PLACEMENT_3D ( 'NONE', #8537, #7963, #4643 ) ;
#5311 = DIRECTION ( 'NONE',  ( 1.000000000000000000, -0.000000000000000000, -0.000000000000000000 ) ) ;
#5312 = EDGE_CURVE ( 'NONE', #3041, #5910, #5183, .T. ) ;
#5313 = DIRECTION ( 'NONE',  ( 0.000000000000000000, -0.5877852522924801315, 0.8090169943749423442 ) ) ;
#5314 = ORIENTED_EDGE ( 'NONE', *, *, #6732, .T. ) ;
#5315 = CARTESIAN_POINT ( 'NONE',  ( 1.499999999999999556, 0.000000000000000000, 0.000000000000000000 ) ) ;
#5316 = CARTESIAN_POINT ( 'NONE',  ( 0.000000000000000000, -0.1028825440610348224, -5.637216970057037813 ) ) ;
#5317 = DIRECTION ( 'NONE',  ( -1.000000000000000000, -0.000000000000000000, -0.000000000000000000 ) ) ;
#5318 = VECTOR ( 'NONE', #5029, 1000.000000000000000 ) ;
#5319 = ORIENTED_EDGE ( 'NONE', *, *, #9847, .F. ) ;
#5320 = AXIS2_PLACEMENT_3D ( 'NONE', #456, #2049, #4422 ) ;
#5321 = VERTEX_POINT ( 'NONE', #6266 ) ;
#5322 = CARTESIAN_POINT ( 'NONE',  ( 1.499999999999999556, -2.041975581048274258, -0.4902404781355401142 ) ) ;
#5323 = VECTOR ( 'NONE', #2606, 1000.000000000000000 ) ;
#5324 = AXIS2_PLACEMENT_3D ( 'NONE', #7034, #4636, #3857 ) ;
#5325 = DIRECTION ( 'NONE',  ( 0.000000000000000000, 0.000000000000000000, 1.000000000000000000 ) ) ;
#5326 = AXIS2_PLACEMENT_3D ( 'NONE', #9849, #4519, #3740 ) ;
#5327 = EDGE_CURVE ( 'NONE', #6383, #9951, #7967, .T. ) ;
#5328 = APPLICATION_PROTOCOL_DEFINITION ( 'draft international standard', 'automotive_design', 1998, #18 ) ;
#5329 = CARTESIAN_POINT ( 'NONE',  ( 0.000000000000000000, 1.224646799147353207E-16, -1.000000000000000000 ) ) ;
#5330 = VERTEX_POINT ( 'NONE', #2367 ) ;
#5331 = LINE ( 'NONE', #6873, #8388 ) ;
#5332 = DIRECTION ( 'NONE',  ( 0.000000000000000000, 0.1564344650402310632, -0.9876883405951377704 ) ) ;
#5333 = CARTESIAN_POINT ( 'NONE',  ( 1.499999999999999556, 1.839842958668856721, -5.329519478602941618 ) ) ;
#5334 =( NAMED_UNIT ( * ) SI_UNIT ( $, .STERADIAN. ) SOLID_ANGLE_UNIT ( ) );
#5335 = CARTESIAN_POINT ( 'NONE',  ( 0.000000000000000000, -2.041975581048281363, 0.4902404781355114149 ) ) ;
#5336 = SURFACE_STYLE_FILL_AREA ( #9234 ) ;
#5337 = ADVANCED_FACE ( 'NONE', ( #8679 ), #2317, .T. ) ;
#5338 = VERTEX_POINT ( 'NONE', #7089 ) ;
#5339 = CARTESIAN_POINT ( 'NONE',  ( 1.499999999999999556, 5.532554621990633414, -1.010057104667916095 ) ) ;
#5340 = CARTESIAN_POINT ( 'NONE',  ( 0.000000000000000000, 0.04718953385306602633, -1.690788321043816600 ) ) ;
#5341 = AXIS2_PLACEMENT_3D ( 'NONE', #2341, #3929, #8599 ) ;
#5342 = DIRECTION ( 'NONE',  ( 0.000000000000000000, 0.000000000000000000, 1.000000000000000000 ) ) ;
#5343 = DIRECTION ( 'NONE',  ( 0.000000000000000000, -0.4539904997395351471, -0.8910065241883737830 ) ) ;
#5344 = CIRCLE ( 'NONE', #5184, 1.000000000000000000 ) ;
#5345 = ORIENTED_EDGE ( 'NONE', *, *, #238, .T. ) ;
#5347 = DIRECTION ( 'NONE',  ( -1.000000000000000000, 0.000000000000000000, 0.000000000000000000 ) ) ;
#5346 = VECTOR ( 'NONE', #3755, 1000.000000000000000 ) ;
#5348 = AXIS2_PLACEMENT_3D ( 'NONE', #9895, #2859, #8205 ) ;
#5349 = DIRECTION ( 'NONE',  ( 0.000000000000000000, 0.000000000000000000, 1.000000000000000000 ) ) ;
#5350 = VERTEX_POINT ( 'NONE', #7904 ) ;
#5352 = DIRECTION ( 'NONE',  ( 0.000000000000000000, 0.000000000000000000, 1.000000000000000000 ) ) ;
#5351 = DIRECTION ( 'NONE',  ( -1.000000000000000000, 0.000000000000000000, 0.000000000000000000 ) ) ;
#5353 = EDGE_CURVE ( 'NONE', #3586, #8798, #262, .T. ) ;
#5354 = ORIENTED_EDGE ( 'NONE', *, *, #2884, .F. ) ;
#5355 = VECTOR ( 'NONE', #4670, 1000.000000000000000 ) ;
#5356 = FACE_OUTER_BOUND ( 'NONE', #8068, .T. ) ;
#5357 =( LENGTH_UNIT ( ) NAMED_UNIT ( * ) SI_UNIT ( .MILLI., .METRE. ) );
#5358 = VERTEX_POINT ( 'NONE', #8473 ) ;
#5359 = CYLINDRICAL_SURFACE ( 'NONE', #4174, 1.000000000000000888 ) ;
#5360 = VERTEX_POINT ( 'NONE', #8573 ) ;
#5361 = DIRECTION ( 'NONE',  ( -1.000000000000000000, 0.000000000000000000, -0.000000000000000000 ) ) ;
#5362 = ORIENTED_EDGE ( 'NONE', *, *, #1473, .T. ) ;
#5363 = CARTESIAN_POINT ( 'NONE',  ( 0.000000000000000000, 5.583907850472561663, 1.619760868193317771 ) ) ;
#5364 = CARTESIAN_POINT ( 'NONE',  ( 1.499999999999999556, 0.000000000000000000, 0.000000000000000000 ) ) ;
#5365 = ORIENTED_EDGE ( 'NONE', *, *, #372, .T. ) ;
#5366 = CARTESIAN_POINT ( 'NONE',  ( 1.499999999999999556, -0.3995011666401244721, -6.287320479970237130 ) ) ;
#5367 = DIRECTION ( 'NONE',  ( 0.000000000000000000, 0.7071067811865486830, -0.7071067811865464625 ) ) ;
#5368 = FACE_OUTER_BOUND ( 'NONE', #4962, .T. ) ;
#5369 = ORIENTED_EDGE ( 'NONE', *, *, #7399, .T. ) ;
#5370 = VECTOR ( 'NONE', #9781, 1000.000000000000000 ) ;
#5371 = ORIENTED_EDGE ( 'NONE', *, *, #2814, .T. ) ;
#5372 = DIRECTION ( 'NONE',  ( -1.000000000000000000, -0.000000000000000000, -0.000000000000000000 ) ) ;
#5373 = DIRECTION ( 'NONE',  ( -1.000000000000000000, -0.000000000000000000, -0.000000000000000000 ) ) ;
#5374 = VECTOR ( 'NONE', #1866, 1000.000000000000000 ) ;
#5375 = EDGE_CURVE ( 'NONE', #7701, #3557, #1549, .T. ) ;
#5376 = CARTESIAN_POINT ( 'NONE',  ( 0.000000000000000000, 3.210341912621634819, 5.420673833027113808 ) ) ;
#5377 = AXIS2_PLACEMENT_3D ( 'NONE', #2806, #3679, #8201 ) ;
#5378 = ORIENTED_EDGE ( 'NONE', *, *, #3959, .F. ) ;
#5379 = DIRECTION ( 'NONE',  ( 0.000000000000000000, 0.000000000000000000, -1.000000000000000000 ) ) ;
#5380 = DIRECTION ( 'NONE',  ( 0.000000000000000000, -0.9876883405951392136, 0.1564344650402206272 ) ) ;
#5381 = DIRECTION ( 'NONE',  ( 0.000000000000000000, 0.000000000000000000, 1.000000000000000000 ) ) ;
#5382 = DIRECTION ( 'NONE',  ( -1.000000000000000000, 0.000000000000000000, 0.000000000000000000 ) ) ;
#5383 = DIRECTION ( 'NONE',  ( 0.000000000000000000, 0.8910065241883657894, 0.4539904997395511899 ) ) ;
#5384 = DIRECTION ( 'NONE',  ( 1.000000000000000000, -0.000000000000000000, 0.000000000000000000 ) ) ;
#5385 = STYLED_ITEM ( 'NONE', ( #6263 ), #8570 ) ;
#5386 = CIRCLE ( 'NONE', #7354, 2.400000000000000355 ) ;
#5387 = EDGE_CURVE ( 'NONE', #1825, #8350, #8467, .T. ) ;
#5388 = EDGE_CURVE ( 'NONE', #1417, #3349, #8801, .T. ) ;
#5389 = AXIS2_PLACEMENT_3D ( 'NONE', #9527, #138, #5676 ) ;
#5390 = VECTOR ( 'NONE', #4530, 1000.000000000000000 ) ;
#5391 = EDGE_CURVE ( 'NONE', #9209, #477, #5028, .T. ) ;
#5392 = EDGE_LOOP ( 'NONE', ( #6055, #6104, #3508, #3729 ) ) ;
#5393 = CARTESIAN_POINT ( 'NONE',  ( 0.000000000000000000, 5.573896935634611971, 0.7490320092780554662 ) ) ;
#5394 = CARTESIAN_POINT ( 'NONE',  ( 1.499999999999999556, 5.532554621990620980, 1.010057104667987371 ) ) ;
#5395 = CARTESIAN_POINT ( 'NONE',  ( 4.209999999999998188, 40.00000000000000000, -15.00000000000000000 ) ) ;
#5396 = CIRCLE ( 'NONE', #983, 5.624000000000004107 ) ;
#5397 = ORIENTED_EDGE ( 'NONE', *, *, #7418, .F. ) ;
#5398 =( REPRESENTATION_RELATIONSHIP ('NONE','NONE', #9960, #8576 ) REPRESENTATION_RELATIONSHIP_WITH_TRANSFORMATION ( #3204 )SHAPE_REPRESENTATION_RELATIONSHIP( ) );
#5399 = CARTESIAN_POINT ( 'NONE',  ( 14.99999999999999645, 30.00000000000000000, -97.00000000000000000 ) ) ;
#5400 = ORIENTED_EDGE ( 'NONE', *, *, #5517, .F. ) ;
#5402 = CYLINDRICAL_SURFACE ( 'NONE', #9365, 2.399999999999999467 ) ;
#5401 = CARTESIAN_POINT ( 'NONE',  ( 1.499999999999999556, 1.690788321043817044, 0.6728104661469520575 ) ) ;
#5403 = ORIENTED_EDGE ( 'NONE', *, *, #9537, .T. ) ;
#5404 = CARTESIAN_POINT ( 'NONE',  ( -10.00000000000000000, 0.000000000000000000, 0.000000000000000000 ) ) ;
#5405 = ORIENTED_EDGE ( 'NONE', *, *, #9518, .F. ) ;
#5406 = AXIS2_PLACEMENT_3D ( 'NONE', #2749, #4408, #8876 ) ;
#5407 = CYLINDRICAL_SURFACE ( 'NONE', #8748, 2.399999999999999467 ) ;
#5408 = EDGE_LOOP ( 'NONE', ( #7026, #9380, #5614, #1639 ) ) ;
#5409 = DIRECTION ( 'NONE',  ( -1.000000000000000000, 0.000000000000000000, 0.000000000000000000 ) ) ;
#5410 = EDGE_CURVE ( 'NONE', #10048, #7426, #749, .T. ) ;
#5411 = AXIS2_PLACEMENT_3D ( 'NONE', #1220, #7523, #5982 ) ;
#5412 = ORIENTED_EDGE ( 'NONE', *, *, #7874, .T. ) ;
#5413 = CARTESIAN_POINT ( 'NONE',  ( -12.00000000000000355, 40.00000000000000000, -11.99999999999999822 ) ) ;
#5414 = AXIS2_PLACEMENT_3D ( 'NONE', #4150, #4042, #7061 ) ;
#5415 = CARTESIAN_POINT ( 'NONE',  ( 1.499999999999999556, -1.690788321043816822, 0.6728104661469401782 ) ) ;
#5416 = ORIENTED_EDGE ( 'NONE', *, *, #4766, .T. ) ;
#5417 = DIRECTION ( 'NONE',  ( 0.000000000000000000, 0.000000000000000000, -1.000000000000000000 ) ) ;
#5418 = CARTESIAN_POINT ( 'NONE',  ( -3.590000000000002967, 40.00000000000000000, -14.96000000000000085 ) ) ;
#5419 = DIRECTION ( 'NONE',  ( -1.000000000000000000, 0.000000000000000000, 0.000000000000000000 ) ) ;
#5420 = AXIS2_PLACEMENT_3D ( 'NONE', #5116, #1896, #4254 ) ;
#5421 = ORIENTED_EDGE ( 'NONE', *, *, #9287, .T. ) ;
#5422 = CIRCLE ( 'NONE', #2314, 2.399999999999999023 ) ;
#5423 = VERTEX_POINT ( 'NONE', #1755 ) ;
#5424 = DIRECTION ( 'NONE',  ( 1.000000000000000000, 0.000000000000000000, 0.000000000000000000 ) ) ;
#5425 = CARTESIAN_POINT ( 'NONE',  ( 0.000000000000000000, 0.7490320092781167505, -5.573896935634604866 ) ) ;
#5426 = VECTOR ( 'NONE', #8113, 1000.000000000000000 ) ;
#5427 = CARTESIAN_POINT ( 'NONE',  ( 0.000000000000000000, -1.378136260165321758, 6.147417380365314266 ) ) ;
#5428 = ORIENTED_EDGE ( 'NONE', *, *, #4394, .T. ) ;
#5429 = CARTESIAN_POINT ( 'NONE',  ( 0.7499999999999997780, 2.322837065193183115, -5.856144462747201018 ) ) ;
#5430 = LINE ( 'NONE', #2355, #938 ) ;
#5431 = CARTESIAN_POINT ( 'NONE',  ( 1.499999999999999556, 0.000000000000000000, 0.000000000000000000 ) ) ;
#5432 = LINE ( 'NONE', #3421, #7349 ) ;
#5433 = CARTESIAN_POINT ( 'NONE',  ( 1.499999999999999556, 0.000000000000000000, 0.000000000000000000 ) ) ;
#5434 = CARTESIAN_POINT ( 'NONE',  ( 7.500000000000000000, -7.500000000000000000, 1.000000000000000000 ) ) ;
#5435 = PRODUCT_DEFINITION ( 'UNKNOWN', '', #3913, #1808 ) ;
#5436 = PRESENTATION_LAYER_ASSIGNMENT (  '', '', ( #6258 ) ) ;
#5437 = EDGE_CURVE ( 'NONE', #7838, #4754, #6490, .T. ) ;
#5438 = CIRCLE ( 'NONE', #1025, 2.100000000000000089 ) ;
#5439 = CIRCLE ( 'NONE', #9347, 1.423999999999999710 ) ;
#5440 = ORIENTED_EDGE ( 'NONE', *, *, #6967, .T. ) ;
#5441 = DIRECTION ( 'NONE',  ( 1.000000000000000000, 0.000000000000000000, 0.000000000000000000 ) ) ;
#5442 = DIRECTION ( 'NONE',  ( -1.000000000000000000, 0.000000000000000000, -0.000000000000000000 ) ) ;
#5443 = AXIS2_PLACEMENT_3D ( 'NONE', #1077, #9835, #8923 ) ;
#5444 = CARTESIAN_POINT ( 'NONE',  ( 0.000000000000000000, 1.224646799147353207E-16, -1.000000000000000000 ) ) ;
#5445 = FACE_OUTER_BOUND ( 'NONE', #378, .T. ) ;
#5446 = EDGE_CURVE ( 'NONE', #8492, #7627, #1705, .T. ) ;
#5447 = ORIENTED_EDGE ( 'NONE', *, *, #7734, .F. ) ;
#5448 = EDGE_CURVE ( 'NONE', #3366, #4480, #9651, .T. ) ;
#5449 = EDGE_CURVE ( 'NONE', #2303, #16, #3334, .T. ) ;
#5450 = EDGE_CURVE ( 'NONE', #3290, #4922, #1096, .T. ) ;
#5451 = FACE_OUTER_BOUND ( 'NONE', #989, .T. ) ;
#5452 = DIRECTION ( 'NONE',  ( -1.000000000000000000, -0.000000000000000000, -0.000000000000000000 ) ) ;
#5454 = CARTESIAN_POINT ( 'NONE',  ( 1.499999999999999556, 4.500131487637549554, 3.396706725542344429 ) ) ;
#5453 = DIRECTION ( 'NONE',  ( 0.000000000000000000, 0.000000000000000000, 1.000000000000000000 ) ) ;
#5455 = ORIENTED_EDGE ( 'NONE', *, *, #4416, .T. ) ;
#5456 = DIRECTION ( 'NONE',  ( -1.000000000000000000, 0.000000000000000000, -0.000000000000000000 ) ) ;
#5457 = SHAPE_REPRESENTATION_RELATIONSHIP ( 'NONE' , 'NONE' ,  #842, #2932 ) ;
#5458 = ORIENTED_EDGE ( 'NONE', *, *, #2507, .F. ) ;
#5459 = EDGE_CURVE ( 'NONE', #6743, #1196, #6819, .T. ) ;
#5460 = DIRECTION ( 'NONE',  ( 0.000000000000000000, -0.8910065241883722287, 0.4539904997395382003 ) ) ;
#5461 = LINE ( 'NONE', #10083, #5094 ) ;
#5462 = AXIS2_PLACEMENT_3D ( 'NONE', #8811, #1013, #7311 ) ;
#5463 = ORIENTED_EDGE ( 'NONE', *, *, #4204, .F. ) ;
#5464 = CARTESIAN_POINT ( 'NONE',  ( 9.593511828441991796, 19.99999999999999645, 19.14180375945003121 ) ) ;
#5465 = DIRECTION ( 'NONE',  ( -1.000000000000000000, 0.000000000000000000, -0.000000000000000000 ) ) ;
#5466 = VERTEX_POINT ( 'NONE', #5803 ) ;
#5467 = DIRECTION ( 'NONE',  ( 0.000000000000000000, 0.000000000000000000, 1.000000000000000000 ) ) ;
#5468 = VECTOR ( 'NONE', #211, 1000.000000000000000 ) ;
#5469 = CARTESIAN_POINT ( 'NONE',  ( 0.000000000000000000, 0.000000000000000000, 1.000000000000000000 ) ) ;
#5470 = CARTESIAN_POINT ( 'NONE',  ( -10.00000000000000000, 0.000000000000000000, 0.000000000000000000 ) ) ;
#5471 = AXIS2_PLACEMENT_3D ( 'NONE', #4292, #5832, #9828 ) ;
#5472 = EDGE_CURVE ( 'NONE', #5567, #3766, #255, .T. ) ;
#5473 = ORIENTED_EDGE ( 'NONE', *, *, #142, .T. ) ;
#5474 = ORIENTED_EDGE ( 'NONE', *, *, #2682, .T. ) ;
#5475 = CARTESIAN_POINT ( 'NONE',  ( 1.499999999999999556, 1.414203329750087557, -0.1667481397910147711 ) ) ;
#5476 = CYLINDRICAL_SURFACE ( 'NONE', #1429, 2.399999999999999467 ) ;
#5477 = CIRCLE ( 'NONE', #5644, 0.7200000000000005285 ) ;
#5478 = ADVANCED_FACE ( 'NONE', ( #8003 ), #1042, .T. ) ;
#5479 = AXIS2_PLACEMENT_3D ( 'NONE', #5862, #2722, #2626 ) ;
#5480 = FACE_OUTER_BOUND ( 'NONE', #653, .T. ) ;
#5481 = ORIENTED_EDGE ( 'NONE', *, *, #8465, .F. ) ;
#5482 = CARTESIAN_POINT ( 'NONE',  ( 0.000000000000000000, -3.210341912621668570, 5.420673833027094268 ) ) ;
#5483 = AXIS2_PLACEMENT_3D ( 'NONE', #6964, #5372, #7010 ) ;
#5484 = CARTESIAN_POINT ( 'NONE',  ( 1.499999999999999556, 1.440670871519459606, 0.8862614956313958903 ) ) ;
#5485 = CARTESIAN_POINT ( 'NONE',  ( 0.000000000000000000, -5.069627381595165794, 2.434800651343059119 ) ) ;
#5486 = CARTESIAN_POINT ( 'NONE',  ( -10.00000000000000000, 0.000000000000000000, 0.000000000000000000 ) ) ;
#5487 = CARTESIAN_POINT ( 'NONE',  ( 1.499999999999999556, -5.637216970057037813, 0.1028825440610547787 ) ) ;
#5488 = PLANE ( 'NONE',  #5867 ) ;
#5489 = EDGE_CURVE ( 'NONE', #214, #745, #7647, .T. ) ;
#5490 = VERTEX_POINT ( 'NONE', #1860 ) ;
#5491 = AXIS2_PLACEMENT_3D ( 'NONE', #9808, #1355, #6885 ) ;
#5492 = ORIENTED_EDGE ( 'NONE', *, *, #2871, .T. ) ;
#5493 = ADVANCED_FACE ( 'NONE', ( #5698 ), #8112, .T. ) ;
#5494 = DIRECTION ( 'NONE',  ( -1.000000000000000000, -0.000000000000000000, -0.000000000000000000 ) ) ;
#5495 = LINE ( 'NONE', #664, #1580 ) ;
#5496 = AXIS2_PLACEMENT_3D ( 'NONE', #3943, #4620, #4569 ) ;
#5497 = CARTESIAN_POINT ( 'NONE',  ( -15.00000000000000355, 30.00000000000000000, -97.00000000000000000 ) ) ;
#5498 = CYLINDRICAL_SURFACE ( 'NONE', #5634, 2.399999999999999467 ) ;
#5499 = ORIENTED_EDGE ( 'NONE', *, *, #1761, .F. ) ;
#5500 = AXIS2_PLACEMENT_3D ( 'NONE', #5021, #2897, #2850 ) ;
#5501 = VECTOR ( 'NONE', #5660, 1000.000000000000000 ) ;
#5502 = ADVANCED_FACE ( 'NONE', ( #5036 ), #1088, .F. ) ;
#5503 = LINE ( 'NONE', #6124, #4240 ) ;
#5504 = CARTESIAN_POINT ( 'NONE',  ( 1.499999999999999556, 0.1321394030189510516, -5.622447436674693932 ) ) ;
#5506 = CARTESIAN_POINT ( 'NONE',  ( 1.499999999999999556, 0.7802391318067337656, -5.583907850472551893 ) ) ;
#5505 = CARTESIAN_POINT ( 'NONE',  ( 0.000000000000000000, 0.000000000000000000, 0.000000000000000000 ) ) ;
#5507 = ORIENTED_EDGE ( 'NONE', *, *, #9585, .T. ) ;
#5508 = DIRECTION ( 'NONE',  ( 0.000000000000000000, 0.4999999999999950040, 0.8660254037844415942 ) ) ;
#5509 = VECTOR ( 'NONE', #5749, 1000.000000000000000 ) ;
#5510 = ORIENTED_EDGE ( 'NONE', *, *, #671, .T. ) ;
#5511 = VERTEX_POINT ( 'NONE', #208 ) ;
#5512 = ADVANCED_FACE ( 'NONE', ( #7338 ), #306, .T. ) ;
#5513 = CARTESIAN_POINT ( 'NONE',  ( 1.499999999999999556, 0.000000000000000000, 0.000000000000000000 ) ) ;
#5514 = EDGE_LOOP ( 'NONE', ( #7773, #3364, #8240, #5643 ) ) ;
#5515 = CARTESIAN_POINT ( 'NONE',  ( 1.499999999999999556, 1.414203329750087557, -0.1667481397910147711 ) ) ;
#5516 = AXIS2_PLACEMENT_3D ( 'NONE', #7332, #2564, #6508 ) ;
#5517 = EDGE_CURVE ( 'NONE', #3665, #3709, #10099, .T. ) ;
#5518 = ITEM_DEFINED_TRANSFORMATION ( 'NONE', 'NONE', #9319,  #1661 ) ;
#5519 = AXIS2_PLACEMENT_3D ( 'NONE', #10104, #1585, #5380 ) ;
#5520 = EDGE_CURVE ( 'NONE', #5066, #2584, #5675, .T. ) ;
#5521 = EDGE_LOOP ( 'NONE', ( #6918, #3045, #7064, #4242 ) ) ;
#5522 = CARTESIAN_POINT ( 'NONE',  ( 0.000000000000000000, 14.00000000000000000, -1.000000000000000000 ) ) ;
#5523 = CARTESIAN_POINT ( 'NONE',  ( -16.00000000000000355, 0.000000000000000000, -97.00000000000000000 ) ) ;
#5524 = VERTEX_POINT ( 'NONE', #9553 ) ;
#5525 = DIRECTION ( 'NONE',  ( 0.000000000000000000, 0.000000000000000000, -1.000000000000000000 ) ) ;
#5526 = DIRECTION ( 'NONE',  ( -1.000000000000000000, 0.000000000000000000, 0.000000000000000000 ) ) ;
#5527 = CARTESIAN_POINT ( 'NONE',  ( 0.000000000000000000, 5.622447436674695709, -0.1321394030189003421 ) ) ;
#5528 = ORIENTED_EDGE ( 'NONE', *, *, #1615, .F. ) ;
#5529 = VERTEX_POINT ( 'NONE', #2098 ) ;
#5530 = DIRECTION ( 'NONE',  ( -1.000000000000000000, 0.000000000000000000, -0.000000000000000000 ) ) ;
#5531 = DIRECTION ( 'NONE',  ( 1.000000000000000000, 0.000000000000000000, 0.000000000000000000 ) ) ;
#5532 = ORIENTED_EDGE ( 'NONE', *, *, #4945, .T. ) ;
#5533 = CIRCLE ( 'NONE', #2903, 2.399999999999999467 ) ;
#5534 = ORIENTED_EDGE ( 'NONE', *, *, #9825, .F. ) ;
#5535 = CARTESIAN_POINT ( 'NONE',  ( 0.000000000000000000, 0.000000000000000000, 0.000000000000000000 ) ) ;
#5536 = DIRECTION ( 'NONE',  ( -1.000000000000000000, 0.000000000000000000, -0.000000000000000000 ) ) ;
#5537 = CARTESIAN_POINT ( 'NONE',  ( 1.499999999999999556, 0.000000000000000000, 0.000000000000000000 ) ) ;
#5538 = DIRECTION ( 'NONE',  ( 0.000000000000000000, -0.7071067811865537900, 0.7071067811865414665 ) ) ;
#5539 = VERTEX_POINT ( 'NONE', #2914 ) ;
#5540 = AXIS2_PLACEMENT_3D ( 'NONE', #5670, #1725, #1828 ) ;
#5541 = FACE_OUTER_BOUND ( 'NONE', #1215, .T. ) ;
#5542 = VECTOR ( 'NONE', #6028, 1000.000000000000000 ) ;
#5543 = EDGE_CURVE ( 'NONE', #5851, #6148, #2563, .T. ) ;
#5544 = ORIENTED_EDGE ( 'NONE', *, *, #9398, .F. ) ;
#5545 = CARTESIAN_POINT ( 'NONE',  ( 0.000000000000000000, -1.445548498552941208, 1.523282488027528858 ) ) ;
#5546 = CARTESIAN_POINT ( 'NONE',  ( 1.499999999999999556, -4.976089400993445544, 2.650911967359951493 ) ) ;
#5547 = CIRCLE ( 'NONE', #2435, 6.299999999999999822 ) ;
#5548 = LINE ( 'NONE', #2522, #1964 ) ;
#5549 = DIRECTION ( 'NONE',  ( -1.000000000000000000, 0.000000000000000000, 0.000000000000000000 ) ) ;
#5550 = AXIS2_PLACEMENT_3D ( 'NONE', #2607, #2657, #9691 ) ;
#5551 = VERTEX_POINT ( 'NONE', #6000 ) ;
#5552 = VECTOR ( 'NONE', #9331, 1000.000000000000000 ) ;
#5553 = AXIS2_PLACEMENT_3D ( 'NONE', #1183, #1235, #8254 ) ;
#5554 = AXIS2_PLACEMENT_3D ( 'NONE', #4169, #3237, #163 ) ;
#5555 = AXIS2_PLACEMENT_3D ( 'NONE', #7060, #3934, #5367 ) ;
#5556 = FACE_BOUND ( 'NONE', #2508, .T. ) ;
#5557 = CARTESIAN_POINT ( 'NONE',  ( 0.000000000000000000, -3.210341912621594851, -5.420673833027136013 ) ) ;
#5558 = CARTESIAN_POINT ( 'NONE',  ( 0.7499999999999997780, -1.523282488027544179, 1.445548498552925221 ) ) ;
#5559 = ORIENTED_EDGE ( 'NONE', *, *, #6641, .F. ) ;
#5560 = ORIENTED_EDGE ( 'NONE', *, *, #2715, .T. ) ;
#5561 = ORIENTED_EDGE ( 'NONE', *, *, #6270, .T. ) ;
#5562 = ADVANCED_FACE ( 'NONE', ( #4310 ), #6767, .T. ) ;
#5563 = DIRECTION ( 'NONE',  ( 0.000000000000000000, -0.8910065241883627918, -0.4539904997395570185 ) ) ;
#5564 = ORIENTED_EDGE ( 'NONE', *, *, #7084, .T. ) ;
#5565 = AXIS2_PLACEMENT_3D ( 'NONE', #9749, #8215, #2004 ) ;
#5566 = CARTESIAN_POINT ( 'NONE',  ( 0.7499999999999997780, 5.856144462747226775, 2.322837065193122719 ) ) ;
#5567 = VERTEX_POINT ( 'NONE', #1341 ) ;
#5568 = FACE_OUTER_BOUND ( 'NONE', #3735, .T. ) ;
#5569 = CARTESIAN_POINT ( 'NONE',  ( 1.499999999999999556, 4.018797487647458588, 4.851728223352837155 ) ) ;
#5570 = ORIENTED_EDGE ( 'NONE', *, *, #3464, .T. ) ;
#5571 = CARTESIAN_POINT ( 'NONE',  ( 11.99999999999999645, 40.00000000000000000, -11.99999999999999822 ) ) ;
#5572 =( LENGTH_UNIT ( ) NAMED_UNIT ( * ) SI_UNIT ( .MILLI., .METRE. ) );
#5573 = EDGE_CURVE ( 'NONE', #2991, #9971, #3588, .T. ) ;
#5574 = CIRCLE ( 'NONE', #2780, 2.399999999999999911 ) ;
#5575 = ORIENTED_EDGE ( 'NONE', *, *, #5489, .F. ) ;
#5576 = VERTEX_POINT ( 'NONE', #9903 ) ;
#5577 = LINE ( 'NONE', #2502, #7102 ) ;
#5578 = ADVANCED_FACE ( 'NONE', ( #6717 ), #8258, .F. ) ;
#5579 = CARTESIAN_POINT ( 'NONE',  ( 1.499999999999999556, -6.287320479970230913, -0.3995011666402289996 ) ) ;
#5580 = ADVANCED_FACE ( 'NONE', ( #8163 ), #2711, .T. ) ;
#5581 = VERTEX_POINT ( 'NONE', #9795 ) ;
#5582 = VERTEX_POINT ( 'NONE', #9853 ) ;
#5583 = LINE ( 'NONE', #2409, #6742 ) ;
#5584 = CARTESIAN_POINT ( 'NONE',  ( 1.499999999999999556, -1.611759767611821381, -5.388098593335865161 ) ) ;
#5585 = LINE ( 'NONE', #4978, #4020 ) ;
#5586 = CARTESIAN_POINT ( 'NONE',  ( 11.99999999999999645, 0.000000000000000000, 12.00000000000000178 ) ) ;
#5587 = CARTESIAN_POINT ( 'NONE',  ( 1.499999999999999556, -0.5626935397822324658, 1.308110079575622198 ) ) ;
#5588 = VERTEX_POINT ( 'NONE', #2002 ) ;
#5589 = AXIS2_PLACEMENT_3D ( 'NONE', #9720, #1214, #2642 ) ;
#5590 = DIRECTION ( 'NONE',  ( 0.000000000000000000, 0.000000000000000000, 1.000000000000000000 ) ) ;
#5591 = VECTOR ( 'NONE', #6141, 1000.000000000000000 ) ;
#5592 = FILL_AREA_STYLE_COLOUR ( '', #4237 ) ;
#5593 = ADVANCED_FACE ( 'NONE', ( #9126 ), #5853, .T. ) ;
#5594 =( REPRESENTATION_RELATIONSHIP ('NONE','NONE', #65, #7852 ) REPRESENTATION_RELATIONSHIP_WITH_TRANSFORMATION ( #5518 )SHAPE_REPRESENTATION_RELATIONSHIP( ) );
#5595 = ORIENTED_EDGE ( 'NONE', *, *, #2011, .F. ) ;
#5596 = CARTESIAN_POINT ( 'NONE',  ( 0.000000000000000000, -1.445548498552919892, -1.523282488027548842 ) ) ;
#5597 = CARTESIAN_POINT ( 'NONE',  ( -24.99999999999999645, 19.99999999999999645, 25.00000000000000000 ) ) ;
#5598 = CARTESIAN_POINT ( 'NONE',  ( 1.499999999999999556, 0.000000000000000000, 0.000000000000000000 ) ) ;
#5599 = LINE ( 'NONE', #8064, #5468 ) ;
#5600 = VECTOR ( 'NONE', #5009, 1000.000000000000000 ) ;
#5601 = EDGE_CURVE ( 'NONE', #8090, #2633, #4218, .T. ) ;
#5602 = ORIENTED_EDGE ( 'NONE', *, *, #1314, .F. ) ;
#5603 = UNCERTAINTY_MEASURE_WITH_UNIT (LENGTH_MEASURE( 1.000000000000000082E-05 ), #7045, 'distance_accuracy_value', 'NONE');
#5604 = AXIS2_PLACEMENT_3D ( 'NONE', #3999, #7939, #7177 ) ;
#5605 = EDGE_CURVE ( 'NONE', #8196, #4146, #4372, .T. ) ;
#5606 = VECTOR ( 'NONE', #1285, 1000.000000000000000 ) ;
#5607 = EDGE_LOOP ( 'NONE', ( #5305, #4555, #1227, #3829 ) ) ;
#5608 = CARTESIAN_POINT ( 'NONE',  ( 1.499999999999999556, -4.163316962856820957, 4.728296930903203688 ) ) ;
#5609 = DIRECTION ( 'NONE',  ( 0.000000000000000000, -0.9510565162951566398, 0.3090169943749382919 ) ) ;
#5611 = CARTESIAN_POINT ( 'NONE',  ( 1.499999999999999556, -5.329519478602970040, 1.839842958668767681 ) ) ;
#5610 = DIRECTION ( 'NONE',  ( -1.000000000000000000, 0.000000000000000000, 0.000000000000000000 ) ) ;
#5612 = ORIENTED_EDGE ( 'NONE', *, *, #9265, .F. ) ;
#5613 = SURFACE_STYLE_FILL_AREA ( #2485 ) ;
#5614 = ORIENTED_EDGE ( 'NONE', *, *, #4094, .F. ) ;
#5615 = ORIENTED_EDGE ( 'NONE', *, *, #8465, .T. ) ;
#5616 = UNCERTAINTY_MEASURE_WITH_UNIT (LENGTH_MEASURE( 1.000000000000000082E-05 ), #9629, 'distance_accuracy_value', 'NONE');
#5617 = CARTESIAN_POINT ( 'NONE',  ( 1.499999999999999556, 5.532554621990633414, -1.010057104667916095 ) ) ;
#5618 = ITEM_DEFINED_TRANSFORMATION ( 'NONE', 'NONE', #2477,  #6402 ) ;
#5619 = ORIENTED_EDGE ( 'NONE', *, *, #1507, .T. ) ;
#5620 = CARTESIAN_POINT ( 'NONE',  ( -4.415642272996979756, 4.549999999999999822, 1.000000000000000000 ) ) ;
#5621 = EDGE_LOOP ( 'NONE', ( #7559, #6575, #8610, #5615 ) ) ;
#5622 = CARTESIAN_POINT ( 'NONE',  ( 1.499999999999999556, 1.440670871519459606, -0.8862614956313958903 ) ) ;
#5624 = EDGE_CURVE ( 'NONE', #7361, #4340, #1953, .T. ) ;
#5623 = FACE_OUTER_BOUND ( 'NONE', #2501, .T. ) ;
#5625 = ORIENTED_EDGE ( 'NONE', *, *, #6809, .F. ) ;
#5626 = CYLINDRICAL_SURFACE ( 'NONE', #312, 6.299999999999999822 ) ;
#5627 = SURFACE_STYLE_FILL_AREA ( #37 ) ;
#5628 = VERTEX_POINT ( 'NONE', #5235 ) ;
#5629 = EDGE_LOOP ( 'NONE', ( #4227, #3284 ) ) ;
#5630 = DIRECTION ( 'NONE',  ( 0.000000000000000000, -1.000000000000000000, 0.000000000000000000 ) ) ;
#5631 = VECTOR ( 'NONE', #2298, 1000.000000000000000 ) ;
#5632 = CARTESIAN_POINT ( 'NONE',  ( 0.000000000000000000, 0.1667481397910293983, -1.414203329750086002 ) ) ;
#5633 = EDGE_CURVE ( 'NONE', #6128, #6421, #10109, .T. ) ;
#5634 = AXIS2_PLACEMENT_3D ( 'NONE', #1551, #7801, #4589 ) ;
#5635 = EDGE_LOOP ( 'NONE', ( #4198, #4491, #5742, #9455 ) ) ;
#5636 = AXIS2_PLACEMENT_3D ( 'NONE', #2792, #8192, #1270 ) ;
#5637 = ORIENTED_EDGE ( 'NONE', *, *, #873, .F. ) ;
#5638 = DIRECTION ( 'NONE',  ( 0.000000000000000000, 1.000000000000000000, 0.000000000000000000 ) ) ;
#5639 = DIRECTION ( 'NONE',  ( -0.000000000000000000, -1.000000000000000000, 0.000000000000000000 ) ) ;
#5640 = LINE ( 'NONE', #3325, #8772 ) ;
#5641 = DIRECTION ( 'NONE',  ( 0.000000000000000000, 0.000000000000000000, 1.000000000000000000 ) ) ;
#5642 = SURFACE_STYLE_USAGE ( .BOTH. , #9493 ) ;
#5643 = ORIENTED_EDGE ( 'NONE', *, *, #3156, .T. ) ;
#5644 = AXIS2_PLACEMENT_3D ( 'NONE', #418, #2832, #9049 ) ;
#5645 = EDGE_CURVE ( 'NONE', #5108, #5851, #2154, .T. ) ;
#5646 = CARTESIAN_POINT ( 'NONE',  ( 1.499999999999999556, -0.4902404781355041430, -2.041975581048283139 ) ) ;
#5647 = ADVANCED_FACE ( 'NONE', ( #8980 ), #1239, .T. ) ;
#5648 = ORIENTED_EDGE ( 'NONE', *, *, #10093, .T. ) ;
#5649 = CARTESIAN_POINT ( 'NONE',  ( 1.499999999999999556, 3.882234041400991487, 4.069107377274206350 ) ) ;
#5650 = DIRECTION ( 'NONE',  ( 0.000000000000000000, 0.000000000000000000, -1.000000000000000000 ) ) ;
#5651 = EDGE_CURVE ( 'NONE', #4838, #7515, #5185, .T. ) ;
#5653 = AXIS2_PLACEMENT_3D ( 'NONE', #1716, #3196, #8689 ) ;
#5652 = DIRECTION ( 'NONE',  ( -1.000000000000000000, 0.000000000000000000, 0.000000000000000000 ) ) ;
#5654 = DIRECTION ( 'NONE',  ( 0.000000000000000000, 0.000000000000000000, 1.000000000000000000 ) ) ;
#5655 = ORIENTED_EDGE ( 'NONE', *, *, #5601, .F. ) ;
#5656 = CIRCLE ( 'NONE', #1243, 5.624000000000004107 ) ;
#5657 = VECTOR ( 'NONE', #3483, 1000.000000000000000 ) ;
#5658 = ORIENTED_EDGE ( 'NONE', *, *, #3828, .F. ) ;
#5659 = CARTESIAN_POINT ( 'NONE',  ( 1.499999999999999556, 5.856144462747226775, 2.322837065193122275 ) ) ;
#5660 = DIRECTION ( 'NONE',  ( -1.000000000000000000, -0.000000000000000000, 0.000000000000000000 ) ) ;
#5662 = DIRECTION ( 'NONE',  ( -1.000000000000000000, -0.000000000000000000, 0.000000000000000000 ) ) ;
#5661 = CARTESIAN_POINT ( 'NONE',  ( 1.499999999999999556, 3.396706725542331107, 4.500131487637556660 ) ) ;
#5663 = ORIENTED_EDGE ( 'NONE', *, *, #6393, .F. ) ;
#5664 =( NAMED_UNIT ( * ) PLANE_ANGLE_UNIT ( ) SI_UNIT ( $, .RADIAN. ) );
#5665 = ORIENTED_EDGE ( 'NONE', *, *, #8468, .F. ) ;
#5666 = CARTESIAN_POINT ( 'NONE',  ( 0.000000000000000000, 0.000000000000000000, 0.000000000000000000 ) ) ;
#5667 = AXIS2_PLACEMENT_3D ( 'NONE', #9611, #509, #2712 ) ;
#5668 = ORIENTED_EDGE ( 'NONE', *, *, #3664, .F. ) ;
#5669 = EDGE_CURVE ( 'NONE', #2338, #4285, #9289, .T. ) ;
#5670 = CARTESIAN_POINT ( 'NONE',  ( 1.499999999999999556, -1.644148730784169343, 5.393104387681766809 ) ) ;
#5671 = ORIENTED_EDGE ( 'NONE', *, *, #1435, .T. ) ;
#5672 = FACE_OUTER_BOUND ( 'NONE', #7535, .T. ) ;
#5673 = DIRECTION ( 'NONE',  ( 1.000000000000000000, -0.000000000000000000, 0.000000000000000000 ) ) ;
#5674 = VERTEX_POINT ( 'NONE', #8213 ) ;
#5675 = CIRCLE ( 'NONE', #6982, 2.399999999999999911 ) ;
#5676 = DIRECTION ( 'NONE',  ( 0.000000000000000000, 1.000000000000000000, 3.614007241618346010E-15 ) ) ;
#5677 = FACE_OUTER_BOUND ( 'NONE', #8441, .T. ) ;
#5678 = EDGE_LOOP ( 'NONE', ( #9882, #8356, #2143, #7677 ) ) ;
#5679 = AXIS2_PLACEMENT_3D ( 'NONE', #1084, #351, #8156 ) ;
#5680 = EDGE_LOOP ( 'NONE', ( #792, #9751, #3198, #4511 ) ) ;
#5681 = CYLINDRICAL_SURFACE ( 'NONE', #5816, 0.7200000000000004174 ) ;
#5682 = DIRECTION ( 'NONE',  ( 0.000000000000000000, 0.8660254037844397068, -0.4999999999999979461 ) ) ;
#5683 = AXIS2_PLACEMENT_3D ( 'NONE', #2510, #6636, #2461 ) ;
#5684 = ORIENTED_EDGE ( 'NONE', *, *, #8446, .F. ) ;
#5685 = CIRCLE ( 'NONE', #8140, 2.399999999999999467 ) ;
#5686 = ORIENTED_EDGE ( 'NONE', *, *, #9237, .F. ) ;
#5687 = DIRECTION ( 'NONE',  ( 0.000000000000000000, 0.000000000000000000, 1.000000000000000000 ) ) ;
#5688 = LINE ( 'NONE', #2558, #5193 ) ;
#5689 = CARTESIAN_POINT ( 'NONE',  ( 1.499999999999999556, 5.637216970057038701, 0.1028825440610903336 ) ) ;
#5690 = DIRECTION ( 'NONE',  ( -1.000000000000000000, 0.000000000000000000, -0.000000000000000000 ) ) ;
#5691 = DIRECTION ( 'NONE',  ( 0.000000000000000000, 0.000000000000000000, 1.000000000000000000 ) ) ;
#5692 = ORIENTED_EDGE ( 'NONE', *, *, #2833, .T. ) ;
#5693 = CARTESIAN_POINT ( 'NONE',  ( -2.950000000000001066, 30.00000000000000000, -23.79000000000000625 ) ) ;
#5694 = ADVANCED_FACE ( 'NONE', ( #6611 ), #9747, .T. ) ;
#5695 =( NAMED_UNIT ( * ) PLANE_ANGLE_UNIT ( ) SI_UNIT ( $, .RADIAN. ) );
#5696 = ORIENTED_EDGE ( 'NONE', *, *, #950, .T. ) ;
#5697 = DIRECTION ( 'NONE',  ( 1.000000000000000000, -0.000000000000000000, 0.000000000000000000 ) ) ;
#5698 = FACE_OUTER_BOUND ( 'NONE', #3166, .T. ) ;
#5699 = ADVANCED_FACE ( 'NONE', ( #655 ), #9228, .T. ) ;
#5700 = CARTESIAN_POINT ( 'NONE',  ( 1.499999999999999556, -5.637216970057037813, 2.502882544061054482 ) ) ;
#5701 = FILL_AREA_STYLE ('',( #9605 ) ) ;
#5702 = VECTOR ( 'NONE', #1205, 1000.000000000000000 ) ;
#5703 = ADVANCED_FACE ( 'NONE', ( #9438 ), #3070, .T. ) ;
#5704 = ORIENTED_EDGE ( 'NONE', *, *, #7720, .F. ) ;
#5705 = CIRCLE ( 'NONE', #6191, 2.399999999999999911 ) ;
#5706 = EDGE_CURVE ( 'NONE', #9008, #5969, #8628, .T. ) ;
#5707 =( GEOMETRIC_REPRESENTATION_CONTEXT ( 3 ) GLOBAL_UNCERTAINTY_ASSIGNED_CONTEXT ( ( #5603 ) ) GLOBAL_UNIT_ASSIGNED_CONTEXT ( ( #7045, #1608, #7100 ) ) REPRESENTATION_CONTEXT ( 'NONE', 'WORKASPACE' ) );
#5708 = CIRCLE ( 'NONE', #3411, 2.399999999999999467 ) ;
#5709 = ORIENTED_EDGE ( 'NONE', *, *, #6111, .F. ) ;
#5710 = CARTESIAN_POINT ( 'NONE',  ( 0.7499999999999997780, -1.562940689591731047, -6.103049762276112844 ) ) ;
#5711 = ADVANCED_FACE ( 'NONE', ( #5281 ), #3946, .F. ) ;
#5713 = DIRECTION ( 'NONE',  ( 0.000000000000000000, 0.000000000000000000, 1.000000000000000000 ) ) ;
#5712 = DIRECTION ( 'NONE',  ( -1.000000000000000000, -0.000000000000000000, -0.000000000000000000 ) ) ;
#5714 = AXIS2_PLACEMENT_3D ( 'NONE', #7747, #9384, #5538 ) ;
#5715 = ORIENTED_EDGE ( 'NONE', *, *, #5472, .F. ) ;
#5716 = ORIENTED_EDGE ( 'NONE', *, *, #6935, .F. ) ;
#5717 = AXIS2_PLACEMENT_3D ( 'NONE', #1801, #4783, #7189 ) ;
#5718 = UNCERTAINTY_MEASURE_WITH_UNIT (LENGTH_MEASURE( 1.000000000000000082E-05 ), #9564, 'distance_accuracy_value', 'NONE');
#5719 = DIRECTION ( 'NONE',  ( -1.000000000000000000, -0.000000000000000000, 0.000000000000000000 ) ) ;
#5720 = EDGE_LOOP ( 'NONE', ( #5951, #7114, #6963, #4691 ) ) ;
#5721 = AXIS2_PLACEMENT_3D ( 'NONE', #3163, #3881, #1427 ) ;
#5722 = DIRECTION ( 'NONE',  ( -1.000000000000000000, -0.000000000000000000, 0.000000000000000000 ) ) ;
#5723 = ORIENTED_EDGE ( 'NONE', *, *, #9645, .F. ) ;
#5724 = DIRECTION ( 'NONE',  ( 0.000000000000000000, 0.000000000000000000, 1.000000000000000000 ) ) ;
#5725 = CARTESIAN_POINT ( 'NONE',  ( 1.499999999999999556, -3.913365401975911873, 4.058863291118516514 ) ) ;
#5726 = ORIENTED_EDGE ( 'NONE', *, *, #4101, .T. ) ;
#5727 = DIRECTION ( 'NONE',  ( 0.000000000000000000, -0.8660254037844432595, 0.4999999999999918954 ) ) ;
#5728 = FILL_AREA_STYLE_COLOUR ( '', #2959 ) ;
#5729 = ORIENTED_EDGE ( 'NONE', *, *, #9547, .T. ) ;
#5730 = CIRCLE ( 'NONE', #7700, 5.624000000000004995 ) ;
#5731 = EDGE_CURVE ( 'NONE', #6083, #771, #2724, .T. ) ;
#5732 = ORIENTED_EDGE ( 'NONE', *, *, #473, .T. ) ;
#5733 = DIRECTION ( 'NONE',  ( 0.000000000000000000, -0.000000000000000000, -1.000000000000000000 ) ) ;
#5734 = ORIENTED_EDGE ( 'NONE', *, *, #430, .T. ) ;
#5735 = DIRECTION ( 'NONE',  ( -1.000000000000000000, 0.000000000000000000, -0.000000000000000000 ) ) ;
#5736 = ORIENTED_EDGE ( 'NONE', *, *, #6422, .T. ) ;
#5737 = CIRCLE ( 'NONE', #1810, 6.299999999999999822 ) ;
#5738 = DIRECTION ( 'NONE',  ( -1.000000000000000000, 0.000000000000000000, -0.000000000000000000 ) ) ;
#5739 = CARTESIAN_POINT ( 'NONE',  ( 1.499999999999999556, -3.396706725542362193, 4.500131487637537120 ) ) ;
#5740 = CARTESIAN_POINT ( 'NONE',  ( 0.000000000000000000, -6.272408882937926755, -0.5889709714760062997 ) ) ;
#5741 =( NAMED_UNIT ( * ) SI_UNIT ( $, .STERADIAN. ) SOLID_ANGLE_UNIT ( ) );
#5742 = ORIENTED_EDGE ( 'NONE', *, *, #1893, .T. ) ;
#5743 = CARTESIAN_POINT ( 'NONE',  ( 0.000000000000000000, 0.000000000000000000, 0.000000000000000000 ) ) ;
#5744 = AXIS2_PLACEMENT_3D ( 'NONE', #294, #8926, #1852 ) ;
#5745 = DIRECTION ( 'NONE',  ( 1.000000000000000000, 0.000000000000000000, 0.000000000000000000 ) ) ;
#5746 = CIRCLE ( 'NONE', #1332, 2.399999999999999023 ) ;
#5747 = VERTEX_POINT ( 'NONE', #2966 ) ;
#5748 = CYLINDRICAL_SURFACE ( 'NONE', #7896, 2.399999999999999467 ) ;
#5749 = DIRECTION ( 'NONE',  ( 1.000000000000000000, -0.000000000000000000, -0.000000000000000000 ) ) ;
#5750 = CYLINDRICAL_SURFACE ( 'NONE', #3764, 0.7200000000000004174 ) ;
#5751 = FACE_OUTER_BOUND ( 'NONE', #8605, .T. ) ;
#5752 = CIRCLE ( 'NONE', #1822, 1.423999999999999488 ) ;
#5753 = EDGE_CURVE ( 'NONE', #8636, #574, #9282, .T. ) ;
#5754 = ORIENTED_EDGE ( 'NONE', *, *, #1567, .F. ) ;
#5755 = AXIS2_PLACEMENT_3D ( 'NONE', #1524, #4756, #3307 ) ;
#5756 = EDGE_CURVE ( 'NONE', #8029, #7402, #4718, .T. ) ;
#5757 = ORIENTED_EDGE ( 'NONE', *, *, #7488, .T. ) ;
#5758 = DIRECTION ( 'NONE',  ( -1.000000000000000000, -0.000000000000000000, -0.000000000000000000 ) ) ;
#5759 = AXIS2_PLACEMENT_3D ( 'NONE', #7753, #9392, #10068 ) ;
#5760 = SHAPE_REPRESENTATION ( 'spur gear_am12_Metric - Spur gear 0.3M 12T 20PA 1.5FW ---S12N75H50L2N', ( #6402 ), #4779 ) ;
#5762 = CARTESIAN_POINT ( 'NONE',  ( 0.000000000000000000, -2.650911967359931509, -4.976089400993457090 ) ) ;
#5761 = DIRECTION ( 'NONE',  ( -1.000000000000000000, -0.000000000000000000, 0.000000000000000000 ) ) ;
#5763 = VERTEX_POINT ( 'NONE', #7789 ) ;
#5764 = AXIS2_PLACEMENT_3D ( 'NONE', #3246, #9511, #7039 ) ;
#5765 = ORIENTED_EDGE ( 'NONE', *, *, #9218, .F. ) ;
#5766 = EDGE_CURVE ( 'NONE', #1020, #6364, #7642, .T. ) ;
#5767 = STYLED_ITEM ( 'NONE', ( #1363 ), #3500 ) ;
#5768 = DIRECTION ( 'NONE',  ( 0.000000000000000000, 1.000000000000000000, 3.614007241618348376E-15 ) ) ;
#5769 = VECTOR ( 'NONE', #10103, 1000.000000000000000 ) ;
#5770 = EDGE_CURVE ( 'NONE', #4274, #4046, #5430, .T. ) ;
#5771 = AXIS2_PLACEMENT_3D ( 'NONE', #1526, #741, #5417 ) ;
#5772 = EDGE_LOOP ( 'NONE', ( #7119, #9941, #3206, #5985 ) ) ;
#5773 = AXIS2_PLACEMENT_3D ( 'NONE', #1737, #7323, #9685 ) ;
#5774 = CARTESIAN_POINT ( 'NONE',  ( 0.000000000000000000, 0.000000000000000000, 0.000000000000000000 ) ) ;
#5775 = ORIENTED_EDGE ( 'NONE', *, *, #7924, .F. ) ;
#5776 = SURFACE_SIDE_STYLE ('',( #2638 ) ) ;
#5777 = DIRECTION ( 'NONE',  ( 0.000000000000000000, 0.000000000000000000, 1.000000000000000000 ) ) ;
#5778 = ORIENTED_EDGE ( 'NONE', *, *, #2627, .T. ) ;
#5779 = PRODUCT_DEFINITION_SHAPE ( 'NONE', 'NONE',  #10159 ) ;
#5780 = ADVANCED_FACE ( 'NONE', ( #8613 ), #2205, .T. ) ;
#5781 = CARTESIAN_POINT ( 'NONE',  ( 0.000000000000000000, 14.00000000000000000, -1.000000000000000000 ) ) ;
#5782 = DIRECTION ( 'NONE',  ( 0.000000000000000000, 0.000000000000000000, 1.000000000000000000 ) ) ;
#5783 = ORIENTED_EDGE ( 'NONE', *, *, #4375, .F. ) ;
#5784 = ORIENTED_EDGE ( 'NONE', *, *, #8738, .F. ) ;
#5785 = LINE ( 'NONE', #6591, #381 ) ;
#5786 = VERTEX_POINT ( 'NONE', #1489 ) ;
#5787 = FACE_OUTER_BOUND ( 'NONE', #4228, .T. ) ;
#5788 = EDGE_LOOP ( 'NONE', ( #3355, #2924, #9577, #3038 ) ) ;
#5789 = EDGE_CURVE ( 'NONE', #5104, #9826, #8412, .T. ) ;
#5790 = DIRECTION ( 'NONE',  ( -1.000000000000000000, -0.000000000000000000, -0.000000000000000000 ) ) ;
#5791 = DIRECTION ( 'NONE',  ( -1.000000000000000000, -0.000000000000000000, 0.000000000000000000 ) ) ;
#5792 = CYLINDRICAL_SURFACE ( 'NONE', #301, 6.299999999999999822 ) ;
#5793 = DIRECTION ( 'NONE',  ( -1.000000000000000000, 0.000000000000000000, 0.000000000000000000 ) ) ;
#5794 = VERTEX_POINT ( 'NONE', #2305 ) ;
#5795 = APPLICATION_CONTEXT ( 'automotive_design' ) ;
#5796 =( GEOMETRIC_REPRESENTATION_CONTEXT ( 3 ) GLOBAL_UNCERTAINTY_ASSIGNED_CONTEXT ( ( #4280 ) ) GLOBAL_UNIT_ASSIGNED_CONTEXT ( ( #1994, #7586, #5171 ) ) REPRESENTATION_CONTEXT ( 'NONE', 'WORKASPACE' ) );
#5797 = EDGE_CURVE ( 'NONE', #2340, #2697, #4623, .T. ) ;
#5798 = DIRECTION ( 'NONE',  ( -1.000000000000000000, 0.000000000000000000, -0.000000000000000000 ) ) ;
#5799 = DIRECTION ( 'NONE',  ( 1.000000000000000000, 0.000000000000000000, 0.000000000000000000 ) ) ;
#5800 = VERTEX_POINT ( 'NONE', #811 ) ;
#5801 = EDGE_CURVE ( 'NONE', #1577, #7917, #2247, .T. ) ;
#5802 = DIRECTION ( 'NONE',  ( 0.000000000000000000, 0.000000000000000000, -1.000000000000000000 ) ) ;
#5803 = CARTESIAN_POINT ( 'NONE',  ( 0.000000000000000000, 3.882234041401042113, -4.069107377274157500 ) ) ;
#5804 = DIRECTION ( 'NONE',  ( -1.000000000000000000, -0.000000000000000000, -0.000000000000000000 ) ) ;
#5805 = CARTESIAN_POINT ( 'NONE',  ( 1.499999999999999556, 0.000000000000000000, 0.000000000000000000 ) ) ;
#5806 = AXIS2_PLACEMENT_3D ( 'NONE', #2259, #2310, #3021 ) ;
#5807 = VERTEX_POINT ( 'NONE', #3744 ) ;
#5808 = PRODUCT_DEFINITION_CONTEXT ( 'detailed design', #3298, 'design' ) ;
#5809 = CIRCLE ( 'NONE', #8590, 2.400000000000000355 ) ;
#5810 = EDGE_CURVE ( 'NONE', #631, #7426, #6009, .T. ) ;
#5811 = CIRCLE ( 'NONE', #1396, 0.7200000000000004174 ) ;
#5812 = EDGE_LOOP ( 'NONE', ( #8541, #8399, #2752, #1531 ) ) ;
#5813 = DIRECTION ( 'NONE',  ( 0.000000000000000000, -0.5000000000000069944, 0.8660254037844345998 ) ) ;
#5815 = FILL_AREA_STYLE_COLOUR ( '', #9038 ) ;
#5814 = DIRECTION ( 'NONE',  ( 0.000000000000000000, 0.7071067811865486830, -0.7071067811865462405 ) ) ;
#5816 = AXIS2_PLACEMENT_3D ( 'NONE', #192, #915, #6399 ) ;
#5817 = ORIENTED_EDGE ( 'NONE', *, *, #3981, .F. ) ;
#5818 = AXIS2_PLACEMENT_3D ( 'NONE', #2915, #3745, #4311 ) ;
#5819 = ORIENTED_EDGE ( 'NONE', *, *, #2533, .T. ) ;
#5820 = CIRCLE ( 'NONE', #8746, 6.300000000000000711 ) ;
#5821 = CARTESIAN_POINT ( 'NONE',  ( 1.499999999999999556, 6.272408882937938301, -0.5889709714758775139 ) ) ;
#5822 = EDGE_CURVE ( 'NONE', #899, #999, #435, .T. ) ;
#5823 = CARTESIAN_POINT ( 'NONE',  ( 0.000000000000000000, 5.306431951017053450, 1.863103848212815050 ) ) ;
#5824 = VERTEX_POINT ( 'NONE', #1440 ) ;
#5825 = CARTESIAN_POINT ( 'NONE',  ( 1.499999999999999556, -3.197888662398116200, -4.626325118590957075 ) ) ;
#5826 = ORIENTED_EDGE ( 'NONE', *, *, #436, .T. ) ;
#5827 = EDGE_CURVE ( 'NONE', #5350, #1020, #3550, .T. ) ;
#5828 = LINE ( 'NONE', #2075, #3569 ) ;
#5829 = DIRECTION ( 'NONE',  ( -1.526571843250870831E-16, -4.501050525400304110E-17, 1.000000000000000000 ) ) ;
#5830 = ORIENTED_EDGE ( 'NONE', *, *, #3317, .F. ) ;
#5831 = EDGE_CURVE ( 'NONE', #7150, #1600, #3062, .T. ) ;
#5832 = DIRECTION ( 'NONE',  ( -1.000000000000000000, 0.000000000000000000, 0.000000000000000000 ) ) ;
#5833 = ORIENTED_EDGE ( 'NONE', *, *, #3493, .F. ) ;
#5834 = CARTESIAN_POINT ( 'NONE',  ( 1.499999999999999556, 3.197888662398150839, 4.626325118590933094 ) ) ;
#5835 = EDGE_CURVE ( 'NONE', #3549, #1690, #8809, .T. ) ;
#5836 = AXIS2_PLACEMENT_3D ( 'NONE', #793, #2237, #4504 ) ;
#5837 = ORIENTED_EDGE ( 'NONE', *, *, #1075, .F. ) ;
#5838 = LINE ( 'NONE', #2800, #1091 ) ;
#5839 = CARTESIAN_POINT ( 'NONE',  ( 1.499999999999999556, 3.913365401975887892, 4.058863291118543160 ) ) ;
#5840 = DIRECTION ( 'NONE',  ( -1.000000000000000000, 0.000000000000000000, -0.000000000000000000 ) ) ;
#5841 = SURFACE_STYLE_USAGE ( .BOTH. , #2038 ) ;
#5842 = CARTESIAN_POINT ( 'NONE',  ( 1.499999999999999556, -5.306431951017064108, 1.863103848212783964 ) ) ;
#5843 = AXIS2_PLACEMENT_3D ( 'NONE', #2981, #5347, #5246 ) ;
#5844 = ORIENTED_EDGE ( 'NONE', *, *, #5789, .F. ) ;
#5845 = AXIS2_PLACEMENT_3D ( 'NONE', #3385, #8886, #9698 ) ;
#5846 = DIRECTION ( 'NONE',  ( 0.000000000000000000, 0.000000000000000000, 1.000000000000000000 ) ) ;
#5847 = DIRECTION ( 'NONE',  ( 0.000000000000000000, 0.000000000000000000, 1.000000000000000000 ) ) ;
#5848 = VECTOR ( 'NONE', #394, 1000.000000000000000 ) ;
#5849 = FILL_AREA_STYLE_COLOUR ( '', #4411 ) ;
#5850 = LINE ( 'NONE', #9078, #3520 ) ;
#5851 = VERTEX_POINT ( 'NONE', #8826 ) ;
#5852 = CARTESIAN_POINT ( 'NONE',  ( 0.000000000000000000, 0.000000000000000000, 0.000000000000000000 ) ) ;
#5853 = CYLINDRICAL_SURFACE ( 'NONE', #6339, 5.624000000000004107 ) ;
#5854 = CARTESIAN_POINT ( 'NONE',  ( 0.000000000000000000, 1.839842958668856721, -5.329519478602941618 ) ) ;
#5855 = CYLINDRICAL_SURFACE ( 'NONE', #8027, 0.7200000000000006395 ) ;
#5856 = DIRECTION ( 'NONE',  ( 0.000000000000000000, 0.000000000000000000, 1.000000000000000000 ) ) ;
#5857 = EDGE_LOOP ( 'NONE', ( #1976, #2729 ) ) ;
#5858 = EDGE_CURVE ( 'NONE', #9058, #7368, #3718, .T. ) ;
#5859 = ORIENTED_EDGE ( 'NONE', *, *, #1003, .F. ) ;
#5860 = CARTESIAN_POINT ( 'NONE',  ( 0.000000000000000000, -5.321370011402327904, 3.372391021478379436 ) ) ;
#5861 = CARTESIAN_POINT ( 'NONE',  ( 1.499999999999999556, -2.467573931392872399, -5.069504796178998518 ) ) ;
#5862 = CARTESIAN_POINT ( 'NONE',  ( 1.499999999999999556, 3.230239272402426476, 4.621077171872441269 ) ) ;
#5863 = ORIENTED_EDGE ( 'NONE', *, *, #4668, .F. ) ;
#5864 = VECTOR ( 'NONE', #8292, 1000.000000000000000 ) ;
#5865 = EDGE_LOOP ( 'NONE', ( #10095, #9375, #2386, #9346 ) ) ;
#5866 = CARTESIAN_POINT ( 'NONE',  ( 1.499999999999999556, -1.378136260165321314, 6.147417380365314266 ) ) ;
#5867 = AXIS2_PLACEMENT_3D ( 'NONE', #7698, #4004, #3800 ) ;
#5868 = AXIS2_PLACEMENT_3D ( 'NONE', #4979, #4110, #8720 ) ;
#5869 = CARTESIAN_POINT ( 'NONE',  ( 1.499999999999999556, 3.230239272402487760, -4.621077171872394196 ) ) ;
#5870 = ORIENTED_EDGE ( 'NONE', *, *, #6046, .T. ) ;
#5871 = VERTEX_POINT ( 'NONE', #5584 ) ;
#5873 = CARTESIAN_POINT ( 'NONE',  ( 0.000000000000000000, 0.000000000000000000, 0.000000000000000000 ) ) ;
#5872 = FACE_OUTER_BOUND ( 'NONE', #2824, .T. ) ;
#5874 = VERTEX_POINT ( 'NONE', #6406 ) ;
#5875 = DIRECTION ( 'NONE',  ( -1.000000000000000000, -0.000000000000000000, -0.000000000000000000 ) ) ;
#5876 = EDGE_CURVE ( 'NONE', #9951, #1711, #8233, .T. ) ;
#5877 = ADVANCED_FACE ( 'NONE', ( #1642 ), #2410, .T. ) ;
#5878 = VERTEX_POINT ( 'NONE', #425 ) ;
#5879 = DIRECTION ( 'NONE',  ( 1.000000000000000000, 0.000000000000000000, -0.000000000000000000 ) ) ;
#5880 = ORIENTED_EDGE ( 'NONE', *, *, #7648, .F. ) ;
#5881 = CARTESIAN_POINT ( 'NONE',  ( 1.499999999999999556, 2.498425620827090743, 5.783413301606133317 ) ) ;
#5882 = PRODUCT_DEFINITION_FORMATION_WITH_SPECIFIED_SOURCE ( 'ANY', '', #8165, .NOT_KNOWN. ) ;
#5883 = ORIENTED_EDGE ( 'NONE', *, *, #2895, .F. ) ;
#5884 = CARTESIAN_POINT ( 'NONE',  ( 1.499999999999999556, 0.000000000000000000, 0.000000000000000000 ) ) ;
#5885 = EDGE_CURVE ( 'NONE', #689, #4071, #6988, .T. ) ;
#5886 = CIRCLE ( 'NONE', #6869, 2.399999999999999911 ) ;
#5887 = CARTESIAN_POINT ( 'NONE',  ( 7.500000000000000000, -7.500000000000000000, 1.000000000000000000 ) ) ;
#5888 = ORIENTED_EDGE ( 'NONE', *, *, #8148, .T. ) ;
#5889 = DIRECTION ( 'NONE',  ( 0.000000000000000000, 0.000000000000000000, -1.000000000000000000 ) ) ;
#5890 = DIRECTION ( 'NONE',  ( -1.000000000000000000, 0.000000000000000000, -0.000000000000000000 ) ) ;
#5891 = CARTESIAN_POINT ( 'NONE',  ( 0.000000000000000000, 2.322837065193106287, 5.856144462747233881 ) ) ;
#5892 = VERTEX_POINT ( 'NONE', #9765 ) ;
#5893 = EDGE_CURVE ( 'NONE', #4192, #6351, #7280, .T. ) ;
#5894 = EDGE_CURVE ( 'NONE', #6699, #5110, #6498, .T. ) ;
#5895 = DIRECTION ( 'NONE',  ( -1.000000000000000000, 0.000000000000000000, 0.000000000000000000 ) ) ;
#5896 = EDGE_CURVE ( 'NONE', #1667, #5874, #1273, .T. ) ;
#5897 = AXIS2_PLACEMENT_3D ( 'NONE', #8681, #4121, #3287 ) ;
#5898 = DIRECTION ( 'NONE',  ( -0.9924522877586010594, -0.1226313847378352750, 3.513294249086913090E-16 ) ) ;
#5899 = FACE_OUTER_BOUND ( 'NONE', #7503, .T. ) ;
#5900 = ORIENTED_EDGE ( 'NONE', *, *, #6294, .F. ) ;
#5901 = DIRECTION ( 'NONE',  ( -1.000000000000000000, 0.000000000000000000, -0.000000000000000000 ) ) ;
#5902 = DIRECTION ( 'NONE',  ( -1.000000000000000000, 0.000000000000000000, -0.000000000000000000 ) ) ;
#5903 = CARTESIAN_POINT ( 'NONE',  ( -24.99999999999999645, 19.99999999999999645, -24.99999999999999289 ) ) ;
#5904 = CARTESIAN_POINT ( 'NONE',  ( -24.99999999999999645, 19.99999999999999645, -24.99999999999999289 ) ) ;
#5905 = EDGE_CURVE ( 'NONE', #5299, #2246, #2577, .T. ) ;
#5906 = AXIS2_PLACEMENT_3D ( 'NONE', #3278, #4003, #7283 ) ;
#5907 = ORIENTED_EDGE ( 'NONE', *, *, #6152, .T. ) ;
#5908 = ADVANCED_FACE ( 'NONE', ( #5872 ), #4108, .T. ) ;
#5909 =( GEOMETRIC_REPRESENTATION_CONTEXT ( 3 ) GLOBAL_UNCERTAINTY_ASSIGNED_CONTEXT ( ( #8997 ) ) GLOBAL_UNIT_ASSIGNED_CONTEXT ( ( #5572, #1734, #855 ) ) REPRESENTATION_CONTEXT ( 'NONE', 'WORKASPACE' ) );
#5910 = VERTEX_POINT ( 'NONE', #200 ) ;
#5911 = CARTESIAN_POINT ( 'NONE',  ( 0.000000000000000000, 1.487860405372507966, 0.8045268254124247065 ) ) ;
#5912 = CYLINDRICAL_SURFACE ( 'NONE', #1747, 2.399999999999999467 ) ;
#5913 = DIRECTION ( 'NONE',  ( 0.000000000000000000, 0.000000000000000000, 1.000000000000000000 ) ) ;
#5914 = EDGE_CURVE ( 'NONE', #5945, #230, #5688, .T. ) ;
#5915 = ORIENTED_EDGE ( 'NONE', *, *, #1507, .F. ) ;
#5916 = VECTOR ( 'NONE', #6551, 1000.000000000000000 ) ;
#5917 = CIRCLE ( 'NONE', #7233, 5.624000000000004107 ) ;
#5918 = ORIENTED_EDGE ( 'NONE', *, *, #3370, .T. ) ;
#5919 = UNCERTAINTY_MEASURE_WITH_UNIT (LENGTH_MEASURE( 1.000000000000000082E-05 ), #7561, 'distance_accuracy_value', 'NONE');
#5920 = CYLINDRICAL_SURFACE ( 'NONE', #2031, 6.299999999999999822 ) ;
#5921 = ADVANCED_FACE ( 'NONE', ( #8768 ), #1742, .T. ) ;
#5922 = MECHANICAL_DESIGN_GEOMETRIC_PRESENTATION_REPRESENTATION (  '', ( #2799 ), #2440 ) ;
#5923 = CYLINDRICAL_SURFACE ( 'NONE', #3571, 1.000000000000000888 ) ;
#5924 = VERTEX_POINT ( 'NONE', #9589 ) ;
#5925 = APPLICATION_CONTEXT ( 'automotive_design' ) ;
#5927 =( LENGTH_UNIT ( ) NAMED_UNIT ( * ) SI_UNIT ( .MILLI., .METRE. ) );
#5926 = FACE_OUTER_BOUND ( 'NONE', #6601, .T. ) ;
#5928 = ORIENTED_EDGE ( 'NONE', *, *, #1260, .T. ) ;
#5929 = CARTESIAN_POINT ( 'NONE',  ( 1.499999999999999556, 0.000000000000000000, 0.000000000000000000 ) ) ;
#5930 = CIRCLE ( 'NONE', #2161, 6.300000000000000711 ) ;
#5931 = VECTOR ( 'NONE', #2573, 1000.000000000000000 ) ;
#5932 = EDGE_LOOP ( 'NONE', ( #4877, #3269, #5833, #2594 ) ) ;
#5933 = FACE_OUTER_BOUND ( 'NONE', #1115, .T. ) ;
#5934 = ORIENTED_EDGE ( 'NONE', *, *, #1314, .T. ) ;
#5935 = FACE_OUTER_BOUND ( 'NONE', #5865, .T. ) ;
#5936 = ADVANCED_FACE ( 'NONE', ( #7460 ), #1974, .T. ) ;
#5937 = AXIS2_PLACEMENT_3D ( 'NONE', #8936, #9697, #7337 ) ;
#5938 = ORIENTED_EDGE ( 'NONE', *, *, #7519, .T. ) ;
#5939 = DIRECTION ( 'NONE',  ( 0.000000000000000000, 0.000000000000000000, 1.000000000000000000 ) ) ;
#5940 = DIRECTION ( 'NONE',  ( 0.000000000000000000, 1.000000000000000000, 0.000000000000000000 ) ) ;
#5941 = ORIENTED_EDGE ( 'NONE', *, *, #7101, .F. ) ;
#5942 = CARTESIAN_POINT ( 'NONE',  ( 1.499999999999999556, -4.621077171872451039, 3.230239272402410933 ) ) ;
#5943 = CARTESIAN_POINT ( 'NONE',  ( 0.000000000000000000, 49.99999999999999289, -1.000000000000000000 ) ) ;
#5944 = CARTESIAN_POINT ( 'NONE',  ( 1.499999999999999556, 4.949647314371483198, 2.670274791727473396 ) ) ;
#5945 = VERTEX_POINT ( 'NONE', #4771 ) ;
#5946 = SURFACE_STYLE_FILL_AREA ( #2754 ) ;
#5947 = DIRECTION ( 'NONE',  ( -0.000000000000000000, 1.000000000000000000, -0.000000000000000000 ) ) ;
#5948 = ADVANCED_FACE ( 'NONE', ( #7889 ), #866, .T. ) ;
#5949 = DIRECTION ( 'NONE',  ( -0.1226313847378352750, 0.9924522877586010594, 3.142593477953369226E-16 ) ) ;
#5950 = DIRECTION ( 'NONE',  ( 0.000000000000000000, 0.8660254037844362651, 0.5000000000000041078 ) ) ;
#5951 = ORIENTED_EDGE ( 'NONE', *, *, #6658, .F. ) ;
#5952 = DIRECTION ( 'NONE',  ( 0.000000000000000000, -0.8910065241883627918, -0.4539904997395569075 ) ) ;
#5953 = CARTESIAN_POINT ( 'NONE',  ( 0.000000000000000000, 5.583907850472548340, 0.7802391318067537496 ) ) ;
#5954 = DIRECTION ( 'NONE',  ( 0.000000000000000000, 0.000000000000000000, 1.000000000000000000 ) ) ;
#5955 = CYLINDRICAL_SURFACE ( 'NONE', #988, 0.7200000000000004174 ) ;
#5956 = PRODUCT_DEFINITION_SHAPE ( 'NONE', 'NONE',  #8137 ) ;
#5957 = EDGE_CURVE ( 'NONE', #7819, #3818, #8762, .T. ) ;
#5958 = EDGE_CURVE ( 'NONE', #3655, #2288, #8432, .T. ) ;
#5959 = VECTOR ( 'NONE', #9674, 1000.000000000000000 ) ;
#5960 = EDGE_CURVE ( 'NONE', #870, #4058, #3022, .T. ) ;
#5961 = ORIENTED_EDGE ( 'NONE', *, *, #7711, .T. ) ;
#5962 = CARTESIAN_POINT ( 'NONE',  ( 0.000000000000000000, 0.000000000000000000, 0.000000000000000000 ) ) ;
#5963 = FACE_OUTER_BOUND ( 'NONE', #2723, .T. ) ;
#5964 = AXIS2_PLACEMENT_3D ( 'NONE', #8310, #5181, #406 ) ;
#5965 = CYLINDRICAL_SURFACE ( 'NONE', #4290, 5.624000000000004107 ) ;
#5966 = CARTESIAN_POINT ( 'NONE',  ( 1.499999999999999556, 5.393104387681774803, -1.644148730784154688 ) ) ;
#5967 = CIRCLE ( 'NONE', #883, 5.624000000000004107 ) ;
#5968 = ORIENTED_EDGE ( 'NONE', *, *, #8680, .T. ) ;
#5969 = VERTEX_POINT ( 'NONE', #9820 ) ;
#5970 = VECTOR ( 'NONE', #1823, 1000.000000000000000 ) ;
#5971 = LINE ( 'NONE', #6680, #1545 ) ;
#5972 = FACE_OUTER_BOUND ( 'NONE', #8092, .T. ) ;
#5973 = ORIENTED_EDGE ( 'NONE', *, *, #7383, .T. ) ;
#5975 = FILL_AREA_STYLE ('',( #2732 ) ) ;
#5974 = DIRECTION ( 'NONE',  ( -1.000000000000000000, 0.000000000000000000, -0.000000000000000000 ) ) ;
#5976 = ORIENTED_EDGE ( 'NONE', *, *, #8242, .F. ) ;
#5977 = CYLINDRICAL_SURFACE ( 'NONE', #1775, 6.299999999999999822 ) ;
#5978 = AXIS2_PLACEMENT_3D ( 'NONE', #4895, #7400, #8945 ) ;
#5979 = ORIENTED_EDGE ( 'NONE', *, *, #1984, .T. ) ;
#5980 = DIRECTION ( 'NONE',  ( 0.000000000000000000, 0.000000000000000000, 1.000000000000000000 ) ) ;
#5981 = ORIENTED_EDGE ( 'NONE', *, *, #5254, .F. ) ;
#5982 = DIRECTION ( 'NONE',  ( 0.000000000000000000, -0.000000000000000000, -1.000000000000000000 ) ) ;
#5983 = ADVANCED_FACE ( 'NONE', ( #3715 ), #10028, .T. ) ;
#5984 = AXIS2_PLACEMENT_3D ( 'NONE', #6642, #4448, #3466 ) ;
#5985 = ORIENTED_EDGE ( 'NONE', *, *, #9856, .T. ) ;
#5986 = FACE_OUTER_BOUND ( 'NONE', #2852, .T. ) ;
#5987 = DIRECTION ( 'NONE',  ( -1.000000000000000000, 0.000000000000000000, 0.000000000000000000 ) ) ;
#5988 = EDGE_LOOP ( 'NONE', ( #1094, #3969 ) ) ;
#5989 = CYLINDRICAL_SURFACE ( 'NONE', #5197, 2.399999999999999467 ) ;
#5990 = DIRECTION ( 'NONE',  ( -1.000000000000000000, 0.000000000000000000, -0.000000000000000000 ) ) ;
#5991 = CARTESIAN_POINT ( 'NONE',  ( -3.590000000000002967, 31.00000000000000000, -14.96000000000000085 ) ) ;
#5992 = ORIENTED_EDGE ( 'NONE', *, *, #6196, .T. ) ;
#5993 = DIRECTION ( 'NONE',  ( 0.000000000000000000, 1.000000000000000000, 3.491481338843132961E-15 ) ) ;
#5994 = CARTESIAN_POINT ( 'NONE',  ( 1.499999999999999556, -5.856144462747241874, 2.322837065193084971 ) ) ;
#5995 = AXIS2_PLACEMENT_3D ( 'NONE', #3830, #9163, #7775 ) ;
#5996 = APPLICATION_PROTOCOL_DEFINITION ( 'draft international standard', 'automotive_design', 1998, #1082 ) ;
#5997 = CARTESIAN_POINT ( 'NONE',  ( -10.00000000000000000, 0.000000000000000000, 0.000000000000000000 ) ) ;
#5998 = ORIENTED_EDGE ( 'NONE', *, *, #213, .T. ) ;
#5999 = FACE_OUTER_BOUND ( 'NONE', #2478, .T. ) ;
#6000 = CARTESIAN_POINT ( 'NONE',  ( 0.000000000000000000, -3.372391021478430506, 5.321370011402295930 ) ) ;
#6001 = CYLINDRICAL_SURFACE ( 'NONE', #6624, 5.624000000000004107 ) ;
#6002 = SURFACE_STYLE_FILL_AREA ( #5046 ) ;
#6003 = CARTESIAN_POINT ( 'NONE',  ( 0.000000000000000000, 1.487860405372519290, -0.8045268254124040563 ) ) ;
#6004 = FACE_OUTER_BOUND ( 'NONE', #10030, .T. ) ;
#6005 = VECTOR ( 'NONE', #4586, 1000.000000000000000 ) ;
#6006 = ADVANCED_FACE ( 'NONE', ( #2123 ), #6738, .F. ) ;
#6007 = EDGE_CURVE ( 'NONE', #9819, #6162, #6784, .T. ) ;
#6008 = CIRCLE ( 'NONE', #8459, 5.624000000000003219 ) ;
#6009 = CIRCLE ( 'NONE', #7975, 6.299999999999999822 ) ;
#6010 = EDGE_CURVE ( 'NONE', #7458, #1255, #4993, .T. ) ;
#6011 = ORIENTED_EDGE ( 'NONE', *, *, #157, .F. ) ;
#6012 = LINE ( 'NONE', #9914, #8510 ) ;
#6013 = CARTESIAN_POINT ( 'NONE',  ( 0.000000000000000000, 0.000000000000000000, 0.000000000000000000 ) ) ;
#6014 = CARTESIAN_POINT ( 'NONE',  ( 0.000000000000000000, 40.00000000000000000, 0.000000000000000000 ) ) ;
#6015 = DIRECTION ( 'NONE',  ( -1.000000000000000000, -0.000000000000000000, -0.000000000000000000 ) ) ;
#6016 = ADVANCED_FACE ( 'NONE', ( #2021 ), #629, .T. ) ;
#6017 = EDGE_LOOP ( 'NONE', ( #2245, #9523, #1140, #1713 ) ) ;
#6018 = ORIENTED_EDGE ( 'NONE', *, *, #7772, .F. ) ;
#6019 = UNCERTAINTY_MEASURE_WITH_UNIT (LENGTH_MEASURE( 1.000000000000000082E-05 ), #3482, 'distance_accuracy_value', 'NONE');
#6020 = ADVANCED_FACE ( 'NONE', ( #3767 ), #2837, .T. ) ;
#6021 = CARTESIAN_POINT ( 'NONE',  ( -10.00000000000000000, 0.000000000000000000, 0.000000000000000000 ) ) ;
#6022 = EDGE_CURVE ( 'NONE', #115, #3821, #2687, .T. ) ;
#6023 = AXIS2_PLACEMENT_3D ( 'NONE', #2086, #1989, #493 ) ;
#6024 =( NAMED_UNIT ( * ) SI_UNIT ( $, .STERADIAN. ) SOLID_ANGLE_UNIT ( ) );
#6025 = VERTEX_POINT ( 'NONE', #6895 ) ;
#6026 = DIRECTION ( 'NONE',  ( 0.000000000000000000, -0.8660254037844327124, -0.5000000000000099920 ) ) ;
#6027 = ORIENTED_EDGE ( 'NONE', *, *, #8914, .F. ) ;
#6028 = DIRECTION ( 'NONE',  ( 1.000000000000000000, -0.000000000000000000, -0.000000000000000000 ) ) ;
#6029 = CARTESIAN_POINT ( 'NONE',  ( -7.850000000000004974, 1.040834085586084257E-14, -1.499999999999999556 ) ) ;
#6030 = ORIENTED_EDGE ( 'NONE', *, *, #4394, .F. ) ;
#6031 = CIRCLE ( 'NONE', #4231, 2.100000000000000089 ) ;
#6032 = DIRECTION ( 'NONE',  ( 0.000000000000000000, 0.000000000000000000, -1.000000000000000000 ) ) ;
#6033 = ORIENTED_EDGE ( 'NONE', *, *, #3432, .T. ) ;
#6034 = DIRECTION ( 'NONE',  ( -1.000000000000000000, 0.000000000000000000, 0.000000000000000000 ) ) ;
#6035 = CIRCLE ( 'NONE', #6676, 0.7200000000000004174 ) ;
#6036 = PRODUCT_DEFINITION_SHAPE ( 'NONE', 'NONE',  #2982 ) ;
#6037 = AXIS2_PLACEMENT_3D ( 'NONE', #6323, #7200, #4793 ) ;
#6038 = ORIENTED_EDGE ( 'NONE', *, *, #9443, .F. ) ;
#6039 = CARTESIAN_POINT ( 'NONE',  ( 1.499999999999999556, 1.863103848212803948, 5.306431951017057891 ) ) ;
#6040 = CARTESIAN_POINT ( 'NONE',  ( 0.000000000000000000, 6.147417380365337358, -1.378136260165215621 ) ) ;
#6041 = ORIENTED_EDGE ( 'NONE', *, *, #3910, .F. ) ;
#6042 = DIRECTION ( 'NONE',  ( 0.000000000000000000, 0.9876883405951372152, 0.1564344650402347270 ) ) ;
#6043 = FACE_OUTER_BOUND ( 'NONE', #8099, .T. ) ;
#6044 = DIRECTION ( 'NONE',  ( 0.000000000000000000, 0.000000000000000000, 1.000000000000000000 ) ) ;
#6045 = VECTOR ( 'NONE', #5690, 1000.000000000000000 ) ;
#6046 = EDGE_CURVE ( 'NONE', #2830, #5358, #9413, .T. ) ;
#6047 = EDGE_LOOP ( 'NONE', ( #6737, #1071 ) ) ;
#6048 = CIRCLE ( 'NONE', #9977, 5.624000000000004107 ) ;
#6049 = PRODUCT_DEFINITION_FORMATION_WITH_SPECIFIED_SOURCE ( 'ANY', '', #8078, .NOT_KNOWN. ) ;
#6050 = DIRECTION ( 'NONE',  ( -1.000000000000000000, 0.000000000000000000, 0.000000000000000000 ) ) ;
#6051 = CIRCLE ( 'NONE', #791, 6.300000000000000711 ) ;
#6052 = DIRECTION ( 'NONE',  ( 0.000000000000000000, 0.000000000000000000, -1.000000000000000000 ) ) ;
#6053 = AXIS2_PLACEMENT_3D ( 'NONE', #9838, #6598, #8970 ) ;
#6054 = CARTESIAN_POINT ( 'NONE',  ( 1.499999999999999556, -1.440670871519453389, -0.1662614956314056036 ) ) ;
#6055 = ORIENTED_EDGE ( 'NONE', *, *, #1529, .F. ) ;
#6056 = CARTESIAN_POINT ( 'NONE',  ( 25.00000000000000355, 0.000000000000000000, 25.00000000000000000 ) ) ;
#6057 = DIRECTION ( 'NONE',  ( -1.000000000000000000, 0.000000000000000000, 0.000000000000000000 ) ) ;
#6058 = DIRECTION ( 'NONE',  ( 0.000000000000000000, -0.7071067811865390240, -0.7071067811865560104 ) ) ;
#6059 = CARTESIAN_POINT ( 'NONE',  ( 0.000000000000000000, 4.949647314371483198, 2.670274791727473396 ) ) ;
#6060 = FACE_BOUND ( 'NONE', #8595, .T. ) ;
#6061 = AXIS2_PLACEMENT_3D ( 'NONE', #6109, #7645, #2208 ) ;
#6062 = EDGE_LOOP ( 'NONE', ( #8765, #2046, #4797, #2583 ) ) ;
#6063 = EDGE_CURVE ( 'NONE', #7707, #7819, #7287, .T. ) ;
#6064 = DIRECTION ( 'NONE',  ( 0.000000000000000000, 0.000000000000000000, 1.000000000000000000 ) ) ;
#6065 = DIRECTION ( 'NONE',  ( 1.000000000000000000, -0.000000000000000000, -0.000000000000000000 ) ) ;
#6066 = SURFACE_STYLE_USAGE ( .BOTH. , #7090 ) ;
#6067 = CARTESIAN_POINT ( 'NONE',  ( 0.000000000000000000, 0.000000000000000000, 0.000000000000000000 ) ) ;
#6068 = AXIS2_PLACEMENT_3D ( 'NONE', #5169, #8971, #1080 ) ;
#6069 = EDGE_LOOP ( 'NONE', ( #4708, #6887, #7159, #5365 ) ) ;
#6070 = DIRECTION ( 'NONE',  ( 0.000000000000000000, -6.982962677686265922E-15, 1.000000000000000000 ) ) ;
#6071 = EDGE_CURVE ( 'NONE', #9444, #5588, #7715, .T. ) ;
#6072 = CARTESIAN_POINT ( 'NONE',  ( 0.000000000000000000, 3.882234041400991487, 4.069107377274206350 ) ) ;
#6073 = ORIENTED_EDGE ( 'NONE', *, *, #8273, .T. ) ;
#6074 = AXIS2_PLACEMENT_3D ( 'NONE', #7576, #1168, #7371 ) ;
#6075 = CARTESIAN_POINT ( 'NONE',  ( 1.499999999999999556, -0.04718953385305420939, 1.690788321043817044 ) ) ;
#6076 = VERTEX_POINT ( 'NONE', #3816 ) ;
#6077 = DIRECTION ( 'NONE',  ( 0.000000000000000000, 0.000000000000000000, 1.000000000000000000 ) ) ;
#6078 =( NAMED_UNIT ( * ) SI_UNIT ( $, .STERADIAN. ) SOLID_ANGLE_UNIT ( ) );
#6079 = MECHANICAL_DESIGN_GEOMETRIC_PRESENTATION_REPRESENTATION (  '', ( #4281 ), #10014 ) ;
#6080 = ORIENTED_EDGE ( 'NONE', *, *, #4082, .T. ) ;
#6081 = ADVANCED_FACE ( 'NONE', ( #5926 ), #8281, .F. ) ;
#6082 = CIRCLE ( 'NONE', #7721, 6.299999999999999822 ) ;
#6083 = VERTEX_POINT ( 'NONE', #9925 ) ;
#6084 = DIRECTION ( 'NONE',  ( 1.000000000000000000, -0.000000000000000000, 0.000000000000000000 ) ) ;
#6085 = EDGE_CURVE ( 'NONE', #5945, #9756, #5811, .T. ) ;
#6086 = EDGE_LOOP ( 'NONE', ( #8340, #8739 ) ) ;
#6087 = PRESENTATION_LAYER_ASSIGNMENT (  '', '', ( #8712 ) ) ;
#6088 = CARTESIAN_POINT ( 'NONE',  ( 0.000000000000000000, 4.851728223352880676, -4.018797487647403521 ) ) ;
#6089 = CARTESIAN_POINT ( 'NONE',  ( 1.499999999999999556, 0.000000000000000000, 0.000000000000000000 ) ) ;
#6090 = ORIENTED_EDGE ( 'NONE', *, *, #348, .T. ) ;
#6091 = LINE ( 'NONE', #2189, #1353 ) ;
#6092 = LINE ( 'NONE', #4706, #468 ) ;
#6093 = SHAPE_REPRESENTATION ( 'Motor', ( #6402 ), #1456 ) ;
#6094 = CARTESIAN_POINT ( 'NONE',  ( 0.000000000000000000, 1.611759767611858019, 5.388098593335855391 ) ) ;
#6095 = VERTEX_POINT ( 'NONE', #3607 ) ;
#6096 = VECTOR ( 'NONE', #1767, 1000.000000000000000 ) ;
#6097 = ORIENTED_EDGE ( 'NONE', *, *, #9434, .F. ) ;
#6098 = CARTESIAN_POINT ( 'NONE',  ( -0.06137469101172798175, 19.99999999999999645, -0.9981147966557830653 ) ) ;
#6099 = DIRECTION ( 'NONE',  ( 0.000000000000000000, 0.000000000000000000, 1.000000000000000000 ) ) ;
#6100 = AXIS2_PLACEMENT_3D ( 'NONE', #2557, #1029, #6457 ) ;
#6101 = AXIS2_PLACEMENT_3D ( 'NONE', #6344, #4758, #7876 ) ;
#6102 = SHAPE_DEFINITION_REPRESENTATION ( #6036, #4714 ) ;
#6103 = DIRECTION ( 'NONE',  ( -1.000000000000000000, -0.000000000000000000, -0.000000000000000000 ) ) ;
#6104 = ORIENTED_EDGE ( 'NONE', *, *, #5624, .F. ) ;
#6105 = CARTESIAN_POINT ( 'NONE',  ( 0.000000000000000000, 6.287320479970232689, -0.3995011666401899753 ) ) ;
#6106 = DIRECTION ( 'NONE',  ( -1.000000000000000000, 0.000000000000000000, -0.000000000000000000 ) ) ;
#6107 = DIRECTION ( 'NONE',  ( 0.000000000000000000, 0.4539904997395476927, -0.8910065241883674547 ) ) ;
#6108 = DIRECTION ( 'NONE',  ( 0.000000000000000000, 0.9510565162951544194, -0.3090169943749448422 ) ) ;
#6109 = CARTESIAN_POINT ( 'NONE',  ( 1.499999999999999556, 4.976089400993430445, 2.650911967359983024 ) ) ;
#6110 = DIRECTION ( 'NONE',  ( 0.000000000000000000, 0.000000000000000000, 1.000000000000000000 ) ) ;
#6111 = EDGE_CURVE ( 'NONE', #9339, #4077, #3512, .T. ) ;
#6112 = ORIENTED_EDGE ( 'NONE', *, *, #3381, .F. ) ;
#6113 = CYLINDRICAL_SURFACE ( 'NONE', #9496, 5.624000000000004107 ) ;
#6114 = DIRECTION ( 'NONE',  ( -1.000000000000000000, -0.000000000000000000, 0.000000000000000000 ) ) ;
#6115 = CARTESIAN_POINT ( 'NONE',  ( 1.499999999999999556, 0.5626935397822234730, 1.308110079575625972 ) ) ;
#6116 = CARTESIAN_POINT ( 'NONE',  ( 1.499999999999999556, 4.069107377274199244, 3.882234041400999480 ) ) ;
#6117 = ORIENTED_EDGE ( 'NONE', *, *, #5204, .F. ) ;
#6118 = PRODUCT_DEFINITION_SHAPE ( 'NONE', 'NONE',  #10146 ) ;
#6119 =( REPRESENTATION_RELATIONSHIP ('NONE','NONE', #65, #842 ) REPRESENTATION_RELATIONSHIP_WITH_TRANSFORMATION ( #840 )SHAPE_REPRESENTATION_RELATIONSHIP( ) );
#6120 = CIRCLE ( 'NONE', #1702, 1.000000000000000000 ) ;
#6121 = DIRECTION ( 'NONE',  ( 0.000000000000000000, 0.000000000000000000, 1.000000000000000000 ) ) ;
#6122 = CIRCLE ( 'NONE', #3496, 2.400000000000000355 ) ;
#6123 = CIRCLE ( 'NONE', #5471, 0.7200000000000004174 ) ;
#6124 = CARTESIAN_POINT ( 'NONE',  ( 0.7499999999999997780, 6.272408882937930308, 0.5889709714759624459 ) ) ;
#6125 = ORIENTED_EDGE ( 'NONE', *, *, #1347, .F. ) ;
#6127 = SURFACE_STYLE_FILL_AREA ( #9150 ) ;
#6126 = DIRECTION ( 'NONE',  ( 0.000000000000000000, 0.000000000000000000, 1.000000000000000000 ) ) ;
#6128 = VERTEX_POINT ( 'NONE', #5401 ) ;
#6129 = DIRECTION ( 'NONE',  ( 0.000000000000000000, 0.1564344650402244019, 0.9876883405951387696 ) ) ;
#6130 =( NAMED_UNIT ( * ) SI_UNIT ( $, .STERADIAN. ) SOLID_ANGLE_UNIT ( ) );
#6131 = VERTEX_POINT ( 'NONE', #7806 ) ;
#6132 = AXIS2_PLACEMENT_3D ( 'NONE', #8115, #4220, #7341 ) ;
#6133 = ADVANCED_FACE ( 'NONE', ( #2482 ), #7761, .T. ) ;
#6134 = DIRECTION ( 'NONE',  ( -1.000000000000000000, 0.000000000000000000, 0.000000000000000000 ) ) ;
#6135 = ORIENTED_EDGE ( 'NONE', *, *, #4226, .F. ) ;
#6136 = DIRECTION ( 'NONE',  ( -0.000000000000000000, -1.000000000000000000, -0.000000000000000000 ) ) ;
#6137 = EDGE_CURVE ( 'NONE', #5047, #3215, #9088, .T. ) ;
#6138 = EDGE_LOOP ( 'NONE', ( #5042, #2719, #9981, #8084 ) ) ;
#6139 = AXIS2_PLACEMENT_3D ( 'NONE', #2331, #1513, #5453 ) ;
#6140 = CARTESIAN_POINT ( 'NONE',  ( 0.7499999999999997780, -1.445548498552919892, -1.523282488027548842 ) ) ;
#6141 = DIRECTION ( 'NONE',  ( -1.000000000000000000, 0.000000000000000000, 0.000000000000000000 ) ) ;
#6142 = ORIENTED_EDGE ( 'NONE', *, *, #873, .T. ) ;
#6143 = DIRECTION ( 'NONE',  ( 0.000000000000000000, -0.9876883405951392136, 0.1564344650402206272 ) ) ;
#6144 = CARTESIAN_POINT ( 'NONE',  ( 1.499999999999999556, -5.551719098988203704, -0.9834709102465315489 ) ) ;
#6145 = LINE ( 'NONE', #4612, #8207 ) ;
#6146 = EDGE_CURVE ( 'NONE', #4291, #8987, #3247, .T. ) ;
#6147 = AXIS2_PLACEMENT_3D ( 'NONE', #6807, #2041, #3582 ) ;
#6148 = VERTEX_POINT ( 'NONE', #6991 ) ;
#6149 = ORIENTED_EDGE ( 'NONE', *, *, #8815, .T. ) ;
#6150 = CYLINDRICAL_SURFACE ( 'NONE', #7447, 6.299999999999999822 ) ;
#6151 = AXIS2_PLACEMENT_3D ( 'NONE', #5739, #1743, #4109 ) ;
#6152 = EDGE_CURVE ( 'NONE', #7566, #5117, #6299, .T. ) ;
#6153 = LINE ( 'NONE', #4664, #8067 ) ;
#6154 = CARTESIAN_POINT ( 'NONE',  ( 1.499999999999999556, -1.863103848212834146, 5.306431951017047233 ) ) ;
#6155 = ORIENTED_EDGE ( 'NONE', *, *, #3941, .F. ) ;
#6156 = CYLINDRICAL_SURFACE ( 'NONE', #9702, 1.000000000000000000 ) ;
#6157 = DIRECTION ( 'NONE',  ( -1.000000000000000000, 0.000000000000000000, -0.000000000000000000 ) ) ;
#6158 = DIRECTION ( 'NONE',  ( 0.000000000000000000, 1.000000000000000000, 3.491481338843132961E-15 ) ) ;
#6159 =( NAMED_UNIT ( * ) PLANE_ANGLE_UNIT ( ) SI_UNIT ( $, .RADIAN. ) );
#6160 = DIRECTION ( 'NONE',  ( 0.000000000000000000, 0.4539904997395413089, 0.8910065241883706744 ) ) ;
#6161 = FACE_OUTER_BOUND ( 'NONE', #6903, .T. ) ;
#6162 = VERTEX_POINT ( 'NONE', #10121 ) ;
#6163 = CARTESIAN_POINT ( 'NONE',  ( 1.499999999999999556, 4.626325118590926877, 3.197888662398161497 ) ) ;
#6164 = DIRECTION ( 'NONE',  ( 0.000000000000000000, 0.000000000000000000, 1.000000000000000000 ) ) ;
#6165 = DIRECTION ( 'NONE',  ( 1.000000000000000000, 0.000000000000000000, 0.000000000000000000 ) ) ;
#6166 = CIRCLE ( 'NONE', #752, 5.624000000000003219 ) ;
#6167 = EDGE_CURVE ( 'NONE', #1400, #4405, #3850, .T. ) ;
#6168 = EDGE_LOOP ( 'NONE', ( #7680, #8071, #5253, #573 ) ) ;
#6169 = AXIS2_PLACEMENT_3D ( 'NONE', #6657, #9025, #6052 ) ;
#6170 = CYLINDRICAL_SURFACE ( 'NONE', #9143, 1.423999999999999488 ) ;
#6171 = ORIENTED_EDGE ( 'NONE', *, *, #3214, .F. ) ;
#6173 = DIRECTION ( 'NONE',  ( 0.000000000000000000, 0.000000000000000000, 1.000000000000000000 ) ) ;
#6172 = DIRECTION ( 'NONE',  ( -1.000000000000000000, 0.000000000000000000, 0.000000000000000000 ) ) ;
#6174 = ORIENTED_EDGE ( 'NONE', *, *, #5858, .F. ) ;
#6175 = AXIS2_PLACEMENT_3D ( 'NONE', #5484, #8517, #8565 ) ;
#6176 = CARTESIAN_POINT ( 'NONE',  ( 0.000000000000000000, 0.7490320092780434758, 5.573896935634614636 ) ) ;
#6177 =( LENGTH_UNIT ( ) NAMED_UNIT ( * ) SI_UNIT ( .MILLI., .METRE. ) );
#6178 = ORIENTED_EDGE ( 'NONE', *, *, #4113, .T. ) ;
#6179 = FACE_OUTER_BOUND ( 'NONE', #3892, .T. ) ;
#6180 = ORIENTED_EDGE ( 'NONE', *, *, #1662, .F. ) ;
#6181 = DIRECTION ( 'NONE',  ( 0.000000000000000000, 0.000000000000000000, 1.000000000000000000 ) ) ;
#6182 = ORIENTED_EDGE ( 'NONE', *, *, #6261, .F. ) ;
#6183 = DIRECTION ( 'NONE',  ( -0.000000000000000000, 1.000000000000000000, -0.000000000000000000 ) ) ;
#6185 = EDGE_CURVE ( 'NONE', #7819, #8343, #7096, .T. ) ;
#6184 = CARTESIAN_POINT ( 'NONE',  ( 1.499999999999999556, 5.573896935634622629, -0.7490320092779839678 ) ) ;
#6186 = VERTEX_POINT ( 'NONE', #776 ) ;
#6187 = FACE_BOUND ( 'NONE', #5988, .T. ) ;
#6188 = CARTESIAN_POINT ( 'NONE',  ( 0.000000000000000000, -2.434800651343107081, 5.069627381595143589 ) ) ;
#6189 = CARTESIAN_POINT ( 'NONE',  ( -10.00000000000000000, 0.000000000000000000, 0.000000000000000000 ) ) ;
#6190 = ORIENTED_EDGE ( 'NONE', *, *, #3952, .T. ) ;
#6191 = AXIS2_PLACEMENT_3D ( 'NONE', #7567, #3510, #1213 ) ;
#6192 = EDGE_LOOP ( 'NONE', ( #2125, #4499, #7165, #127 ) ) ;
#6193 = CYLINDRICAL_SURFACE ( 'NONE', #7611, 6.299999999999999822 ) ;
#6194 = DIRECTION ( 'NONE',  ( -1.000000000000000000, -0.000000000000000000, -0.000000000000000000 ) ) ;
#6195 = CIRCLE ( 'NONE', #8834, 5.624000000000004107 ) ;
#6196 = EDGE_CURVE ( 'NONE', #7796, #2609, #2042, .T. ) ;
#6197 = DIRECTION ( 'NONE',  ( 0.000000000000000000, 0.000000000000000000, 1.000000000000000000 ) ) ;
#6198 = AXIS2_PLACEMENT_3D ( 'NONE', #4672, #50, #757 ) ;
#6199 = ORIENTED_EDGE ( 'NONE', *, *, #3065, .T. ) ;
#6200 = DIRECTION ( 'NONE',  ( 0.000000000000000000, 1.000000000000000000, 0.000000000000000000 ) ) ;
#6201 = DIRECTION ( 'NONE',  ( 0.000000000000000000, -1.000000000000000000, 0.000000000000000000 ) ) ;
#6202 = DIRECTION ( 'NONE',  ( -1.000000000000000000, -0.000000000000000000, 0.000000000000000000 ) ) ;
#6203 = FACE_BOUND ( 'NONE', #8753, .T. ) ;
#6204 = EDGE_CURVE ( 'NONE', #7422, #1119, #2276, .T. ) ;
#6205 = DIRECTION ( 'NONE',  ( 0.000000000000000000, 0.000000000000000000, 1.000000000000000000 ) ) ;
#6206 = ADVANCED_FACE ( 'NONE', ( #9353 ), #9460, .T. ) ;
#6207 = EDGE_CURVE ( 'NONE', #7150, #1879, #6953, .T. ) ;
#6208 = AXIS2_PLACEMENT_3D ( 'NONE', #1229, #3526, #4302 ) ;
#6209 = CARTESIAN_POINT ( 'NONE',  ( 17.54825565829598588, 19.99999999999999645, 19.14180375945003121 ) ) ;
#6210 = VECTOR ( 'NONE', #1142, 1000.000000000000000 ) ;
#6211 = ORIENTED_EDGE ( 'NONE', *, *, #6146, .T. ) ;
#6212 = CARTESIAN_POINT ( 'NONE',  ( 1.499999999999999556, 5.069504796178972761, 2.467573931392919917 ) ) ;
#6213 = DIRECTION ( 'NONE',  ( 0.000000000000000000, -0.9876883405951394357, 0.1564344650402205161 ) ) ;
#6214 = ADVANCED_FACE ( 'NONE', ( #14 ), #7913, .T. ) ;
#6215 = DIRECTION ( 'NONE',  ( 0.000000000000000000, -0.8660254037844432595, 0.4999999999999920064 ) ) ;
#6216 = DIRECTION ( 'NONE',  ( 0.000000000000000000, 0.4539904997395413089, 0.8910065241883705633 ) ) ;
#6217 = VERTEX_POINT ( 'NONE', #4026 ) ;
#6218 = AXIS2_PLACEMENT_3D ( 'NONE', #7293, #3239, #7143 ) ;
#6219 = EDGE_CURVE ( 'NONE', #3314, #6343, #9738, .T. ) ;
#6220 = DIRECTION ( 'NONE',  ( -1.000000000000000000, -0.000000000000000000, -0.000000000000000000 ) ) ;
#6221 = VERTEX_POINT ( 'NONE', #3970 ) ;
#6223 = FILL_AREA_STYLE ('',( #10029 ) ) ;
#6222 = CARTESIAN_POINT ( 'NONE',  ( 1.499999999999999556, -0.1028825440611115805, 5.637216970057038701 ) ) ;
#6224 = EDGE_LOOP ( 'NONE', ( #162, #6430, #7451, #9587 ) ) ;
#6225 = DIRECTION ( 'NONE',  ( -1.000000000000000000, 0.000000000000000000, 0.000000000000000000 ) ) ;
#6226 = ORIENTED_EDGE ( 'NONE', *, *, #682, .F. ) ;
#6227 = ADVANCED_FACE ( 'NONE', ( #7153 ), #3145, .T. ) ;
#6228 = CIRCLE ( 'NONE', #818, 6.300000000000000711 ) ;
#6229 = CARTESIAN_POINT ( 'NONE',  ( 0.000000000000000000, -0.04718953385303057552, -1.690788321043817710 ) ) ;
#6230 = ORIENTED_EDGE ( 'NONE', *, *, #8299, .T. ) ;
#6231 = DIRECTION ( 'NONE',  ( -1.000000000000000000, -0.000000000000000000, 0.000000000000000000 ) ) ;
#6232 = AXIS2_PLACEMENT_3D ( 'NONE', #1120, #3671, #6697 ) ;
#6233 = ORIENTED_EDGE ( 'NONE', *, *, #5254, .T. ) ;
#6234 = CARTESIAN_POINT ( 'NONE',  ( 0.000000000000000000, -3.396706725542299132, -4.500131487637581529 ) ) ;
#6235 = AXIS2_PLACEMENT_3D ( 'NONE', #8402, #7780, #2088 ) ;
#6236 = DIRECTION ( 'NONE',  ( 0.000000000000000000, -1.000000000000000000, 0.000000000000000000 ) ) ;
#6237 = ORIENTED_EDGE ( 'NONE', *, *, #5905, .T. ) ;
#6238 = DIRECTION ( 'NONE',  ( -0.000000000000000000, -1.000000000000000000, 0.000000000000000000 ) ) ;
#6239 = DIRECTION ( 'NONE',  ( 0.000000000000000000, 0.000000000000000000, 1.000000000000000000 ) ) ;
#6240 = VECTOR ( 'NONE', #959, 1000.000000000000000 ) ;
#6241 = ORIENTED_EDGE ( 'NONE', *, *, #5573, .F. ) ;
#6242 = AXIS2_PLACEMENT_3D ( 'NONE', #498, #3529, #1943 ) ;
#6243 = ORIENTED_EDGE ( 'NONE', *, *, #5233, .F. ) ;
#6244 = DIRECTION ( 'NONE',  ( -1.000000000000000000, -0.000000000000000000, -0.000000000000000000 ) ) ;
#6245 = ADVANCED_BREP_SHAPE_REPRESENTATION ( '', ( #3722, #6402 ), #5707 ) ;
#6246 = CYLINDRICAL_SURFACE ( 'NONE', #7973, 2.399999999999999467 ) ;
#6247 = EDGE_CURVE ( 'NONE', #5582, #9141, #8736, .T. ) ;
#6248 = AXIS2_PLACEMENT_3D ( 'NONE', #5611, #4743, #8737 ) ;
#6249 = AXIS2_PLACEMENT_3D ( 'NONE', #8370, #8862, #1881 ) ;
#6250 = CARTESIAN_POINT ( 'NONE',  ( 1.499999999999999556, 1.308110079575631746, -0.5626935397822095952 ) ) ;
#6251 = ORIENTED_EDGE ( 'NONE', *, *, #3191, .F. ) ;
#6252 = DIRECTION ( 'NONE',  ( 1.000000000000000000, 0.000000000000000000, -0.000000000000000000 ) ) ;
#6253 = DIRECTION ( 'NONE',  ( -1.000000000000000000, -0.000000000000000000, -0.000000000000000000 ) ) ;
#6254 = CARTESIAN_POINT ( 'NONE',  ( 0.000000000000000000, -0.1321394030189117774, 5.622447436674694821 ) ) ;
#6255 = DIRECTION ( 'NONE',  ( -1.000000000000000000, 0.000000000000000000, 0.000000000000000000 ) ) ;
#6256 = FACE_BOUND ( 'NONE', #8289, .T. ) ;
#6257 = ORIENTED_EDGE ( 'NONE', *, *, #3750, .F. ) ;
#6258 = STYLED_ITEM ( 'NONE', ( #4236 ), #3434 ) ;
#6259 = CIRCLE ( 'NONE', #8723, 1.000000000000000000 ) ;
#6260 = AXIS2_PLACEMENT_3D ( 'NONE', #4307, #8355, #3688 ) ;
#6261 = EDGE_CURVE ( 'NONE', #5108, #3314, #239, .T. ) ;
#6262 = CIRCLE ( 'NONE', #3787, 6.299999999999999822 ) ;
#6263 = PRESENTATION_STYLE_ASSIGNMENT (( #7139 ) ) ;
#6264 = VERTEX_POINT ( 'NONE', #6939 ) ;
#6265 = DIRECTION ( 'NONE',  ( -1.000000000000000000, 0.000000000000000000, 0.000000000000000000 ) ) ;
#6266 = CARTESIAN_POINT ( 'NONE',  ( 0.000000000000000000, -6.103049762276087087, -1.562940689591832522 ) ) ;
#6267 = EDGE_CURVE ( 'NONE', #2495, #516, #717, .T. ) ;
#6268 =( NAMED_UNIT ( * ) SI_UNIT ( $, .STERADIAN. ) SOLID_ANGLE_UNIT ( ) );
#6269 = CARTESIAN_POINT ( 'NONE',  ( 0.7499999999999997780, 1.445548498552951644, -1.523282488027518866 ) ) ;
#6270 = EDGE_CURVE ( 'NONE', #6148, #5321, #6470, .T. ) ;
#6271 = VERTEX_POINT ( 'NONE', #8850 ) ;
#6272 = ADVANCED_FACE ( 'NONE', ( #8897 ), #9755, .T. ) ;
#6273 = CARTESIAN_POINT ( 'NONE',  ( -10.00000000000000000, 0.000000000000000000, 0.000000000000000000 ) ) ;
#6274 = CARTESIAN_POINT ( 'NONE',  ( -24.99999999999999645, 19.99999999999999645, 25.00000000000000000 ) ) ;
#6275 = CARTESIAN_POINT ( 'NONE',  ( -10.00000000000000000, 0.000000000000000000, 0.000000000000000000 ) ) ;
#6276 = ORIENTED_EDGE ( 'NONE', *, *, #1038, .T. ) ;
#6277 = CARTESIAN_POINT ( 'NONE',  ( 0.000000000000000000, 0.000000000000000000, 0.000000000000000000 ) ) ;
#6278 = ORIENTED_EDGE ( 'NONE', *, *, #2030, .F. ) ;
#6279 = EDGE_LOOP ( 'NONE', ( #3250, #7217, #7960, #6724 ) ) ;
#6280 = FACE_OUTER_BOUND ( 'NONE', #5812, .T. ) ;
#6281 = EDGE_LOOP ( 'NONE', ( #9696, #1021, #2178, #8863 ) ) ;
#6282 = FACE_OUTER_BOUND ( 'NONE', #1903, .T. ) ;
#6283 = CIRCLE ( 'NONE', #3827, 2.399999999999999911 ) ;
#6284 = CONTEXT_DEPENDENT_SHAPE_REPRESENTATION ( #7362, #9307 ) ;
#6285 = ORIENTED_EDGE ( 'NONE', *, *, #1893, .F. ) ;
#6286 = DIRECTION ( 'NONE',  ( 0.000000000000000000, 0.000000000000000000, 1.000000000000000000 ) ) ;
#6287 = LINE ( 'NONE', #5523, #6240 ) ;
#6288 = ORIENTED_EDGE ( 'NONE', *, *, #4465, .F. ) ;
#6289 = DIRECTION ( 'NONE',  ( -1.000000000000000000, 0.000000000000000000, -0.000000000000000000 ) ) ;
#6290 = VECTOR ( 'NONE', #1759, 1000.000000000000000 ) ;
#6291 = CARTESIAN_POINT ( 'NONE',  ( 1.499999999999999556, -2.650911967359999899, 4.976089400993421563 ) ) ;
#6292 = DIRECTION ( 'NONE',  ( 0.000000000000000000, 0.000000000000000000, 1.000000000000000000 ) ) ;
#6293 = ORIENTED_EDGE ( 'NONE', *, *, #805, .T. ) ;
#6294 = EDGE_CURVE ( 'NONE', #1414, #9170, #2858, .T. ) ;
#6295 = ORIENTED_EDGE ( 'NONE', *, *, #5013, .T. ) ;
#6296 = CARTESIAN_POINT ( 'NONE',  ( 0.7499999999999997780, 1.378136260165366389, -6.147417380365303607 ) ) ;
#6297 = DIRECTION ( 'NONE',  ( 0.000000000000000000, -0.1564344650402170744, -0.9876883405951398798 ) ) ;
#6298 = CIRCLE ( 'NONE', #6463, 5.624000000000004107 ) ;
#6299 = CIRCLE ( 'NONE', #5653, 2.399999999999999467 ) ;
#6300 = CARTESIAN_POINT ( 'NONE',  ( 1.499999999999999556, 5.551719098988223244, -0.9834709102464139763 ) ) ;
#6301 = VERTEX_POINT ( 'NONE', #368 ) ;
#6302 = CARTESIAN_POINT ( 'NONE',  ( 0.7499999999999997780, -2.498425620827048999, -5.783413301606152856 ) ) ;
#6303 = VECTOR ( 'NONE', #7065, 1000.000000000000000 ) ;
#6304 = DIRECTION ( 'NONE',  ( -1.000000000000000000, -0.000000000000000000, -0.000000000000000000 ) ) ;
#6305 = CARTESIAN_POINT ( 'NONE',  ( 0.000000000000000000, 2.650911967360038091, -4.976089400993402023 ) ) ;
#6306 = CARTESIAN_POINT ( 'NONE',  ( 4.209999999999998188, 30.00000000000000000, -15.00000000000000000 ) ) ;
#6307 = DIRECTION ( 'NONE',  ( 0.000000000000000000, 0.000000000000000000, 1.000000000000000000 ) ) ;
#6308 = DIRECTION ( 'NONE',  ( -1.000000000000000000, 0.000000000000000000, -0.000000000000000000 ) ) ;
#6309 = ORIENTED_EDGE ( 'NONE', *, *, #7383, .F. ) ;
#6310 = VECTOR ( 'NONE', #4948, 1000.000000000000000 ) ;
#6311 = DIRECTION ( 'NONE',  ( 0.000000000000000000, -0.7071067811865537900, 0.7071067811865414665 ) ) ;
#6312 =( NAMED_UNIT ( * ) SI_UNIT ( $, .STERADIAN. ) SOLID_ANGLE_UNIT ( ) );
#6313 = APPLICATION_CONTEXT ( 'automotive_design' ) ;
#6314 = ORIENTED_EDGE ( 'NONE', *, *, #9547, .F. ) ;
#6315 = FACE_OUTER_BOUND ( 'NONE', #2506, .T. ) ;
#6316 = CARTESIAN_POINT ( 'NONE',  ( 0.000000000000000000, -5.622447436674694821, -0.1321394030189314006 ) ) ;
#6317 = LINE ( 'NONE', #4987, #5426 ) ;
#6318 = CARTESIAN_POINT ( 'NONE',  ( 1.500000000000000000, 0.000000000000000000, 0.000000000000000000 ) ) ;
#6319 = EDGE_CURVE ( 'NONE', #4655, #1731, #896, .T. ) ;
#6320 = EDGE_LOOP ( 'NONE', ( #6230, #4939 ) ) ;
#6321 = CIRCLE ( 'NONE', #5341, 0.7200000000000004174 ) ;
#6322 = ADVANCED_FACE ( 'NONE', ( #6476 ), #8795, .T. ) ;
#6323 = CARTESIAN_POINT ( 'NONE',  ( 0.000000000000000000, 0.000000000000000000, 0.000000000000000000 ) ) ;
#6324 = CARTESIAN_POINT ( 'NONE',  ( 1.499999999999999556, -4.018797487647422173, -4.851728223352867353 ) ) ;
#6326 = CARTESIAN_POINT ( 'NONE',  ( 50.00005079999999680, 0.000000000000000000, 1.000000000000000000 ) ) ;
#6325 = CARTESIAN_POINT ( 'NONE',  ( 0.7499999999999997780, 3.210341912621634819, 5.420673833027113808 ) ) ;
#6327 = CIRCLE ( 'NONE', #1909, 1.000000000000000000 ) ;
#6328 = EDGE_LOOP ( 'NONE', ( #7054, #8845, #8995, #5095 ) ) ;
#6329 = EDGE_CURVE ( 'NONE', #3629, #6847, #4022, .T. ) ;
#6330 = ORIENTED_EDGE ( 'NONE', *, *, #1413, .F. ) ;
#6331 = EDGE_LOOP ( 'NONE', ( #2278, #8878, #1546, #6414 ) ) ;
#6332 = UNCERTAINTY_MEASURE_WITH_UNIT (LENGTH_MEASURE( 1.000000000000000082E-05 ), #3643, 'distance_accuracy_value', 'NONE');
#6333 = CARTESIAN_POINT ( 'NONE',  ( 0.000000000000000000, 0.1028825440611484537, -5.637216970057037813 ) ) ;
#6334 = CONTEXT_DEPENDENT_SHAPE_REPRESENTATION ( #161, #8814 ) ;
#6335 = EDGE_CURVE ( 'NONE', #8591, #5747, #4347, .T. ) ;
#6336 = VERTEX_POINT ( 'NONE', #1867 ) ;
#6337 = DIRECTION ( 'NONE',  ( 0.000000000000000000, 0.000000000000000000, -1.000000000000000000 ) ) ;
#6338 = CIRCLE ( 'NONE', #6169, 0.7200000000000004174 ) ;
#6339 = AXIS2_PLACEMENT_3D ( 'NONE', #3691, #2818, #3641 ) ;
#6340 = ORIENTED_EDGE ( 'NONE', *, *, #5633, .F. ) ;
#6341 = DIRECTION ( 'NONE',  ( 0.000000000000000000, 0.000000000000000000, 1.000000000000000000 ) ) ;
#6342 = CARTESIAN_POINT ( 'NONE',  ( 1.499999999999999556, 0.000000000000000000, 0.000000000000000000 ) ) ;
#6343 = VERTEX_POINT ( 'NONE', #8073 ) ;
#6344 = CARTESIAN_POINT ( 'NONE',  ( 0.000000000000000000, 0.000000000000000000, 0.000000000000000000 ) ) ;
#6345 = CARTESIAN_POINT ( 'NONE',  ( 0.000000000000000000, -5.551719098988203704, -0.9834709102465315489 ) ) ;
#6346 = ORIENTED_EDGE ( 'NONE', *, *, #3043, .T. ) ;
#6347 = ORIENTED_EDGE ( 'NONE', *, *, #7831, .F. ) ;
#6348 = EDGE_CURVE ( 'NONE', #182, #4308, #8121, .T. ) ;
#6349 = DIRECTION ( 'NONE',  ( 1.000000000000000000, 0.000000000000000000, 0.000000000000000000 ) ) ;
#6350 = VERTEX_POINT ( 'NONE', #7347 ) ;
#6351 = VERTEX_POINT ( 'NONE', #1768 ) ;
#6352 = ADVANCED_FACE ( 'NONE', ( #1049 ), #4181, .T. ) ;
#6353 = CARTESIAN_POINT ( 'NONE',  ( 0.7499999999999997780, -6.147417380365326700, 1.378136260165262028 ) ) ;
#6354 = DIRECTION ( 'NONE',  ( 1.000000000000000000, 0.000000000000000000, 0.000000000000000000 ) ) ;
#6355 = CYLINDRICAL_SURFACE ( 'NONE', #3026, 1.423999999999999488 ) ;
#6356 = DIRECTION ( 'NONE',  ( -1.000000000000000000, 0.000000000000000000, -0.000000000000000000 ) ) ;
#6357 = CARTESIAN_POINT ( 'NONE',  ( 0.000000000000000000, 0.4902404781355471641, -2.041975581048272481 ) ) ;
#6358 = CARTESIAN_POINT ( 'NONE',  ( 25.00000000000000355, 19.99999999999999645, 25.00000000000000000 ) ) ;
#6359 = VERTEX_POINT ( 'NONE', #5092 ) ;
#6360 = STYLED_ITEM ( 'NONE', ( #1921 ), #7298 ) ;
#6361 = EDGE_CURVE ( 'NONE', #4661, #8029, #7106, .T. ) ;
#6362 = CARTESIAN_POINT ( 'NONE',  ( 0.000000000000000000, 0.000000000000000000, 0.000000000000000000 ) ) ;
#6363 = AXIS2_PLACEMENT_3D ( 'NONE', #5105, #2024, #4443 ) ;
#6364 = VERTEX_POINT ( 'NONE', #265 ) ;
#6365 = DIRECTION ( 'NONE',  ( 0.000000000000000000, 0.000000000000000000, 1.000000000000000000 ) ) ;
#6366 = DIRECTION ( 'NONE',  ( 1.000000000000000000, 0.000000000000000000, 0.000000000000000000 ) ) ;
#6367 = CIRCLE ( 'NONE', #3254, 0.7200000000000004174 ) ;
#6368 = FACE_OUTER_BOUND ( 'NONE', #6436, .T. ) ;
#6369 = DIRECTION ( 'NONE',  ( -1.000000000000000000, 0.000000000000000000, -0.000000000000000000 ) ) ;
#6370 = ORIENTED_EDGE ( 'NONE', *, *, #5958, .F. ) ;
#6371 = PRODUCT_DEFINITION_FORMATION_WITH_SPECIFIED_SOURCE ( 'ANY', '', #2666, .NOT_KNOWN. ) ;
#6372 = AXIS2_PLACEMENT_3D ( 'NONE', #4223, #8174, #367 ) ;
#6373 = EDGE_CURVE ( 'NONE', #8978, #1400, #3497, .T. ) ;
#6374 = CIRCLE ( 'NONE', #9158, 2.399999999999999467 ) ;
#6375 = ORIENTED_EDGE ( 'NONE', *, *, #9659, .T. ) ;
#6376 = CARTESIAN_POINT ( 'NONE',  ( 0.000000000000000000, -2.322837065193143591, 5.856144462747218782 ) ) ;
#6377 = DIRECTION ( 'NONE',  ( 1.000000000000000000, 0.000000000000000000, -0.000000000000000000 ) ) ;
#6379 = CYLINDRICAL_SURFACE ( 'NONE', #838, 6.299999999999999822 ) ;
#6378 = DIRECTION ( 'NONE',  ( 1.000000000000000000, 0.000000000000000000, -0.000000000000000000 ) ) ;
#6380 = ORIENTED_EDGE ( 'NONE', *, *, #4082, .F. ) ;
#6381 = SURFACE_SIDE_STYLE ('',( #6431 ) ) ;
#6382 = ORIENTED_EDGE ( 'NONE', *, *, #7924, .T. ) ;
#6383 = VERTEX_POINT ( 'NONE', #5045 ) ;
#6384 = ADVANCED_FACE ( 'NONE', ( #317 ), #3394, .F. ) ;
#6385 = CYLINDRICAL_SURFACE ( 'NONE', #73, 2.399999999999999911 ) ;
#6386 = ORIENTED_EDGE ( 'NONE', *, *, #1615, .T. ) ;
#6387 = AXIS2_PLACEMENT_3D ( 'NONE', #5433, #4478, #2969 ) ;
#6388 = CARTESIAN_POINT ( 'NONE',  ( 1.499999999999999556, 0.000000000000000000, 0.000000000000000000 ) ) ;
#6389 = VERTEX_POINT ( 'NONE', #4996 ) ;
#6390 = DIRECTION ( 'NONE',  ( -1.000000000000000000, 0.000000000000000000, 0.000000000000000000 ) ) ;
#6391 = DIRECTION ( 'NONE',  ( 0.000000000000000000, 0.000000000000000000, 1.000000000000000000 ) ) ;
#6392 = ORIENTED_EDGE ( 'NONE', *, *, #419, .F. ) ;
#6393 = EDGE_CURVE ( 'NONE', #1739, #5049, #6572, .T. ) ;
#6394 = CARTESIAN_POINT ( 'NONE',  ( 1.499999999999999556, 5.420673833027105815, 3.210341912621648586 ) ) ;
#6395 = VECTOR ( 'NONE', #7748, 1000.000000000000000 ) ;
#6396 = ORIENTED_EDGE ( 'NONE', *, *, #5449, .T. ) ;
#6397 = EDGE_CURVE ( 'NONE', #6271, #9819, #8224, .T. ) ;
#6398 = VERTEX_POINT ( 'NONE', #3296 ) ;
#6399 = DIRECTION ( 'NONE',  ( 0.000000000000000000, 0.000000000000000000, 1.000000000000000000 ) ) ;
#6400 = FACE_OUTER_BOUND ( 'NONE', #9250, .T. ) ;
#6401 = ADVANCED_FACE ( 'NONE', ( #6428 ), #9562, .T. ) ;
#6402 = AXIS2_PLACEMENT_3D ( 'NONE', #9478, #2450, #4707 ) ;
#6403 = ORIENTED_EDGE ( 'NONE', *, *, #460, .F. ) ;
#6404 = ORIENTED_EDGE ( 'NONE', *, *, #1622, .T. ) ;
#6405 = CARTESIAN_POINT ( 'NONE',  ( 4.209999999999998188, 30.00000000000000000, -16.00000000000000000 ) ) ;
#6406 = CARTESIAN_POINT ( 'NONE',  ( 0.000000000000000000, 4.018797487647457700, 4.851728223352836267 ) ) ;
#6407 = CARTESIAN_POINT ( 'NONE',  ( 1.499999999999999556, 0.000000000000000000, 0.000000000000000000 ) ) ;
#6408 = DIRECTION ( 'NONE',  ( -1.000000000000000000, 0.000000000000000000, 0.000000000000000000 ) ) ;
#6409 = CIRCLE ( 'NONE', #6894, 2.100000000000000089 ) ;
#6410 = CARTESIAN_POINT ( 'NONE',  ( 0.000000000000000000, -4.976089400993411793, -2.650911967360020327 ) ) ;
#6411 = ORIENTED_EDGE ( 'NONE', *, *, #7408, .F. ) ;
#6412 = DIRECTION ( 'NONE',  ( -1.000000000000000000, -0.000000000000000000, -0.000000000000000000 ) ) ;
#6413 = CIRCLE ( 'NONE', #5420, 6.299999999999999822 ) ;
#6414 = ORIENTED_EDGE ( 'NONE', *, *, #391, .T. ) ;
#6415 = DIRECTION ( 'NONE',  ( -1.000000000000000000, -0.000000000000000000, 0.000000000000000000 ) ) ;
#6416 = DIRECTION ( 'NONE',  ( 0.000000000000000000, -0.000000000000000000, 1.000000000000000000 ) ) ;
#6417 = DIRECTION ( 'NONE',  ( -1.000000000000000000, 0.000000000000000000, -0.000000000000000000 ) ) ;
#6418 = VECTOR ( 'NONE', #15, 1000.000000000000000 ) ;
#6419 = DIRECTION ( 'NONE',  ( -1.000000000000000000, 0.000000000000000000, 0.000000000000000000 ) ) ;
#6420 = STYLED_ITEM ( 'NONE', ( #1452 ), #9211 ) ;
#6421 = VERTEX_POINT ( 'NONE', #9094 ) ;
#6422 = EDGE_CURVE ( 'NONE', #4899, #5524, #5292, .T. ) ;
#6423 = AXIS2_PLACEMENT_3D ( 'NONE', #3690, #9902, #5280 ) ;
#6424 = CIRCLE ( 'NONE', #6916, 2.399999999999999911 ) ;
#6425 = ORIENTED_EDGE ( 'NONE', *, *, #2575, .T. ) ;
#6426 = CARTESIAN_POINT ( 'NONE',  ( 0.000000000000000000, 0.000000000000000000, 0.000000000000000000 ) ) ;
#6427 = DIRECTION ( 'NONE',  ( -1.000000000000000000, 0.000000000000000000, 0.000000000000000000 ) ) ;
#6429 = CYLINDRICAL_SURFACE ( 'NONE', #350, 0.7200000000000004174 ) ;
#6428 = FACE_OUTER_BOUND ( 'NONE', #5040, .T. ) ;
#6430 = ORIENTED_EDGE ( 'NONE', *, *, #473, .F. ) ;
#6431 = SURFACE_STYLE_FILL_AREA ( #891 ) ;
#6432 = ORIENTED_EDGE ( 'NONE', *, *, #5651, .T. ) ;
#6433 = ORIENTED_EDGE ( 'NONE', *, *, #9434, .T. ) ;
#6434 = UNCERTAINTY_MEASURE_WITH_UNIT (LENGTH_MEASURE( 1.000000000000000082E-05 ), #8491, 'distance_accuracy_value', 'NONE');
#6435 = DIRECTION ( 'NONE',  ( 0.000000000000000000, 1.000000000000000000, 0.000000000000000000 ) ) ;
#6436 = EDGE_LOOP ( 'NONE', ( #8190, #808, #884, #6806 ) ) ;
#6437 = DIRECTION ( 'NONE',  ( -1.000000000000000000, -0.000000000000000000, 0.000000000000000000 ) ) ;
#6438 = ORIENTED_EDGE ( 'NONE', *, *, #7648, .T. ) ;
#6439 = DIRECTION ( 'NONE',  ( 0.000000000000000000, 0.000000000000000000, 1.000000000000000000 ) ) ;
#6440 = CARTESIAN_POINT ( 'NONE',  ( -2.950000000000001066, 30.00000000000000000, -24.79000000000000625 ) ) ;
#6441 = EDGE_LOOP ( 'NONE', ( #3575, #4994, #6180, #1908 ) ) ;
#6442 = DIRECTION ( 'NONE',  ( -1.000000000000000000, 0.000000000000000000, 0.000000000000000000 ) ) ;
#6443 = PRODUCT_RELATED_PRODUCT_CATEGORY ( 'part', '', ( #2505 ) ) ;
#6444 = ADVANCED_FACE ( 'NONE', ( #8371 ), #6728, .T. ) ;
#6445 = ORIENTED_EDGE ( 'NONE', *, *, #9729, .T. ) ;
#6446 = ORIENTED_EDGE ( 'NONE', *, *, #4692, .T. ) ;
#6447 = FACE_BOUND ( 'NONE', #4599, .T. ) ;
#6448 =( REPRESENTATION_RELATIONSHIP ('NONE','NONE', #65, #9960 ) REPRESENTATION_RELATIONSHIP_WITH_TRANSFORMATION ( #3157 )SHAPE_REPRESENTATION_RELATIONSHIP( ) );
#6449 = AXIS2_PLACEMENT_3D ( 'NONE', #1786, #5630, #5733 ) ;
#6450 = CARTESIAN_POINT ( 'NONE',  ( 1.499999999999999556, 1.839842958668856721, -5.329519478602941618 ) ) ;
#6451 = EDGE_CURVE ( 'NONE', #2203, #3513, #7429, .T. ) ;
#6452 =( GEOMETRIC_REPRESENTATION_CONTEXT ( 3 ) GLOBAL_UNCERTAINTY_ASSIGNED_CONTEXT ( ( #7355 ) ) GLOBAL_UNIT_ASSIGNED_CONTEXT ( ( #5132, #511, #7597 ) ) REPRESENTATION_CONTEXT ( 'NONE', 'WORKASPACE' ) );
#6453 = ORIENTED_EDGE ( 'NONE', *, *, #7272, .F. ) ;
#6454 = CIRCLE ( 'NONE', #2026, 6.299999999999999822 ) ;
#6455 = EDGE_CURVE ( 'NONE', #8343, #7917, #7947, .T. ) ;
#6456 = EDGE_LOOP ( 'NONE', ( #9938, #9313, #802, #8962 ) ) ;
#6457 = DIRECTION ( 'NONE',  ( 0.000000000000000000, -0.8090169943749401238, -0.5877852522924831291 ) ) ;
#6458 = DIRECTION ( 'NONE',  ( 0.000000000000000000, 0.000000000000000000, 1.000000000000000000 ) ) ;
#6459 = DIRECTION ( 'NONE',  ( -1.000000000000000000, 0.000000000000000000, 0.000000000000000000 ) ) ;
#6460 = DIRECTION ( 'NONE',  ( -1.000000000000000000, 0.000000000000000000, -0.000000000000000000 ) ) ;
#6461 = ORIENTED_EDGE ( 'NONE', *, *, #6071, .T. ) ;
#6462 = EDGE_CURVE ( 'NONE', #8966, #964, #6122, .T. ) ;
#6463 = AXIS2_PLACEMENT_3D ( 'NONE', #5666, #8856, #9567 ) ;
#6464 = COLOUR_RGB ( '',1.000000000000000000, 0.8862745098039215286, 0.03137254901960784270 ) ;
#6465 = DIRECTION ( 'NONE',  ( -1.000000000000000000, 0.000000000000000000, 0.000000000000000000 ) ) ;
#6466 = ORIENTED_EDGE ( 'NONE', *, *, #6540, .F. ) ;
#6467 = DIRECTION ( 'NONE',  ( -1.000000000000000000, 0.000000000000000000, -0.000000000000000000 ) ) ;
#6468 = DIRECTION ( 'NONE',  ( 0.000000000000000000, 0.000000000000000000, 1.000000000000000000 ) ) ;
#6470 = CIRCLE ( 'NONE', #5978, 2.399999999999999023 ) ;
#6469 = DIRECTION ( 'NONE',  ( 0.000000000000000000, 0.000000000000000000, 1.000000000000000000 ) ) ;
#6471 = DIRECTION ( 'NONE',  ( 1.000000000000000000, 0.000000000000000000, 0.000000000000000000 ) ) ;
#6472 = ORIENTED_EDGE ( 'NONE', *, *, #9645, .T. ) ;
#6473 = ORIENTED_EDGE ( 'NONE', *, *, #5885, .F. ) ;
#6474 = LINE ( 'NONE', #8896, #1944 ) ;
#6475 = CARTESIAN_POINT ( 'NONE',  ( -7.500000000000000000, 7.500000000000000000, 1.000000000000000000 ) ) ;
#6477 = LINE ( 'NONE', #3348, #1018 ) ;
#6476 = FACE_OUTER_BOUND ( 'NONE', #1785, .T. ) ;
#6478 = EDGE_CURVE ( 'NONE', #3665, #574, #1728, .T. ) ;
#6479 = ORIENTED_EDGE ( 'NONE', *, *, #9471, .T. ) ;
#6480 = PRESENTATION_STYLE_ASSIGNMENT (( #1770 ) ) ;
#6481 = ORIENTED_EDGE ( 'NONE', *, *, #3445, .F. ) ;
#6483 = PLANE ( 'NONE',  #8106 ) ;
#6482 = VECTOR ( 'NONE', #3877, 1000.000000000000000 ) ;
#6484 = ORIENTED_EDGE ( 'NONE', *, *, #9847, .T. ) ;
#6485 = CYLINDRICAL_SURFACE ( 'NONE', #2908, 6.299999999999999822 ) ;
#6486 = ORIENTED_EDGE ( 'NONE', *, *, #5124, .T. ) ;
#6487 = CARTESIAN_POINT ( 'NONE',  ( 0.000000000000000000, -0.1667481397910195173, 1.414203329750086890 ) ) ;
#6488 = DIRECTION ( 'NONE',  ( -1.000000000000000000, -0.000000000000000000, -0.000000000000000000 ) ) ;
#6489 = ORIENTED_EDGE ( 'NONE', *, *, #8363, .T. ) ;
#6490 = CIRCLE ( 'NONE', #2882, 2.400000000000000355 ) ;
#6491 = DIRECTION ( 'NONE',  ( 0.000000000000000000, -0.5877852522924803536, 0.8090169943749423442 ) ) ;
#6492 = ORIENTED_EDGE ( 'NONE', *, *, #2476, .F. ) ;
#6493 = AXIS2_PLACEMENT_3D ( 'NONE', #2222, #8674, #4593 ) ;
#6494 = ORIENTED_EDGE ( 'NONE', *, *, #575, .T. ) ;
#6495 = FACE_OUTER_BOUND ( 'NONE', #9693, .T. ) ;
#6496 = ORIENTED_EDGE ( 'NONE', *, *, #4848, .F. ) ;
#6497 = DIRECTION ( 'NONE',  ( 0.000000000000000000, 0.000000000000000000, 1.000000000000000000 ) ) ;
#6498 = CIRCLE ( 'NONE', #1589, 2.399999999999999911 ) ;
#6499 = ADVANCED_FACE ( 'NONE', ( #414 ), #3547, .T. ) ;
#6500 = ORIENTED_EDGE ( 'NONE', *, *, #1888, .F. ) ;
#6501 = DIRECTION ( 'NONE',  ( 0.000000000000000000, 0.8090169943749446757, 0.5877852522924770229 ) ) ;
#6502 = DIRECTION ( 'NONE',  ( -1.000000000000000000, 0.000000000000000000, -0.000000000000000000 ) ) ;
#6503 = LINE ( 'NONE', #153, #6045 ) ;
#6504 = CARTESIAN_POINT ( 'NONE',  ( 1.499999999999999556, 0.000000000000000000, 0.000000000000000000 ) ) ;
#6505 = AXIS2_PLACEMENT_3D ( 'NONE', #7178, #151, #3275 ) ;
#6506 = ORIENTED_EDGE ( 'NONE', *, *, #4066, .F. ) ;
#6507 = PRODUCT_DEFINITION_SHAPE ( 'NONE', 'NONE',  #3430 ) ;
#6508 = DIRECTION ( 'NONE',  ( 0.000000000000000000, 0.000000000000000000, 1.000000000000000000 ) ) ;
#6509 = EDGE_CURVE ( 'NONE', #3490, #2232, #3519, .T. ) ;
#6510 = CIRCLE ( 'NONE', #612, 2.399999999999999467 ) ;
#6511 = CARTESIAN_POINT ( 'NONE',  ( 0.000000000000000000, 0.000000000000000000, 0.000000000000000000 ) ) ;
#6512 = EDGE_CURVE ( 'NONE', #7426, #3349, #2979, .T. ) ;
#6513 = ORIENTED_EDGE ( 'NONE', *, *, #2872, .T. ) ;
#6514 = CARTESIAN_POINT ( 'NONE',  ( 0.000000000000000000, 5.583907850472561663, -0.7802391318066814740 ) ) ;
#6515 = CARTESIAN_POINT ( 'NONE',  ( 1.499999999999999556, 0.000000000000000000, 0.000000000000000000 ) ) ;
#6516 = EDGE_CURVE ( 'NONE', #2203, #3201, #8423, .T. ) ;
#6517 = CYLINDRICAL_SURFACE ( 'NONE', #5897, 0.7200000000000004174 ) ;
#6518 = PRESENTATION_STYLE_ASSIGNMENT (( #4988 ) ) ;
#6519 = ADVANCED_FACE ( 'NONE', ( #572 ), #4378, .T. ) ;
#6520 = ORIENTED_EDGE ( 'NONE', *, *, #4526, .F. ) ;
#6521 = CIRCLE ( 'NONE', #4570, 0.7200000000000004174 ) ;
#6522 = CIRCLE ( 'NONE', #2104, 5.624000000000004107 ) ;
#6523 = EDGE_CURVE ( 'NONE', #6095, #9971, #5656, .T. ) ;
#6524 = ORIENTED_EDGE ( 'NONE', *, *, #2870, .F. ) ;
#6525 = DIRECTION ( 'NONE',  ( -1.000000000000000000, -0.000000000000000000, 0.000000000000000000 ) ) ;
#6526 = CARTESIAN_POINT ( 'NONE',  ( 1.499999999999999556, 5.329519478602983362, -1.839842958668731043 ) ) ;
#6527 = ORIENTED_EDGE ( 'NONE', *, *, #5669, .T. ) ;
#6528 = VECTOR ( 'NONE', #7390, 1000.000000000000000 ) ;
#6529 = EDGE_LOOP ( 'NONE', ( #7934, #3322, #4864, #2407 ) ) ;
#6530 = CIRCLE ( 'NONE', #1789, 2.399999999999999911 ) ;
#6531 = DIRECTION ( 'NONE',  ( -1.000000000000000000, 0.000000000000000000, 0.000000000000000000 ) ) ;
#6532 = EDGE_LOOP ( 'NONE', ( #2519, #1320, #3099, #3837 ) ) ;
#6533 = AXIS2_PLACEMENT_3D ( 'NONE', #1064, #7169, #280 ) ;
#6534 = EDGE_CURVE ( 'NONE', #1940, #1667, #9722, .T. ) ;
#6535 = CARTESIAN_POINT ( 'NONE',  ( 0.000000000000000000, -1.308110079575627971, 0.5626935397822188101 ) ) ;
#6536 = VERTEX_POINT ( 'NONE', #6116 ) ;
#6537 = CARTESIAN_POINT ( 'NONE',  ( -3.590000000000002967, 31.00000000000000000, -15.96000000000000263 ) ) ;
#6538 = DIRECTION ( 'NONE',  ( 0.000000000000000000, 0.000000000000000000, -1.000000000000000000 ) ) ;
#6539 = ORIENTED_EDGE ( 'NONE', *, *, #5753, .F. ) ;
#6540 = EDGE_CURVE ( 'NONE', #8153, #4458, #1200, .T. ) ;
#6541 = CARTESIAN_POINT ( 'NONE',  ( 0.000000000000000000, -0.8515097899678507609, -1.141361939784617752 ) ) ;
#6542 = ORIENTED_EDGE ( 'NONE', *, *, #4387, .T. ) ;
#6543 = AXIS2_PLACEMENT_3D ( 'NONE', #5237, #9128, #2101 ) ;
#6544 = VERTEX_POINT ( 'NONE', #8316 ) ;
#6545 = CYLINDRICAL_SURFACE ( 'NONE', #249, 6.299999999999999822 ) ;
#6546 = ORIENTED_EDGE ( 'NONE', *, *, #1328, .F. ) ;
#6547 = CARTESIAN_POINT ( 'NONE',  ( 1.499999999999999556, 5.393104387681749934, 1.644148730784227297 ) ) ;
#6548 = EDGE_CURVE ( 'NONE', #964, #5059, #5820, .T. ) ;
#6549 = VERTEX_POINT ( 'NONE', #7555 ) ;
#6550 = AXIS2_PLACEMENT_3D ( 'NONE', #4980, #1230, #3628 ) ;
#6551 = DIRECTION ( 'NONE',  ( -1.000000000000000000, -0.000000000000000000, 0.000000000000000000 ) ) ;
#6552 = DIRECTION ( 'NONE',  ( 1.000000000000000000, 0.000000000000000000, 0.000000000000000000 ) ) ;
#6553 = CARTESIAN_POINT ( 'NONE',  ( 0.7499999999999997780, 1.378136260165282012, 6.147417380365323147 ) ) ;
#6554 = CARTESIAN_POINT ( 'NONE',  ( 1.499999999999999556, -2.467573931392937681, 5.069504796178963879 ) ) ;
#6555 = ORIENTED_EDGE ( 'NONE', *, *, #2515, .F. ) ;
#6556 = EDGE_CURVE ( 'NONE', #3183, #7566, #2190, .T. ) ;
#6557 = CARTESIAN_POINT ( 'NONE',  ( 0.000000000000000000, 14.00000000000000000, 0.000000000000000000 ) ) ;
#6558 = DIRECTION ( 'NONE',  ( 0.9924522877586010594, 0.1226313847378351640, 1.268095759343318223E-17 ) ) ;
#6559 = CIRCLE ( 'NONE', #6745, 0.7200000000000005285 ) ;
#6560 = ORIENTED_EDGE ( 'NONE', *, *, #4647, .T. ) ;
#6561 = DIRECTION ( 'NONE',  ( 0.000000000000000000, -0.7071067811865537900, 0.7071067811865414665 ) ) ;
#6562 = CARTESIAN_POINT ( 'NONE',  ( 0.000000000000000000, -0.7802391318066960180, 5.583907850472558110 ) ) ;
#6563 = DIRECTION ( 'NONE',  ( 0.000000000000000000, -0.1564344650402170744, -0.9876883405951398798 ) ) ;
#6564 = DIRECTION ( 'NONE',  ( 0.000000000000000000, 0.000000000000000000, 1.000000000000000000 ) ) ;
#6565 = EDGE_CURVE ( 'NONE', #4536, #9642, #10020, .T. ) ;
#6566 = ORIENTED_EDGE ( 'NONE', *, *, #1506, .T. ) ;
#6567 = CIRCLE ( 'NONE', #8534, 5.624000000000004995 ) ;
#6568 = EDGE_CURVE ( 'NONE', #4419, #3551, #8437, .T. ) ;
#6569 = CIRCLE ( 'NONE', #4289, 2.400000000000000355 ) ;
#6570 = VERTEX_POINT ( 'NONE', #2370 ) ;
#6571 = CARTESIAN_POINT ( 'NONE',  ( 0.000000000000000000, -1.523282488027523751, -1.445548498552946537 ) ) ;
#6573 =( LENGTH_UNIT ( ) NAMED_UNIT ( * ) SI_UNIT ( .MILLI., .METRE. ) );
#6572 = LINE ( 'NONE', #1152, #5296 ) ;
#6574 = ADVANCED_FACE ( 'NONE', ( #4015 ), #7704, .F. ) ;
#6575 = ORIENTED_EDGE ( 'NONE', *, *, #553, .F. ) ;
#6576 =( NAMED_UNIT ( * ) SI_UNIT ( $, .STERADIAN. ) SOLID_ANGLE_UNIT ( ) );
#6577 = VECTOR ( 'NONE', #67, 1000.000000000000000 ) ;
#6578 = ORIENTED_EDGE ( 'NONE', *, *, #1158, .F. ) ;
#6579 = ADVANCED_FACE ( 'NONE', ( #1502 ), #4787, .T. ) ;
#6580 = CIRCLE ( 'NONE', #4628, 1.000000000000000888 ) ;
#6581 = FACE_OUTER_BOUND ( 'NONE', #6529, .T. ) ;
#6582 = CIRCLE ( 'NONE', #3470, 2.400000000000000355 ) ;
#6583 = AXIS2_PLACEMENT_3D ( 'NONE', #2700, #5840, #4406 ) ;
#6584 = FACE_OUTER_BOUND ( 'NONE', #9063, .T. ) ;
#6585 = ORIENTED_EDGE ( 'NONE', *, *, #4486, .F. ) ;
#6586 = DIRECTION ( 'NONE',  ( 0.000000000000000000, 1.000000000000000000, 3.491481338843132961E-15 ) ) ;
#6587 = ORIENTED_EDGE ( 'NONE', *, *, #1701, .T. ) ;
#6588 = CARTESIAN_POINT ( 'NONE',  ( -10.00000000000000000, 0.000000000000000000, 0.000000000000000000 ) ) ;
#6589 = ORIENTED_EDGE ( 'NONE', *, *, #331, .T. ) ;
#6590 = VERTEX_POINT ( 'NONE', #4734 ) ;
#6591 = CARTESIAN_POINT ( 'NONE',  ( 0.7499999999999997780, 2.041975581048277810, 0.4902404781355258478 ) ) ;
#6592 = ORIENTED_EDGE ( 'NONE', *, *, #9363, .T. ) ;
#6593 = DIRECTION ( 'NONE',  ( -1.000000000000000000, 0.000000000000000000, 0.000000000000000000 ) ) ;
#6594 = ORIENTED_EDGE ( 'NONE', *, *, #5770, .T. ) ;
#6595 = CARTESIAN_POINT ( 'NONE',  ( 0.7499999999999997780, 4.163316962856852932, -4.728296930903174378 ) ) ;
#6596 = DIRECTION ( 'NONE',  ( 0.000000000000000000, 0.000000000000000000, 1.000000000000000000 ) ) ;
#6597 = CARTESIAN_POINT ( 'NONE',  ( 0.000000000000000000, 0.000000000000000000, 0.000000000000000000 ) ) ;
#6598 = DIRECTION ( 'NONE',  ( -1.000000000000000000, 0.000000000000000000, -0.000000000000000000 ) ) ;
#6599 = CARTESIAN_POINT ( 'NONE',  ( 0.000000000000000000, 0.000000000000000000, 0.000000000000000000 ) ) ;
#6600 = EDGE_CURVE ( 'NONE', #5871, #7403, #3135, .T. ) ;
#6601 = EDGE_LOOP ( 'NONE', ( #9566, #1869, #4118, #5732 ) ) ;
#6602 = AXIS2_PLACEMENT_3D ( 'NONE', #9533, #7121, #1840 ) ;
#6603 = CARTESIAN_POINT ( 'NONE',  ( 2.404357727003020528, 3.919999999999999041, 1.000000000000000000 ) ) ;
#6604 = CARTESIAN_POINT ( 'NONE',  ( 0.000000000000000000, 31.00000000000000000, -97.00000000000000000 ) ) ;
#6605 = VECTOR ( 'NONE', #2168, 1000.000000000000000 ) ;
#6606 = AXIS2_PLACEMENT_3D ( 'NONE', #1165, #2844, #3566 ) ;
#6607 = DIRECTION ( 'NONE',  ( 0.000000000000000000, 0.000000000000000000, 1.000000000000000000 ) ) ;
#6608 = CARTESIAN_POINT ( 'NONE',  ( 1.499999999999999556, 0.000000000000000000, 0.000000000000000000 ) ) ;
#6609 = EDGE_LOOP ( 'NONE', ( #7522, #6715, #7735, #3938 ) ) ;
#6610 = PLANE ( 'NONE',  #2279 ) ;
#6611 = FACE_OUTER_BOUND ( 'NONE', #7299, .T. ) ;
#6612 = CARTESIAN_POINT ( 'NONE',  ( 1.499999999999999556, -5.388098593335861608, 1.611759767611837812 ) ) ;
#6613 = VECTOR ( 'NONE', #4122, 1000.000000000000000 ) ;
#6614 = ORIENTED_EDGE ( 'NONE', *, *, #5077, .T. ) ;
#6615 = PRODUCT_DEFINITION_CONTEXT ( 'detailed design', #18, 'design' ) ;
#6616 = AXIS2_PLACEMENT_3D ( 'NONE', #4132, #997, #8017 ) ;
#6617 = ORIENTED_EDGE ( 'NONE', *, *, #419, .T. ) ;
#6618 = EDGE_CURVE ( 'NONE', #5576, #1857, #8682, .T. ) ;
#6619 = CARTESIAN_POINT ( 'NONE',  ( 1.499999999999999556, 0.000000000000000000, 0.000000000000000000 ) ) ;
#6620 = DIRECTION ( 'NONE',  ( 0.000000000000000000, 0.000000000000000000, 1.000000000000000000 ) ) ;
#6621 = CARTESIAN_POINT ( 'NONE',  ( 1.499999999999999556, -0.5626935397822142582, -1.308110079575629747 ) ) ;
#6622 = VECTOR ( 'NONE', #747, 1000.000000000000000 ) ;
#6623 = ORIENTED_EDGE ( 'NONE', *, *, #805, .F. ) ;
#6624 = AXIS2_PLACEMENT_3D ( 'NONE', #5537, #3071, #3846 ) ;
#6625 = VECTOR ( 'NONE', #7993, 1000.000000000000000 ) ;
#6626 = ORIENTED_EDGE ( 'NONE', *, *, #9585, .F. ) ;
#6628 = UNCERTAINTY_MEASURE_WITH_UNIT (LENGTH_MEASURE( 1.000000000000000082E-05 ), #6573, 'distance_accuracy_value', 'NONE');
#6627 = AXIS2_PLACEMENT_3D ( 'NONE', #6318, #6369, #60 ) ;
#6629 = DIRECTION ( 'NONE',  ( 1.000000000000000000, -0.000000000000000000, -0.000000000000000000 ) ) ;
#6630 = VECTOR ( 'NONE', #2910, 1000.000000000000000 ) ;
#6631 = ADVANCED_FACE ( 'NONE', ( #7907, #6985 ), #3962, .F. ) ;
#6632 = CARTESIAN_POINT ( 'NONE',  ( 1.499999999999999556, 0.000000000000000000, 0.000000000000000000 ) ) ;
#6633 = ORIENTED_EDGE ( 'NONE', *, *, #6335, .F. ) ;
#6634 = ORIENTED_EDGE ( 'NONE', *, *, #7067, .F. ) ;
#6635 = EDGE_CURVE ( 'NONE', #5261, #5066, #9912, .T. ) ;
#6637 =( NAMED_UNIT ( * ) SI_UNIT ( $, .STERADIAN. ) SOLID_ANGLE_UNIT ( ) );
#6636 = DIRECTION ( 'NONE',  ( -1.000000000000000000, 0.000000000000000000, -0.000000000000000000 ) ) ;
#6638 = ORIENTED_EDGE ( 'NONE', *, *, #935, .T. ) ;
#6639 = CYLINDRICAL_SURFACE ( 'NONE', #6363, 5.624000000000004107 ) ;
#6640 = ORIENTED_EDGE ( 'NONE', *, *, #9659, .F. ) ;
#6641 = EDGE_CURVE ( 'NONE', #851, #477, #2375, .T. ) ;
#6642 = CARTESIAN_POINT ( 'NONE',  ( 0.000000000000000000, 1.644148730784208423, -5.393104387681756151 ) ) ;
#6643 = ORIENTED_EDGE ( 'NONE', *, *, #91, .T. ) ;
#6644 = CARTESIAN_POINT ( 'NONE',  ( 1.499999999999999556, 1.440670871519459606, -0.8862614956313958903 ) ) ;
#6645 = CIRCLE ( 'NONE', #2229, 5.624000000000004107 ) ;
#6646 = ORIENTED_EDGE ( 'NONE', *, *, #1678, .T. ) ;
#6647 = DIRECTION ( 'NONE',  ( 0.000000000000000000, 0.9876883405951369932, 0.1564344650402347547 ) ) ;
#6648 = CARTESIAN_POINT ( 'NONE',  ( 1.499999999999999556, 4.018797487647524314, -4.851728223352783864 ) ) ;
#6649 = ORIENTED_EDGE ( 'NONE', *, *, #176, .T. ) ;
#6650 = CARTESIAN_POINT ( 'NONE',  ( 0.000000000000000000, 1.440670871519459606, -0.1662614956313955283 ) ) ;
#6651 = CARTESIAN_POINT ( 'NONE',  ( 1.499999999999999556, -0.04718953385305420939, 1.690788321043817044 ) ) ;
#6652 = DIRECTION ( 'NONE',  ( -1.000000000000000000, -0.000000000000000000, 0.000000000000000000 ) ) ;
#6653 = EDGE_LOOP ( 'NONE', ( #8452, #7933, #9620, #1305 ) ) ;
#6654 = EDGE_CURVE ( 'NONE', #6536, #940, #4840, .T. ) ;
#6655 = AXIS2_PLACEMENT_3D ( 'NONE', #8840, #2664, #7142 ) ;
#6656 = DIRECTION ( 'NONE',  ( -1.000000000000000000, 0.000000000000000000, 0.000000000000000000 ) ) ;
#6657 = CARTESIAN_POINT ( 'NONE',  ( 0.000000000000000000, 1.440670871519459606, -0.8862614956313958903 ) ) ;
#6658 = EDGE_CURVE ( 'NONE', #5878, #7796, #9393, .T. ) ;
#6659 =( NAMED_UNIT ( * ) SI_UNIT ( $, .STERADIAN. ) SOLID_ANGLE_UNIT ( ) );
#6660 = DIRECTION ( 'NONE',  ( 0.000000000000000000, 0.000000000000000000, 1.000000000000000000 ) ) ;
#6661 = ORIENTED_EDGE ( 'NONE', *, *, #611, .T. ) ;
#6662 = FACE_OUTER_BOUND ( 'NONE', #3003, .T. ) ;
#6663 = DIRECTION ( 'NONE',  ( -1.000000000000000000, 0.000000000000000000, -0.000000000000000000 ) ) ;
#6664 = VECTOR ( 'NONE', #3845, 1000.000000000000000 ) ;
#6665 = CARTESIAN_POINT ( 'NONE',  ( 1.499999999999999556, 4.470985933908449006, 3.411694707735855925 ) ) ;
#6666 = DIRECTION ( 'NONE',  ( 0.000000000000000000, 0.000000000000000000, 1.000000000000000000 ) ) ;
#6667 = LINE ( 'NONE', #9798, #7758 ) ;
#6668 = EDGE_CURVE ( 'NONE', #9507, #914, #3684, .T. ) ;
#6669 = EDGE_LOOP ( 'NONE', ( #7227, #4473, #9205, #9160 ) ) ;
#6670 = EDGE_LOOP ( 'NONE', ( #4427, #2128, #1109, #8178 ) ) ;
#6671 = DIRECTION ( 'NONE',  ( -1.000000000000000000, 0.000000000000000000, 0.000000000000000000 ) ) ;
#6672 = DIRECTION ( 'NONE',  ( -1.000000000000000000, 0.000000000000000000, 0.000000000000000000 ) ) ;
#6673 = AXIS2_PLACEMENT_3D ( 'NONE', #9817, #2781, #2070 ) ;
#6674 = CARTESIAN_POINT ( 'NONE',  ( 1.499999999999999556, 1.644148730784134926, 5.393104387681780132 ) ) ;
#6675 = EDGE_LOOP ( 'NONE', ( #3090, #3453, #633, #1703 ) ) ;
#6676 = AXIS2_PLACEMENT_3D ( 'NONE', #532, #4288, #482 ) ;
#6677 = ORIENTED_EDGE ( 'NONE', *, *, #288, .F. ) ;
#6678 = PRODUCT_DEFINITION_SHAPE ( 'NONE', 'NONE',  #2552 ) ;
#6679 = EDGE_CURVE ( 'NONE', #6896, #2360, #1874, .T. ) ;
#6680 = CARTESIAN_POINT ( 'NONE',  ( 1.499999999999999556, 5.637216970057038701, 2.502882544061089565 ) ) ;
#6681 = VECTOR ( 'NONE', #995, 1000.000000000000000 ) ;
#6682 = VECTOR ( 'NONE', #10057, 1000.000000000000000 ) ;
#6683 = DIRECTION ( 'NONE',  ( 0.000000000000000000, 0.000000000000000000, 1.000000000000000000 ) ) ;
#6684 = ORIENTED_EDGE ( 'NONE', *, *, #5731, .T. ) ;
#6685 = ORIENTED_EDGE ( 'NONE', *, *, #1347, .T. ) ;
#6687 = CARTESIAN_POINT ( 'NONE',  ( 1.499999999999999556, -5.573896935634616412, 0.7490320092780251571 ) ) ;
#6686 = DIRECTION ( 'NONE',  ( -1.000000000000000000, -0.000000000000000000, 0.000000000000000000 ) ) ;
#6688 = ORIENTED_EDGE ( 'NONE', *, *, #5388, .T. ) ;
#6689 = CIRCLE ( 'NONE', #9652, 2.400000000000000355 ) ;
#6690 = DIRECTION ( 'NONE',  ( 1.000000000000000000, -0.000000000000000000, -0.000000000000000000 ) ) ;
#6691 =( NAMED_UNIT ( * ) PLANE_ANGLE_UNIT ( ) SI_UNIT ( $, .RADIAN. ) );
#6692 = EDGE_CURVE ( 'NONE', #3150, #7353, #3084, .T. ) ;
#6693 = ORIENTED_EDGE ( 'NONE', *, *, #5437, .T. ) ;
#6694 = VECTOR ( 'NONE', #4041, 1000.000000000000000 ) ;
#6695 = CARTESIAN_POINT ( 'NONE',  ( 0.000000000000000000, -4.163316962856757897, -4.728296930903257866 ) ) ;
#6696 = ORIENTED_EDGE ( 'NONE', *, *, #8277, .F. ) ;
#6697 = DIRECTION ( 'NONE',  ( 0.000000000000000000, 0.000000000000000000, 1.000000000000000000 ) ) ;
#6698 = EDGE_CURVE ( 'NONE', #95, #8727, #2200, .T. ) ;
#6699 = VERTEX_POINT ( 'NONE', #2321 ) ;
#6700 = DIRECTION ( 'NONE',  ( 0.000000000000000000, 0.8660254037844398178, -0.4999999999999978351 ) ) ;
#6701 = AXIS2_PLACEMENT_3D ( 'NONE', #6345, #2449, #6491 ) ;
#6702 = DIRECTION ( 'NONE',  ( -1.000000000000000000, 0.000000000000000000, 0.000000000000000000 ) ) ;
#6703 = EDGE_LOOP ( 'NONE', ( #1316, #8545, #5704, #7866 ) ) ;
#6704 = CARTESIAN_POINT ( 'NONE',  ( 1.499999999999999556, 1.445548498552930328, 1.523282488027538850 ) ) ;
#6705 = LINE ( 'NONE', #5943, #8844 ) ;
#6706 = CARTESIAN_POINT ( 'NONE',  ( 1.499999999999999556, 0.000000000000000000, 0.000000000000000000 ) ) ;
#6707 = ADVANCED_FACE ( 'NONE', ( #5445 ), #5498, .T. ) ;
#6708 = VERTEX_POINT ( 'NONE', #8625 ) ;
#6709 = LINE ( 'NONE', #349, #8767 ) ;
#6710 = ADVANCED_FACE ( 'NONE', ( #3810 ), #9293, .T. ) ;
#6711 = DIRECTION ( 'NONE',  ( 0.000000000000000000, 1.000000000000000000, -0.000000000000000000 ) ) ;
#6712 = CIRCLE ( 'NONE', #2295, 0.7200000000000005285 ) ;
#6713 = CARTESIAN_POINT ( 'NONE',  ( 22.27324896100823537, -45.17422442983549047, -13.88086037739166834 ) ) ;
#6714 = DIRECTION ( 'NONE',  ( -1.000000000000000000, -0.000000000000000000, -0.000000000000000000 ) ) ;
#6715 = ORIENTED_EDGE ( 'NONE', *, *, #9107, .T. ) ;
#6716 = LINE ( 'NONE', #2763, #6210 ) ;
#6717 = FACE_OUTER_BOUND ( 'NONE', #1002, .T. ) ;
#6718 = DIRECTION ( 'NONE',  ( -1.000000000000000000, 0.000000000000000000, 0.000000000000000000 ) ) ;
#6719 = DIRECTION ( 'NONE',  ( -0.000000000000000000, -1.000000000000000000, -0.000000000000000000 ) ) ;
#6720 = DIRECTION ( 'NONE',  ( -1.000000000000000000, 0.000000000000000000, -0.000000000000000000 ) ) ;
#6721 = AXIS2_PLACEMENT_3D ( 'NONE', #6706, #7478, #3578 ) ;
#6722 = CIRCLE ( 'NONE', #3452, 2.399999999999999911 ) ;
#6723 = AXIS2_PLACEMENT_3D ( 'NONE', #7378, #2807, #1129 ) ;
#6724 = ORIENTED_EDGE ( 'NONE', *, *, #6772, .T. ) ;
#6725 = CARTESIAN_POINT ( 'NONE',  ( 1.499999999999999556, 4.728296930903272965, -4.163316962856741910 ) ) ;
#6726 = DIRECTION ( 'NONE',  ( -1.000000000000000000, 0.000000000000000000, 0.000000000000000000 ) ) ;
#6727 = DIRECTION ( 'NONE',  ( 0.000000000000000000, 0.000000000000000000, 1.000000000000000000 ) ) ;
#6728 = CYLINDRICAL_SURFACE ( 'NONE', #83, 2.399999999999999467 ) ;
#6729 = ORIENTED_EDGE ( 'NONE', *, *, #9300, .T. ) ;
#6730 = AXIS2_PLACEMENT_3D ( 'NONE', #184, #4092, #4654 ) ;
#6731 = VECTOR ( 'NONE', #6084, 1000.000000000000000 ) ;
#6732 = EDGE_CURVE ( 'NONE', #8460, #4655, #10069, .T. ) ;
#6733 = ORIENTED_EDGE ( 'NONE', *, *, #3282, .T. ) ;
#6734 = ADVANCED_BREP_SHAPE_REPRESENTATION ( '', ( #6822, #6402 ), #1456 ) ;
#6735 = CARTESIAN_POINT ( 'NONE',  ( 1.499999999999999556, 2.467573931392907483, 5.069504796178980754 ) ) ;
#6736 = PLANE ( 'NONE',  #3076 ) ;
#6737 = ORIENTED_EDGE ( 'NONE', *, *, #2089, .F. ) ;
#6739 = DIRECTION ( 'NONE',  ( 0.000000000000000000, 0.000000000000000000, 1.000000000000000000 ) ) ;
#6738 = PLANE ( 'NONE',  #4834 ) ;
#6740 = EDGE_LOOP ( 'NONE', ( #9328, #3108, #7261, #8696 ) ) ;
#6741 = CARTESIAN_POINT ( 'NONE',  ( 0.7499999999999997780, 2.498425620827090743, 5.783413301606134205 ) ) ;
#6742 = VECTOR ( 'NONE', #919, 1000.000000000000000 ) ;
#6743 = VERTEX_POINT ( 'NONE', #4835 ) ;
#6744 = VECTOR ( 'NONE', #3056, 1000.000000000000000 ) ;
#6745 = AXIS2_PLACEMENT_3D ( 'NONE', #860, #3270, #1892 ) ;
#6746 = DIRECTION ( 'NONE',  ( -1.000000000000000000, -0.000000000000000000, -0.000000000000000000 ) ) ;
#6747 = ORIENTED_EDGE ( 'NONE', *, *, #8183, .F. ) ;
#6748 = CYLINDRICAL_SURFACE ( 'NONE', #8697, 0.7200000000000004174 ) ;
#6749 = VERTEX_POINT ( 'NONE', #934 ) ;
#6750 = PRODUCT_DEFINITION ( 'UNKNOWN', '', #5882, #4488 ) ;
#6751 = DIRECTION ( 'NONE',  ( 0.000000000000000000, 0.000000000000000000, 1.000000000000000000 ) ) ;
#6753 = EDGE_CURVE ( 'NONE', #1845, #8075, #5599, .T. ) ;
#6752 = DIRECTION ( 'NONE',  ( 0.000000000000000000, -1.000000000000000000, 0.000000000000000000 ) ) ;
#6754 = ORIENTED_EDGE ( 'NONE', *, *, #8651, .T. ) ;
#6755 = CYLINDRICAL_SURFACE ( 'NONE', #6023, 6.299999999999999822 ) ;
#6756 = CARTESIAN_POINT ( 'NONE',  ( 0.7499999999999997780, -2.322837065193065875, -5.856144462747248980 ) ) ;
#6757 = DIRECTION ( 'NONE',  ( -1.000000000000000000, 0.000000000000000000, 0.000000000000000000 ) ) ;
#6758 = ORIENTED_EDGE ( 'NONE', *, *, #8490, .T. ) ;
#6759 = CARTESIAN_POINT ( 'NONE',  ( 1.500000000000000000, 0.000000000000000000, 0.000000000000000000 ) ) ;
#6760 = ADVANCED_FACE ( 'NONE', ( #5751 ), #2523, .T. ) ;
#6761 = LINE ( 'NONE', #8352, #3222 ) ;
#6762 = ADVANCED_FACE ( 'NONE', ( #3440 ), #1147, .T. ) ;
#6763 = APPLICATION_PROTOCOL_DEFINITION ( 'draft international standard', 'automotive_design', 1998, #8021 ) ;
#6764 = CARTESIAN_POINT ( 'NONE',  ( 0.000000000000000000, -0.04718953385305420939, 1.690788321043817044 ) ) ;
#6765 = ORIENTED_EDGE ( 'NONE', *, *, #10, .F. ) ;
#6766 = CARTESIAN_POINT ( 'NONE',  ( 17.54825565829598588, 19.99999999999999645, 20.14180375945003121 ) ) ;
#6767 = CYLINDRICAL_SURFACE ( 'NONE', #1432, 5.624000000000004107 ) ;
#6768 = FACE_OUTER_BOUND ( 'NONE', #370, .T. ) ;
#6769 = CARTESIAN_POINT ( 'NONE',  ( 1.499999999999999556, 0.5626935397822234730, 1.308110079575625972 ) ) ;
#6770 = EDGE_CURVE ( 'NONE', #5350, #8393, #1708, .T. ) ;
#6771 = DIRECTION ( 'NONE',  ( 1.000000000000000000, 0.000000000000000000, 0.000000000000000000 ) ) ;
#6772 = EDGE_CURVE ( 'NONE', #6857, #9715, #4989, .T. ) ;
#6773 = VECTOR ( 'NONE', #7977, 1000.000000000000000 ) ;
#6774 = ORIENTED_EDGE ( 'NONE', *, *, #5645, .F. ) ;
#6775 = CYLINDRICAL_SURFACE ( 'NONE', #7676, 6.299999999999999822 ) ;
#6776 = DIRECTION ( 'NONE',  ( 0.000000000000000000, 0.9510565162951545304, -0.3090169943749445647 ) ) ;
#6777 = CYLINDRICAL_SURFACE ( 'NONE', #2644, 1.000000000000000222 ) ;
#6778 = DIRECTION ( 'NONE',  ( -1.000000000000000000, -0.000000000000000000, -0.000000000000000000 ) ) ;
#6779 = CIRCLE ( 'NONE', #5636, 1.000000000000000888 ) ;
#6780 = ORIENTED_EDGE ( 'NONE', *, *, #892, .T. ) ;
#6781 = ORIENTED_EDGE ( 'NONE', *, *, #2802, .T. ) ;
#6782 = VECTOR ( 'NONE', #9712, 1000.000000000000000 ) ;
#6783 = LINE ( 'NONE', #871, #7802 ) ;
#6784 = CIRCLE ( 'NONE', #8428, 6.299999999999999822 ) ;
#6785 = EDGE_CURVE ( 'NONE', #3215, #46, #4330, .T. ) ;
#6786 = CIRCLE ( 'NONE', #8109, 5.624000000000004107 ) ;
#6787 = VERTEX_POINT ( 'NONE', #2574 ) ;
#6789 = SURFACE_STYLE_FILL_AREA ( #6223 ) ;
#6788 = CARTESIAN_POINT ( 'NONE',  ( 1.499999999999999556, -0.8045268254124301466, 1.487860405372505301 ) ) ;
#6790 = ORIENTED_EDGE ( 'NONE', *, *, #4317, .F. ) ;
#6791 = DIRECTION ( 'NONE',  ( 0.000000000000000000, -0.1564344650402381964, 0.9876883405951365491 ) ) ;
#6792 = AXIS2_PLACEMENT_3D ( 'NONE', #5395, #3908, #7091 ) ;
#6793 = ORIENTED_EDGE ( 'NONE', *, *, #2120, .T. ) ;
#6794 = DIRECTION ( 'NONE',  ( 1.000000000000000000, -0.000000000000000000, 0.000000000000000000 ) ) ;
#6795 = ORIENTED_EDGE ( 'NONE', *, *, #7339, .T. ) ;
#6796 = DIRECTION ( 'NONE',  ( 0.000000000000000000, 0.000000000000000000, 1.000000000000000000 ) ) ;
#6797 = CIRCLE ( 'NONE', #5496, 2.400000000000000355 ) ;
#6798 = EDGE_LOOP ( 'NONE', ( #3414, #3852, #10075, #282 ) ) ;
#6799 = CARTESIAN_POINT ( 'NONE',  ( 1.499999999999999556, 6.103049762276118173, -1.562940689591709287 ) ) ;
#6800 = DIRECTION ( 'NONE',  ( -1.000000000000000000, -0.000000000000000000, 0.000000000000000000 ) ) ;
#6801 = ORIENTED_EDGE ( 'NONE', *, *, #1409, .F. ) ;
#6802 = CARTESIAN_POINT ( 'NONE',  ( 1.499999999999999556, -3.230239272402454009, 4.621077171872417289 ) ) ;
#6803 = DIRECTION ( 'NONE',  ( 0.000000000000000000, 0.000000000000000000, 1.000000000000000000 ) ) ;
#6804 = SHAPE_REPRESENTATION ( 'shaft of gear', ( #6402 ), #8496 ) ;
#6805 = DIRECTION ( 'NONE',  ( -1.000000000000000000, -0.000000000000000000, -0.000000000000000000 ) ) ;
#6806 = ORIENTED_EDGE ( 'NONE', *, *, #6568, .T. ) ;
#6807 = CARTESIAN_POINT ( 'NONE',  ( 1.499999999999999556, 0.000000000000000000, 0.000000000000000000 ) ) ;
#6808 = LINE ( 'NONE', #1180, #431 ) ;
#6809 = EDGE_CURVE ( 'NONE', #7276, #2944, #9568, .T. ) ;
#6810 = AXIS2_PLACEMENT_3D ( 'NONE', #1125, #4252, #8244 ) ;
#6811 = CARTESIAN_POINT ( 'NONE',  ( 1.499999999999999556, 5.583907850472561663, -0.7802391318066814740 ) ) ;
#6812 = CIRCLE ( 'NONE', #4535, 6.299999999999999822 ) ;
#6813 = ORIENTED_EDGE ( 'NONE', *, *, #945, .F. ) ;
#6814 = CYLINDRICAL_SURFACE ( 'NONE', #2165, 6.299999999999999822 ) ;
#6815 = CARTESIAN_POINT ( 'NONE',  ( 1.499999999999999556, 5.583907850472548340, 0.7802391318067537496 ) ) ;
#6816 = LINE ( 'NONE', #8214, #4839 ) ;
#6817 = DIRECTION ( 'NONE',  ( 0.000000000000000000, 0.5877852522924741363, -0.8090169943749465631 ) ) ;
#6818 = CYLINDRICAL_SURFACE ( 'NONE', #8098, 2.399999999999999911 ) ;
#6819 = CIRCLE ( 'NONE', #588, 6.299999999999999822 ) ;
#6820 = EDGE_CURVE ( 'NONE', #4046, #3760, #3488, .T. ) ;
#6821 = CIRCLE ( 'NONE', #3708, 1.000000000000000888 ) ;
#6822 = MANIFOLD_SOLID_BREP ( 'Boss-Extrude2', #7908 ) ;
#6823 = AXIS2_PLACEMENT_3D ( 'NONE', #10008, #6106, #5332 ) ;
#6824 = ADVANCED_FACE ( 'NONE', ( #3336 ), #8843, .F. ) ;
#6825 = ORIENTED_EDGE ( 'NONE', *, *, #7652, .F. ) ;
#6826 = DIRECTION ( 'NONE',  ( -1.000000000000000000, -0.000000000000000000, -0.000000000000000000 ) ) ;
#6827 = CARTESIAN_POINT ( 'NONE',  ( 0.000000000000000000, 4.470985933908449006, 3.411694707735855925 ) ) ;
#6828 = ADVANCED_FACE ( 'NONE', ( #8166 ), #4937, .T. ) ;
#6829 = CARTESIAN_POINT ( 'NONE',  ( 1.499999999999999556, -0.5626935397822142582, -1.308110079575629747 ) ) ;
#6830 = DIRECTION ( 'NONE',  ( 0.000000000000000000, 0.000000000000000000, 1.000000000000000000 ) ) ;
#6831 = ORIENTED_EDGE ( 'NONE', *, *, #362, .T. ) ;
#6832 = ORIENTED_EDGE ( 'NONE', *, *, #3137, .F. ) ;
#6833 = APPLICATION_CONTEXT ( 'automotive_design' ) ;
#6834 = DIRECTION ( 'NONE',  ( 1.000000000000000000, 0.000000000000000000, 0.000000000000000000 ) ) ;
#6835 = ADVANCED_FACE ( 'NONE', ( #310 ), #2667, .T. ) ;
#6836 = AXIS2_PLACEMENT_3D ( 'NONE', #9019, #9067, #2037 ) ;
#6837 = CARTESIAN_POINT ( 'NONE',  ( 15.99999999999999645, 31.00000000000000000, -97.00000000000000000 ) ) ;
#6838 = EDGE_LOOP ( 'NONE', ( #7803, #236, #2795, #2896 ) ) ;
#6840 = DIRECTION ( 'NONE',  ( -1.000000000000000000, -0.000000000000000000, -0.000000000000000000 ) ) ;
#6839 = CARTESIAN_POINT ( 'NONE',  ( 1.499999999999999556, -0.04718953385303057552, -1.690788321043817710 ) ) ;
#6841 = ORIENTED_EDGE ( 'NONE', *, *, #5263, .F. ) ;
#6842 = DIRECTION ( 'NONE',  ( -1.000000000000000000, 0.000000000000000000, 0.000000000000000000 ) ) ;
#6843 = VERTEX_POINT ( 'NONE', #7646 ) ;
#6844 = AXIS2_PLACEMENT_3D ( 'NONE', #9714, #5099, #5053 ) ;
#6845 = EDGE_CURVE ( 'NONE', #940, #2082, #8261, .T. ) ;
#6846 = DIRECTION ( 'NONE',  ( -0.000000000000000000, 0.000000000000000000, 1.000000000000000000 ) ) ;
#6847 = VERTEX_POINT ( 'NONE', #458 ) ;
#6848 = DIRECTION ( 'NONE',  ( -1.000000000000000000, 0.000000000000000000, 0.000000000000000000 ) ) ;
#6849 = AXIS2_PLACEMENT_3D ( 'NONE', #6897, #9982, #6129 ) ;
#6850 = PRODUCT_DEFINITION_SHAPE ( 'NONE', 'NONE',  #10149 ) ;
#6851 = PRESENTATION_LAYER_ASSIGNMENT (  '', '', ( #1942 ) ) ;
#6852 = VECTOR ( 'NONE', #2625, 1000.000000000000000 ) ;
#6853 = EDGE_CURVE ( 'NONE', #5490, #8943, #3013, .T. ) ;
#6854 = ORIENTED_EDGE ( 'NONE', *, *, #6879, .F. ) ;
#6855 = CYLINDRICAL_SURFACE ( 'NONE', #7635, 0.7200000000000001954 ) ;
#6856 = CARTESIAN_POINT ( 'NONE',  ( 1.499999999999999556, 0.5964270824953393779, 2.013522966163062478 ) ) ;
#6857 = VERTEX_POINT ( 'NONE', #9183 ) ;
#6858 = LINE ( 'NONE', #3782, #7083 ) ;
#6859 = DIRECTION ( 'NONE',  ( -1.000000000000000000, 0.000000000000000000, 0.000000000000000000 ) ) ;
#6860 = CARTESIAN_POINT ( 'NONE',  ( -10.00000000000000000, 0.000000000000000000, 0.000000000000000000 ) ) ;
#6861 = ORIENTED_EDGE ( 'NONE', *, *, #8033, .T. ) ;
#6862 = AXIS2_PLACEMENT_3D ( 'NONE', #756, #2255, #9283 ) ;
#6863 = STYLED_ITEM ( 'NONE', ( #1856 ), #8942 ) ;
#6864 = ADVANCED_FACE ( 'NONE', ( #9129 ), #4369, .T. ) ;
#6865 = VERTEX_POINT ( 'NONE', #9037 ) ;
#6866 = DIRECTION ( 'NONE',  ( 1.000000000000000000, 0.000000000000000000, 0.000000000000000000 ) ) ;
#6867 = AXIS2_PLACEMENT_3D ( 'NONE', #877, #56, #1653 ) ;
#6868 = CARTESIAN_POINT ( 'NONE',  ( 15.99999999999999645, -31.00000000000000000, 0.000000000000000000 ) ) ;
#6869 = AXIS2_PLACEMENT_3D ( 'NONE', #4658, #6909, #7824 ) ;
#6870 = APPLICATION_PROTOCOL_DEFINITION ( 'draft international standard', 'automotive_design', 1998, #4554 ) ;
#6871 = FACE_OUTER_BOUND ( 'NONE', #6441, .T. ) ;
#6872 = EDGE_LOOP ( 'NONE', ( #6125, #585 ) ) ;
#6873 = CARTESIAN_POINT ( 'NONE',  ( 1.499999999999999556, -0.1667481397910195173, 1.414203329750086890 ) ) ;
#6874 = DIRECTION ( 'NONE',  ( 0.000000000000000000, -1.000000000000000000, 0.000000000000000000 ) ) ;
#6875 = CARTESIAN_POINT ( 'NONE',  ( 0.7499999999999997780, -5.420673833027125355, 3.210341912621613059 ) ) ;
#6876 = CYLINDRICAL_SURFACE ( 'NONE', #3134, 6.299999999999999822 ) ;
#6877 = DIRECTION ( 'NONE',  ( -1.000000000000000000, -0.000000000000000000, -0.000000000000000000 ) ) ;
#6878 = DIRECTION ( 'NONE',  ( -1.000000000000000000, -0.000000000000000000, 0.000000000000000000 ) ) ;
#6879 = EDGE_CURVE ( 'NONE', #5017, #92, #8754, .T. ) ;
#6880 = ORIENTED_EDGE ( 'NONE', *, *, #142, .F. ) ;
#6881 = DIRECTION ( 'NONE',  ( 0.000000000000000000, -0.8660254037844433705, 0.4999999999999918954 ) ) ;
#6882 = CARTESIAN_POINT ( 'NONE',  ( 0.000000000000000000, 0.000000000000000000, 0.000000000000000000 ) ) ;
#6884 = EDGE_CURVE ( 'NONE', #5807, #3097, #3748, .T. ) ;
#6883 = DIRECTION ( 'NONE',  ( 1.000000000000000000, 0.000000000000000000, 0.000000000000000000 ) ) ;
#6885 = DIRECTION ( 'NONE',  ( 0.000000000000000000, 0.000000000000000000, -1.000000000000000000 ) ) ;
#6886 = CIRCLE ( 'NONE', #1649, 5.624000000000004107 ) ;
#6887 = ORIENTED_EDGE ( 'NONE', *, *, #2689, .T. ) ;
#6888 = CARTESIAN_POINT ( 'NONE',  ( 1.499999999999999556, -0.1321394030188414448, -5.622447436674697485 ) ) ;
#6889 = ADVANCED_FACE ( 'NONE', ( #1345 ), #6818, .T. ) ;
#6890 = AXIS2_PLACEMENT_3D ( 'NONE', #8704, #4808, #7932 ) ;
#6891 = ADVANCED_FACE ( 'NONE', ( #1293, #7494, #610 ), #2103, .T. ) ;
#6892 = CARTESIAN_POINT ( 'NONE',  ( 0.000000000000000000, 6.287320479970233578, 0.3995011666401847572 ) ) ;
#6893 = ORIENTED_EDGE ( 'NONE', *, *, #9603, .F. ) ;
#6894 = AXIS2_PLACEMENT_3D ( 'NONE', #8642, #1617, #4751 ) ;
#6895 = CARTESIAN_POINT ( 'NONE',  ( 1.404357727003020306, 3.919999999999999041, 1.000000000000000000 ) ) ;
#6896 = VERTEX_POINT ( 'NONE', #563 ) ;
#6897 = CARTESIAN_POINT ( 'NONE',  ( 0.000000000000000000, 0.000000000000000000, 0.000000000000000000 ) ) ;
#6898 = ORIENTED_EDGE ( 'NONE', *, *, #3214, .T. ) ;
#6899 =( NAMED_UNIT ( * ) SI_UNIT ( $, .STERADIAN. ) SOLID_ANGLE_UNIT ( ) );
#6900 = AXIS2_PLACEMENT_3D ( 'NONE', #2238, #6955, #1276 ) ;
#6901 = ORIENTED_EDGE ( 'NONE', *, *, #6934, .F. ) ;
#6902 = DIRECTION ( 'NONE',  ( -1.000000000000000000, 0.000000000000000000, -0.000000000000000000 ) ) ;
#6903 = EDGE_LOOP ( 'NONE', ( #8266, #9361, #328, #8563 ) ) ;
#6904 = VECTOR ( 'NONE', #9513, 1000.000000000000000 ) ;
#6905 = DIRECTION ( 'NONE',  ( -1.000000000000000000, -0.000000000000000000, 0.000000000000000000 ) ) ;
#6906 = CARTESIAN_POINT ( 'NONE',  ( 1.499999999999999556, 0.1028825440611484537, -5.637216970057037813 ) ) ;
#6907 = ORIENTED_EDGE ( 'NONE', *, *, #8800, .T. ) ;
#6908 = CARTESIAN_POINT ( 'NONE',  ( -12.00000000000000355, 40.00000000000000000, 12.00000000000000178 ) ) ;
#6909 = DIRECTION ( 'NONE',  ( -1.000000000000000000, -0.000000000000000000, 0.000000000000000000 ) ) ;
#6910 = CYLINDRICAL_SURFACE ( 'NONE', #3612, 2.399999999999999467 ) ;
#6911 = ORIENTED_EDGE ( 'NONE', *, *, #7614, .T. ) ;
#6912 = VERTEX_POINT ( 'NONE', #7546 ) ;
#6913 = FACE_OUTER_BOUND ( 'NONE', #3149, .T. ) ;
#6914 = DIRECTION ( 'NONE',  ( -1.000000000000000000, 0.000000000000000000, 0.000000000000000000 ) ) ;
#6915 = AXIS2_PLACEMENT_3D ( 'NONE', #5082, #754, #8516 ) ;
#6916 = AXIS2_PLACEMENT_3D ( 'NONE', #3933, #3833, #6143 ) ;
#6917 = DIRECTION ( 'NONE',  ( -1.000000000000000000, -0.000000000000000000, -0.000000000000000000 ) ) ;
#6918 = ORIENTED_EDGE ( 'NONE', *, *, #8424, .F. ) ;
#6919 = ADVANCED_FACE ( 'NONE', ( #6004 ), #4313, .T. ) ;
#6920 = LINE ( 'NONE', #5429, #5769 ) ;
#6921 = CARTESIAN_POINT ( 'NONE',  ( 0.000000000000000000, 0.000000000000000000, 0.000000000000000000 ) ) ;
#6922 = DIRECTION ( 'NONE',  ( 0.000000000000000000, 0.000000000000000000, -1.000000000000000000 ) ) ;
#6923 = DIRECTION ( 'NONE',  ( -1.000000000000000000, -0.000000000000000000, -0.000000000000000000 ) ) ;
#6924 = DIRECTION ( 'NONE',  ( 0.000000000000000000, 0.000000000000000000, 1.000000000000000000 ) ) ;
#6925 = LINE ( 'NONE', #5587, #2742 ) ;
#6926 = ORIENTED_EDGE ( 'NONE', *, *, #8661, .F. ) ;
#6927 = DIRECTION ( 'NONE',  ( -1.000000000000000000, 0.000000000000000000, 0.000000000000000000 ) ) ;
#6928 = CARTESIAN_POINT ( 'NONE',  ( 17.54825565829598588, 23.99999999999999645, 19.14180375945003121 ) ) ;
#6929 = LINE ( 'NONE', #4588, #8544 ) ;
#6930 = DIRECTION ( 'NONE',  ( -1.000000000000000000, 0.000000000000000000, 0.000000000000000000 ) ) ;
#6931 = ORIENTED_EDGE ( 'NONE', *, *, #9279, .F. ) ;
#6932 = CIRCLE ( 'NONE', #7756, 6.300000000000000711 ) ;
#6933 = CARTESIAN_POINT ( 'NONE',  ( 0.000000000000000000, -5.532554621990625421, 1.010057104667956951 ) ) ;
#6934 = EDGE_CURVE ( 'NONE', #721, #9209, #1190, .T. ) ;
#6935 = EDGE_CURVE ( 'NONE', #4604, #7254, #6667, .T. ) ;
#6936 = VECTOR ( 'NONE', #8416, 1000.000000000000000 ) ;
#6937 = DIRECTION ( 'NONE',  ( 0.000000000000000000, 0.000000000000000000, 1.000000000000000000 ) ) ;
#6938 = ORIENTED_EDGE ( 'NONE', *, *, #6478, .F. ) ;
#6940 =( LENGTH_UNIT ( ) NAMED_UNIT ( * ) SI_UNIT ( .MILLI., .METRE. ) );
#6939 = CARTESIAN_POINT ( 'NONE',  ( 0.000000000000000000, -3.882234041400962621, -4.069107377274232995 ) ) ;
#6941 = ORIENTED_EDGE ( 'NONE', *, *, #2300, .T. ) ;
#6942 = DIRECTION ( 'NONE',  ( 0.000000000000000000, 0.8910065241883690090, -0.4539904997395446951 ) ) ;
#6943 = AXIS2_PLACEMENT_3D ( 'NONE', #7453, #2727, #8998 ) ;
#6944 = EDGE_LOOP ( 'NONE', ( #1274, #9462, #7621, #1422 ) ) ;
#6945 = MECHANICAL_DESIGN_GEOMETRIC_PRESENTATION_REPRESENTATION (  '', ( #3342 ), #2032 ) ;
#6946 = EDGE_CURVE ( 'NONE', #4536, #4128, #4497, .T. ) ;
#6947 = DIRECTION ( 'NONE',  ( -1.000000000000000000, -0.000000000000000000, 0.000000000000000000 ) ) ;
#6948 = ORIENTED_EDGE ( 'NONE', *, *, #5835, .T. ) ;
#6949 = LINE ( 'NONE', #2945, #6731 ) ;
#6950 = ADVANCED_FACE ( 'NONE', ( #6161 ), #7078, .F. ) ;
#6951 = EDGE_CURVE ( 'NONE', #914, #8941, #3849, .T. ) ;
#6952 = EDGE_LOOP ( 'NONE', ( #8482, #10085, #5144, #7658 ) ) ;
#6953 = CIRCLE ( 'NONE', #1886, 5.624000000000004107 ) ;
#6954 = DIRECTION ( 'NONE',  ( 0.000000000000000000, 0.000000000000000000, 1.000000000000000000 ) ) ;
#6955 = DIRECTION ( 'NONE',  ( -1.000000000000000000, -0.000000000000000000, 0.000000000000000000 ) ) ;
#6956 = ORIENTED_EDGE ( 'NONE', *, *, #9014, .T. ) ;
#6957 = DIRECTION ( 'NONE',  ( -1.000000000000000000, -0.000000000000000000, 0.000000000000000000 ) ) ;
#6958 = ADVANCED_FACE ( 'NONE', ( #8617 ), #4776, .F. ) ;
#6959 = CYLINDRICAL_SURFACE ( 'NONE', #7520, 2.399999999999999467 ) ;
#6960 = DIRECTION ( 'NONE',  ( 0.000000000000000000, 0.000000000000000000, 1.000000000000000000 ) ) ;
#6961 = MANIFOLD_SOLID_BREP ( 'Cut-Extrude1', #1359 ) ;
#6962 = ORIENTED_EDGE ( 'NONE', *, *, #1097, .F. ) ;
#6963 = ORIENTED_EDGE ( 'NONE', *, *, #6204, .F. ) ;
#6964 = CARTESIAN_POINT ( 'NONE',  ( 0.000000000000000000, 0.000000000000000000, 0.000000000000000000 ) ) ;
#6965 = DIRECTION ( 'NONE',  ( 0.000000000000000000, -0.8090169943749402348, -0.5877852522924831291 ) ) ;
#6966 = AXIS2_PLACEMENT_3D ( 'NONE', #4472, #6714, #1999 ) ;
#6967 = EDGE_CURVE ( 'NONE', #8656, #8955, #8263, .T. ) ;
#6968 = FACE_OUTER_BOUND ( 'NONE', #7372, .T. ) ;
#6969 = VERTEX_POINT ( 'NONE', #10108 ) ;
#6970 = CARTESIAN_POINT ( 'NONE',  ( 0.000000000000000000, 4.728296930903273854, -4.163316962856741910 ) ) ;
#6971 = DIRECTION ( 'NONE',  ( 1.000000000000000000, 0.000000000000000000, 0.000000000000000000 ) ) ;
#6972 = LINE ( 'NONE', #8566, #904 ) ;
#6973 = DIRECTION ( 'NONE',  ( 0.000000000000000000, 0.000000000000000000, 1.000000000000000000 ) ) ;
#6974 = DIRECTION ( 'NONE',  ( 0.000000000000000000, -0.5000000000000072164, 0.8660254037844344888 ) ) ;
#6975 = CARTESIAN_POINT ( 'NONE',  ( 1.499999999999999556, -1.690788321043816822, -0.04718953385306016990 ) ) ;
#6976 =( REPRESENTATION_RELATIONSHIP ('NONE','NONE', #65, #514 ) REPRESENTATION_RELATIONSHIP_WITH_TRANSFORMATION ( #8745 )SHAPE_REPRESENTATION_RELATIONSHIP( ) );
#6977 = CIRCLE ( 'NONE', #582, 6.299999999999999822 ) ;
#6978 = ADVANCED_FACE ( 'NONE', ( #4722 ), #759, .T. ) ;
#6979 = EDGE_LOOP ( 'NONE', ( #8535, #2230, #1281, #8443 ) ) ;
#6980 = DIRECTION ( 'NONE',  ( -1.000000000000000000, -0.000000000000000000, -0.000000000000000000 ) ) ;
#6981 = DIRECTION ( 'NONE',  ( -0.000000000000000000, -1.000000000000000000, -0.000000000000000000 ) ) ;
#6982 = AXIS2_PLACEMENT_3D ( 'NONE', #4832, #7953, #164 ) ;
#6983 = ADVANCED_FACE ( 'NONE', ( #978 ), #2359, .T. ) ;
#6984 = SURFACE_STYLE_FILL_AREA ( #3133 ) ;
#6985 = FACE_OUTER_BOUND ( 'NONE', #9215, .T. ) ;
#6986 = AXIS2_PLACEMENT_3D ( 'NONE', #6021, #8377, #7709 ) ;
#6987 = ORIENTED_EDGE ( 'NONE', *, *, #611, .F. ) ;
#6988 = CIRCLE ( 'NONE', #8301, 2.100000000000000089 ) ;
#6989 = CARTESIAN_POINT ( 'NONE',  ( 1.499999999999999556, 3.210341912621634819, 5.420673833027113808 ) ) ;
#6990 = ORIENTED_EDGE ( 'NONE', *, *, #5446, .T. ) ;
#6992 = CARTESIAN_POINT ( 'NONE',  ( 0.000000000000000000, -6.272408882937934749, 0.5889709714759242543 ) ) ;
#6991 = CARTESIAN_POINT ( 'NONE',  ( 0.000000000000000000, -5.388098593335839404, -1.611759767611907312 ) ) ;
#6993 = ORIENTED_EDGE ( 'NONE', *, *, #5893, .T. ) ;
#6994 = AXIS2_PLACEMENT_3D ( 'NONE', #4872, #4334, #6458 ) ;
#6995 = DIRECTION ( 'NONE',  ( 0.000000000000000000, 0.000000000000000000, 1.000000000000000000 ) ) ;
#6996 = ADVANCED_FACE ( 'NONE', ( #815 ), #3177, .T. ) ;
#6997 = EDGE_LOOP ( 'NONE', ( #7314, #5619, #2064, #1117 ) ) ;
#6998 = DIRECTION ( 'NONE',  ( -1.000000000000000000, 0.000000000000000000, 0.000000000000000000 ) ) ;
#6999 = CARTESIAN_POINT ( 'NONE',  ( 1.499999999999999556, 0.000000000000000000, 0.000000000000000000 ) ) ;
#7000 = VERTEX_POINT ( 'NONE', #9334 ) ;
#7001 = CARTESIAN_POINT ( 'NONE',  ( -3.590000000000002967, 31.00000000000000000, -16.96000000000000441 ) ) ;
#7002 = DIRECTION ( 'NONE',  ( -1.000000000000000000, -0.000000000000000000, -0.000000000000000000 ) ) ;
#7003 = ORIENTED_EDGE ( 'NONE', *, *, #8138, .F. ) ;
#7004 = FACE_OUTER_BOUND ( 'NONE', #5408, .T. ) ;
#7005 = PRESENTATION_LAYER_ASSIGNMENT (  '', '', ( #6360 ) ) ;
#7006 = DIRECTION ( 'NONE',  ( -1.000000000000000000, 0.000000000000000000, -0.000000000000000000 ) ) ;
#7007 = DIRECTION ( 'NONE',  ( -1.000000000000000000, 0.000000000000000000, -0.000000000000000000 ) ) ;
#7008 = ORIENTED_EDGE ( 'NONE', *, *, #3441, .T. ) ;
#7009 = ORIENTED_EDGE ( 'NONE', *, *, #2870, .T. ) ;
#7010 = DIRECTION ( 'NONE',  ( 0.000000000000000000, 0.000000000000000000, -1.000000000000000000 ) ) ;
#7011 = DIRECTION ( 'NONE',  ( -1.000000000000000000, -0.000000000000000000, 0.000000000000000000 ) ) ;
#7012 = VECTOR ( 'NONE', #8944, 1000.000000000000000 ) ;
#7013 = ADVANCED_FACE ( 'NONE', ( #2413, #3122, #6256, #7893 ), #5488, .F. ) ;
#7014 = DIRECTION ( 'NONE',  ( -1.000000000000000000, -0.000000000000000000, -0.000000000000000000 ) ) ;
#7015 = EDGE_CURVE ( 'NONE', #5166, #1331, #6925, .T. ) ;
#7016 = AXIS2_PLACEMENT_3D ( 'NONE', #5486, #8567, #6973 ) ;
#7017 = ORIENTED_EDGE ( 'NONE', *, *, #5801, .T. ) ;
#7018 = DIRECTION ( 'NONE',  ( 1.000000000000000000, 0.000000000000000000, -0.000000000000000000 ) ) ;
#7019 = CARTESIAN_POINT ( 'NONE',  ( -3.590000000000002967, 40.00000000000000000, -15.96000000000000263 ) ) ;
#7020 = CARTESIAN_POINT ( 'NONE',  ( 1.499999999999999556, -5.583907850472554557, -0.7802391318067171122 ) ) ;
#7021 = FACE_OUTER_BOUND ( 'NONE', #1673, .T. ) ;
#7022 = CARTESIAN_POINT ( 'NONE',  ( 0.000000000000000000, 0.000000000000000000, 0.000000000000000000 ) ) ;
#7023 = CARTESIAN_POINT ( 'NONE',  ( 1.499999999999999556, 0.000000000000000000, 0.000000000000000000 ) ) ;
#7024 = PRODUCT_DEFINITION_FORMATION_WITH_SPECIFIED_SOURCE ( 'ANY', '', #7987, .NOT_KNOWN. ) ;
#7025 = AXIS2_PLACEMENT_3D ( 'NONE', #4729, #6415, #207 ) ;
#7026 = ORIENTED_EDGE ( 'NONE', *, *, #562, .T. ) ;
#7027 = EDGE_CURVE ( 'NONE', #4863, #8231, #3229, .T. ) ;
#7028 = CIRCLE ( 'NONE', #9809, 1.000000000000000888 ) ;
#7029 = SURFACE_STYLE_FILL_AREA ( #2567 ) ;
#7030 = ORIENTED_EDGE ( 'NONE', *, *, #3441, .F. ) ;
#7031 = DIRECTION ( 'NONE',  ( -1.000000000000000000, -0.000000000000000000, -0.000000000000000000 ) ) ;
#7032 = DIRECTION ( 'NONE',  ( -1.000000000000000000, 0.000000000000000000, 0.000000000000000000 ) ) ;
#7033 = DIRECTION ( 'NONE',  ( -0.000000000000000000, -0.000000000000000000, 1.000000000000000000 ) ) ;
#7034 = CARTESIAN_POINT ( 'NONE',  ( 1.499999999999999556, 0.000000000000000000, 0.000000000000000000 ) ) ;
#7035 = AXIS2_PLACEMENT_3D ( 'NONE', #3591, #5804, #3538 ) ;
#7036 = VERTEX_POINT ( 'NONE', #9494 ) ;
#7037 = AXIS2_PLACEMENT_3D ( 'NONE', #4775, #7892, #868 ) ;
#7038 = DIRECTION ( 'NONE',  ( -1.000000000000000000, 0.000000000000000000, 0.000000000000000000 ) ) ;
#7039 = DIRECTION ( 'NONE',  ( 0.000000000000000000, 0.000000000000000000, 1.000000000000000000 ) ) ;
#7041 = CARTESIAN_POINT ( 'NONE',  ( 1.499999999999999556, -1.414203329750086446, -0.1667481397910244301 ) ) ;
#7040 = DIRECTION ( 'NONE',  ( -1.000000000000000000, 0.000000000000000000, 0.000000000000000000 ) ) ;
#7042 = EDGE_CURVE ( 'NONE', #10022, #5010, #4887, .T. ) ;
#7043 = VERTEX_POINT ( 'NONE', #4824 ) ;
#7044 = DIRECTION ( 'NONE',  ( -1.000000000000000000, 0.000000000000000000, 0.000000000000000000 ) ) ;
#7045 =( LENGTH_UNIT ( ) NAMED_UNIT ( * ) SI_UNIT ( .MILLI., .METRE. ) );
#7046 = ORIENTED_EDGE ( 'NONE', *, *, #910, .F. ) ;
#7047 = EDGE_LOOP ( 'NONE', ( #5267, #1922, #2636, #2739 ) ) ;
#7048 = AXIS2_PLACEMENT_3D ( 'NONE', #2142, #1379, #1528 ) ;
#7049 = CYLINDRICAL_SURFACE ( 'NONE', #710, 2.399999999999999911 ) ;
#7050 = VERTEX_POINT ( 'NONE', #7945 ) ;
#7051 = FACE_OUTER_BOUND ( 'NONE', #556, .T. ) ;
#7052 = AXIS2_PLACEMENT_3D ( 'NONE', #8821, #6349, #2649 ) ;
#7053 = PRODUCT_CONTEXT ( 'NONE', #2118, 'mechanical' ) ;
#7054 = ORIENTED_EDGE ( 'NONE', *, *, #1927, .F. ) ;
#7055 = DIRECTION ( 'NONE',  ( -1.000000000000000000, -0.000000000000000000, 0.000000000000000000 ) ) ;
#7056 = AXIS2_PLACEMENT_3D ( 'NONE', #5470, #3989, #8653 ) ;
#7057 = DIRECTION ( 'NONE',  ( 0.000000000000000000, 1.000000000000000000, 3.614007241618348376E-15 ) ) ;
#7058 = ORIENTED_EDGE ( 'NONE', *, *, #4260, .F. ) ;
#7059 = DIRECTION ( 'NONE',  ( -1.000000000000000000, 0.000000000000000000, -0.000000000000000000 ) ) ;
#7060 = CARTESIAN_POINT ( 'NONE',  ( 0.000000000000000000, 0.000000000000000000, 0.000000000000000000 ) ) ;
#7061 = DIRECTION ( 'NONE',  ( 0.000000000000000000, 0.000000000000000000, 1.000000000000000000 ) ) ;
#7062 = AXIS2_PLACEMENT_3D ( 'NONE', #3208, #4038, #2446 ) ;
#7063 = VERTEX_POINT ( 'NONE', #923 ) ;
#7064 = ORIENTED_EDGE ( 'NONE', *, *, #5098, .F. ) ;
#7065 = DIRECTION ( 'NONE',  ( -1.000000000000000000, -0.000000000000000000, 0.000000000000000000 ) ) ;
#7066 = CARTESIAN_POINT ( 'NONE',  ( -3.590000000000002967, 30.00000000000000000, -16.96000000000000441 ) ) ;
#7067 = EDGE_CURVE ( 'NONE', #5321, #4966, #2093, .T. ) ;
#7068 = AXIS2_PLACEMENT_3D ( 'NONE', #266, #9709, #8414 ) ;
#7069 = EDGE_CURVE ( 'NONE', #9053, #3097, #6031, .T. ) ;
#7070 = CIRCLE ( 'NONE', #2805, 2.399999999999999023 ) ;
#7071 = DIRECTION ( 'NONE',  ( -1.000000000000000000, 0.000000000000000000, 0.000000000000000000 ) ) ;
#7072 = EDGE_LOOP ( 'NONE', ( #9022, #972, #6080, #1958 ) ) ;
#7073 = CARTESIAN_POINT ( 'NONE',  ( -10.00000000000000000, 0.000000000000000000, 0.000000000000000000 ) ) ;
#7074 = CARTESIAN_POINT ( 'NONE',  ( 1.499999999999999556, 1.644148730784208423, -5.393104387681756151 ) ) ;
#7075 = DIRECTION ( 'NONE',  ( 0.000000000000000000, -0.4539904997395351471, -0.8910065241883737830 ) ) ;
#7076 = CARTESIAN_POINT ( 'NONE',  ( 1.499999999999999556, -4.851728223352796299, -4.018797487647506550 ) ) ;
#7077 = CARTESIAN_POINT ( 'NONE',  ( -10.00000000000000000, 0.000000000000000000, 0.000000000000000000 ) ) ;
#7078 = PLANE ( 'NONE',  #8422 ) ;
#7079 = CIRCLE ( 'NONE', #2650, 2.399999999999999467 ) ;
#7080 = EDGE_LOOP ( 'NONE', ( #3223, #1367 ) ) ;
#7081 = EDGE_CURVE ( 'NONE', #771, #4868, #7925, .T. ) ;
#7082 = VECTOR ( 'NONE', #7513, 1000.000000000000000 ) ;
#7083 = VECTOR ( 'NONE', #7059, 1000.000000000000000 ) ;
#7084 = EDGE_CURVE ( 'NONE', #3479, #2782, #2261, .T. ) ;
#7085 = PRESENTATION_STYLE_ASSIGNMENT (( #4060 ) ) ;
#7086 = EDGE_CURVE ( 'NONE', #10064, #2340, #448, .T. ) ;
#7087 = ORIENTED_EDGE ( 'NONE', *, *, #4836, .F. ) ;
#7088 = CARTESIAN_POINT ( 'NONE',  ( 0.000000000000000000, 3.230239272402426476, 4.621077171872441269 ) ) ;
#7089 = CARTESIAN_POINT ( 'NONE',  ( -6.415642272996979756, 4.549999999999999822, 1.000000000000000000 ) ) ;
#7090 = SURFACE_SIDE_STYLE ('',( #6984 ) ) ;
#7091 = DIRECTION ( 'NONE',  ( 0.000000000000000000, 0.000000000000000000, -1.000000000000000000 ) ) ;
#7092 = ADVANCED_FACE ( 'NONE', ( #9522 ), #6485, .T. ) ;
#7093 = EDGE_LOOP ( 'NONE', ( #1829, #7194, #9986, #9805 ) ) ;
#7094 = CARTESIAN_POINT ( 'NONE',  ( 1.499999999999999556, 5.388098593335871378, -1.611759767611802507 ) ) ;
#7095 = DIRECTION ( 'NONE',  ( 1.000000000000000000, -0.000000000000000000, -0.000000000000000000 ) ) ;
#7097 = CARTESIAN_POINT ( 'NONE',  ( 1.499999999999999556, -0.8045268254124301466, 1.487860405372505301 ) ) ;
#7096 = LINE ( 'NONE', #5558, #9584 ) ;
#7098 = ORIENTED_EDGE ( 'NONE', *, *, #7623, .F. ) ;
#7099 = DIRECTION ( 'NONE',  ( -1.000000000000000000, -0.000000000000000000, 0.000000000000000000 ) ) ;
#7100 =( NAMED_UNIT ( * ) SI_UNIT ( $, .STERADIAN. ) SOLID_ANGLE_UNIT ( ) );
#7101 = EDGE_CURVE ( 'NONE', #8001, #5800, #4908, .T. ) ;
#7102 = VECTOR ( 'NONE', #7271, 1000.000000000000000 ) ;
#7103 = ORIENTED_EDGE ( 'NONE', *, *, #6509, .T. ) ;
#7104 = EDGE_LOOP ( 'NONE', ( #96, #1882 ) ) ;
#7105 = DIRECTION ( 'NONE',  ( 0.000000000000000000, 0.000000000000000000, 1.000000000000000000 ) ) ;
#7106 = CIRCLE ( 'NONE', #7618, 2.400000000000000355 ) ;
#7107 = VERTEX_POINT ( 'NONE', #7360 ) ;
#7108 = DIRECTION ( 'NONE',  ( 0.000000000000000000, 0.000000000000000000, 1.000000000000000000 ) ) ;
#7109 = ADVANCED_FACE ( 'NONE', ( #7974 ), #9622, .T. ) ;
#7110 = SHAPE_DEFINITION_REPRESENTATION ( #4975, #7852 ) ;
#7111 = EDGE_LOOP ( 'NONE', ( #6938, #5665, #2181, #10041 ) ) ;
#7112 = CARTESIAN_POINT ( 'NONE',  ( 1.224646799147353207E-16, 49.99999999999999289, 1.000000000000000000 ) ) ;
#7113 = CARTESIAN_POINT ( 'NONE',  ( 1.499999999999999556, 1.141361939784620860, -0.8515097899678467641 ) ) ;
#7114 = ORIENTED_EDGE ( 'NONE', *, *, #4101, .F. ) ;
#7115 = DIRECTION ( 'NONE',  ( 0.000000000000000000, -0.7071067811865536790, 0.7071067811865413555 ) ) ;
#7116 = AXIS2_PLACEMENT_3D ( 'NONE', #4527, #6771, #3592 ) ;
#7117 = EDGE_CURVE ( 'NONE', #8501, #6264, #132, .T. ) ;
#7118 = CARTESIAN_POINT ( 'NONE',  ( 50.00005079999999680, 1.224646799147353207E-16, -1.000000000000000000 ) ) ;
#7119 = ORIENTED_EDGE ( 'NONE', *, *, #424, .T. ) ;
#7120 = ORIENTED_EDGE ( 'NONE', *, *, #6509, .F. ) ;
#7121 = DIRECTION ( 'NONE',  ( -1.000000000000000000, 0.000000000000000000, 0.000000000000000000 ) ) ;
#7122 = CARTESIAN_POINT ( 'NONE',  ( 0.000000000000000000, 0.000000000000000000, 0.000000000000000000 ) ) ;
#7123 = CIRCLE ( 'NONE', #893, 0.7200000000000003064 ) ;
#7124 = AXIS2_PLACEMENT_3D ( 'NONE', #4000, #7128, #6126 ) ;
#7125 = ORIENTED_EDGE ( 'NONE', *, *, #7210, .T. ) ;
#7126 = ORIENTED_EDGE ( 'NONE', *, *, #8783, .T. ) ;
#7127 = CARTESIAN_POINT ( 'NONE',  ( 1.500000000000001332, 0.000000000000000000, 0.000000000000000000 ) ) ;
#7128 = DIRECTION ( 'NONE',  ( -1.000000000000000000, 0.000000000000000000, -0.000000000000000000 ) ) ;
#7129 = CARTESIAN_POINT ( 'NONE',  ( 14.99999999999999645, -30.00000000000000000, -97.00000000000000000 ) ) ;
#7130 = LINE ( 'NONE', #4773, #7684 ) ;
#7131 = VECTOR ( 'NONE', #1342, 1000.000000000000000 ) ;
#7132 = CYLINDRICAL_SURFACE ( 'NONE', #4269, 6.299999999999999822 ) ;
#7133 = DIRECTION ( 'NONE',  ( -0.000000000000000000, -1.000000000000000000, -0.000000000000000000 ) ) ;
#7134 = VECTOR ( 'NONE', #2559, 1000.000000000000000 ) ;
#7135 = ORIENTED_EDGE ( 'NONE', *, *, #4902, .T. ) ;
#7136 = VECTOR ( 'NONE', #171, 1000.000000000000000 ) ;
#7137 = ADVANCED_FACE ( 'NONE', ( #8130 ), #8859, .T. ) ;
#7138 = DIRECTION ( 'NONE',  ( -1.000000000000000000, 0.000000000000000000, 0.000000000000000000 ) ) ;
#7139 = SURFACE_STYLE_USAGE ( .BOTH. , #763 ) ;
#7140 = ORIENTED_EDGE ( 'NONE', *, *, #4327, .T. ) ;
#7141 = PLANE ( 'NONE',  #5554 ) ;
#7142 = DIRECTION ( 'NONE',  ( 0.000000000000000000, -0.3090169943749349057, -0.9510565162951577500 ) ) ;
#7143 = DIRECTION ( 'NONE',  ( 0.000000000000000000, 0.000000000000000000, 1.000000000000000000 ) ) ;
#7144 = DIRECTION ( 'NONE',  ( 1.000000000000000000, -0.000000000000000000, 0.000000000000000000 ) ) ;
#7145 = EDGE_CURVE ( 'NONE', #433, #4318, #7185, .T. ) ;
#7146 = SHAPE_REPRESENTATION ( 'Holder plate', ( #6402 ), #8659 ) ;
#7147 = ORIENTED_EDGE ( 'NONE', *, *, #8877, .T. ) ;
#7148 = AXIS2_PLACEMENT_3D ( 'NONE', #2112, #4482, #4531 ) ;
#7149 = EDGE_CURVE ( 'NONE', #7318, #8087, #9295, .T. ) ;
#7150 = VERTEX_POINT ( 'NONE', #4188 ) ;
#7151 = CARTESIAN_POINT ( 'NONE',  ( 0.000000000000000000, 0.000000000000000000, 0.000000000000000000 ) ) ;
#7152 = DIRECTION ( 'NONE',  ( -1.000000000000000000, -0.000000000000000000, -0.000000000000000000 ) ) ;
#7154 = DIRECTION ( 'NONE',  ( -1.000000000000000000, 0.000000000000000000, 0.000000000000000000 ) ) ;
#7153 = FACE_OUTER_BOUND ( 'NONE', #9479, .T. ) ;
#7155 = AXIS2_PLACEMENT_3D ( 'NONE', #9074, #8407, #5847 ) ;
#7156 = ORIENTED_EDGE ( 'NONE', *, *, #6785, .F. ) ;
#7157 = CIRCLE ( 'NONE', #2066, 0.7200000000000004174 ) ;
#7158 = ORIENTED_EDGE ( 'NONE', *, *, #6219, .F. ) ;
#7159 = ORIENTED_EDGE ( 'NONE', *, *, #5645, .T. ) ;
#7160 = EDGE_CURVE ( 'NONE', #2944, #7458, #3405, .T. ) ;
#7161 = UNCERTAINTY_MEASURE_WITH_UNIT (LENGTH_MEASURE( 1.000000000000000082E-05 ), #4875, 'distance_accuracy_value', 'NONE');
#7162 = CARTESIAN_POINT ( 'NONE',  ( 0.000000000000000000, 0.000000000000000000, 0.000000000000000000 ) ) ;
#7163 = ORIENTED_EDGE ( 'NONE', *, *, #7295, .F. ) ;
#7164 = CARTESIAN_POINT ( 'NONE',  ( -10.00000000000000000, 0.000000000000000000, 0.000000000000000000 ) ) ;
#7165 = ORIENTED_EDGE ( 'NONE', *, *, #5077, .F. ) ;
#7166 = CARTESIAN_POINT ( 'NONE',  ( 0.000000000000000000, 0.000000000000000000, 0.000000000000000000 ) ) ;
#7167 = CARTESIAN_POINT ( 'NONE',  ( 1.499999999999999556, -6.147417380365309825, -1.378136260165342630 ) ) ;
#7168 = ORIENTED_EDGE ( 'NONE', *, *, #3387, .F. ) ;
#7169 = DIRECTION ( 'NONE',  ( -1.000000000000000000, 0.000000000000000000, 0.000000000000000000 ) ) ;
#7170 = CARTESIAN_POINT ( 'NONE',  ( 1.499999999999999556, -0.9834709102464335162, -5.551719098988219692 ) ) ;
#7171 = EDGE_LOOP ( 'NONE', ( #1815, #4562, #970, #6634 ) ) ;
#7172 = VERTEX_POINT ( 'NONE', #6535 ) ;
#7173 = DIRECTION ( 'NONE',  ( -1.000000000000000000, -0.000000000000000000, 0.000000000000000000 ) ) ;
#7174 = CARTESIAN_POINT ( 'NONE',  ( 0.000000000000000000, -2.013522966163056704, -0.5964270824953600281 ) ) ;
#7175 = VERTEX_POINT ( 'NONE', #1107 ) ;
#7176 = ORIENTED_EDGE ( 'NONE', *, *, #8833, .F. ) ;
#7177 = DIRECTION ( 'NONE',  ( 0.000000000000000000, 0.7071067811865437980, 0.7071067811865512365 ) ) ;
#7178 = CARTESIAN_POINT ( 'NONE',  ( 1.499999999999999556, 2.467573931392907483, 5.069504796178980754 ) ) ;
#7179 = CARTESIAN_POINT ( 'NONE',  ( 1.499999999999999556, -1.440670871519453389, -0.1662614956314056036 ) ) ;
#7180 = DIRECTION ( 'NONE',  ( -1.000000000000000000, -0.000000000000000000, -0.000000000000000000 ) ) ;
#7181 = DIRECTION ( 'NONE',  ( 0.000000000000000000, 0.000000000000000000, -1.000000000000000000 ) ) ;
#7182 = AXIS2_PLACEMENT_3D ( 'NONE', #1275, #490, #6751 ) ;
#7183 = EDGE_CURVE ( 'NONE', #8824, #4661, #7988, .T. ) ;
#7184 = ORIENTED_EDGE ( 'NONE', *, *, #314, .F. ) ;
#7185 = CIRCLE ( 'NONE', #1601, 5.624000000000004107 ) ;
#7186 = DIRECTION ( 'NONE',  ( -1.000000000000000000, -0.000000000000000000, 0.000000000000000000 ) ) ;
#7187 = AXIS2_PLACEMENT_3D ( 'NONE', #1695, #6408, #3277 ) ;
#7188 = ORIENTED_EDGE ( 'NONE', *, *, #6658, .T. ) ;
#7189 = DIRECTION ( 'NONE',  ( 0.000000000000000000, 0.000000000000000000, 1.000000000000000000 ) ) ;
#7190 = DIRECTION ( 'NONE',  ( 1.000000000000000000, 0.000000000000000000, 0.000000000000000000 ) ) ;
#7191 = VECTOR ( 'NONE', #2172, 1000.000000000000000 ) ;
#7192 = CARTESIAN_POINT ( 'NONE',  ( 1.499999999999999556, -5.551719098988215251, 0.9834709102464556096 ) ) ;
#7193 = VECTOR ( 'NONE', #7006, 1000.000000000000000 ) ;
#7194 = ORIENTED_EDGE ( 'NONE', *, *, #7339, .F. ) ;
#7195 = ORIENTED_EDGE ( 'NONE', *, *, #7949, .T. ) ;
#7196 = CIRCLE ( 'NONE', #4901, 2.400000000000000355 ) ;
#7197 = ADVANCED_FACE ( 'NONE', ( #2635 ), #8906, .T. ) ;
#7198 = AXIS2_PLACEMENT_3D ( 'NONE', #7931, #8911, #187 ) ;
#7199 = ORIENTED_EDGE ( 'NONE', *, *, #7708, .F. ) ;
#7200 = DIRECTION ( 'NONE',  ( 0.000000000000000000, -0.000000000000000000, 1.000000000000000000 ) ) ;
#7201 = CARTESIAN_POINT ( 'NONE',  ( 1.499999999999999556, -3.411694707735812404, -4.470985933908481869 ) ) ;
#7203 = SURFACE_STYLE_USAGE ( .BOTH. , #3197 ) ;
#7202 = CARTESIAN_POINT ( 'NONE',  ( 0.7499999999999997780, 2.322837065193105843, 5.856144462747233881 ) ) ;
#7204 = ORIENTED_EDGE ( 'NONE', *, *, #6455, .T. ) ;
#7205 = VERTEX_POINT ( 'NONE', #5007 ) ;
#7206 = ORIENTED_EDGE ( 'NONE', *, *, #1158, .T. ) ;
#7207 = ADVANCED_FACE ( 'NONE', ( #6584 ), #8698, .T. ) ;
#7208 = CARTESIAN_POINT ( 'NONE',  ( 1.499999999999999556, 4.500131487637591299, -3.396706725542285366 ) ) ;
#7209 = ORIENTED_EDGE ( 'NONE', *, *, #6523, .T. ) ;
#7210 = EDGE_CURVE ( 'NONE', #4071, #4592, #1773, .T. ) ;
#7211 = AXIS2_PLACEMENT_3D ( 'NONE', #6003, #4423, #8938 ) ;
#7212 = CARTESIAN_POINT ( 'NONE',  ( -10.00000000000000000, 0.000000000000000000, 0.000000000000000000 ) ) ;
#7213 = VERTEX_POINT ( 'NONE', #9762 ) ;
#7214 = EDGE_CURVE ( 'NONE', #7361, #8425, #7499, .T. ) ;
#7215 = LINE ( 'NONE', #5522, #220 ) ;
#7216 = DIRECTION ( 'NONE',  ( -1.000000000000000000, -0.000000000000000000, 0.000000000000000000 ) ) ;
#7217 = ORIENTED_EDGE ( 'NONE', *, *, #113, .F. ) ;
#7218 = CARTESIAN_POINT ( 'NONE',  ( 1.499999999999999556, -5.622447436674696597, 0.1321394030188610957 ) ) ;
#7219 = DIRECTION ( 'NONE',  ( 0.000000000000000000, 0.000000000000000000, -1.000000000000000000 ) ) ;
#7220 = VECTOR ( 'NONE', #2658, 1000.000000000000000 ) ;
#7221 = EDGE_LOOP ( 'NONE', ( #960, #1791, #3928, #3639 ) ) ;
#7222 = VERTEX_POINT ( 'NONE', #3604 ) ;
#7223 = CYLINDRICAL_SURFACE ( 'NONE', #5294, 2.399999999999999467 ) ;
#7224 = CIRCLE ( 'NONE', #4774, 6.300000000000000711 ) ;
#7225 = CARTESIAN_POINT ( 'NONE',  ( -10.00000000000000000, 0.000000000000000000, 0.000000000000000000 ) ) ;
#7226 = AXIS2_PLACEMENT_3D ( 'NONE', #1017, #2398, #4760 ) ;
#7227 = ORIENTED_EDGE ( 'NONE', *, *, #6534, .F. ) ;
#7228 = ORIENTED_EDGE ( 'NONE', *, *, #9705, .F. ) ;
#7229 = CARTESIAN_POINT ( 'NONE',  ( 1.499999999999999556, 3.411694707735845711, 4.470985933908456111 ) ) ;
#7230 = CARTESIAN_POINT ( 'NONE',  ( 0.000000000000000000, -5.069504796178954997, -2.467573931392955444 ) ) ;
#7231 = LINE ( 'NONE', #7179, #1398 ) ;
#7232 = CARTESIAN_POINT ( 'NONE',  ( 0.000000000000000000, 0.000000000000000000, 0.000000000000000000 ) ) ;
#7233 = AXIS2_PLACEMENT_3D ( 'NONE', #9210, #3872, #3155 ) ;
#7234 = CYLINDRICAL_SURFACE ( 'NONE', #9016, 2.399999999999999911 ) ;
#7235 = VERTEX_POINT ( 'NONE', #7406 ) ;
#7236 =( REPRESENTATION_RELATIONSHIP ('NONE','NONE', #4714, #8576 ) REPRESENTATION_RELATIONSHIP_WITH_TRANSFORMATION ( #5618 )SHAPE_REPRESENTATION_RELATIONSHIP( ) );
#7237 = FACE_OUTER_BOUND ( 'NONE', #3734, .T. ) ;
#7238 = AXIS2_PLACEMENT_3D ( 'NONE', #3856, #6883, #1597 ) ;
#7239 = ADVANCED_FACE ( 'NONE', ( #5972 ), #6736, .F. ) ;
#7240 = ORIENTED_EDGE ( 'NONE', *, *, #6879, .T. ) ;
#7241 = DIRECTION ( 'NONE',  ( 0.000000000000000000, 0.9876883405951383255, -0.1564344650402274550 ) ) ;
#7242 = DIRECTION ( 'NONE',  ( -1.000000000000000000, -0.000000000000000000, -0.000000000000000000 ) ) ;
#7243 = DIRECTION ( 'NONE',  ( 0.000000000000000000, 0.8090169943749446757, 0.5877852522924770229 ) ) ;
#7244 = CIRCLE ( 'NONE', #9204, 2.399999999999999467 ) ;
#7245 = ORIENTED_EDGE ( 'NONE', *, *, #2007, .T. ) ;
#7246 = UNCERTAINTY_MEASURE_WITH_UNIT (LENGTH_MEASURE( 1.000000000000000082E-05 ), #3235, 'distance_accuracy_value', 'NONE');
#7247 = CIRCLE ( 'NONE', #5937, 2.399999999999999467 ) ;
#7248 = PRODUCT_DEFINITION_SHAPE ( 'NONE', 'NONE',  #10154 ) ;
#7249 = ORIENTED_EDGE ( 'NONE', *, *, #4616, .F. ) ;
#7250 = CARTESIAN_POINT ( 'NONE',  ( 0.000000000000000000, 0.000000000000000000, 0.000000000000000000 ) ) ;
#7251 = CYLINDRICAL_SURFACE ( 'NONE', #5764, 6.299999999999999822 ) ;
#7253 = SURFACE_STYLE_FILL_AREA ( #69 ) ;
#7252 = CARTESIAN_POINT ( 'NONE',  ( 0.000000000000000000, -5.583907850472554557, -0.7802391318067171122 ) ) ;
#7254 = VERTEX_POINT ( 'NONE', #3504 ) ;
#7255 =( LENGTH_UNIT ( ) NAMED_UNIT ( * ) SI_UNIT ( .MILLI., .METRE. ) );
#7256 = VERTEX_POINT ( 'NONE', #8325 ) ;
#7257 = PRODUCT_RELATED_PRODUCT_CATEGORY ( 'part', '', ( #2831 ) ) ;
#7258 = ADVANCED_FACE ( 'NONE', ( #8185 ), #4385, .T. ) ;
#7259 = DIRECTION ( 'NONE',  ( 1.000000000000000000, -0.000000000000000000, -0.000000000000000000 ) ) ;
#7260 = ITEM_DEFINED_TRANSFORMATION ( 'NONE', 'NONE', #1296,  #6402 ) ;
#7261 = ORIENTED_EDGE ( 'NONE', *, *, #7897, .T. ) ;
#7262 = DIRECTION ( 'NONE',  ( 0.000000000000000000, 0.000000000000000000, 1.000000000000000000 ) ) ;
#7263 = VERTEX_POINT ( 'NONE', #8379 ) ;
#7264 = DIRECTION ( 'NONE',  ( 0.000000000000000000, 0.000000000000000000, 1.000000000000000000 ) ) ;
#7265 = DIRECTION ( 'NONE',  ( -1.000000000000000000, 0.000000000000000000, 0.000000000000000000 ) ) ;
#7266 = ORIENTED_EDGE ( 'NONE', *, *, #5633, .T. ) ;
#7267 = CARTESIAN_POINT ( 'NONE',  ( 1.499999999999999556, -3.882234041401013691, 4.069107377274185033 ) ) ;
#7268 = EDGE_CURVE ( 'NONE', #1900, #6350, #773, .T. ) ;
#7269 = VERTEX_POINT ( 'NONE', #2728 ) ;
#7270 = ORIENTED_EDGE ( 'NONE', *, *, #9534, .T. ) ;
#7271 = DIRECTION ( 'NONE',  ( -1.000000000000000000, 0.000000000000000000, 0.000000000000000000 ) ) ;
#7272 = EDGE_CURVE ( 'NONE', #10048, #9031, #8822, .T. ) ;
#7273 = VERTEX_POINT ( 'NONE', #476 ) ;
#7274 = CARTESIAN_POINT ( 'NONE',  ( 0.000000000000000000, 1.308110079575631746, -0.5626935397822095952 ) ) ;
#7275 = EDGE_CURVE ( 'NONE', #6536, #1718, #1360, .T. ) ;
#7276 = VERTEX_POINT ( 'NONE', #5823 ) ;
#7277 = VECTOR ( 'NONE', #7669, 1000.000000000000000 ) ;
#7278 = ORIENTED_EDGE ( 'NONE', *, *, #3032, .T. ) ;
#7279 = LINE ( 'NONE', #7326, #344 ) ;
#7280 = LINE ( 'NONE', #3372, #3874 ) ;
#7281 = FACE_OUTER_BOUND ( 'NONE', #8094, .T. ) ;
#7282 = DIRECTION ( 'NONE',  ( -1.000000000000000000, 0.000000000000000000, 0.000000000000000000 ) ) ;
#7283 = DIRECTION ( 'NONE',  ( 0.000000000000000000, 0.000000000000000000, -1.000000000000000000 ) ) ;
#7284 = ORIENTED_EDGE ( 'NONE', *, *, #7636, .T. ) ;
#7285 = VECTOR ( 'NONE', #6629, 1000.000000000000000 ) ;
#7286 = ADVANCED_FACE ( 'NONE', ( #1261 ), #7457, .T. ) ;
#7287 = CIRCLE ( 'NONE', #565, 0.7200000000000004174 ) ;
#7288 = LINE ( 'NONE', #4212, #3380 ) ;
#7289 = DIRECTION ( 'NONE',  ( -0.4844878894854816598, -0.8747979680714308426, 3.878913603958945091E-16 ) ) ;
#7290 = VERTEX_POINT ( 'NONE', #2834 ) ;
#7291 = FACE_OUTER_BOUND ( 'NONE', #1310, .T. ) ;
#7292 = DIRECTION ( 'NONE',  ( 1.000000000000000000, 0.000000000000000000, 0.000000000000000000 ) ) ;
#7293 = CARTESIAN_POINT ( 'NONE',  ( 0.000000000000000000, 0.000000000000000000, 0.000000000000000000 ) ) ;
#7294 = CARTESIAN_POINT ( 'NONE',  ( 1.499999999999999556, -1.690788321043816822, -0.04718953385306016990 ) ) ;
#7295 = EDGE_CURVE ( 'NONE', #1552, #2381, #5051, .T. ) ;
#7296 = ORIENTED_EDGE ( 'NONE', *, *, #2318, .T. ) ;
#7297 = AXIS2_PLACEMENT_3D ( 'NONE', #2962, #7014, #751 ) ;
#7298 = ADVANCED_FACE ( 'NONE', ( #4490 ), #5923, .T. ) ;
#7299 = EDGE_LOOP ( 'NONE', ( #6090, #7184, #4349, #7592 ) ) ;
#7300 = DIRECTION ( 'NONE',  ( 0.000000000000000000, 0.7071067811865437980, 0.7071067811865511255 ) ) ;
#7302 = CARTESIAN_POINT ( 'NONE',  ( 0.000000000000000000, -1.141361939784614643, 0.8515097899678546467 ) ) ;
#7301 = DIRECTION ( 'NONE',  ( 0.000000000000000000, 0.000000000000000000, 1.000000000000000000 ) ) ;
#7303 = ORIENTED_EDGE ( 'NONE', *, *, #4012, .F. ) ;
#7304 = EDGE_CURVE ( 'NONE', #5027, #6186, #953, .T. ) ;
#7305 = EDGE_LOOP ( 'NONE', ( #3221, #6825, #598, #1015 ) ) ;
#7307 = DIRECTION ( 'NONE',  ( -1.000000000000000000, -0.000000000000000000, 0.000000000000000000 ) ) ;
#7306 = CIRCLE ( 'NONE', #740, 2.400000000000000355 ) ;
#7308 = ORIENTED_EDGE ( 'NONE', *, *, #549, .T. ) ;
#7309 = DIRECTION ( 'NONE',  ( -1.000000000000000000, 0.000000000000000000, 0.000000000000000000 ) ) ;
#7310 = ORIENTED_EDGE ( 'NONE', *, *, #3828, .T. ) ;
#7311 = DIRECTION ( 'NONE',  ( 0.000000000000000000, -0.4539904997395351471, -0.8910065241883737830 ) ) ;
#7313 = EDGE_CURVE ( 'NONE', #8727, #2633, #1294, .T. ) ;
#7312 = CARTESIAN_POINT ( 'NONE',  ( 0.06137469101172798175, -1.387778780781445676E-14, -0.9454937898344801805 ) ) ;
#7314 = ORIENTED_EDGE ( 'NONE', *, *, #6618, .T. ) ;
#7315 = AXIS2_PLACEMENT_3D ( 'NONE', #6515, #4170, #878 ) ;
#7316 = LINE ( 'NONE', #4914, #6694 ) ;
#7317 =( LENGTH_UNIT ( ) NAMED_UNIT ( * ) SI_UNIT ( .MILLI., .METRE. ) );
#7318 = VERTEX_POINT ( 'NONE', #774 ) ;
#7319 = CIRCLE ( 'NONE', #8626, 6.300000000000000711 ) ;
#7320 = VERTEX_POINT ( 'NONE', #6892 ) ;
#7321 = DIRECTION ( 'NONE',  ( 0.000000000000000000, 0.3090169943749411785, 0.9510565162951556406 ) ) ;
#7322 = ORIENTED_EDGE ( 'NONE', *, *, #1864, .F. ) ;
#7323 = DIRECTION ( 'NONE',  ( -1.000000000000000000, -0.000000000000000000, 0.000000000000000000 ) ) ;
#7324 = ORIENTED_EDGE ( 'NONE', *, *, #9968, .F. ) ;
#7325 = EDGE_CURVE ( 'NONE', #8221, #6095, #1460, .T. ) ;
#7326 = CARTESIAN_POINT ( 'NONE',  ( 1.499999999999999556, 4.949647314371517837, -2.670274791727410779 ) ) ;
#7327 = DIRECTION ( 'NONE',  ( 1.000000000000000000, -0.000000000000000000, -0.000000000000000000 ) ) ;
#7328 = DIRECTION ( 'NONE',  ( 0.000000000000000000, 0.000000000000000000, -1.000000000000000000 ) ) ;
#7329 = DIRECTION ( 'NONE',  ( 0.000000000000000000, 0.000000000000000000, 1.000000000000000000 ) ) ;
#7330 = ORIENTED_EDGE ( 'NONE', *, *, #4065, .T. ) ;
#7331 = ADVANCED_FACE ( 'NONE', ( #4684 ), #4740, .T. ) ;
#7332 = CARTESIAN_POINT ( 'NONE',  ( 1.499999999999999556, -3.230239272402454009, 4.621077171872417289 ) ) ;
#7333 = AXIS2_PLACEMENT_3D ( 'NONE', #6802, #2900, #6042 ) ;
#7334 = EDGE_CURVE ( 'NONE', #7612, #6847, #3765, .T. ) ;
#7335 = DIRECTION ( 'NONE',  ( 0.1289502493109966896, -0.9916510642371294537, -1.927956368033379710E-16 ) ) ;
#7336 = ORIENTED_EDGE ( 'NONE', *, *, #3503, .F. ) ;
#7337 = DIRECTION ( 'NONE',  ( 0.000000000000000000, -0.5877852522924624790, -0.8090169943749551118 ) ) ;
#7338 = FACE_OUTER_BOUND ( 'NONE', #4850, .T. ) ;
#7339 = EDGE_CURVE ( 'NONE', #4604, #7256, #3916, .T. ) ;
#7340 = DIRECTION ( 'NONE',  ( -1.000000000000000000, -0.000000000000000000, -0.000000000000000000 ) ) ;
#7341 = DIRECTION ( 'NONE',  ( 0.000000000000000000, 0.000000000000000000, 1.000000000000000000 ) ) ;
#7342 = VECTOR ( 'NONE', #8808, 1000.000000000000000 ) ;
#7343 = VERTEX_POINT ( 'NONE', #4641 ) ;
#7344 = AXIS2_PLACEMENT_3D ( 'NONE', #5911, #7552, #8222 ) ;
#7345 = ORIENTED_EDGE ( 'NONE', *, *, #8579, .F. ) ;
#7346 = DIRECTION ( 'NONE',  ( -1.000000000000000000, 0.000000000000000000, 0.000000000000000000 ) ) ;
#7348 = FACE_OUTER_BOUND ( 'NONE', #427, .T. ) ;
#7347 = CARTESIAN_POINT ( 'NONE',  ( 1.499999999999999556, 1.010057104668047767, -5.532554621990608545 ) ) ;
#7349 = VECTOR ( 'NONE', #7891, 1000.000000000000000 ) ;
#7350 = VERTEX_POINT ( 'NONE', #9976 ) ;
#7351 = AXIS2_PLACEMENT_3D ( 'NONE', #2206, #9229, #6922 ) ;
#7352 = SURFACE_STYLE_FILL_AREA ( #1001 ) ;
#7353 = VERTEX_POINT ( 'NONE', #2377 ) ;
#7354 = AXIS2_PLACEMENT_3D ( 'NONE', #3131, #5441, #3805 ) ;
#7355 = UNCERTAINTY_MEASURE_WITH_UNIT (LENGTH_MEASURE( 1.000000000000000082E-05 ), #5132, 'distance_accuracy_value', 'NONE');
#7356 = CARTESIAN_POINT ( 'NONE',  ( 1.499999999999999556, -4.069107377274171711, -3.882234041401027458 ) ) ;
#7357 = VERTEX_POINT ( 'NONE', #5399 ) ;
#7358 = AXIS2_PLACEMENT_3D ( 'NONE', #7629, #1991, #3477 ) ;
#7359 = EDGE_CURVE ( 'NONE', #964, #4754, #5503, .T. ) ;
#7360 = CARTESIAN_POINT ( 'NONE',  ( 0.000000000000000000, 5.783413301606126211, 2.498425620827105398 ) ) ;
#7361 = VERTEX_POINT ( 'NONE', #11 ) ;
#7362 =( REPRESENTATION_RELATIONSHIP ('NONE','NONE', #65, #6804 ) REPRESENTATION_RELATIONSHIP_WITH_TRANSFORMATION ( #7817 )SHAPE_REPRESENTATION_RELATIONSHIP( ) );
#7363 = CYLINDRICAL_SURFACE ( 'NONE', #9536, 2.100000000000000089 ) ;
#7364 = ORIENTED_EDGE ( 'NONE', *, *, #1405, .F. ) ;
#7365 = CYLINDRICAL_SURFACE ( 'NONE', #9325, 5.624000000000004107 ) ;
#7366 = ORIENTED_EDGE ( 'NONE', *, *, #3053, .F. ) ;
#7367 = VECTOR ( 'NONE', #111, 1000.000000000000000 ) ;
#7368 = VERTEX_POINT ( 'NONE', #3143 ) ;
#7369 = DIRECTION ( 'NONE',  ( 0.000000000000000000, 0.000000000000000000, 1.000000000000000000 ) ) ;
#7370 = ORIENTED_EDGE ( 'NONE', *, *, #369, .T. ) ;
#7371 = DIRECTION ( 'NONE',  ( 0.000000000000000000, 0.000000000000000000, 1.000000000000000000 ) ) ;
#7372 = EDGE_LOOP ( 'NONE', ( #355, #3051, #9868, #3390 ) ) ;
#7373 = CARTESIAN_POINT ( 'NONE',  ( 25.00000000000000355, 19.99999999999999645, 25.00000000000000000 ) ) ;
#7374 = AXIS2_PLACEMENT_3D ( 'NONE', #1392, #3694, #3799 ) ;
#7375 = DIRECTION ( 'NONE',  ( -1.000000000000000000, 0.000000000000000000, -0.000000000000000000 ) ) ;
#7376 = DIRECTION ( 'NONE',  ( -1.000000000000000000, 0.000000000000000000, 0.000000000000000000 ) ) ;
#7377 = CARTESIAN_POINT ( 'NONE',  ( 1.499999999999999556, 0.1028825440611484537, -5.637216970057037813 ) ) ;
#7378 = CARTESIAN_POINT ( 'NONE',  ( 0.000000000000000000, 14.00000000000000000, 0.000000000000000000 ) ) ;
#7379 = ORIENTED_EDGE ( 'NONE', *, *, #6772, .F. ) ;
#7380 = PRODUCT_DEFINITION ( 'UNKNOWN', '', #7514, #6615 ) ;
#7381 = DIRECTION ( 'NONE',  ( 0.000000000000000000, 0.000000000000000000, -1.000000000000000000 ) ) ;
#7382 = COLOUR_RGB ( '',0.7764705882352941346, 0.7568627450980391913, 0.7372549019607843590 ) ;
#7383 = EDGE_CURVE ( 'NONE', #3586, #2338, #2223, .T. ) ;
#7384 = DIRECTION ( 'NONE',  ( -0.1226313847378353861, 0.9924522877586010594, -4.510281037539699432E-16 ) ) ;
#7385 = LINE ( 'NONE', #7591, #1846 ) ;
#7386 = AXIS2_PLACEMENT_3D ( 'NONE', #1072, #3218, #8710 ) ;
#7387 = EDGE_LOOP ( 'NONE', ( #6880, #2196, #5121, #1783 ) ) ;
#7388 = FACE_OUTER_BOUND ( 'NONE', #286, .T. ) ;
#7389 = DIRECTION ( 'NONE',  ( 1.000000000000000000, 0.000000000000000000, 0.000000000000000000 ) ) ;
#7390 = DIRECTION ( 'NONE',  ( 0.000000000000000000, 0.000000000000000000, -1.000000000000000000 ) ) ;
#7391 =( GEOMETRIC_REPRESENTATION_CONTEXT ( 3 ) GLOBAL_UNCERTAINTY_ASSIGNED_CONTEXT ( ( #2536 ) ) GLOBAL_UNIT_ASSIGNED_CONTEXT ( ( #6177, #5256, #6078 ) ) REPRESENTATION_CONTEXT ( 'NONE', 'WORKASPACE' ) );
#7392 = EDGE_CURVE ( 'NONE', #3667, #7343, #9804, .T. ) ;
#7393 = ORIENTED_EDGE ( 'NONE', *, *, #872, .F. ) ;
#7394 = CIRCLE ( 'NONE', #1990, 5.624000000000004995 ) ;
#7395 = ADVANCED_FACE ( 'NONE', ( #8533 ), #4596, .T. ) ;
#7396 = AXIS2_PLACEMENT_3D ( 'NONE', #4182, #4225, #4524 ) ;
#7397 = ORIENTED_EDGE ( 'NONE', *, *, #9603, .T. ) ;
#7398 = CARTESIAN_POINT ( 'NONE',  ( 0.000000000000000000, -1.863103848212834146, 5.306431951017047233 ) ) ;
#7399 = EDGE_CURVE ( 'NONE', #7749, #1973, #827, .T. ) ;
#7401 = PLANE ( 'NONE',  #3579 ) ;
#7400 = DIRECTION ( 'NONE',  ( -1.000000000000000000, 0.000000000000000000, 0.000000000000000000 ) ) ;
#7402 = VERTEX_POINT ( 'NONE', #6072 ) ;
#7403 = VERTEX_POINT ( 'NONE', #675 ) ;
#7404 = CARTESIAN_POINT ( 'NONE',  ( 1.499999999999999556, 5.069504796178972761, -2.467573931392925246 ) ) ;
#7405 = CIRCLE ( 'NONE', #2977, 1.423999999999999488 ) ;
#7406 = CARTESIAN_POINT ( 'NONE',  ( 1.499999999999999556, 4.626325118590967733, -3.197888662398100212 ) ) ;
#7407 = ORIENTED_EDGE ( 'NONE', *, *, #4425, .F. ) ;
#7408 = EDGE_CURVE ( 'NONE', #5010, #2240, #7712, .T. ) ;
#7409 = DIRECTION ( 'NONE',  ( -0.000000000000000000, -1.000000000000000000, 0.000000000000000000 ) ) ;
#7410 = EDGE_LOOP ( 'NONE', ( #9297, #7777, #9475, #1323 ) ) ;
#7411 = DIRECTION ( 'NONE',  ( 0.000000000000000000, 0.000000000000000000, 1.000000000000000000 ) ) ;
#7412 = CLOSED_SHELL ( 'NONE', ( #1317, #3255, #3554, #6760, #2553, #3220, #2905, #4528, #10063, #1258, #3791, #8895, #9098, #10097, #790, #1784, #2448, #4697, #7548, #2220, #9233, #5780, #5162, #9087, #4829, #339, #5337, #5948, #5699, #7395, #9338, #1382, #9529, #6519, #6579, #6864, #248, #8025, #2679, #4737, #2179, #5067, #3698, #9884, #3613, #9335, #9428, #9242, #3124, #7414, #9470, #232, #1818, #4705, #5983, #539, #7579 ) ) ;
#7413 = ORIENTED_EDGE ( 'NONE', *, *, #2120, .F. ) ;
#7414 = ADVANCED_FACE ( 'NONE', ( #3037 ), #6170, .T. ) ;
#7415 = PLANE ( 'NONE',  #9570 ) ;
#7416 = ORIENTED_EDGE ( 'NONE', *, *, #4537, .F. ) ;
#7417 = LINE ( 'NONE', #2894, #336 ) ;
#7418 = EDGE_CURVE ( 'NONE', #1159, #8852, #10128, .T. ) ;
#7419 = EDGE_LOOP ( 'NONE', ( #9066, #6774, #5006, #2401 ) ) ;
#7420 = CARTESIAN_POINT ( 'NONE',  ( 0.000000000000000000, 0.000000000000000000, 0.000000000000000000 ) ) ;
#7421 = FACE_OUTER_BOUND ( 'NONE', #6069, .T. ) ;
#7422 = VERTEX_POINT ( 'NONE', #6989 ) ;
#7423 = CARTESIAN_POINT ( 'NONE',  ( 0.000000000000000000, 0.1321394030189510516, -5.622447436674693932 ) ) ;
#7424 = FILL_AREA_STYLE_COLOUR ( '', #1947 ) ;
#7425 = DIRECTION ( 'NONE',  ( -1.000000000000000000, 0.000000000000000000, 0.000000000000000000 ) ) ;
#7426 = VERTEX_POINT ( 'NONE', #1410 ) ;
#7427 = DIRECTION ( 'NONE',  ( -0.000000000000000000, 0.000000000000000000, 1.000000000000000000 ) ) ;
#7428 = DIRECTION ( 'NONE',  ( -1.000000000000000000, 0.000000000000000000, 0.000000000000000000 ) ) ;
#7429 = CIRCLE ( 'NONE', #1074, 5.624000000000004107 ) ;
#7430 = AXIS2_PLACEMENT_3D ( 'NONE', #4649, #6134, #5460 ) ;
#7431 = CARTESIAN_POINT ( 'NONE',  ( 0.000000000000000000, 0.000000000000000000, 0.000000000000000000 ) ) ;
#7432 = ORIENTED_EDGE ( 'NONE', *, *, #7614, .F. ) ;
#7433 = DIRECTION ( 'NONE',  ( -1.000000000000000000, 0.000000000000000000, 0.000000000000000000 ) ) ;
#7434 = CARTESIAN_POINT ( 'NONE',  ( 1.499999999999999556, 0.9834709102465506447, -5.551719098988201040 ) ) ;
#7435 = DIRECTION ( 'NONE',  ( 0.000000000000000000, -0.8660254037844433705, 0.4999999999999918954 ) ) ;
#7436 = CARTESIAN_POINT ( 'NONE',  ( -2.950000000000001066, 31.00000000000000000, -22.79000000000000625 ) ) ;
#7437 = CARTESIAN_POINT ( 'NONE',  ( 1.499999999999999556, 2.670274791727524022, -4.949647314371456552 ) ) ;
#7438 = ADVANCED_FACE ( 'NONE', ( #10119, #5451 ), #2329, .T. ) ;
#7439 = VECTOR ( 'NONE', #3645, 1000.000000000000000 ) ;
#7440 = VERTEX_POINT ( 'NONE', #9560 ) ;
#7441 = AXIS2_PLACEMENT_3D ( 'NONE', #1412, #7662, #7563 ) ;
#7442 = EDGE_CURVE ( 'NONE', #4308, #4480, #3345, .T. ) ;
#7443 = ORIENTED_EDGE ( 'NONE', *, *, #2777, .T. ) ;
#7444 = FACE_OUTER_BOUND ( 'NONE', #3406, .T. ) ;
#7445 = LINE ( 'NONE', #413, #7466 ) ;
#7446 = DIRECTION ( 'NONE',  ( -1.000000000000000000, 0.000000000000000000, 0.000000000000000000 ) ) ;
#7447 = AXIS2_PLACEMENT_3D ( 'NONE', #3887, #6244, #9273 ) ;
#7448 = ORIENTED_EDGE ( 'NONE', *, *, #241, .F. ) ;
#7449 = AXIS2_PLACEMENT_3D ( 'NONE', #2819, #6718, #7435 ) ;
#7450 = VECTOR ( 'NONE', #4055, 1000.000000000000000 ) ;
#7451 = ORIENTED_EDGE ( 'NONE', *, *, #7399, .F. ) ;
#7452 = AXIS2_PLACEMENT_3D ( 'NONE', #9612, #2581, #1100 ) ;
#7453 = CARTESIAN_POINT ( 'NONE',  ( 0.000000000000000000, 0.000000000000000000, 0.000000000000000000 ) ) ;
#7454 = AXIS2_PLACEMENT_3D ( 'NONE', #4666, #10100, #6197 ) ;
#7455 = EDGE_CURVE ( 'NONE', #4128, #9538, #8793, .T. ) ;
#7456 = EDGE_CURVE ( 'NONE', #5786, #8869, #8120, .T. ) ;
#7457 = CYLINDRICAL_SURFACE ( 'NONE', #616, 6.299999999999999822 ) ;
#7458 = VERTEX_POINT ( 'NONE', #5659 ) ;
#7459 = EDGE_LOOP ( 'NONE', ( #6617, #2132, #9711, #5319 ) ) ;
#7461 = DIRECTION ( 'NONE',  ( 1.000000000000000000, 0.000000000000000000, 0.000000000000000000 ) ) ;
#7460 = FACE_OUTER_BOUND ( 'NONE', #895, .T. ) ;
#7462 = EDGE_LOOP ( 'NONE', ( #5378, #6688, #8972, #4584 ) ) ;
#7463 = EDGE_CURVE ( 'NONE', #4318, #9710, #1663, .T. ) ;
#7464 = CARTESIAN_POINT ( 'NONE',  ( 0.7499999999999997780, 4.851728223352826497, 4.018797487647471023 ) ) ;
#7465 =( NAMED_UNIT ( * ) PLANE_ANGLE_UNIT ( ) SI_UNIT ( $, .RADIAN. ) );
#7466 = VECTOR ( 'NONE', #5289, 1000.000000000000000 ) ;
#7467 = ORIENTED_EDGE ( 'NONE', *, *, #3888, .T. ) ;
#7468 = DIRECTION ( 'NONE',  ( -1.000000000000000000, -0.000000000000000000, 0.000000000000000000 ) ) ;
#7469 = ORIENTED_EDGE ( 'NONE', *, *, #5822, .F. ) ;
#7470 = DIRECTION ( 'NONE',  ( -1.000000000000000000, 0.000000000000000000, 0.000000000000000000 ) ) ;
#7471 = VECTOR ( 'NONE', #3702, 1000.000000000000000 ) ;
#7472 = ORIENTED_EDGE ( 'NONE', *, *, #5190, .T. ) ;
#7473 = DIRECTION ( 'NONE',  ( -1.000000000000000000, 0.000000000000000000, 0.000000000000000000 ) ) ;
#7474 = DIRECTION ( 'NONE',  ( -1.000000000000000000, 0.000000000000000000, 0.000000000000000000 ) ) ;
#7475 = EDGE_LOOP ( 'NONE', ( #9776, #2235, #3216, #1164 ) ) ;
#7476 = CARTESIAN_POINT ( 'NONE',  ( 1.499999999999999556, -0.8515097899678667481, 1.141361939784606205 ) ) ;
#7477 = LINE ( 'NONE', #5119, #4076 ) ;
#7478 = DIRECTION ( 'NONE',  ( -1.000000000000000000, 0.000000000000000000, 0.000000000000000000 ) ) ;
#7479 = CIRCLE ( 'NONE', #6493, 1.423999999999999488 ) ;
#7480 = ORIENTED_EDGE ( 'NONE', *, *, #5304, .T. ) ;
#7481 = VECTOR ( 'NONE', #5442, 1000.000000000000000 ) ;
#7482 = DIRECTION ( 'NONE',  ( 0.000000000000000000, 0.000000000000000000, 1.000000000000000000 ) ) ;
#7483 = LINE ( 'NONE', #9432, #8806 ) ;
#7484 = AXIS2_PLACEMENT_3D ( 'NONE', #2757, #8975, #5076 ) ;
#7485 = DIRECTION ( 'NONE',  ( -3.785827102953506921E-16, 4.076790257256796332E-16, 0.9999999999999998890 ) ) ;
#7486 = CYLINDRICAL_SURFACE ( 'NONE', #5326, 1.000000000000000000 ) ;
#7487 = ORIENTED_EDGE ( 'NONE', *, *, #6348, .T. ) ;
#7488 = EDGE_CURVE ( 'NONE', #8883, #3899, #9662, .T. ) ;
#7489 = CARTESIAN_POINT ( 'NONE',  ( 1.499999999999999556, 1.690788321043816378, 0.04718953385307199377 ) ) ;
#7490 = DIRECTION ( 'NONE',  ( 0.000000000000000000, -0.9876883405951358830, -0.1564344650402419434 ) ) ;
#7491 = VECTOR ( 'NONE', #8358, 1000.000000000000000 ) ;
#7492 = DIRECTION ( 'NONE',  ( 0.000000000000000000, 0.000000000000000000, 1.000000000000000000 ) ) ;
#7493 = CARTESIAN_POINT ( 'NONE',  ( 1.499999999999999556, 0.000000000000000000, 0.000000000000000000 ) ) ;
#7494 = FACE_OUTER_BOUND ( 'NONE', #3781, .T. ) ;
#7495 =( REPRESENTATION_RELATIONSHIP ('NONE','NONE', #65, #9508 ) REPRESENTATION_RELATIONSHIP_WITH_TRANSFORMATION ( #7920 )SHAPE_REPRESENTATION_RELATIONSHIP( ) );
#7496 = ORIENTED_EDGE ( 'NONE', *, *, #5375, .F. ) ;
#7497 = LINE ( 'NONE', #1250, #5214 ) ;
#7498 = CARTESIAN_POINT ( 'NONE',  ( 1.499999999999999556, 2.434800651343077771, 5.069627381595157800 ) ) ;
#7499 = CIRCLE ( 'NONE', #6844, 5.624000000000004107 ) ;
#7500 = DIRECTION ( 'NONE',  ( -1.000000000000000000, -0.000000000000000000, 0.000000000000000000 ) ) ;
#7501 = ORIENTED_EDGE ( 'NONE', *, *, #6319, .T. ) ;
#7502 = CIRCLE ( 'NONE', #6849, 5.624000000000004107 ) ;
#7503 = EDGE_LOOP ( 'NONE', ( #9280, #3843, #3620, #10088 ) ) ;
#7504 = PRESENTATION_LAYER_ASSIGNMENT (  '', '', ( #9803 ) ) ;
#7505 = CYLINDRICAL_SURFACE ( 'NONE', #4992, 5.624000000000004107 ) ;
#7506 = VECTOR ( 'NONE', #7804, 1000.000000000000000 ) ;
#7507 = PRODUCT_RELATED_PRODUCT_CATEGORY ( 'part', '', ( #9062 ) ) ;
#7508 = EDGE_CURVE ( 'NONE', #6398, #1647, #4069, .T. ) ;
#7509 = CIRCLE ( 'NONE', #9975, 5.624000000000004995 ) ;
#7510 = DIRECTION ( 'NONE',  ( 0.000000000000000000, -0.9876883405951358830, -0.1564344650402419157 ) ) ;
#7511 = ORIENTED_EDGE ( 'NONE', *, *, #6167, .T. ) ;
#7513 = DIRECTION ( 'NONE',  ( 1.000000000000000000, -0.000000000000000000, 0.000000000000000000 ) ) ;
#7512 = CARTESIAN_POINT ( 'NONE',  ( -15.00000000000000355, -30.00000000000000000, -97.00000000000000000 ) ) ;
#7514 = PRODUCT_DEFINITION_FORMATION_WITH_SPECIFIED_SOURCE ( 'ANY', '', #1121, .NOT_KNOWN. ) ;
#7515 = VERTEX_POINT ( 'NONE', #7094 ) ;
#7516 = EDGE_CURVE ( 'NONE', #489, #9095, #1714, .T. ) ;
#7517 = CARTESIAN_POINT ( 'NONE',  ( 1.499999999999999556, 0.000000000000000000, 0.000000000000000000 ) ) ;
#7518 = ORIENTED_EDGE ( 'NONE', *, *, #8594, .T. ) ;
#7519 = EDGE_CURVE ( 'NONE', #7909, #2624, #8687, .T. ) ;
#7520 = AXIS2_PLACEMENT_3D ( 'NONE', #10091, #6442, #8864 ) ;
#7521 = CARTESIAN_POINT ( 'NONE',  ( 1.499999999999999556, 0.000000000000000000, 0.000000000000000000 ) ) ;
#7522 = ORIENTED_EDGE ( 'NONE', *, *, #6247, .T. ) ;
#7523 = DIRECTION ( 'NONE',  ( 0.000000000000000000, -1.000000000000000000, 0.000000000000000000 ) ) ;
#7524 = PRODUCT_DEFINITION_FORMATION_WITH_SPECIFIED_SOURCE ( 'ANY', '', #3399, .NOT_KNOWN. ) ;
#7525 = AXIS2_PLACEMENT_3D ( 'NONE', #2817, #9746, #5177 ) ;
#7526 = EDGE_CURVE ( 'NONE', #1841, #3879, #2266, .T. ) ;
#7527 = ORIENTED_EDGE ( 'NONE', *, *, #8403, .F. ) ;
#7528 = CARTESIAN_POINT ( 'NONE',  ( 0.000000000000000000, 0.000000000000000000, 0.000000000000000000 ) ) ;
#7529 = DIRECTION ( 'NONE',  ( 0.000000000000000000, 0.000000000000000000, 1.000000000000000000 ) ) ;
#7530 = ORIENTED_EDGE ( 'NONE', *, *, #3785, .F. ) ;
#7531 = CARTESIAN_POINT ( 'NONE',  ( 0.000000000000000000, -2.467573931392872399, -5.069504796178998518 ) ) ;
#7532 = EDGE_CURVE ( 'NONE', #486, #9526, #9484, .T. ) ;
#7533 = CARTESIAN_POINT ( 'NONE',  ( -12.00000000000000355, 40.00000000000000000, -11.99999999999999822 ) ) ;
#7534 = DIRECTION ( 'NONE',  ( -1.000000000000000000, 0.000000000000000000, 0.000000000000000000 ) ) ;
#7535 = EDGE_LOOP ( 'NONE', ( #9851, #5163, #10112, #5976 ) ) ;
#7536 = CARTESIAN_POINT ( 'NONE',  ( 1.499999999999999556, 4.851728223352881564, -4.018797487647405298 ) ) ;
#7537 = FACE_BOUND ( 'NONE', #7080, .T. ) ;
#7538 = CIRCLE ( 'NONE', #9337, 2.399999999999999023 ) ;
#7539 = PRODUCT_CONTEXT ( 'NONE', #6313, 'mechanical' ) ;
#7540 = CARTESIAN_POINT ( 'NONE',  ( 1.499999999999999556, 4.728296930903218787, 4.163316962856803194 ) ) ;
#7541 = ORIENTED_EDGE ( 'NONE', *, *, #4580, .F. ) ;
#7542 = CYLINDRICAL_SURFACE ( 'NONE', #7525, 1.000000000000000888 ) ;
#7543 = DIRECTION ( 'NONE',  ( 0.000000000000000000, 0.5000000000000007772, -0.8660254037844381525 ) ) ;
#7544 = DIRECTION ( 'NONE',  ( -1.000000000000000000, 0.000000000000000000, -0.000000000000000000 ) ) ;
#7545 = FACE_OUTER_BOUND ( 'NONE', #3505, .T. ) ;
#7546 = CARTESIAN_POINT ( 'NONE',  ( 1.499999999999999556, -0.5889709714759854275, 6.272408882937927643 ) ) ;
#7547 = CIRCLE ( 'NONE', #6550, 2.399999999999999911 ) ;
#7548 = ADVANCED_FACE ( 'NONE', ( #5556, #4024 ), #886, .F. ) ;
#7549 = AXIS2_PLACEMENT_3D ( 'NONE', #4102, #4155, #4866 ) ;
#7550 = CIRCLE ( 'NONE', #7710, 1.000000000000000000 ) ;
#7551 = ORIENTED_EDGE ( 'NONE', *, *, #4250, .F. ) ;
#7552 = DIRECTION ( 'NONE',  ( -1.000000000000000000, 0.000000000000000000, -0.000000000000000000 ) ) ;
#7553 = DIRECTION ( 'NONE',  ( -1.000000000000000000, -0.000000000000000000, 0.000000000000000000 ) ) ;
#7554 = DIRECTION ( 'NONE',  ( 0.000000000000000000, 0.9510565162951521989, 0.3090169943749513926 ) ) ;
#7555 = CARTESIAN_POINT ( 'NONE',  ( 0.000000000000000000, -1.690788321043816822, 0.6728104661469401782 ) ) ;
#7556 = VERTEX_POINT ( 'NONE', #6376 ) ;
#7557 = AXIS2_PLACEMENT_3D ( 'NONE', #9991, #5987, #5313 ) ;
#7558 = VECTOR ( 'NONE', #4695, 1000.000000000000000 ) ;
#7559 = ORIENTED_EDGE ( 'NONE', *, *, #7589, .F. ) ;
#7560 = DIRECTION ( 'NONE',  ( -1.000000000000000000, -0.000000000000000000, 0.000000000000000000 ) ) ;
#7561 =( LENGTH_UNIT ( ) NAMED_UNIT ( * ) SI_UNIT ( .MILLI., .METRE. ) );
#7562 = EDGE_LOOP ( 'NONE', ( #2842, #1207, #471, #9261 ) ) ;
#7564 = FILL_AREA_STYLE_COLOUR ( '', #8879 ) ;
#7563 = DIRECTION ( 'NONE',  ( 0.000000000000000000, 0.000000000000000000, 1.000000000000000000 ) ) ;
#7565 = VECTOR ( 'NONE', #1715, 1000.000000000000000 ) ;
#7566 = VERTEX_POINT ( 'NONE', #8734 ) ;
#7567 = CARTESIAN_POINT ( 'NONE',  ( 1.499999999999999556, -5.583907850472554557, -0.7802391318067171122 ) ) ;
#7568 = FILL_AREA_STYLE_COLOUR ( '', #8320 ) ;
#7569 = EDGE_CURVE ( 'NONE', #7571, #3479, #6474, .T. ) ;
#7570 = AXIS2_PLACEMENT_3D ( 'NONE', #7127, #3172, #9437 ) ;
#7571 = VERTEX_POINT ( 'NONE', #5608 ) ;
#7572 = CIRCLE ( 'NONE', #8889, 5.624000000000004107 ) ;
#7573 = CIRCLE ( 'NONE', #7052, 2.400000000000000355 ) ;
#7574 = CARTESIAN_POINT ( 'NONE',  ( 1.499999999999999556, 0.3995011666401682704, 6.287320479970234466 ) ) ;
#7575 = ORIENTED_EDGE ( 'NONE', *, *, #4635, .T. ) ;
#7576 = CARTESIAN_POINT ( 'NONE',  ( 1.499999999999999556, -5.637216970057037813, 0.1028825440610547787 ) ) ;
#7577 = ORIENTED_EDGE ( 'NONE', *, *, #1554, .T. ) ;
#7578 = DIRECTION ( 'NONE',  ( 1.000000000000000000, 0.000000000000000000, 0.000000000000000000 ) ) ;
#7579 = ADVANCED_FACE ( 'NONE', ( #2479 ), #7961, .F. ) ;
#7580 = DIRECTION ( 'NONE',  ( 0.000000000000000000, -0.1564344650402383352, 0.9876883405951366601 ) ) ;
#7581 = EDGE_LOOP ( 'NONE', ( #7870, #4043, #1156, #7443 ) ) ;
#7582 = DIRECTION ( 'NONE',  ( 0.000000000000000000, -0.5000000000000069944, 0.8660254037844345998 ) ) ;
#7583 = DIRECTION ( 'NONE',  ( -1.000000000000000000, -0.000000000000000000, 0.000000000000000000 ) ) ;
#7584 = CARTESIAN_POINT ( 'NONE',  ( 1.499999999999999556, 0.000000000000000000, 0.000000000000000000 ) ) ;
#7585 = ORIENTED_EDGE ( 'NONE', *, *, #6512, .T. ) ;
#7586 =( NAMED_UNIT ( * ) PLANE_ANGLE_UNIT ( ) SI_UNIT ( $, .RADIAN. ) );
#7587 = EDGE_CURVE ( 'NONE', #9526, #5539, #169, .T. ) ;
#7588 = CARTESIAN_POINT ( 'NONE',  ( 0.000000000000000000, -4.058863291118557370, 3.913365401975871904 ) ) ;
#7589 = EDGE_CURVE ( 'NONE', #133, #7269, #1612, .T. ) ;
#7590 = PRODUCT_CONTEXT ( 'NONE', #9788, 'mechanical' ) ;
#7591 = CARTESIAN_POINT ( 'NONE',  ( 1.499999999999999556, 5.622447436674695709, -0.1321394030189003421 ) ) ;
#7592 = ORIENTED_EDGE ( 'NONE', *, *, #8183, .T. ) ;
#7593 = CARTESIAN_POINT ( 'NONE',  ( 0.7499999999999997780, -4.018797487647422173, -4.851728223352867353 ) ) ;
#7594 = CARTESIAN_POINT ( 'NONE',  ( 1.499999999999999556, -5.306431951017040127, -1.863103848212852354 ) ) ;
#7595 = CARTESIAN_POINT ( 'NONE',  ( 1.499999999999999556, 5.069504796178972761, 2.467573931392919917 ) ) ;
#7596 = DIRECTION ( 'NONE',  ( -1.000000000000000000, 0.000000000000000000, 0.000000000000000000 ) ) ;
#7597 =( NAMED_UNIT ( * ) SI_UNIT ( $, .STERADIAN. ) SOLID_ANGLE_UNIT ( ) );
#7598 = EDGE_CURVE ( 'NONE', #6351, #7036, #6195, .T. ) ;
#7599 = AXIS2_PLACEMENT_3D ( 'NONE', #5622, #2393, #6439 ) ;
#7600 = ORIENTED_EDGE ( 'NONE', *, *, #5437, .F. ) ;
#7601 = LINE ( 'NONE', #569, #3087 ) ;
#7602 = CARTESIAN_POINT ( 'NONE',  ( 0.000000000000000000, 6.147417380365317818, 1.378136260165298665 ) ) ;
#7603 = AXIS2_PLACEMENT_3D ( 'NONE', #8983, #6878, #3695 ) ;
#7604 = FACE_OUTER_BOUND ( 'NONE', #3648, .T. ) ;
#7605 = DIRECTION ( 'NONE',  ( -1.000000000000000000, 0.000000000000000000, -0.000000000000000000 ) ) ;
#7606 = EDGE_CURVE ( 'NONE', #5360, #1780, #5708, .T. ) ;
#7607 = VERTEX_POINT ( 'NONE', #8270 ) ;
#7608 = EDGE_LOOP ( 'NONE', ( #1505, #4386, #6993, #3190 ) ) ;
#7609 = CARTESIAN_POINT ( 'NONE',  ( 0.000000000000000000, -3.411694707735812404, -4.470985933908481869 ) ) ;
#7610 = EDGE_CURVE ( 'NONE', #2702, #8802, #1913, .T. ) ;
#7611 = AXIS2_PLACEMENT_3D ( 'NONE', #9321, #3939, #9171 ) ;
#7612 = VERTEX_POINT ( 'NONE', #6571 ) ;
#7613 = DIRECTION ( 'NONE',  ( 0.000000000000000000, 0.000000000000000000, 1.000000000000000000 ) ) ;
#7614 = EDGE_CURVE ( 'NONE', #531, #7043, #7497, .T. ) ;
#7615 = ORIENTED_EDGE ( 'NONE', *, *, #6335, .T. ) ;
#7616 = DIRECTION ( 'NONE',  ( -1.000000000000000000, 0.000000000000000000, 0.000000000000000000 ) ) ;
#7617 = CARTESIAN_POINT ( 'NONE',  ( 7.589415207398531038E-15, 2.602085213965210642E-15, -1.500000000000001332 ) ) ;
#7618 = AXIS2_PLACEMENT_3D ( 'NONE', #1914, #1963, #5814 ) ;
#7619 = ORIENTED_EDGE ( 'NONE', *, *, #6698, .T. ) ;
#7620 = FILL_AREA_STYLE ('',( #2180 ) ) ;
#7621 = ORIENTED_EDGE ( 'NONE', *, *, #6753, .F. ) ;
#7622 = DIRECTION ( 'NONE',  ( 0.000000000000000000, 0.000000000000000000, 1.000000000000000000 ) ) ;
#7623 = EDGE_CURVE ( 'NONE', #5588, #4847, #6522, .T. ) ;
#7624 = ORIENTED_EDGE ( 'NONE', *, *, #9968, .T. ) ;
#7625 = CARTESIAN_POINT ( 'NONE',  ( 1.499999999999999556, 6.287320479970234466, 0.3995011666401852013 ) ) ;
#7626 = CARTESIAN_POINT ( 'NONE',  ( 0.7499999999999997780, 5.321370011402306588, 3.372391021478412743 ) ) ;
#7627 = VERTEX_POINT ( 'NONE', #8313 ) ;
#7628 = CARTESIAN_POINT ( 'NONE',  ( 0.7499999999999997780, -2.013522966163056704, -0.5964270824953601391 ) ) ;
#7629 = CARTESIAN_POINT ( 'NONE',  ( 0.000000000000000000, 0.000000000000000000, 0.000000000000000000 ) ) ;
#7630 = FACE_OUTER_BOUND ( 'NONE', #1950, .T. ) ;
#7631 = ORIENTED_EDGE ( 'NONE', *, *, #3358, .F. ) ;
#7632 = ORIENTED_EDGE ( 'NONE', *, *, #2992, .T. ) ;
#7633 = DIRECTION ( 'NONE',  ( -1.000000000000000000, 0.000000000000000000, -0.000000000000000000 ) ) ;
#7634 = LINE ( 'NONE', #2812, #587 ) ;
#7635 = AXIS2_PLACEMENT_3D ( 'NONE', #9091, #6726, #1352 ) ;
#7636 = EDGE_CURVE ( 'NONE', #8282, #536, #7834, .T. ) ;
#7637 = APPLICATION_PROTOCOL_DEFINITION ( 'draft international standard', 'automotive_design', 1998, #4358 ) ;
#7638 = DIRECTION ( 'NONE',  ( -1.000000000000000000, 0.000000000000000000, 0.000000000000000000 ) ) ;
#7639 = VECTOR ( 'NONE', #600, 1000.000000000000000 ) ;
#7640 = ORIENTED_EDGE ( 'NONE', *, *, #9092, .F. ) ;
#7641 = DIRECTION ( 'NONE',  ( 0.000000000000000000, -6.866613759074863256E-15, 1.000000000000000000 ) ) ;
#7642 = LINE ( 'NONE', #9382, #4381 ) ;
#7643 = CARTESIAN_POINT ( 'NONE',  ( -16.00000000000000355, 0.000000000000000000, -0.000000000000000000 ) ) ;
#7644 = CARTESIAN_POINT ( 'NONE',  ( 1.499999999999999556, -3.210341912621596183, -5.420673833027137789 ) ) ;
#7645 = DIRECTION ( 'NONE',  ( -1.000000000000000000, 0.000000000000000000, 0.000000000000000000 ) ) ;
#7646 = CARTESIAN_POINT ( 'NONE',  ( 7.500000000000000000, -7.500000000000000000, 1.000000000000000000 ) ) ;
#7647 = CIRCLE ( 'NONE', #5845, 1.000000000000000888 ) ;
#7648 = EDGE_CURVE ( 'NONE', #692, #3551, #2920, .T. ) ;
#7649 = AXIS2_PLACEMENT_3D ( 'NONE', #7588, #5895, #550 ) ;
#7650 = EDGE_CURVE ( 'NONE', #1611, #3963, #5547, .T. ) ;
#7651 = AXIS2_PLACEMENT_3D ( 'NONE', #2865, #8307, #9179 ) ;
#7652 = EDGE_CURVE ( 'NONE', #9031, #9819, #4579, .T. ) ;
#7653 = VERTEX_POINT ( 'NONE', #6725 ) ;
#7654 = CARTESIAN_POINT ( 'NONE',  ( 1.499999999999999556, -1.523282488027544179, 1.445548498552924777 ) ) ;
#7655 = FACE_OUTER_BOUND ( 'NONE', #1053, .T. ) ;
#7656 = DIRECTION ( 'NONE',  ( -1.000000000000000000, 0.000000000000000000, 0.000000000000000000 ) ) ;
#7657 = CARTESIAN_POINT ( 'NONE',  ( 1.499999999999999556, -1.414203329750088667, 0.1667481397910048901 ) ) ;
#7658 = ORIENTED_EDGE ( 'NONE', *, *, #7015, .T. ) ;
#7659 = FACE_OUTER_BOUND ( 'NONE', #4239, .T. ) ;
#7660 = CARTESIAN_POINT ( 'NONE',  ( 1.499999999999999556, 3.411694707735903442, -4.470985933908411702 ) ) ;
#7661 = ORIENTED_EDGE ( 'NONE', *, *, #4196, .T. ) ;
#7663 = CARTESIAN_POINT ( 'NONE',  ( 1.499999999999999556, 4.949647314371517837, -2.670274791727410779 ) ) ;
#7662 = DIRECTION ( 'NONE',  ( -1.000000000000000000, -0.000000000000000000, -0.000000000000000000 ) ) ;
#7664 = VERTEX_POINT ( 'NONE', #9133 ) ;
#7665 = DIRECTION ( 'NONE',  ( -1.000000000000000000, 0.000000000000000000, -0.000000000000000000 ) ) ;
#7666 = CARTESIAN_POINT ( 'NONE',  ( 0.000000000000000000, 0.000000000000000000, 0.000000000000000000 ) ) ;
#7667 = VERTEX_POINT ( 'NONE', #2056 ) ;
#7668 = AXIS2_PLACEMENT_3D ( 'NONE', #9442, #3074, #6205 ) ;
#7669 = DIRECTION ( 'NONE',  ( -1.000000000000000000, -0.000000000000000000, 0.000000000000000000 ) ) ;
#7670 = ORIENTED_EDGE ( 'NONE', *, *, #7957, .F. ) ;
#7671 = CARTESIAN_POINT ( 'NONE',  ( 0.000000000000000000, 6.103049762276119061, -1.562940689591709287 ) ) ;
#7672 = CIRCLE ( 'NONE', #9480, 2.100000000000000089 ) ;
#7673 = EDGE_CURVE ( 'NONE', #5299, #9710, #3749, .T. ) ;
#7674 = PRODUCT ( 'spur gear_am12_Metric - Spur gear 0.3M 40T 20PA 1.5FW ---S40N75H50L2N', 'spur gear_am12_Metric - Spur gear 0.3M 40T 20PA 1.5FW ---S40N75H50L2N', '', ( #8457 ) ) ;
#7675 = MECHANICAL_DESIGN_GEOMETRIC_PRESENTATION_REPRESENTATION (  '', ( #297 ), #4399 ) ;
#7676 = AXIS2_PLACEMENT_3D ( 'NONE', #1197, #2772, #8988 ) ;
#7677 = ORIENTED_EDGE ( 'NONE', *, *, #1446, .F. ) ;
#7678 = LINE ( 'NONE', #6140, #4040 ) ;
#7679 = DIRECTION ( 'NONE',  ( 1.000000000000000000, 0.000000000000000000, 0.000000000000000000 ) ) ;
#7680 = ORIENTED_EDGE ( 'NONE', *, *, #5247, .F. ) ;
#7681 = LINE ( 'NONE', #6908, #8390 ) ;
#7682 = DIRECTION ( 'NONE',  ( -1.000000000000000000, -0.000000000000000000, -0.000000000000000000 ) ) ;
#7683 = DIRECTION ( 'NONE',  ( -1.000000000000000000, 0.000000000000000000, 0.000000000000000000 ) ) ;
#7684 = VECTOR ( 'NONE', #1442, 1000.000000000000000 ) ;
#7685 = VERTEX_POINT ( 'NONE', #5860 ) ;
#7686 = PRODUCT_DEFINITION_FORMATION_WITH_SPECIFIED_SOURCE ( 'ANY', '', #9062, .NOT_KNOWN. ) ;
#7687 = ORIENTED_EDGE ( 'NONE', *, *, #1764, .T. ) ;
#7688 = DIRECTION ( 'NONE',  ( 0.000000000000000000, 0.000000000000000000, -1.000000000000000000 ) ) ;
#7689 = FACE_OUTER_BOUND ( 'NONE', #9186, .T. ) ;
#7690 = CIRCLE ( 'NONE', #4415, 6.299999999999999822 ) ;
#7691 = LINE ( 'NONE', #8409, #3696 ) ;
#7692 = VERTEX_POINT ( 'NONE', #7398 ) ;
#7693 = DIRECTION ( 'NONE',  ( -1.000000000000000000, -0.000000000000000000, -0.000000000000000000 ) ) ;
#7694 = DIRECTION ( 'NONE',  ( -1.000000000000000000, 0.000000000000000000, -0.000000000000000000 ) ) ;
#7695 = FACE_OUTER_BOUND ( 'NONE', #7581, .T. ) ;
#7696 = DIRECTION ( 'NONE',  ( 0.000000000000000000, -0.4539904997395541875, 0.8910065241883641241 ) ) ;
#7697 = CARTESIAN_POINT ( 'NONE',  ( 0.7499999999999997780, 1.562940689591853838, -6.103049762276081758 ) ) ;
#7698 = CARTESIAN_POINT ( 'NONE',  ( -15.00000000000000355, 30.00000000000000000, -97.00000000000000000 ) ) ;
#7699 = ADVANCED_FACE ( 'NONE', ( #5187 ), #6775, .T. ) ;
#7700 = AXIS2_PLACEMENT_3D ( 'NONE', #7493, #8982, #6563 ) ;
#7701 = VERTEX_POINT ( 'NONE', #9043 ) ;
#7702 = CARTESIAN_POINT ( 'NONE',  ( 1.499999999999999556, 0.000000000000000000, 0.000000000000000000 ) ) ;
#7703 = CARTESIAN_POINT ( 'NONE',  ( 1.499999999999999556, -5.069627381595165794, 2.434800651343059119 ) ) ;
#7704 = CYLINDRICAL_SURFACE ( 'NONE', #6792, 1.000000000000000888 ) ;
#7705 = EDGE_CURVE ( 'NONE', #6847, #3467, #6367, .T. ) ;
#7706 = CIRCLE ( 'NONE', #2468, 5.624000000000004995 ) ;
#7707 = VERTEX_POINT ( 'NONE', #3495 ) ;
#7708 = EDGE_CURVE ( 'NONE', #416, #771, #8332, .T. ) ;
#7709 = DIRECTION ( 'NONE',  ( 0.000000000000000000, 0.000000000000000000, 1.000000000000000000 ) ) ;
#7710 = AXIS2_PLACEMENT_3D ( 'NONE', #545, #8555, #2953 ) ;
#7711 = EDGE_CURVE ( 'NONE', #6217, #489, #6012, .T. ) ;
#7712 = LINE ( 'NONE', #10072, #7191 ) ;
#7713 = ORIENTED_EDGE ( 'NONE', *, *, #4226, .T. ) ;
#7714 = CIRCLE ( 'NONE', #6147, 5.624000000000004107 ) ;
#7716 = DIRECTION ( 'NONE',  ( -1.000000000000000000, -0.000000000000000000, -0.000000000000000000 ) ) ;
#7715 = LINE ( 'NONE', #677, #1553 ) ;
#7717 = ORIENTED_EDGE ( 'NONE', *, *, #549, .F. ) ;
#7718 = CARTESIAN_POINT ( 'NONE',  ( 1.499999999999999556, 3.411694707735845711, 4.470985933908456111 ) ) ;
#7719 = ORIENTED_EDGE ( 'NONE', *, *, #8366, .T. ) ;
#7720 = EDGE_CURVE ( 'NONE', #7763, #8508, #2111, .T. ) ;
#7721 = AXIS2_PLACEMENT_3D ( 'NONE', #3002, #8345, #4608 ) ;
#7722 = ORIENTED_EDGE ( 'NONE', *, *, #2194, .F. ) ;
#7723 = LINE ( 'NONE', #9362, #3128 ) ;
#7724 = ADVANCED_FACE ( 'NONE', ( #2013 ), #4275, .T. ) ;
#7725 = ORIENTED_EDGE ( 'NONE', *, *, #3243, .T. ) ;
#7726 = AXIS2_PLACEMENT_3D ( 'NONE', #7097, #2483, #5713 ) ;
#7727 = CARTESIAN_POINT ( 'NONE',  ( 0.000000000000000000, 1.141361939784609092, 0.8515097899678625293 ) ) ;
#7728 = FACE_OUTER_BOUND ( 'NONE', #6017, .T. ) ;
#7729 = ORIENTED_EDGE ( 'NONE', *, *, #4761, .T. ) ;
#7730 = CARTESIAN_POINT ( 'NONE',  ( 1.499999999999999556, -4.626325118590943752, 3.197888662398134851 ) ) ;
#7731 = CIRCLE ( 'NONE', #9045, 1.000000000000000000 ) ;
#7732 = DIRECTION ( 'NONE',  ( 1.000000000000000000, 0.000000000000000000, -0.000000000000000000 ) ) ;
#7733 = DIRECTION ( 'NONE',  ( -1.000000000000000000, -0.000000000000000000, 0.000000000000000000 ) ) ;
#7734 = EDGE_CURVE ( 'NONE', #7763, #10064, #9813, .T. ) ;
#7735 = ORIENTED_EDGE ( 'NONE', *, *, #6373, .T. ) ;
#7736 = VERTEX_POINT ( 'NONE', #4319 ) ;
#7737 = FACE_OUTER_BOUND ( 'NONE', #5772, .T. ) ;
#7738 = CARTESIAN_POINT ( 'NONE',  ( 1.499999999999999556, -1.611759767611888883, 5.388098593335846509 ) ) ;
#7739 = CIRCLE ( 'NONE', #1191, 5.624000000000003219 ) ;
#7740 = ADVANCED_FACE ( 'NONE', ( #7444 ), #412, .T. ) ;
#7741 = CIRCLE ( 'NONE', #2008, 1.000000000000000888 ) ;
#7742 = CARTESIAN_POINT ( 'NONE',  ( 1.499999999999999556, -5.329519478602947835, -1.839842958668838291 ) ) ;
#7743 = VERTEX_POINT ( 'NONE', #7751 ) ;
#7744 = DIRECTION ( 'NONE',  ( 0.000000000000000000, 0.000000000000000000, 1.000000000000000000 ) ) ;
#7745 = DIRECTION ( 'NONE',  ( 0.000000000000000000, 0.000000000000000000, 1.000000000000000000 ) ) ;
#7746 = CARTESIAN_POINT ( 'NONE',  ( 0.7499999999999997780, -4.163316962856757897, -4.728296930903257866 ) ) ;
#7747 = CARTESIAN_POINT ( 'NONE',  ( 1.499999999999999556, -5.329519478602947835, -1.839842958668838291 ) ) ;
#7748 = DIRECTION ( 'NONE',  ( -1.000000000000000000, 0.000000000000000000, -0.000000000000000000 ) ) ;
#7749 = VERTEX_POINT ( 'NONE', #4481 ) ;
#7750 = EDGE_CURVE ( 'NONE', #8955, #7707, #2271, .T. ) ;
#7751 = CARTESIAN_POINT ( 'NONE',  ( 1.499999999999999556, -6.103049762276109291, 1.562940689591749477 ) ) ;
#7752 = LINE ( 'NONE', #5394, #1256 ) ;
#7753 = CARTESIAN_POINT ( 'NONE',  ( 0.000000000000000000, 0.000000000000000000, 0.000000000000000000 ) ) ;
#7754 = DIRECTION ( 'NONE',  ( -0.000000000000000000, -1.000000000000000000, 0.000000000000000000 ) ) ;
#7755 = ORIENTED_EDGE ( 'NONE', *, *, #1, .T. ) ;
#7756 = AXIS2_PLACEMENT_3D ( 'NONE', #1624, #4037, #5724 ) ;
#7757 = EDGE_CURVE ( 'NONE', #1982, #9058, #3080, .T. ) ;
#7758 = VECTOR ( 'NONE', #1542, 1000.000000000000000 ) ;
#7759 = CARTESIAN_POINT ( 'NONE',  ( -15.00000000000000355, -30.00000000000000000, -97.00000000000000000 ) ) ;
#7760 = ORIENTED_EDGE ( 'NONE', *, *, #10084, .T. ) ;
#7762 = CARTESIAN_POINT ( 'NONE',  ( 1.499999999999999556, 6.287320479970232689, -0.3995011666401908079 ) ) ;
#7761 = CYLINDRICAL_SURFACE ( 'NONE', #4014, 2.399999999999999467 ) ;
#7763 = VERTEX_POINT ( 'NONE', #9187 ) ;
#7764 = DIRECTION ( 'NONE',  ( 0.000000000000000000, 1.000000000000000000, 3.614007241618348376E-15 ) ) ;
#7765 = ORIENTED_EDGE ( 'NONE', *, *, #8097, .F. ) ;
#7766 = EDGE_CURVE ( 'NONE', #4405, #7972, #980, .T. ) ;
#7767 = PRESENTATION_LAYER_ASSIGNMENT (  '', '', ( #3342 ) ) ;
#7768 = FACE_OUTER_BOUND ( 'NONE', #8547, .T. ) ;
#7769 = EDGE_LOOP ( 'NONE', ( #3803, #40, #2116, #175 ) ) ;
#7770 = CARTESIAN_POINT ( 'NONE',  ( 11.99999999999999645, 40.00000000000000000, 12.00000000000000178 ) ) ;
#7771 = EDGE_CURVE ( 'NONE', #8193, #7743, #4249, .T. ) ;
#7772 = EDGE_CURVE ( 'NONE', #5059, #3815, #3422, .T. ) ;
#7773 = ORIENTED_EDGE ( 'NONE', *, *, #4594, .F. ) ;
#7774 = AXIS2_PLACEMENT_3D ( 'NONE', #8381, #4544, #2785 ) ;
#7775 = DIRECTION ( 'NONE',  ( 0.000000000000000000, -0.7071067811865537900, 0.7071067811865414665 ) ) ;
#7776 = CARTESIAN_POINT ( 'NONE',  ( 1.499999999999999556, -1.308110079575627971, 0.5626935397822188101 ) ) ;
#7777 = ORIENTED_EDGE ( 'NONE', *, *, #8366, .F. ) ;
#7778 = CARTESIAN_POINT ( 'NONE',  ( 0.000000000000000000, 0.04718953385304239245, 1.690788321043817710 ) ) ;
#7779 = DIRECTION ( 'NONE',  ( 0.000000000000000000, -1.000000000000000000, 0.000000000000000000 ) ) ;
#7780 = DIRECTION ( 'NONE',  ( -1.000000000000000000, -0.000000000000000000, 0.000000000000000000 ) ) ;
#7781 = EDGE_LOOP ( 'NONE', ( #5232, #5968, #2888, #4189 ) ) ;
#7782 = ORIENTED_EDGE ( 'NONE', *, *, #6422, .F. ) ;
#7783 = CARTESIAN_POINT ( 'NONE',  ( 0.06137469101172798175, 19.99999999999999645, -0.9981147966557830653 ) ) ;
#7784 = CARTESIAN_POINT ( 'NONE',  ( 1.499999999999999556, -5.388098593335840292, -1.611759767611907535 ) ) ;
#7785 = AXIS2_PLACEMENT_3D ( 'NONE', #4245, #4395, #335 ) ;
#7786 = PLANE ( 'NONE',  #3031 ) ;
#7787 = VERTEX_POINT ( 'NONE', #1401 ) ;
#7788 = DIRECTION ( 'NONE',  ( 1.000000000000000000, 0.000000000000000000, 0.000000000000000000 ) ) ;
#7789 = CARTESIAN_POINT ( 'NONE',  ( 1.499999999999999556, 1.611759767611858019, 5.388098593335855391 ) ) ;
#7790 = LINE ( 'NONE', #656, #5552 ) ;
#7791 = DIRECTION ( 'NONE',  ( 0.000000000000000000, 0.000000000000000000, -1.000000000000000000 ) ) ;
#7792 = DIRECTION ( 'NONE',  ( -1.000000000000000000, 0.000000000000000000, 0.000000000000000000 ) ) ;
#7793 = VECTOR ( 'NONE', #4653, 1000.000000000000000 ) ;
#7794 = CIRCLE ( 'NONE', #1252, 6.300000000000000711 ) ;
#7795 = ADVANCED_FACE ( 'NONE', ( #10113 ), #1449, .T. ) ;
#7796 = VERTEX_POINT ( 'NONE', #3754 ) ;
#7797 = DIRECTION ( 'NONE',  ( 0.000000000000000000, 0.000000000000000000, 1.000000000000000000 ) ) ;
#7798 = LINE ( 'NONE', #2216, #5346 ) ;
#7799 = AXIS2_PLACEMENT_3D ( 'NONE', #5340, #3905, #3081 ) ;
#7800 = CARTESIAN_POINT ( 'NONE',  ( 0.000000000000000000, 5.622447436674695709, 0.1321394030188921542 ) ) ;
#7801 = DIRECTION ( 'NONE',  ( -1.000000000000000000, -0.000000000000000000, 0.000000000000000000 ) ) ;
#7802 = VECTOR ( 'NONE', #2416, 1000.000000000000000 ) ;
#7803 = ORIENTED_EDGE ( 'NONE', *, *, #2507, .T. ) ;
#7804 = DIRECTION ( 'NONE',  ( -1.000000000000000000, 0.000000000000000000, -0.000000000000000000 ) ) ;
#7805 = CARTESIAN_POINT ( 'NONE',  ( 1.499999999999999556, -0.1028825440610348224, -5.637216970057037813 ) ) ;
#7807 =( NAMED_UNIT ( * ) SI_UNIT ( $, .STERADIAN. ) SOLID_ANGLE_UNIT ( ) );
#7806 = CARTESIAN_POINT ( 'NONE',  ( 0.000000000000000000, 2.434800651343140387, -5.069627381595127602 ) ) ;
#7808 = ORIENTED_EDGE ( 'NONE', *, *, #3561, .T. ) ;
#7809 = CARTESIAN_POINT ( 'NONE',  ( 1.499999999999999556, -2.467573931392937681, 5.069504796178963879 ) ) ;
#7810 =( LENGTH_UNIT ( ) NAMED_UNIT ( * ) SI_UNIT ( .MILLI., .METRE. ) );
#7811 = VERTEX_POINT ( 'NONE', #3701 ) ;
#7812 = PRODUCT_DEFINITION ( 'UNKNOWN', '', #1951, #9704 ) ;
#7813 = EDGE_CURVE ( 'NONE', #3467, #6865, #9340, .T. ) ;
#7814 = DIRECTION ( 'NONE',  ( -1.000000000000000000, 0.000000000000000000, -0.000000000000000000 ) ) ;
#7815 = CIRCLE ( 'NONE', #283, 2.399999999999999911 ) ;
#7816 = DIRECTION ( 'NONE',  ( 0.000000000000000000, 0.000000000000000000, 1.000000000000000000 ) ) ;
#7817 = ITEM_DEFINED_TRANSFORMATION ( 'NONE', 'NONE', #1619,  #6402 ) ;
#7818 = EDGE_CURVE ( 'NONE', #7403, #9526, #5386, .T. ) ;
#7819 = VERTEX_POINT ( 'NONE', #7654 ) ;
#7820 = CARTESIAN_POINT ( 'NONE',  ( 1.499999999999999556, -2.434800651343107081, 5.069627381595143589 ) ) ;
#7821 = CYLINDRICAL_SURFACE ( 'NONE', #24, 6.299999999999999822 ) ;
#7822 = VERTEX_POINT ( 'NONE', #5339 ) ;
#7823 = FACE_OUTER_BOUND ( 'NONE', #9706, .T. ) ;
#7824 = DIRECTION ( 'NONE',  ( 0.000000000000000000, -0.4539904997395350916, -0.8910065241883737830 ) ) ;
#7825 = FACE_OUTER_BOUND ( 'NONE', #3771, .T. ) ;
#7826 = EDGE_CURVE ( 'NONE', #2863, #7653, #6051, .T. ) ;
#7827 = EDGE_LOOP ( 'NONE', ( #9048, #8246, #4050, #4203 ) ) ;
#7828 = AXIS2_PLACEMENT_3D ( 'NONE', #8635, #834, #3199 ) ;
#7829 = ORIENTED_EDGE ( 'NONE', *, *, #61, .F. ) ;
#7830 = LINE ( 'NONE', #5475, #6622 ) ;
#7831 = EDGE_CURVE ( 'NONE', #5047, #4146, #4585, .T. ) ;
#7832 = DIRECTION ( 'NONE',  ( -0.000000000000000000, -1.000000000000000000, -0.000000000000000000 ) ) ;
#7833 = STYLED_ITEM ( 'NONE', ( #7085 ), #6734 ) ;
#7834 = CIRCLE ( 'NONE', #7344, 0.7200000000000005285 ) ;
#7835 = ADVANCED_FACE ( 'NONE', ( #8368 ), #6113, .T. ) ;
#7836 = DIRECTION ( 'NONE',  ( -1.000000000000000000, 0.000000000000000000, 0.000000000000000000 ) ) ;
#7837 = AXIS2_PLACEMENT_3D ( 'NONE', #9167, #5168, #6803 ) ;
#7838 = VERTEX_POINT ( 'NONE', #5393 ) ;
#7839 = CARTESIAN_POINT ( 'NONE',  ( 0.000000000000000000, 0.000000000000000000, 0.000000000000000000 ) ) ;
#7840 = CARTESIAN_POINT ( 'NONE',  ( 1.499999999999999556, -4.949647314371465434, -2.670274791727508923 ) ) ;
#7841 = DIRECTION ( 'NONE',  ( -1.000000000000000000, 0.000000000000000000, 0.000000000000000000 ) ) ;
#7842 = CIRCLE ( 'NONE', #1138, 2.399999999999999467 ) ;
#7843 = CARTESIAN_POINT ( 'NONE',  ( 0.000000000000000000, -5.783413301606110224, -2.498425620827147586 ) ) ;
#7844 = CARTESIAN_POINT ( 'NONE',  ( 0.7499999999999997780, -6.272408882937934749, 0.5889709714759242543 ) ) ;
#7845 = CARTESIAN_POINT ( 'NONE',  ( 1.499999999999999556, 0.000000000000000000, 0.000000000000000000 ) ) ;
#7846 = CIRCLE ( 'NONE', #5717, 6.299999999999999822 ) ;
#7847 = ORIENTED_EDGE ( 'NONE', *, *, #900, .F. ) ;
#7848 = VERTEX_POINT ( 'NONE', #1548 ) ;
#7849 = DIRECTION ( 'NONE',  ( -1.000000000000000000, -0.000000000000000000, 0.000000000000000000 ) ) ;
#7850 = DIRECTION ( 'NONE',  ( -1.000000000000000000, 0.000000000000000000, 0.000000000000000000 ) ) ;
#7851 = DIRECTION ( 'NONE',  ( 0.000000000000000000, 0.7071067811865486830, -0.7071067811865462405 ) ) ;
#7852 = SHAPE_REPRESENTATION ( 'Gear Assembley13', ( #1661, #2147, #7872 ), #7391 ) ;
#7853 = EDGE_CURVE ( 'NONE', #2620, #4838, #10134, .T. ) ;
#7854 = ORIENTED_EDGE ( 'NONE', *, *, #4550, .F. ) ;
#7855 = DIRECTION ( 'NONE',  ( -1.000000000000000000, 0.000000000000000000, -0.000000000000000000 ) ) ;
#7856 = LINE ( 'NONE', #829, #6577 ) ;
#7858 = DIRECTION ( 'NONE',  ( 0.000000000000000000, 0.000000000000000000, 1.000000000000000000 ) ) ;
#7857 = CARTESIAN_POINT ( 'NONE',  ( 1.499999999999999556, 0.000000000000000000, 0.000000000000000000 ) ) ;
#7859 = ORIENTED_EDGE ( 'NONE', *, *, #2872, .F. ) ;
#7860 = CARTESIAN_POINT ( 'NONE',  ( 1.499999999999999556, 5.551719098988223244, -0.9834709102464139763 ) ) ;
#7861 = ORIENTED_EDGE ( 'NONE', *, *, #2703, .T. ) ;
#7862 = ORIENTED_EDGE ( 'NONE', *, *, #5019, .T. ) ;
#7863 = AXIS2_PLACEMENT_3D ( 'NONE', #6860, #6805, #6960 ) ;
#7864 = CARTESIAN_POINT ( 'NONE',  ( 0.000000000000000000, -3.372391021478358564, -5.321370011402340339 ) ) ;
#7865 = ITEM_DEFINED_TRANSFORMATION ( 'NONE', 'NONE', #1169,  #6402 ) ;
#7866 = ORIENTED_EDGE ( 'NONE', *, *, #7734, .T. ) ;
#7867 = DIRECTION ( 'NONE',  ( 0.000000000000000000, 0.000000000000000000, 1.000000000000000000 ) ) ;
#7868 = VECTOR ( 'NONE', #3994, 1000.000000000000000 ) ;
#7869 = APPLICATION_PROTOCOL_DEFINITION ( 'draft international standard', 'automotive_design', 1998, #9788 ) ;
#7870 = ORIENTED_EDGE ( 'NONE', *, *, #1833, .F. ) ;
#7871 = LINE ( 'NONE', #849, #2518 ) ;
#7872 = AXIS2_PLACEMENT_3D ( 'NONE', #7617, #10078, #533 ) ;
#7874 = EDGE_CURVE ( 'NONE', #9507, #9436, #9291, .T. ) ;
#7873 = FACE_OUTER_BOUND ( 'NONE', #929, .T. ) ;
#7875 = ORIENTED_EDGE ( 'NONE', *, *, #8908, .F. ) ;
#7876 = DIRECTION ( 'NONE',  ( 0.000000000000000000, 0.000000000000000000, 1.000000000000000000 ) ) ;
#7877 = FACE_OUTER_BOUND ( 'NONE', #4842, .T. ) ;
#7878 = AXIS2_PLACEMENT_3D ( 'NONE', #6342, #5465, #3103 ) ;
#7879 = ORIENTED_EDGE ( 'NONE', *, *, #213, .F. ) ;
#7880 = ORIENTED_EDGE ( 'NONE', *, *, #4963, .T. ) ;
#7881 =( LENGTH_UNIT ( ) NAMED_UNIT ( * ) SI_UNIT ( .MILLI., .METRE. ) );
#7882 =( REPRESENTATION_RELATIONSHIP ('NONE','NONE', #65, #4714 ) REPRESENTATION_RELATIONSHIP_WITH_TRANSFORMATION ( #9419 )SHAPE_REPRESENTATION_RELATIONSHIP( ) );
#7883 = DIRECTION ( 'NONE',  ( -1.000000000000000000, 0.000000000000000000, -0.000000000000000000 ) ) ;
#7884 = ADVANCED_FACE ( 'NONE', ( #614 ), #765, .T. ) ;
#7885 = CIRCLE ( 'NONE', #841, 2.100000000000000089 ) ;
#7886 = VERTEX_POINT ( 'NONE', #1351 ) ;
#7887 = ORIENTED_EDGE ( 'NONE', *, *, #3471, .T. ) ;
#7888 = DIRECTION ( 'NONE',  ( 1.000000000000000000, 0.000000000000000000, 0.000000000000000000 ) ) ;
#7889 = FACE_OUTER_BOUND ( 'NONE', #6997, .T. ) ;
#7890 = LINE ( 'NONE', #6875, #789 ) ;
#7891 = DIRECTION ( 'NONE',  ( -1.000000000000000000, 0.000000000000000000, 0.000000000000000000 ) ) ;
#7892 = DIRECTION ( 'NONE',  ( -1.000000000000000000, 0.000000000000000000, 0.000000000000000000 ) ) ;
#7893 = FACE_OUTER_BOUND ( 'NONE', #10027, .T. ) ;
#7894 = VECTOR ( 'NONE', #6377, 1000.000000000000000 ) ;
#7895 = ORIENTED_EDGE ( 'NONE', *, *, #2456, .F. ) ;
#7896 = AXIS2_PLACEMENT_3D ( 'NONE', #8885, #5901, #1186 ) ;
#7897 = EDGE_CURVE ( 'NONE', #6544, #7063, #7601, .T. ) ;
#7898 = PRODUCT_DEFINITION_SHAPE ( 'NONE', 'NONE',  #10147 ) ;
#7899 = CIRCLE ( 'NONE', #6101, 2.100000000000000089 ) ;
#7900 = CYLINDRICAL_SURFACE ( 'NONE', #5843, 5.624000000000004107 ) ;
#7901 =( NAMED_UNIT ( * ) PLANE_ANGLE_UNIT ( ) SI_UNIT ( $, .RADIAN. ) );
#7902 = ORIENTED_EDGE ( 'NONE', *, *, #9844, .T. ) ;
#7903 = CARTESIAN_POINT ( 'NONE',  ( 0.000000000000000000, 5.069504796178972761, 2.467573931392919917 ) ) ;
#7904 = CARTESIAN_POINT ( 'NONE',  ( 4.209999999999998188, 31.00000000000000000, -16.00000000000000000 ) ) ;
#7905 = ADVANCED_FACE ( 'NONE', ( #6315 ), #9552, .T. ) ;
#7906 = DIRECTION ( 'NONE',  ( -1.000000000000000000, 0.000000000000000000, -0.000000000000000000 ) ) ;
#7907 = FACE_BOUND ( 'NONE', #7104, .T. ) ;
#7908 = CLOSED_SHELL ( 'NONE', ( #8333, #8531, #1366, #6950, #5578, #9086, #2504, #1095, #2053 ) ) ;
#7909 = VERTEX_POINT ( 'NONE', #108 ) ;
#7910 = ADVANCED_FACE ( 'NONE', ( #2418 ), #8002, .T. ) ;
#7911 = CARTESIAN_POINT ( 'NONE',  ( 1.499999999999999556, 2.650911967359969257, 4.976089400993437550 ) ) ;
#7912 = FACE_OUTER_BOUND ( 'NONE', #2074, .T. ) ;
#7914 =( NAMED_UNIT ( * ) PLANE_ANGLE_UNIT ( ) SI_UNIT ( $, .RADIAN. ) );
#7913 = PLANE ( 'NONE',  #8107 ) ;
#7915 = EDGE_LOOP ( 'NONE', ( #375, #276, #5481, #7472 ) ) ;
#7916 = MECHANICAL_DESIGN_GEOMETRIC_PRESENTATION_REPRESENTATION (  '', ( #1069 ), #5796 ) ;
#7917 = VERTEX_POINT ( 'NONE', #5545 ) ;
#7918 = ORIENTED_EDGE ( 'NONE', *, *, #5041, .F. ) ;
#7919 = CARTESIAN_POINT ( 'NONE',  ( 0.000000000000000000, 0.000000000000000000, 0.000000000000000000 ) ) ;
#7920 = ITEM_DEFINED_TRANSFORMATION ( 'NONE', 'NONE', #8672,  #6402 ) ;
#7921 = AXIS2_PLACEMENT_3D ( 'NONE', #522, #9917, #4534 ) ;
#7922 = ORIENTED_EDGE ( 'NONE', *, *, #9024, .F. ) ;
#7923 = AXIS2_PLACEMENT_3D ( 'NONE', #2647, #6746, #5980 ) ;
#7924 = EDGE_CURVE ( 'NONE', #7368, #3709, #7846, .T. ) ;
#7925 = LINE ( 'NONE', #3354, #8650 ) ;
#7926 = EDGE_LOOP ( 'NONE', ( #1919, #408, #1727, #4380 ) ) ;
#7927 = CARTESIAN_POINT ( 'NONE',  ( 1.499999999999999556, -5.388098593335840292, -1.611759767611907535 ) ) ;
#7928 = DIRECTION ( 'NONE',  ( 1.000000000000000000, 0.000000000000000000, 0.000000000000000000 ) ) ;
#7929 = ORIENTED_EDGE ( 'NONE', *, *, #7526, .T. ) ;
#7930 = AXIS2_PLACEMENT_3D ( 'NONE', #4885, #1090, #6564 ) ;
#7931 = CARTESIAN_POINT ( 'NONE',  ( 0.000000000000000000, 14.00000000000000000, 0.000000000000000000 ) ) ;
#7932 = DIRECTION ( 'NONE',  ( 0.000000000000000000, 0.000000000000000000, 1.000000000000000000 ) ) ;
#7933 = ORIENTED_EDGE ( 'NONE', *, *, #10002, .T. ) ;
#7934 = ORIENTED_EDGE ( 'NONE', *, *, #2736, .T. ) ;
#7935 = CYLINDRICAL_SURFACE ( 'NONE', #2783, 2.399999999999999467 ) ;
#7936 = AXIS2_PLACEMENT_3D ( 'NONE', #2986, #5152, #2887 ) ;
#7937 = ORIENTED_EDGE ( 'NONE', *, *, #8391, .T. ) ;
#7938 = ORIENTED_EDGE ( 'NONE', *, *, #3313, .T. ) ;
#7939 = DIRECTION ( 'NONE',  ( -1.000000000000000000, 0.000000000000000000, 0.000000000000000000 ) ) ;
#7940 = STYLED_ITEM ( 'NONE', ( #8093 ), #3180 ) ;
#7941 = CARTESIAN_POINT ( 'NONE',  ( 0.000000000000000000, 4.976089400993430445, 2.650911967359983024 ) ) ;
#7942 = LINE ( 'NONE', #921, #7450 ) ;
#7943 = DIRECTION ( 'NONE',  ( -0.000000000000000000, -0.000000000000000000, -1.000000000000000000 ) ) ;
#7944 = PRESENTATION_STYLE_ASSIGNMENT (( #5642 ) ) ;
#7945 = CARTESIAN_POINT ( 'NONE',  ( 1.224646799147353207E-16, 0.000000000000000000, 1.000000000000000000 ) ) ;
#7946 = VERTEX_POINT ( 'NONE', #8678 ) ;
#7947 = CIRCLE ( 'NONE', #8939, 2.100000000000000089 ) ;
#7948 = AXIS2_PLACEMENT_3D ( 'NONE', #6608, #9743, #5175 ) ;
#7949 = EDGE_CURVE ( 'NONE', #9132, #7320, #8996, .T. ) ;
#7950 = DIRECTION ( 'NONE',  ( 0.000000000000000000, 0.000000000000000000, 1.000000000000000000 ) ) ;
#7951 = VERTEX_POINT ( 'NONE', #4934 ) ;
#7952 = CARTESIAN_POINT ( 'NONE',  ( 1.499999999999999556, 3.913365401975939850, -4.058863291118488981 ) ) ;
#7953 = DIRECTION ( 'NONE',  ( -1.000000000000000000, 0.000000000000000000, 0.000000000000000000 ) ) ;
#7954 = ADVANCED_FACE ( 'NONE', ( #7291 ), #7141, .F. ) ;
#7955 = CARTESIAN_POINT ( 'NONE',  ( 0.000000000000000000, -0.9834709102465094555, 5.551719098988208145 ) ) ;
#7956 = DIRECTION ( 'NONE',  ( -1.000000000000000000, -0.000000000000000000, -0.000000000000000000 ) ) ;
#7957 = EDGE_CURVE ( 'NONE', #2778, #3667, #1297, .T. ) ;
#7958 = ORIENTED_EDGE ( 'NONE', *, *, #2568, .T. ) ;
#7959 = EDGE_CURVE ( 'NONE', #1863, #778, #155, .T. ) ;
#7960 = ORIENTED_EDGE ( 'NONE', *, *, #2743, .F. ) ;
#7961 = CYLINDRICAL_SURFACE ( 'NONE', #4400, 1.000000000000000000 ) ;
#7962 = LINE ( 'NONE', #9459, #27 ) ;
#7964 = DIRECTION ( 'NONE',  ( -1.000000000000000000, 0.000000000000000000, 0.000000000000000000 ) ) ;
#7963 = DIRECTION ( 'NONE',  ( -1.000000000000000000, 0.000000000000000000, 0.000000000000000000 ) ) ;
#7965 = VECTOR ( 'NONE', #4982, 1000.000000000000000 ) ;
#7966 = ORIENTED_EDGE ( 'NONE', *, *, #3503, .T. ) ;
#7967 = CIRCLE ( 'NONE', #4538, 2.399999999999999467 ) ;
#7968 = ORIENTED_EDGE ( 'NONE', *, *, #979, .T. ) ;
#7969 = VERTEX_POINT ( 'NONE', #8060 ) ;
#7970 = DIRECTION ( 'NONE',  ( 0.000000000000000000, 0.5877852522924742473, -0.8090169943749465631 ) ) ;
#7971 = CONTEXT_DEPENDENT_SHAPE_REPRESENTATION ( #8417, #116 ) ;
#7972 = VERTEX_POINT ( 'NONE', #5596 ) ;
#7973 = AXIS2_PLACEMENT_3D ( 'NONE', #4765, #7883, #8608 ) ;
#7974 = FACE_OUTER_BOUND ( 'NONE', #8985, .T. ) ;
#7975 = AXIS2_PLACEMENT_3D ( 'NONE', #6921, #3796, #3894 ) ;
#7976 = ORIENTED_EDGE ( 'NONE', *, *, #6348, .F. ) ;
#7977 = DIRECTION ( 'NONE',  ( -0.000000000000000000, -0.000000000000000000, -1.000000000000000000 ) ) ;
#7978 = PLANE ( 'NONE',  #6730 ) ;
#7979 = ORIENTED_EDGE ( 'NONE', *, *, #617, .F. ) ;
#7980 = CARTESIAN_POINT ( 'NONE',  ( 0.000000000000000000, 5.637216970057037813, -0.1028825440610153102 ) ) ;
#7981 = CYLINDRICAL_SURFACE ( 'NONE', #6890, 2.100000000000000089 ) ;
#7982 = ORIENTED_EDGE ( 'NONE', *, *, #8354, .T. ) ;
#7983 = ADVANCED_FACE ( 'NONE', ( #254 ), #2520, .T. ) ;
#7984 = ORIENTED_EDGE ( 'NONE', *, *, #3630, .T. ) ;
#7985 = CARTESIAN_POINT ( 'NONE',  ( 1.499999999999999556, -4.058863291118557370, 3.913365401975871904 ) ) ;
#7986 = CARTESIAN_POINT ( 'NONE',  ( 1.499999999999999556, 2.434800651343140387, -5.069627381595127602 ) ) ;
#7987 = PRODUCT ( 'shaft of gear', 'shaft of gear', '', ( #4568 ) ) ;
#7988 = CIRCLE ( 'NONE', #8489, 6.300000000000000711 ) ;
#7989 = ORIENTED_EDGE ( 'NONE', *, *, #5290, .F. ) ;
#7990 = VERTEX_POINT ( 'NONE', #3384 ) ;
#7991 = DIRECTION ( 'NONE',  ( -1.000000000000000000, 0.000000000000000000, 0.000000000000000000 ) ) ;
#7992 = DIRECTION ( 'NONE',  ( 0.000000000000000000, 0.000000000000000000, -1.000000000000000000 ) ) ;
#7993 = DIRECTION ( 'NONE',  ( -1.000000000000000000, 0.000000000000000000, 0.000000000000000000 ) ) ;
#7994 = LINE ( 'NONE', #293, #1137 ) ;
#7995 = DIRECTION ( 'NONE',  ( -1.000000000000000000, -0.000000000000000000, -0.000000000000000000 ) ) ;
#7996 = AXIS2_PLACEMENT_3D ( 'NONE', #2840, #2734, #3610 ) ;
#7997 = ORIENTED_EDGE ( 'NONE', *, *, #5858, .T. ) ;
#7998 = AXIS2_PLACEMENT_3D ( 'NONE', #7151, #1048, #3245 ) ;
#7999 = DIRECTION ( 'NONE',  ( -1.000000000000000000, -0.000000000000000000, -0.000000000000000000 ) ) ;
#8000 = CIRCLE ( 'NONE', #3259, 1.000000000000000888 ) ;
#8001 = VERTEX_POINT ( 'NONE', #930 ) ;
#8002 = CYLINDRICAL_SURFACE ( 'NONE', #6867, 5.624000000000004107 ) ;
#8003 = FACE_OUTER_BOUND ( 'NONE', #5287, .T. ) ;
#8004 = AXIS2_PLACEMENT_3D ( 'NONE', #6212, #6980, #8472 ) ;
#8005 = CARTESIAN_POINT ( 'NONE',  ( 0.000000000000000000, 49.99999999999999289, 0.000000000000000000 ) ) ;
#8006 = CARTESIAN_POINT ( 'NONE',  ( 0.000000000000000000, 4.058863291118530725, 3.913365401975897218 ) ) ;
#8007 = EDGE_CURVE ( 'NONE', #3257, #5049, #7196, .T. ) ;
#8008 = CIRCLE ( 'NONE', #6533, 5.624000000000004107 ) ;
#8009 = ORIENTED_EDGE ( 'NONE', *, *, #6393, .T. ) ;
#8010 = AXIS2_PLACEMENT_3D ( 'NONE', #6511, #6607, #5799 ) ;
#8011 = VECTOR ( 'NONE', #305, 1000.000000000000000 ) ;
#8012 = EDGE_CURVE ( 'NONE', #6301, #7107, #4089, .T. ) ;
#8013 = AXIS2_PLACEMENT_3D ( 'NONE', #7980, #4807, #231 ) ;
#8014 = EDGE_LOOP ( 'NONE', ( #3998, #5729, #5264, #10082 ) ) ;
#8015 = CARTESIAN_POINT ( 'NONE',  ( -24.99999999999999645, 0.000000000000000000, 25.00000000000000000 ) ) ;
#8016 = ORIENTED_EDGE ( 'NONE', *, *, #4517, .T. ) ;
#8018 = DIRECTION ( 'NONE',  ( -1.000000000000000000, -0.000000000000000000, 0.000000000000000000 ) ) ;
#8017 = DIRECTION ( 'NONE',  ( 0.000000000000000000, 0.9876883405951383255, -0.1564344650402274550 ) ) ;
#8019 = ORIENTED_EDGE ( 'NONE', *, *, #3758, .F. ) ;
#8020 = EDGE_CURVE ( 'NONE', #7736, #7361, #6689, .T. ) ;
#8021 = APPLICATION_CONTEXT ( 'automotive_design' ) ;
#8022 = VERTEX_POINT ( 'NONE', #4062 ) ;
#8023 = EDGE_CURVE ( 'NONE', #9310, #631, #6530, .T. ) ;
#8024 = CARTESIAN_POINT ( 'NONE',  ( 0.000000000000000000, -1.308110079575620199, -0.5626935397822370177 ) ) ;
#8025 = ADVANCED_FACE ( 'NONE', ( #3333 ), #1595, .T. ) ;
#8026 = ORIENTED_EDGE ( 'NONE', *, *, #4828, .T. ) ;
#8027 = AXIS2_PLACEMENT_3D ( 'NONE', #1956, #9699, #2665 ) ;
#8028 = CARTESIAN_POINT ( 'NONE',  ( 0.000000000000000000, 0.000000000000000000, 0.000000000000000000 ) ) ;
#8029 = VERTEX_POINT ( 'NONE', #5649 ) ;
#8030 = CARTESIAN_POINT ( 'NONE',  ( 0.000000000000000000, 5.388098593335850950, 1.611759767611869121 ) ) ;
#8031 = DIRECTION ( 'NONE',  ( 0.000000000000000000, -1.000000000000000000, 0.000000000000000000 ) ) ;
#8032 = EDGE_LOOP ( 'NONE', ( #4197, #9829, #5345, #9840 ) ) ;
#8033 = EDGE_CURVE ( 'NONE', #9435, #2288, #2570, .T. ) ;
#8034 = CARTESIAN_POINT ( 'NONE',  ( 0.000000000000000000, -3.197888662398176596, 4.626325118590915331 ) ) ;
#8035 = CARTESIAN_POINT ( 'NONE',  ( 1.499999999999999556, 0.000000000000000000, 0.000000000000000000 ) ) ;
#8036 = AXIS2_PLACEMENT_3D ( 'NONE', #9182, #2157, #7791 ) ;
#8037 = ORIENTED_EDGE ( 'NONE', *, *, #5731, .F. ) ;
#8038 = ORIENTED_EDGE ( 'NONE', *, *, #742, .F. ) ;
#8039 = FACE_OUTER_BOUND ( 'NONE', #7926, .T. ) ;
#8040 = AXIS2_PLACEMENT_3D ( 'NONE', #8144, #384, #6796 ) ;
#8041 = CARTESIAN_POINT ( 'NONE',  ( 0.000000000000000000, 0.000000000000000000, 0.000000000000000000 ) ) ;
#8042 = AXIS2_PLACEMENT_3D ( 'NONE', #595, #7683, #644 ) ;
#8043 = ORIENTED_EDGE ( 'NONE', *, *, #8091, .F. ) ;
#8044 = ORIENTED_EDGE ( 'NONE', *, *, #8012, .T. ) ;
#8045 = EDGE_CURVE ( 'NONE', #6865, #7612, #2108, .T. ) ;
#8046 = CARTESIAN_POINT ( 'NONE',  ( 0.000000000000000000, 14.00000000000000000, 0.000000000000000000 ) ) ;
#8047 = DIRECTION ( 'NONE',  ( -1.000000000000000000, -0.000000000000000000, -0.000000000000000000 ) ) ;
#8048 = CARTESIAN_POINT ( 'NONE',  ( 0.000000000000000000, 19.99999999999999645, 0.000000000000000000 ) ) ;
#8049 = AXIS2_PLACEMENT_3D ( 'NONE', #5266, #4505, #10087 ) ;
#8050 = DIRECTION ( 'NONE',  ( 1.000000000000000000, 0.000000000000000000, 0.000000000000000000 ) ) ;
#8051 = AXIS2_PLACEMENT_3D ( 'NONE', #4650, #5409, #10038 ) ;
#8052 = DIRECTION ( 'NONE',  ( 0.000000000000000000, 0.000000000000000000, 1.000000000000000000 ) ) ;
#8053 = ORIENTED_EDGE ( 'NONE', *, *, #4317, .T. ) ;
#8054 = ADVANCED_FACE ( 'NONE', ( #7388 ), #7542, .F. ) ;
#8055 = AXIS2_PLACEMENT_3D ( 'NONE', #8433, #6840, #9354 ) ;
#8056 = CARTESIAN_POINT ( 'NONE',  ( 1.499999999999999556, -0.7802391318066218551, -5.583907850472568768 ) ) ;
#8057 = AXIS2_PLACEMENT_3D ( 'NONE', #1758, #4936, #1861 ) ;
#8058 =( NAMED_UNIT ( * ) PLANE_ANGLE_UNIT ( ) SI_UNIT ( $, .RADIAN. ) );
#8059 = VERTEX_POINT ( 'NONE', #356 ) ;
#8060 = CARTESIAN_POINT ( 'NONE',  ( -3.590000000000002967, 30.00000000000000000, -14.96000000000000085 ) ) ;
#8061 = CARTESIAN_POINT ( 'NONE',  ( 0.7499999999999997780, 2.498425620827164906, -5.783413301606102230 ) ) ;
#8062 = DIRECTION ( 'NONE',  ( 0.000000000000000000, 0.8660254037844397068, -0.4999999999999979461 ) ) ;
#8063 = CIRCLE ( 'NONE', #1349, 2.399999999999999467 ) ;
#8064 = CARTESIAN_POINT ( 'NONE',  ( 0.7499999999999997780, -4.728296930903245432, 4.163316962856774772 ) ) ;
#8065 = CIRCLE ( 'NONE', #7570, 1.000000000000000000 ) ;
#8066 = AXIS2_PLACEMENT_3D ( 'NONE', #4656, #6289, #3880 ) ;
#8067 = VECTOR ( 'NONE', #9274, 1000.000000000000000 ) ;
#8068 = EDGE_LOOP ( 'NONE', ( #8917, #2737, #9532, #4747 ) ) ;
#8069 = ADVANCED_FACE ( 'NONE', ( #2001 ), #507, .T. ) ;
#8070 = VECTOR ( 'NONE', #3523, 1000.000000000000000 ) ;
#8071 = ORIENTED_EDGE ( 'NONE', *, *, #7183, .T. ) ;
#8072 = DIRECTION ( 'NONE',  ( -0.000000000000000000, -0.000000000000000000, 1.000000000000000000 ) ) ;
#8074 = FACE_OUTER_BOUND ( 'NONE', #6138, .T. ) ;
#8073 = CARTESIAN_POINT ( 'NONE',  ( 1.499999999999999556, -6.103049762276087087, -1.562940689591832522 ) ) ;
#8075 = VERTEX_POINT ( 'NONE', #4985 ) ;
#8076 = ORIENTED_EDGE ( 'NONE', *, *, #7673, .T. ) ;
#8077 = UNCERTAINTY_MEASURE_WITH_UNIT (LENGTH_MEASURE( 1.000000000000000082E-05 ), #5927, 'distance_accuracy_value', 'NONE');
#8078 = PRODUCT ( 'Shaft2', 'Shaft2', '', ( #2149 ) ) ;
#8079 = CARTESIAN_POINT ( 'NONE',  ( 1.499999999999999556, 1.690788321043817044, -0.04718953385304835296 ) ) ;
#8080 = EDGE_CURVE ( 'NONE', #334, #4209, #3590, .T. ) ;
#8081 = ORIENTED_EDGE ( 'NONE', *, *, #4148, .T. ) ;
#8082 = DIRECTION ( 'NONE',  ( 0.000000000000000000, -0.5877852522924802425, 0.8090169943749422332 ) ) ;
#8083 = ADVANCED_BREP_SHAPE_REPRESENTATION ( '', ( #3531, #6402 ), #4779 ) ;
#8084 = ORIENTED_EDGE ( 'NONE', *, *, #3826, .F. ) ;
#8085 = CARTESIAN_POINT ( 'NONE',  ( 0.000000000000000000, 5.069627381595182669, -2.434800651343023592 ) ) ;
#8086 = DIRECTION ( 'NONE',  ( 1.000000000000000000, 0.000000000000000000, 0.000000000000000000 ) ) ;
#8087 = VERTEX_POINT ( 'NONE', #5128 ) ;
#8088 = ADVANCED_FACE ( 'NONE', ( #6662 ), #6610, .T. ) ;
#8089 = CARTESIAN_POINT ( 'NONE',  ( 0.000000000000000000, 1.863103848212870783, -5.306431951017033910 ) ) ;
#8090 = VERTEX_POINT ( 'NONE', #9794 ) ;
#8091 = EDGE_CURVE ( 'NONE', #3215, #3714, #3436, .T. ) ;
#8092 = EDGE_LOOP ( 'NONE', ( #7808, #4816, #2466, #7140 ) ) ;
#8093 = PRESENTATION_STYLE_ASSIGNMENT (( #4100 ) ) ;
#8094 = EDGE_LOOP ( 'NONE', ( #6492, #3429, #6592, #2904 ) ) ;
#8095 = CIRCLE ( 'NONE', #1052, 1.000000000000000888 ) ;
#8096 = CARTESIAN_POINT ( 'NONE',  ( 0.000000000000000000, 2.434800651343077771, 5.069627381595157800 ) ) ;
#8097 = EDGE_CURVE ( 'NONE', #1838, #1159, #4909, .T. ) ;
#8098 = AXIS2_PLACEMENT_3D ( 'NONE', #1393, #4479, #5856 ) ;
#8099 = EDGE_LOOP ( 'NONE', ( #9989, #6432, #5416, #2447 ) ) ;
#8100 = AXIS2_PLACEMENT_3D ( 'NONE', #9304, #2337, #6032 ) ;
#8101 = DIRECTION ( 'NONE',  ( 0.000000000000000000, 0.000000000000000000, 1.000000000000000000 ) ) ;
#8102 = LINE ( 'NONE', #4821, #6625 ) ;
#8103 = DIRECTION ( 'NONE',  ( 0.000000000000000000, 0.000000000000000000, 1.000000000000000000 ) ) ;
#8104 = CYLINDRICAL_SURFACE ( 'NONE', #6721, 1.423999999999999488 ) ;
#8105 = ORIENTED_EDGE ( 'NONE', *, *, #4453, .T. ) ;
#8106 = AXIS2_PLACEMENT_3D ( 'NONE', #7162, #6435, #1671 ) ;
#8107 = AXIS2_PLACEMENT_3D ( 'NONE', #3039, #888, #4845 ) ;
#8108 = CARTESIAN_POINT ( 'NONE',  ( 0.000000000000000000, -0.7802391318066218551, -5.583907850472568768 ) ) ;
#8109 = AXIS2_PLACEMENT_3D ( 'NONE', #8559, #698, #9151 ) ;
#8110 = ORIENTED_EDGE ( 'NONE', *, *, #782, .F. ) ;
#8111 = DIRECTION ( 'NONE',  ( 0.000000000000000000, 0.4539904997395413089, 0.8910065241883705633 ) ) ;
#8112 = CYLINDRICAL_SURFACE ( 'NONE', #1756, 2.399999999999999467 ) ;
#8114 = VECTOR ( 'NONE', #9244, 1000.000000000000000 ) ;
#8113 = DIRECTION ( 'NONE',  ( 0.000000000000000000, 0.000000000000000000, 1.000000000000000000 ) ) ;
#8115 = CARTESIAN_POINT ( 'NONE',  ( 1.499999999999999556, 4.621077171872429723, 3.230239272402438022 ) ) ;
#8116 = ORIENTED_EDGE ( 'NONE', *, *, #7275, .T. ) ;
#8117 = EDGE_CURVE ( 'NONE', #2660, #1552, #6716, .T. ) ;
#8118 = CIRCLE ( 'NONE', #2545, 6.300000000000000711 ) ;
#8119 = ORIENTED_EDGE ( 'NONE', *, *, #3358, .T. ) ;
#8120 = LINE ( 'NONE', #2529, #961 ) ;
#8122 = CARTESIAN_POINT ( 'NONE',  ( 0.000000000000000000, -2.498425620827127158, 5.783413301606119994 ) ) ;
#8121 = LINE ( 'NONE', #1813, #6310 ) ;
#8123 = ORIENTED_EDGE ( 'NONE', *, *, #7874, .F. ) ;
#8124 = FILL_AREA_STYLE_COLOUR ( '', #5213 ) ;
#8125 = ORIENTED_EDGE ( 'NONE', *, *, #2596, .T. ) ;
#8127 = CARTESIAN_POINT ( 'NONE',  ( 0.000000000000000000, -1.440670871519466045, 0.8862614956313857872 ) ) ;
#8126 = CIRCLE ( 'NONE', #3703, 0.7200000000000005285 ) ;
#8128 = EDGE_LOOP ( 'NONE', ( #5403, #5507, #7719, #8664 ) ) ;
#8129 = CIRCLE ( 'NONE', #5026, 1.000000000000000000 ) ;
#8130 = FACE_OUTER_BOUND ( 'NONE', #8688, .T. ) ;
#8131 = EDGE_LOOP ( 'NONE', ( #9551, #9212, #6347, #4410 ) ) ;
#8132 = DIRECTION ( 'NONE',  ( 0.000000000000000000, 0.000000000000000000, 1.000000000000000000 ) ) ;
#8133 = CARTESIAN_POINT ( 'NONE',  ( 0.000000000000000000, 0.000000000000000000, 1.000000000000000000 ) ) ;
#8134 = VERTEX_POINT ( 'NONE', #5035 ) ;
#8135 = VECTOR ( 'NONE', #3132, 1000.000000000000000 ) ;
#8136 = CARTESIAN_POINT ( 'NONE',  ( 1.499999999999999556, -3.197888662398176596, 4.626325118590915331 ) ) ;
#8137 = PRODUCT_DEFINITION ( 'UNKNOWN', '', #6049, #5808 ) ;
#8138 = EDGE_CURVE ( 'NONE', #2613, #721, #1797, .T. ) ;
#8139 = VERTEX_POINT ( 'NONE', #2663 ) ;
#8140 = AXIS2_PLACEMENT_3D ( 'NONE', #8454, #3737, #6965 ) ;
#8141 = ORIENTED_EDGE ( 'NONE', *, *, #1854, .F. ) ;
#8142 = CARTESIAN_POINT ( 'NONE',  ( 50.00005079999999680, 0.000000000000000000, 0.000000000000000000 ) ) ;
#8143 = ORIENTED_EDGE ( 'NONE', *, *, #6556, .F. ) ;
#8144 = CARTESIAN_POINT ( 'NONE',  ( 1.499999999999999556, 0.000000000000000000, 0.000000000000000000 ) ) ;
#8145 = AXIS2_PLACEMENT_3D ( 'NONE', #1793, #4160, #7992 ) ;
#8146 = VERTEX_POINT ( 'NONE', #6766 ) ;
#8147 = FACE_OUTER_BOUND ( 'NONE', #7410, .T. ) ;
#8148 = EDGE_CURVE ( 'NONE', #8987, #9199, #5276, .T. ) ;
#8149 = CARTESIAN_POINT ( 'NONE',  ( 1.499999999999999556, -5.637216970057037813, 2.502882544061054482 ) ) ;
#8150 = CARTESIAN_POINT ( 'NONE',  ( 0.000000000000000000, 1.445548498552930550, 1.523282488027538850 ) ) ;
#8151 = CARTESIAN_POINT ( 'NONE',  ( -10.00000000000000000, 0.000000000000000000, 0.000000000000000000 ) ) ;
#8152 = DIRECTION ( 'NONE',  ( -0.000000000000000000, -0.000000000000000000, -1.000000000000000000 ) ) ;
#8153 = VERTEX_POINT ( 'NONE', #8212 ) ;
#8154 = ADVANCED_FACE ( 'NONE', ( #2047 ), #5748, .T. ) ;
#8155 = LINE ( 'NONE', #5226, #1981 ) ;
#8156 = DIRECTION ( 'NONE',  ( 0.000000000000000000, 0.000000000000000000, -1.000000000000000000 ) ) ;
#8157 = EDGE_CURVE ( 'NONE', #6264, #8819, #7739, .T. ) ;
#8158 = AXIS2_PLACEMENT_3D ( 'NONE', #6597, #9942, #8200 ) ;
#8159 = CARTESIAN_POINT ( 'NONE',  ( 5.414019270655962224, -6.587193172266338159, -36.28086037739163316 ) ) ;
#8160 = DIRECTION ( 'NONE',  ( 0.000000000000000000, -0.8660254037844328234, -0.5000000000000101030 ) ) ;
#8161 = EDGE_LOOP ( 'NONE', ( #2556, #4134, #8901, #2890 ) ) ;
#8162 = DIRECTION ( 'NONE',  ( -1.000000000000000000, 0.000000000000000000, 0.000000000000000000 ) ) ;
#8163 = FACE_OUTER_BOUND ( 'NONE', #5293, .T. ) ;
#8164 = DIRECTION ( 'NONE',  ( -1.000000000000000000, 0.000000000000000000, -0.000000000000000000 ) ) ;
#8165 = PRODUCT ( 'Gear Assembly with box12', 'Gear Assembly with box12', '', ( #8900 ) ) ;
#8166 = FACE_OUTER_BOUND ( 'NONE', #9272, .T. ) ;
#8167 = AXIS2_PLACEMENT_3D ( 'NONE', #6632, #527, #5150 ) ;
#8168 = ORIENTED_EDGE ( 'NONE', *, *, #8521, .F. ) ;
#8169 = AXIS2_PLACEMENT_3D ( 'NONE', #8236, #4337, #428 ) ;
#8170 = EDGE_CURVE ( 'NONE', #5588, #1414, #6582, .T. ) ;
#8171 =( GEOMETRIC_REPRESENTATION_CONTEXT ( 3 ) GLOBAL_UNCERTAINTY_ASSIGNED_CONTEXT ( ( #5718 ) ) GLOBAL_UNIT_ASSIGNED_CONTEXT ( ( #9564, #5664, #947 ) ) REPRESENTATION_CONTEXT ( 'NONE', 'WORKASPACE' ) );
#8172 = AXIS2_PLACEMENT_3D ( 'NONE', #2874, #5139, #1961 ) ;
#8173 = EDGE_LOOP ( 'NONE', ( #2492, #696, #948, #8935 ) ) ;
#8174 = DIRECTION ( 'NONE',  ( -1.000000000000000000, -0.000000000000000000, -0.000000000000000000 ) ) ;
#8176 =( NAMED_UNIT ( * ) SI_UNIT ( $, .STERADIAN. ) SOLID_ANGLE_UNIT ( ) );
#8175 = DIRECTION ( 'NONE',  ( -1.000000000000000000, 0.000000000000000000, 0.000000000000000000 ) ) ;
#8177 = EDGE_CURVE ( 'NONE', #732, #5628, #4420, .T. ) ;
#8178 = ORIENTED_EDGE ( 'NONE', *, *, #7818, .T. ) ;
#8179 = AXIS2_PLACEMENT_3D ( 'NONE', #2411, #10105, #7075 ) ;
#8180 = EDGE_LOOP ( 'NONE', ( #4067, #1771, #1719, #5249 ) ) ;
#8181 = VECTOR ( 'NONE', #6927, 1000.000000000000000 ) ;
#8182 = DIRECTION ( 'NONE',  ( 0.000000000000000000, 0.000000000000000000, -1.000000000000000000 ) ) ;
#8183 = EDGE_CURVE ( 'NONE', #8883, #2863, #7247, .T. ) ;
#8184 = CIRCLE ( 'NONE', #4253, 2.400000000000000355 ) ;
#8185 = FACE_OUTER_BOUND ( 'NONE', #3594, .T. ) ;
#8186 = EDGE_LOOP ( 'NONE', ( #2365, #9430, #1271, #5570 ) ) ;
#8187 = CARTESIAN_POINT ( 'NONE',  ( 1.224646799147353207E-16, 14.00000000000000000, 1.000000000000000000 ) ) ;
#8188 = VERTEX_POINT ( 'NONE', #1904 ) ;
#8189 = CARTESIAN_POINT ( 'NONE',  ( -24.99999999999999645, 0.000000000000000000, 25.00000000000000000 ) ) ;
#8190 = ORIENTED_EDGE ( 'NONE', *, *, #9769, .T. ) ;
#8191 = CIRCLE ( 'NONE', #1640, 2.400000000000000355 ) ;
#8192 = DIRECTION ( 'NONE',  ( -0.000000000000000000, -1.000000000000000000, -0.000000000000000000 ) ) ;
#8193 = VERTEX_POINT ( 'NONE', #3535 ) ;
#8194 = CARTESIAN_POINT ( 'NONE',  ( -7.500000000000000000, -7.500000000000000000, 0.000000000000000000 ) ) ;
#8195 = ADVANCED_FACE ( 'NONE', ( #4264 ), #1952, .F. ) ;
#8196 = VERTEX_POINT ( 'NONE', #1488 ) ;
#8197 = CARTESIAN_POINT ( 'NONE',  ( 0.000000000000000000, 0.000000000000000000, 0.000000000000000000 ) ) ;
#8198 = MECHANICAL_DESIGN_GEOMETRIC_PRESENTATION_REPRESENTATION (  '', ( #992 ), #9834 ) ;
#8199 = CARTESIAN_POINT ( 'NONE',  ( 0.000000000000000000, 5.321370011402352773, -3.372391021478339912 ) ) ;
#8200 = DIRECTION ( 'NONE',  ( 0.000000000000000000, 0.000000000000000000, 1.000000000000000000 ) ) ;
#8201 = DIRECTION ( 'NONE',  ( -1.000000000000000000, 0.000000000000000000, -0.000000000000000000 ) ) ;
#8202 = FACE_OUTER_BOUND ( 'NONE', #3321, .T. ) ;
#8203 = ORIENTED_EDGE ( 'NONE', *, *, #2283, .F. ) ;
#8204 = FACE_OUTER_BOUND ( 'NONE', #4614, .T. ) ;
#8205 = DIRECTION ( 'NONE',  ( 0.000000000000000000, -0.4999999999999888423, -0.8660254037844450359 ) ) ;
#8206 = ADVANCED_FACE ( 'NONE', ( #5999 ), #1340, .T. ) ;
#8207 = VECTOR ( 'NONE', #9943, 1000.000000000000000 ) ;
#8208 =( NAMED_UNIT ( * ) SI_UNIT ( $, .STERADIAN. ) SOLID_ANGLE_UNIT ( ) );
#8209 = CARTESIAN_POINT ( 'NONE',  ( 1.499999999999999556, 0.000000000000000000, 0.000000000000000000 ) ) ;
#8210 = AXIS2_PLACEMENT_3D ( 'NONE', #4412, #9023, #7482 ) ;
#8211 = VERTEX_POINT ( 'NONE', #3844 ) ;
#8212 = CARTESIAN_POINT ( 'NONE',  ( 0.000000000000000000, -5.856144462747210788, -2.322837065193163575 ) ) ;
#8213 = CARTESIAN_POINT ( 'NONE',  ( 1.499999999999999556, -4.470985933908423249, -3.411694707735887899 ) ) ;
#8214 = CARTESIAN_POINT ( 'NONE',  ( 0.7499999999999997780, 5.420673833027148447, -3.210341912621576199 ) ) ;
#8215 = DIRECTION ( 'NONE',  ( -1.000000000000000000, 0.000000000000000000, 0.000000000000000000 ) ) ;
#8216 = ADVANCED_FACE ( 'NONE', ( #9952 ), #1537, .T. ) ;
#8217 = ORIENTED_EDGE ( 'NONE', *, *, #2736, .F. ) ;
#8218 = CIRCLE ( 'NONE', #503, 6.300000000000000711 ) ;
#8219 = ADVANCED_FACE ( 'NONE', ( #8411 ), #6814, .T. ) ;
#8220 = EDGE_CURVE ( 'NONE', #2609, #1940, #3016, .T. ) ;
#8221 = VERTEX_POINT ( 'NONE', #9125 ) ;
#8222 = DIRECTION ( 'NONE',  ( 0.000000000000000000, 0.8660254037844398178, -0.4999999999999978351 ) ) ;
#8223 = LINE ( 'NONE', #9807, #8455 ) ;
#8224 = LINE ( 'NONE', #7202, #7136 ) ;
#8225 = VERTEX_POINT ( 'NONE', #6970 ) ;
#8226 = ORIENTED_EDGE ( 'NONE', *, *, #7705, .F. ) ;
#8227 = DIRECTION ( 'NONE',  ( 0.000000000000000000, 0.000000000000000000, -1.000000000000000000 ) ) ;
#8228 = VECTOR ( 'NONE', #3743, 1000.000000000000000 ) ;
#8229 = CIRCLE ( 'NONE', #2328, 1.423999999999999710 ) ;
#8230 = DIRECTION ( 'NONE',  ( -1.000000000000000000, 0.000000000000000000, -0.000000000000000000 ) ) ;
#8231 = VERTEX_POINT ( 'NONE', #6056 ) ;
#8232 = ORIENTED_EDGE ( 'NONE', *, *, #6568, .F. ) ;
#8234 = CARTESIAN_POINT ( 'NONE',  ( -12.00000000000000355, 0.000000000000000000, 12.00000000000000178 ) ) ;
#8233 = LINE ( 'NONE', #3324, #1266 ) ;
#8235 = ORIENTED_EDGE ( 'NONE', *, *, #9177, .T. ) ;
#8236 = CARTESIAN_POINT ( 'NONE',  ( 0.000000000000000000, 0.000000000000000000, 0.000000000000000000 ) ) ;
#8237 =( NAMED_UNIT ( * ) SI_UNIT ( $, .STERADIAN. ) SOLID_ANGLE_UNIT ( ) );
#8238 = ORIENTED_EDGE ( 'NONE', *, *, #6185, .F. ) ;
#8239 = DIRECTION ( 'NONE',  ( -1.000000000000000000, 0.000000000000000000, 0.000000000000000000 ) ) ;
#8240 = ORIENTED_EDGE ( 'NONE', *, *, #2515, .T. ) ;
#8241 = CARTESIAN_POINT ( 'NONE',  ( 1.499999999999999556, 6.147417380365338246, -1.378136260165216953 ) ) ;
#8242 = EDGE_CURVE ( 'NONE', #516, #3315, #5331, .T. ) ;
#8243 = ORIENTED_EDGE ( 'NONE', *, *, #6319, .F. ) ;
#8244 = DIRECTION ( 'NONE',  ( 0.000000000000000000, 0.000000000000000000, -1.000000000000000000 ) ) ;
#8245 = LINE ( 'NONE', #3425, #5916 ) ;
#8246 = ORIENTED_EDGE ( 'NONE', *, *, #817, .F. ) ;
#8247 = DIRECTION ( 'NONE',  ( 0.000000000000000000, 0.000000000000000000, 1.000000000000000000 ) ) ;
#8248 = LINE ( 'NONE', #5842, #9173 ) ;
#8249 = ORIENTED_EDGE ( 'NONE', *, *, #2568, .F. ) ;
#8250 = CIRCLE ( 'NONE', #547, 5.624000000000004107 ) ;
#8251 = CARTESIAN_POINT ( 'NONE',  ( 1.499999999999999556, 0.000000000000000000, 0.000000000000000000 ) ) ;
#8252 = AXIS2_PLACEMENT_3D ( 'NONE', #2869, #4424, #6720 ) ;
#8253 = MECHANICAL_DESIGN_GEOMETRIC_PRESENTATION_REPRESENTATION (  '', ( #4323 ), #5143 ) ;
#8254 = DIRECTION ( 'NONE',  ( -0.6856251003693155655, 0.7279548212242065164, -2.280816743814895221E-17 ) ) ;
#8255 = DIRECTION ( 'NONE',  ( -1.000000000000000000, 0.000000000000000000, 0.000000000000000000 ) ) ;
#8256 = VERTEX_POINT ( 'NONE', #4622 ) ;
#8257 = DIRECTION ( 'NONE',  ( 0.000000000000000000, 0.000000000000000000, 1.000000000000000000 ) ) ;
#8258 = PLANE ( 'NONE',  #7651 ) ;
#8259 = DIRECTION ( 'NONE',  ( -1.000000000000000000, -0.000000000000000000, 0.000000000000000000 ) ) ;
#8260 = DIRECTION ( 'NONE',  ( -1.000000000000000000, -0.000000000000000000, -0.000000000000000000 ) ) ;
#8261 = LINE ( 'NONE', #1244, #7439 ) ;
#8262 = AXIS2_PLACEMENT_3D ( 'NONE', #8127, #9097, #3502 ) ;
#8263 = CIRCLE ( 'NONE', #5148, 0.7200000000000004174 ) ;
#8264 = PRODUCT_RELATED_PRODUCT_CATEGORY ( 'part', '', ( #8165 ) ) ;
#8265 = EDGE_CURVE ( 'NONE', #1255, #7276, #1388, .T. ) ;
#8266 = ORIENTED_EDGE ( 'NONE', *, *, #44, .T. ) ;
#8267 = EDGE_CURVE ( 'NONE', #7946, #7736, #6920, .T. ) ;
#8268 = AXIS2_PLACEMENT_3D ( 'NONE', #3662, #8328, #7613 ) ;
#8269 = ORIENTED_EDGE ( 'NONE', *, *, #601, .F. ) ;
#8270 = CARTESIAN_POINT ( 'NONE',  ( 0.000000000000000000, -0.5964270824953534778, 2.013522966163058481 ) ) ;
#8271 = DIRECTION ( 'NONE',  ( -0.000000000000000000, -1.000000000000000000, -0.000000000000000000 ) ) ;
#8272 = DIRECTION ( 'NONE',  ( -1.000000000000000000, 0.000000000000000000, -0.000000000000000000 ) ) ;
#8273 = EDGE_CURVE ( 'NONE', #4318, #8591, #7244, .T. ) ;
#8274 = ORIENTED_EDGE ( 'NONE', *, *, #9363, .F. ) ;
#8275 = ORIENTED_EDGE ( 'NONE', *, *, #7027, .T. ) ;
#8276 = UNCERTAINTY_MEASURE_WITH_UNIT (LENGTH_MEASURE( 1.000000000000000082E-05 ), #831, 'distance_accuracy_value', 'NONE');
#8277 = EDGE_CURVE ( 'NONE', #5166, #5581, #9546, .T. ) ;
#8278 = DIRECTION ( 'NONE',  ( 0.000000000000000000, 0.5000000000000007772, -0.8660254037844381525 ) ) ;
#8279 = SURFACE_STYLE_FILL_AREA ( #3659 ) ;
#8280 = ORIENTED_EDGE ( 'NONE', *, *, #2283, .T. ) ;
#8281 = PLANE ( 'NONE',  #3187 ) ;
#8282 = VERTEX_POINT ( 'NONE', #3069 ) ;
#8283 = DIRECTION ( 'NONE',  ( -1.000000000000000000, 0.000000000000000000, 0.000000000000000000 ) ) ;
#8284 =( NAMED_UNIT ( * ) SI_UNIT ( $, .STERADIAN. ) SOLID_ANGLE_UNIT ( ) );
#8285 = CIRCLE ( 'NONE', #1572, 5.624000000000004107 ) ;
#8286 = ORIENTED_EDGE ( 'NONE', *, *, #3005, .F. ) ;
#8287 = CIRCLE ( 'NONE', #5667, 5.624000000000004107 ) ;
#8288 = CARTESIAN_POINT ( 'NONE',  ( 1.499999999999999556, 0.000000000000000000, 0.000000000000000000 ) ) ;
#8289 = EDGE_LOOP ( 'NONE', ( #4039, #2185 ) ) ;
#8290 = FACE_OUTER_BOUND ( 'NONE', #7387, .T. ) ;
#8291 = ORIENTED_EDGE ( 'NONE', *, *, #3995, .F. ) ;
#8292 = DIRECTION ( 'NONE',  ( -1.000000000000000000, -0.000000000000000000, 0.000000000000000000 ) ) ;
#8293 = CARTESIAN_POINT ( 'NONE',  ( 0.7499999999999997780, -4.728296930903189477, -4.163316962856836057 ) ) ;
#8294 = ORIENTED_EDGE ( 'NONE', *, *, #1494, .F. ) ;
#8295 = DIRECTION ( 'NONE',  ( -1.000000000000000000, -0.000000000000000000, 0.000000000000000000 ) ) ;
#8296 = CARTESIAN_POINT ( 'NONE',  ( 1.499999999999999556, 5.583907850472548340, 0.7802391318067537496 ) ) ;
#8297 = CARTESIAN_POINT ( 'NONE',  ( 1.499999999999999556, 2.434800651343140387, -5.069627381595127602 ) ) ;
#8298 = AXIS2_PLACEMENT_3D ( 'NONE', #10023, #7560, #9246 ) ;
#8299 = EDGE_CURVE ( 'NONE', #8134, #4777, #6259, .T. ) ;
#8300 = ORIENTED_EDGE ( 'NONE', *, *, #2756, .T. ) ;
#8301 = AXIS2_PLACEMENT_3D ( 'NONE', #1030, #1210, #1693 ) ;
#8302 = CARTESIAN_POINT ( 'NONE',  ( 0.000000000000000000, 4.728296930903217898, 4.163316962856803194 ) ) ;
#8303 = APPLICATION_PROTOCOL_DEFINITION ( 'draft international standard', 'automotive_design', 1998, #2637 ) ;
#8304 = DIRECTION ( 'NONE',  ( -1.000000000000000000, -0.000000000000000000, 0.000000000000000000 ) ) ;
#8305 = VERTEX_POINT ( 'NONE', #6105 ) ;
#8306 = DIRECTION ( 'NONE',  ( -1.000000000000000000, -0.000000000000000000, -0.000000000000000000 ) ) ;
#8307 = DIRECTION ( 'NONE',  ( 0.000000000000000000, 0.000000000000000000, -1.000000000000000000 ) ) ;
#8308 = DIRECTION ( 'NONE',  ( -1.000000000000000000, 0.000000000000000000, 0.000000000000000000 ) ) ;
#8309 = CARTESIAN_POINT ( 'NONE',  ( 1.499999999999999556, -0.8862614956313807912, -1.440670871519468932 ) ) ;
#8310 = CARTESIAN_POINT ( 'NONE',  ( 1.499999999999999556, -4.976089400993411793, -2.650911967360020327 ) ) ;
#8311 = ORIENTED_EDGE ( 'NONE', *, *, #4594, .T. ) ;
#8312 = EDGE_CURVE ( 'NONE', #5567, #4458, #8553, .T. ) ;
#8313 = CARTESIAN_POINT ( 'NONE',  ( 0.000000000000000000, 2.498425620827165350, -5.783413301606102230 ) ) ;
#8314 = CARTESIAN_POINT ( 'NONE',  ( 1.499999999999999556, -4.500131487637524685, -3.396706725542377292 ) ) ;
#8315 = DIRECTION ( 'NONE',  ( 0.000000000000000000, 0.000000000000000000, 1.000000000000000000 ) ) ;
#8316 = CARTESIAN_POINT ( 'NONE',  ( 1.499999999999999556, 4.069107377274247206, -3.882234041400948410 ) ) ;
#8317 = ORIENTED_EDGE ( 'NONE', *, *, #6462, .T. ) ;
#8318 = CIRCLE ( 'NONE', #2741, 5.624000000000004107 ) ;
#8319 = EDGE_LOOP ( 'NONE', ( #9112, #7615, #3028, #5880 ) ) ;
#8320 = COLOUR_RGB ( '',0.7921568627450980005, 0.8196078431372548767, 0.9333333333333333481 ) ;
#8321 = CARTESIAN_POINT ( 'NONE',  ( 0.000000000000000000, -4.728296930903189477, -4.163316962856836057 ) ) ;
#8322 = AXIS2_PLACEMENT_3D ( 'NONE', #1511, #7855, #6937 ) ;
#8323 = EDGE_CURVE ( 'NONE', #92, #2562, #9227, .T. ) ;
#8324 = VECTOR ( 'NONE', #7943, 1000.000000000000000 ) ;
#8325 = CARTESIAN_POINT ( 'NONE',  ( 15.99999999999999645, 31.00000000000000000, 0.000000000000000000 ) ) ;
#8326 = ORIENTED_EDGE ( 'NONE', *, *, #2622, .T. ) ;
#8327 = EDGE_CURVE ( 'NONE', #7107, #2944, #2652, .T. ) ;
#8329 = CARTESIAN_POINT ( 'NONE',  ( 0.000000000000000000, 0.5964270824953672445, -2.013522966163054928 ) ) ;
#8328 = DIRECTION ( 'NONE',  ( -1.000000000000000000, -0.000000000000000000, 0.000000000000000000 ) ) ;
#8330 = AXIS2_PLACEMENT_3D ( 'NONE', #4166, #396, #7289 ) ;
#8331 = ORIENTED_EDGE ( 'NONE', *, *, #3067, .F. ) ;
#8332 = CIRCLE ( 'NONE', #307, 2.399999999999999911 ) ;
#8333 = ADVANCED_FACE ( 'NONE', ( #557 ), #6156, .T. ) ;
#8334 = CARTESIAN_POINT ( 'NONE',  ( 0.000000000000000000, -1.440670871519453389, -0.8862614956314059933 ) ) ;
#8335 = DIRECTION ( 'NONE',  ( 0.000000000000000000, 0.000000000000000000, 1.000000000000000000 ) ) ;
#8336 = ORIENTED_EDGE ( 'NONE', *, *, #5459, .T. ) ;
#8337 = EDGE_CURVE ( 'NONE', #1940, #5878, #4791, .T. ) ;
#8338 = CIRCLE ( 'NONE', #2930, 5.624000000000004107 ) ;
#8339 = CYLINDRICAL_SURFACE ( 'NONE', #7923, 2.100000000000000089 ) ;
#8340 = ORIENTED_EDGE ( 'NONE', *, *, #2010, .F. ) ;
#8341 = CARTESIAN_POINT ( 'NONE',  ( 1.499999999999999556, -4.470985933908468546, 3.411694707735830168 ) ) ;
#8342 = ADVANCED_FACE ( 'NONE', ( #2097 ), #2354, .T. ) ;
#8343 = VERTEX_POINT ( 'NONE', #47 ) ;
#8344 = CARTESIAN_POINT ( 'NONE',  ( 1.499999999999999556, 5.388098593335871378, -1.611759767611802507 ) ) ;
#8345 = DIRECTION ( 'NONE',  ( -1.000000000000000000, -0.000000000000000000, -0.000000000000000000 ) ) ;
#8346 = ORIENTED_EDGE ( 'NONE', *, *, #6809, .T. ) ;
#8347 = DIRECTION ( 'NONE',  ( -1.000000000000000000, -0.000000000000000000, 0.000000000000000000 ) ) ;
#8348 = CARTESIAN_POINT ( 'NONE',  ( 7.500000000000000000, 7.500000000000000000, 1.000000000000000000 ) ) ;
#8349 = CIRCLE ( 'NONE', #6218, 6.299999999999999822 ) ;
#8350 = VERTEX_POINT ( 'NONE', #4717 ) ;
#8351 = SURFACE_STYLE_USAGE ( .BOTH. , #548 ) ;
#8352 = CARTESIAN_POINT ( 'NONE',  ( 50.00005079999999680, 1.224646799147353207E-16, -1.000000000000000000 ) ) ;
#8353 = AXIS2_PLACEMENT_3D ( 'NONE', #4721, #1696, #8829 ) ;
#8354 = EDGE_CURVE ( 'NONE', #4438, #8146, #3807, .T. ) ;
#8355 = DIRECTION ( 'NONE',  ( -0.000000000000000000, 1.000000000000000000, -0.000000000000000000 ) ) ;
#8356 = ORIENTED_EDGE ( 'NONE', *, *, #2940, .F. ) ;
#8357 = DIRECTION ( 'NONE',  ( -1.000000000000000000, -0.000000000000000000, -0.000000000000000000 ) ) ;
#8358 = DIRECTION ( 'NONE',  ( -1.000000000000000000, -0.000000000000000000, 0.000000000000000000 ) ) ;
#8359 = CYLINDRICAL_SURFACE ( 'NONE', #397, 5.624000000000004107 ) ;
#8360 = CARTESIAN_POINT ( 'NONE',  ( -10.00000000000000000, 0.000000000000000000, 0.000000000000000000 ) ) ;
#8361 = DIRECTION ( 'NONE',  ( 1.000000000000000000, 0.000000000000000000, 0.000000000000000000 ) ) ;
#8362 = SURFACE_SIDE_STYLE ('',( #2822 ) ) ;
#8363 = EDGE_CURVE ( 'NONE', #2487, #4279, #4956, .T. ) ;
#8364 = VECTOR ( 'NONE', #3882, 1000.000000000000000 ) ;
#8365 = CIRCLE ( 'NONE', #8040, 6.300000000000000711 ) ;
#8366 = EDGE_CURVE ( 'NONE', #1765, #8196, #5583, .T. ) ;
#8367 = ORIENTED_EDGE ( 'NONE', *, *, #6548, .F. ) ;
#8368 = FACE_OUTER_BOUND ( 'NONE', #5621, .T. ) ;
#8369 = CARTESIAN_POINT ( 'NONE',  ( 1.499999999999999556, -5.306431951017040127, -1.863103848212852354 ) ) ;
#8370 = CARTESIAN_POINT ( 'NONE',  ( 0.000000000000000000, 1.690788321043817044, -0.04718953385304835296 ) ) ;
#8371 = FACE_OUTER_BOUND ( 'NONE', #7915, .T. ) ;
#8372 = ORIENTED_EDGE ( 'NONE', *, *, #1012, .T. ) ;
#8373 = AXIS2_PLACEMENT_3D ( 'NONE', #2035, #5165, #4159 ) ;
#8374 = ORIENTED_EDGE ( 'NONE', *, *, #9075, .F. ) ;
#8375 = UNCERTAINTY_MEASURE_WITH_UNIT (LENGTH_MEASURE( 1.000000000000000082E-05 ), #252, 'distance_accuracy_value', 'NONE');
#8376 = EDGE_CURVE ( 'NONE', #9351, #415, #1692, .T. ) ;
#8377 = DIRECTION ( 'NONE',  ( -1.000000000000000000, -0.000000000000000000, -0.000000000000000000 ) ) ;
#8378 = AXIS2_PLACEMENT_3D ( 'NONE', #8474, #3033, #714 ) ;
#8379 = CARTESIAN_POINT ( 'NONE',  ( 0.000000000000000000, 0.8515097899678746307, -1.141361939784599988 ) ) ;
#8380 = ORIENTED_EDGE ( 'NONE', *, *, #409, .F. ) ;
#8382 = LINE ( 'NONE', #9926, #4954 ) ;
#8381 = CARTESIAN_POINT ( 'NONE',  ( 1.499999999999999556, 4.058863291118530725, 3.913365401975897218 ) ) ;
#8383 = AXIS2_PLACEMENT_3D ( 'NONE', #3917, #5452, #2481 ) ;
#8384 = ORIENTED_EDGE ( 'NONE', *, *, #7359, .T. ) ;
#8385 = CARTESIAN_POINT ( 'NONE',  ( 0.000000000000000000, -5.637216970057037813, 2.502882544061054482 ) ) ;
#8386 = DIRECTION ( 'NONE',  ( -0.5692474381025199870, 0.8221662570391206071, 1.531035399978543393E-16 ) ) ;
#8387 =( GEOMETRIC_REPRESENTATION_CONTEXT ( 3 ) GLOBAL_UNCERTAINTY_ASSIGNED_CONTEXT ( ( #8077 ) ) GLOBAL_UNIT_ASSIGNED_CONTEXT ( ( #5927, #2022, #6637 ) ) REPRESENTATION_CONTEXT ( 'NONE', 'WORKASPACE' ) );
#8388 = VECTOR ( 'NONE', #5234, 1000.000000000000000 ) ;
#8389 = EDGE_LOOP ( 'NONE', ( #8792, #6801, #3253, #2023 ) ) ;
#8390 = VECTOR ( 'NONE', #10045, 1000.000000000000000 ) ;
#8391 = EDGE_CURVE ( 'NONE', #55, #7685, #4140, .T. ) ;
#8392 = CARTESIAN_POINT ( 'NONE',  ( -0.06137469101172798175, -40.00000000000000711, -0.9454937898344801805 ) ) ;
#8393 = VERTEX_POINT ( 'NONE', #6405 ) ;
#8394 = CARTESIAN_POINT ( 'NONE',  ( 0.000000000000000000, -4.949647314371465434, -2.670274791727508923 ) ) ;
#8395 = EDGE_CURVE ( 'NONE', #9971, #851, #9050, .T. ) ;
#8396 = VERTEX_POINT ( 'NONE', #7229 ) ;
#8397 = DIRECTION ( 'NONE',  ( -1.000000000000000000, -0.000000000000000000, -0.000000000000000000 ) ) ;
#8398 = FACE_OUTER_BOUND ( 'NONE', #6703, .T. ) ;
#8399 = ORIENTED_EDGE ( 'NONE', *, *, #8777, .T. ) ;
#8400 = DIRECTION ( 'NONE',  ( -1.000000000000000000, 0.000000000000000000, 0.000000000000000000 ) ) ;
#8401 = CARTESIAN_POINT ( 'NONE',  ( 0.000000000000000000, 0.000000000000000000, 0.000000000000000000 ) ) ;
#8402 = CARTESIAN_POINT ( 'NONE',  ( 1.499999999999999556, -3.396706725542299132, -4.500131487637581529 ) ) ;
#8403 = EDGE_CURVE ( 'NONE', #628, #5166, #4633, .T. ) ;
#8404 = EDGE_LOOP ( 'NONE', ( #6199, #1194, #6346, #3868 ) ) ;
#8405 = CARTESIAN_POINT ( 'NONE',  ( 4.209999999999998188, 40.00000000000000000, -15.00000000000000000 ) ) ;
#8406 = EDGE_CURVE ( 'NONE', #1600, #7343, #4819, .T. ) ;
#8407 = DIRECTION ( 'NONE',  ( -1.000000000000000000, -0.000000000000000000, -0.000000000000000000 ) ) ;
#8408 = APPLICATION_PROTOCOL_DEFINITION ( 'draft international standard', 'automotive_design', 1998, #478 ) ;
#8409 = CARTESIAN_POINT ( 'NONE',  ( 0.7499999999999997780, 0.3995011666401687145, 6.287320479970234466 ) ) ;
#8410 = EDGE_LOOP ( 'NONE', ( #3580, #296, #9252, #9787 ) ) ;
#8411 = FACE_OUTER_BOUND ( 'NONE', #1185, .T. ) ;
#8412 = LINE ( 'NONE', #1538, #271 ) ;
#8413 = CYLINDRICAL_SURFACE ( 'NONE', #1397, 0.7200000000000004174 ) ;
#8414 = DIRECTION ( 'NONE',  ( 0.000000000000000000, -0.000000000000000000, -1.000000000000000000 ) ) ;
#8415 = CARTESIAN_POINT ( 'NONE',  ( 1.499999999999999556, 5.551719098988212586, 0.9834709102464908037 ) ) ;
#8416 = DIRECTION ( 'NONE',  ( 1.000000000000000000, 0.000000000000000000, -0.000000000000000000 ) ) ;
#8417 =( REPRESENTATION_RELATIONSHIP ('NONE','NONE', #65, #514 ) REPRESENTATION_RELATIONSHIP_WITH_TRANSFORMATION ( #1672 )SHAPE_REPRESENTATION_RELATIONSHIP( ) );
#8418 = AXIS2_PLACEMENT_3D ( 'NONE', #4484, #8272, #9046 ) ;
#8419 = ORIENTED_EDGE ( 'NONE', *, *, #1409, .T. ) ;
#8420 = CARTESIAN_POINT ( 'NONE',  ( 0.000000000000000000, -1.487860405372502637, -0.8045268254124350316 ) ) ;
#8421 = FACE_OUTER_BOUND ( 'NONE', #8014, .T. ) ;
#8422 = AXIS2_PLACEMENT_3D ( 'NONE', #1444, #5384, #708 ) ;
#8423 = LINE ( 'NONE', #467, #3996 ) ;
#8424 = EDGE_CURVE ( 'NONE', #8193, #8350, #4053, .T. ) ;
#8425 = VERTEX_POINT ( 'NONE', #9381 ) ;
#8426 = AXIS2_PLACEMENT_3D ( 'NONE', #6735, #2018, #5768 ) ;
#8427 = CARTESIAN_POINT ( 'NONE',  ( 17.54825565829598588, 23.99999999999999645, 19.14180375945003121 ) ) ;
#8428 = AXIS2_PLACEMENT_3D ( 'NONE', #2072, #529, #4493 ) ;
#8429 = DIRECTION ( 'NONE',  ( 0.000000000000000000, -0.4999999999999888423, -0.8660254037844450359 ) ) ;
#8430 = ORIENTED_EDGE ( 'NONE', *, *, #6022, .F. ) ;
#8431 = AXIS2_PLACEMENT_3D ( 'NONE', #9082, #5130, #1390 ) ;
#8433 = CARTESIAN_POINT ( 'NONE',  ( 0.000000000000000000, 0.000000000000000000, 0.000000000000000000 ) ) ;
#8432 = LINE ( 'NONE', #9979, #2210 ) ;
#8434 = VERTEX_POINT ( 'NONE', #5482 ) ;
#8435 = AXIS2_PLACEMENT_3D ( 'NONE', #2656, #5791, #4926 ) ;
#8436 = CARTESIAN_POINT ( 'NONE',  ( 1.499999999999999556, 0.5889709714759440162, 6.272408882937932972 ) ) ;
#8437 = CIRCLE ( 'NONE', #8598, 2.399999999999999467 ) ;
#8438 = CIRCLE ( 'NONE', #7948, 2.100000000000000089 ) ;
#8439 = ORIENTED_EDGE ( 'NONE', *, *, #6770, .F. ) ;
#8440 =( NAMED_UNIT ( * ) PLANE_ANGLE_UNIT ( ) SI_UNIT ( $, .RADIAN. ) );
#8441 = EDGE_LOOP ( 'NONE', ( #1477, #3419, #1067, #7046 ) ) ;
#8442 = CARTESIAN_POINT ( 'NONE',  ( 0.000000000000000000, 4.500131487637549554, 3.396706725542344429 ) ) ;
#8443 = ORIENTED_EDGE ( 'NONE', *, *, #5098, .T. ) ;
#8444 = CARTESIAN_POINT ( 'NONE',  ( 0.000000000000000000, 2.670274791727463182, 4.949647314371489415 ) ) ;
#8446 = EDGE_CURVE ( 'NONE', #4798, #7571, #10033, .T. ) ;
#8445 = DIRECTION ( 'NONE',  ( -1.000000000000000000, -0.000000000000000000, -0.000000000000000000 ) ) ;
#8447 = ORIENTED_EDGE ( 'NONE', *, *, #6967, .F. ) ;
#8448 = LINE ( 'NONE', #4559, #6744 ) ;
#8449 = CARTESIAN_POINT ( 'NONE',  ( 1.499999999999999556, 0.000000000000000000, 0.000000000000000000 ) ) ;
#8450 = DIRECTION ( 'NONE',  ( 0.000000000000000000, 0.4539904997395478592, -0.8910065241883672327 ) ) ;
#8451 = ORIENTED_EDGE ( 'NONE', *, *, #1195, .T. ) ;
#8452 = ORIENTED_EDGE ( 'NONE', *, *, #7456, .F. ) ;
#8453 = CYLINDRICAL_SURFACE ( 'NONE', #2998, 2.399999999999999911 ) ;
#8454 = CARTESIAN_POINT ( 'NONE',  ( 1.499999999999999556, 4.976089400993465084, -2.650911967359915078 ) ) ;
#8455 = VECTOR ( 'NONE', #465, 1000.000000000000000 ) ;
#8456 = EDGE_CURVE ( 'NONE', #5511, #6843, #8825, .T. ) ;
#8457 = PRODUCT_CONTEXT ( 'NONE', #5925, 'mechanical' ) ;
#8458 = FACE_OUTER_BOUND ( 'NONE', #2761, .T. ) ;
#8459 = AXIS2_PLACEMENT_3D ( 'NONE', #8478, #3181, #6311 ) ;
#8460 = VERTEX_POINT ( 'NONE', #3945 ) ;
#8461 = DIRECTION ( 'NONE',  ( -1.000000000000000000, -0.000000000000000000, 0.000000000000000000 ) ) ;
#8462 = CARTESIAN_POINT ( 'NONE',  ( 1.499999999999999556, 5.069627381595151583, 2.434800651343087985 ) ) ;
#8463 = DIRECTION ( 'NONE',  ( -1.000000000000000000, 0.000000000000000000, 0.000000000000000000 ) ) ;
#8464 = DIRECTION ( 'NONE',  ( 0.000000000000000000, 0.7071067811865437980, 0.7071067811865512365 ) ) ;
#8465 = EDGE_CURVE ( 'NONE', #5924, #7269, #4871, .T. ) ;
#8466 = PRESENTATION_STYLE_ASSIGNMENT (( #3898 ) ) ;
#8467 = CIRCLE ( 'NONE', #9452, 2.399999999999999023 ) ;
#8468 = EDGE_CURVE ( 'NONE', #9945, #3665, #4107, .T. ) ;
#8469 = CIRCLE ( 'NONE', #7649, 2.399999999999999911 ) ;
#8470 = AXIS2_PLACEMENT_3D ( 'NONE', #7074, #1389, #2254 ) ;
#8471 = VERTEX_POINT ( 'NONE', #9540 ) ;
#8472 = DIRECTION ( 'NONE',  ( 0.000000000000000000, 0.000000000000000000, -1.000000000000000000 ) ) ;
#8473 = CARTESIAN_POINT ( 'NONE',  ( 1.499999999999999556, 1.440670871519459606, -0.1662614956313955283 ) ) ;
#8474 = CARTESIAN_POINT ( 'NONE',  ( 1.499999999999999556, 0.000000000000000000, 0.000000000000000000 ) ) ;
#8475 = CARTESIAN_POINT ( 'NONE',  ( 1.499999999999999556, -1.611759767611821381, -5.388098593335865161 ) ) ;
#8476 = ORIENTED_EDGE ( 'NONE', *, *, #10024, .F. ) ;
#8477 = EDGE_CURVE ( 'NONE', #8256, #6969, #5438, .T. ) ;
#8478 = CARTESIAN_POINT ( 'NONE',  ( 1.499999999999999556, 0.000000000000000000, 0.000000000000000000 ) ) ;
#8479 = MECHANICAL_DESIGN_GEOMETRIC_PRESENTATION_REPRESENTATION (  '', ( #6360 ), #9791 ) ;
#8480 = EDGE_CURVE ( 'NONE', #5062, #4291, #8065, .T. ) ;
#8481 = DIRECTION ( 'NONE',  ( 1.000000000000000000, 0.000000000000000000, 0.000000000000000000 ) ) ;
#8482 = ORIENTED_EDGE ( 'NONE', *, *, #979, .F. ) ;
#8484 = FACE_OUTER_BOUND ( 'NONE', #5020, .T. ) ;
#8483 = DIRECTION ( 'NONE',  ( 0.000000000000000000, -1.000000000000000000, 0.000000000000000000 ) ) ;
#8485 = CIRCLE ( 'NONE', #4068, 6.299999999999999822 ) ;
#8486 = ORIENTED_EDGE ( 'NONE', *, *, #167, .F. ) ;
#8487 = CYLINDRICAL_SURFACE ( 'NONE', #3741, 0.7200000000000004174 ) ;
#8488 = ORIENTED_EDGE ( 'NONE', *, *, #935, .F. ) ;
#8489 = AXIS2_PLACEMENT_3D ( 'NONE', #4234, #327, #3457 ) ;
#8490 = EDGE_CURVE ( 'NONE', #7063, #5466, #4468, .T. ) ;
#8491 =( LENGTH_UNIT ( ) NAMED_UNIT ( * ) SI_UNIT ( .MILLI., .METRE. ) );
#8492 = VERTEX_POINT ( 'NONE', #8665 ) ;
#8493 = CARTESIAN_POINT ( 'NONE',  ( 1.499999999999999556, -2.670274791727427655, -4.949647314371508955 ) ) ;
#8494 = VECTOR ( 'NONE', #9732, 1000.000000000000000 ) ;
#8495 = PRODUCT_DEFINITION_SHAPE ( 'NONE', 'NONE',  #10160 ) ;
#8496 =( GEOMETRIC_REPRESENTATION_CONTEXT ( 3 ) GLOBAL_UNCERTAINTY_ASSIGNED_CONTEXT ( ( #9618 ) ) GLOBAL_UNIT_ASSIGNED_CONTEXT ( ( #5303, #9929, #9156 ) ) REPRESENTATION_CONTEXT ( 'NONE', 'WORKASPACE' ) );
#8497 = VECTOR ( 'NONE', #8481, 1000.000000000000000 ) ;
#8498 = ORIENTED_EDGE ( 'NONE', *, *, #2158, .F. ) ;
#8499 = FACE_OUTER_BOUND ( 'NONE', #6838, .T. ) ;
#8500 = LINE ( 'NONE', #7626, #2480 ) ;
#8501 = VERTEX_POINT ( 'NONE', #4770 ) ;
#8502 = DIRECTION ( 'NONE',  ( 0.000000000000000000, -0.1564344650402383352, 0.9876883405951366601 ) ) ;
#8503 = LINE ( 'NONE', #5418, #10143 ) ;
#8504 = DIRECTION ( 'NONE',  ( 0.000000000000000000, 0.000000000000000000, 1.000000000000000000 ) ) ;
#8505 = VECTOR ( 'NONE', #2597, 1000.000000000000000 ) ;
#8506 = ORIENTED_EDGE ( 'NONE', *, *, #8337, .F. ) ;
#8507 = EDGE_CURVE ( 'NONE', #7343, #2117, #9678, .T. ) ;
#8508 = VERTEX_POINT ( 'NONE', #97 ) ;
#8509 = DIRECTION ( 'NONE',  ( 0.000000000000000000, 0.000000000000000000, 1.000000000000000000 ) ) ;
#8510 = VECTOR ( 'NONE', #4428, 1000.000000000000000 ) ;
#8511 = DIRECTION ( 'NONE',  ( 0.000000000000000000, 0.000000000000000000, 1.000000000000000000 ) ) ;
#8512 = EDGE_CURVE ( 'NONE', #1731, #4638, #3224, .T. ) ;
#8513 = VECTOR ( 'NONE', #88, 1000.000000000000000 ) ;
#8514 = CARTESIAN_POINT ( 'NONE',  ( 1.499999999999999556, 0.7802391318066611570, 5.583907850472564327 ) ) ;
#8515 = ORIENTED_EDGE ( 'NONE', *, *, #3959, .T. ) ;
#8516 = DIRECTION ( 'NONE',  ( 0.000000000000000000, 0.000000000000000000, -1.000000000000000000 ) ) ;
#8517 = DIRECTION ( 'NONE',  ( -1.000000000000000000, 0.000000000000000000, 0.000000000000000000 ) ) ;
#8518 = DIRECTION ( 'NONE',  ( 1.000000000000000000, 0.000000000000000000, 0.000000000000000000 ) ) ;
#8519 = CARTESIAN_POINT ( 'NONE',  ( -10.00000000000000000, 0.000000000000000000, 0.000000000000000000 ) ) ;
#8520 = CYLINDRICAL_SURFACE ( 'NONE', #6061, 2.399999999999999023 ) ;
#8521 = EDGE_CURVE ( 'NONE', #115, #1807, #8968, .T. ) ;
#8522 = CIRCLE ( 'NONE', #6543, 6.300000000000000711 ) ;
#8523 = ORIENTED_EDGE ( 'NONE', *, *, #3471, .F. ) ;
#8524 = CARTESIAN_POINT ( 'NONE',  ( 1.499999999999999556, -1.141361939784603097, -0.8515097899678707449 ) ) ;
#8525 = DIRECTION ( 'NONE',  ( 0.000000000000000000, 1.000000000000000000, -0.000000000000000000 ) ) ;
#8526 = EDGE_CURVE ( 'NONE', #9095, #9448, #3574, .T. ) ;
#8527 = DIRECTION ( 'NONE',  ( -1.000000000000000000, -0.000000000000000000, -0.000000000000000000 ) ) ;
#8528 = EDGE_CURVE ( 'NONE', #6843, #9992, #4977, .T. ) ;
#8529 = ORIENTED_EDGE ( 'NONE', *, *, #411, .F. ) ;
#8530 = VECTOR ( 'NONE', #10098, 1000.000000000000000 ) ;
#8531 = ADVANCED_FACE ( 'NONE', ( #3371 ), #9688, .F. ) ;
#8532 = CIRCLE ( 'NONE', #660, 0.7200000000000004174 ) ;
#8533 = FACE_OUTER_BOUND ( 'NONE', #8699, .T. ) ;
#8534 = AXIS2_PLACEMENT_3D ( 'NONE', #3985, #85, #4857 ) ;
#8535 = ORIENTED_EDGE ( 'NONE', *, *, #1223, .T. ) ;
#8536 = AXIS2_PLACEMENT_3D ( 'NONE', #1472, #4605, #7867 ) ;
#8538 = DIRECTION ( 'NONE',  ( -1.000000000000000000, 0.000000000000000000, 0.000000000000000000 ) ) ;
#8537 = CARTESIAN_POINT ( 'NONE',  ( 1.499999999999999556, -5.583907850472566992, 0.7802391318066413950 ) ) ;
#8539 = ORIENTED_EDGE ( 'NONE', *, *, #2348, .F. ) ;
#8540 = CYLINDRICAL_SURFACE ( 'NONE', #4398, 2.399999999999999467 ) ;
#8541 = ORIENTED_EDGE ( 'NONE', *, *, #8833, .T. ) ;
#8542 = CIRCLE ( 'NONE', #512, 2.399999999999999467 ) ;
#8543 = CARTESIAN_POINT ( 'NONE',  ( 7.500000000000000000, -7.500000000000000000, 1.000000000000000000 ) ) ;
#8544 = VECTOR ( 'NONE', #7033, 1000.000000000000000 ) ;
#8545 = ORIENTED_EDGE ( 'NONE', *, *, #3851, .F. ) ;
#8546 = CARTESIAN_POINT ( 'NONE',  ( 1.499999999999999556, -1.308110079575620199, -0.5626935397822370177 ) ) ;
#8547 = EDGE_LOOP ( 'NONE', ( #3824, #6370, #9617, #6795 ) ) ;
#8548 = VECTOR ( 'NONE', #4335, 1000.000000000000000 ) ;
#8549 = CARTESIAN_POINT ( 'NONE',  ( 50.00005079999999680, 0.000000000000000000, 0.000000000000000000 ) ) ;
#8550 = CYLINDRICAL_SURFACE ( 'NONE', #9350, 2.100000000000000089 ) ;
#8551 = VERTEX_POINT ( 'NONE', #6648 ) ;
#8552 = CARTESIAN_POINT ( 'NONE',  ( 1.499999999999999556, 5.321370011402352773, -3.372391021478339912 ) ) ;
#8553 = CIRCLE ( 'NONE', #9863, 6.300000000000000711 ) ;
#8554 = LINE ( 'NONE', #8603, #1631 ) ;
#8555 = DIRECTION ( 'NONE',  ( 0.000000000000000000, 0.000000000000000000, 1.000000000000000000 ) ) ;
#8556 = VERTEX_POINT ( 'NONE', #8199 ) ;
#8557 = ADVANCED_FACE ( 'NONE', ( #5022 ), #2746, .T. ) ;
#8558 = ORIENTED_EDGE ( 'NONE', *, *, #8791, .F. ) ;
#8559 = CARTESIAN_POINT ( 'NONE',  ( 0.000000000000000000, 0.000000000000000000, 0.000000000000000000 ) ) ;
#8560 = DIRECTION ( 'NONE',  ( 0.000000000000000000, 0.000000000000000000, 1.000000000000000000 ) ) ;
#8561 = CIRCLE ( 'NONE', #5443, 1.000000000000000888 ) ;
#8562 = DIRECTION ( 'NONE',  ( 0.000000000000000000, 0.000000000000000000, 1.000000000000000000 ) ) ;
#8563 = ORIENTED_EDGE ( 'NONE', *, *, #4953, .T. ) ;
#8564 = DIRECTION ( 'NONE',  ( 0.000000000000000000, 0.000000000000000000, 1.000000000000000000 ) ) ;
#8565 = DIRECTION ( 'NONE',  ( 0.000000000000000000, 0.000000000000000000, 1.000000000000000000 ) ) ;
#8566 = CARTESIAN_POINT ( 'NONE',  ( 1.499999999999999556, 3.882234041401042113, -4.069107377274157500 ) ) ;
#8567 = DIRECTION ( 'NONE',  ( -1.000000000000000000, -0.000000000000000000, -0.000000000000000000 ) ) ;
#8568 = DIRECTION ( 'NONE',  ( -1.000000000000000000, 0.000000000000000000, 0.000000000000000000 ) ) ;
#8569 = FILL_AREA_STYLE_COLOUR ( '', #6464 ) ;
#8570 = ADVANCED_BREP_SHAPE_REPRESENTATION ( '', ( #3434, #6402 ), #8659 ) ;
#8571 = ORIENTED_EDGE ( 'NONE', *, *, #9075, .T. ) ;
#8572 = CARTESIAN_POINT ( 'NONE',  ( 1.499999999999999556, 0.000000000000000000, 0.000000000000000000 ) ) ;
#8573 = CARTESIAN_POINT ( 'NONE',  ( 1.499999999999999556, 5.306431951017076543, -1.863103848212749103 ) ) ;
#8574 = CARTESIAN_POINT ( 'NONE',  ( 1.499999999999999556, 1.414203329750087557, 0.1667481397910145768 ) ) ;
#8575 = ADVANCED_FACE ( 'NONE', ( #7421 ), #9782, .T. ) ;
#8576 = SHAPE_REPRESENTATION ( 'spur gear_am12_Metric - Spur gear 0.3M 40T 20PA 1.5FW ---S40N75H50L2N', ( #6402 ), #5909 ) ;
#8577 = ORIENTED_EDGE ( 'NONE', *, *, #6146, .F. ) ;
#8578 = AXIS2_PLACEMENT_3D ( 'NONE', #1312, #5202, #426 ) ;
#8579 = EDGE_CURVE ( 'NONE', #1568, #783, #8561, .T. ) ;
#8580 = STYLED_ITEM ( 'NONE', ( #2918 ), #6919 ) ;
#8581 = VECTOR ( 'NONE', #6947, 1000.000000000000000 ) ;
#8582 = EDGE_CURVE ( 'NONE', #4543, #8139, #5260, .T. ) ;
#8583 = CARTESIAN_POINT ( 'NONE',  ( 0.000000000000000000, 0.000000000000000000, 0.000000000000000000 ) ) ;
#8584 = DIRECTION ( 'NONE',  ( -1.000000000000000000, 0.000000000000000000, -0.000000000000000000 ) ) ;
#8586 = DIRECTION ( 'NONE',  ( -1.000000000000000000, -0.000000000000000000, -0.000000000000000000 ) ) ;
#8585 = DIRECTION ( 'NONE',  ( -1.000000000000000000, 0.000000000000000000, 0.000000000000000000 ) ) ;
#8587 = ORIENTED_EDGE ( 'NONE', *, *, #9760, .F. ) ;
#8588 = DIRECTION ( 'NONE',  ( 0.000000000000000000, 0.4539904997395477482, -0.8910065241883673437 ) ) ;
#8589 = EDGE_CURVE ( 'NONE', #3655, #4604, #4205, .T. ) ;
#8590 = AXIS2_PLACEMENT_3D ( 'NONE', #222, #3203, #1616 ) ;
#8591 = VERTEX_POINT ( 'NONE', #9017 ) ;
#8592 = AXIS2_PLACEMENT_3D ( 'NONE', #7857, #830, #943 ) ;
#8593 = SURFACE_SIDE_STYLE ('',( #9985 ) ) ;
#8594 = EDGE_CURVE ( 'NONE', #3068, #2077, #668, .T. ) ;
#8595 = EDGE_LOOP ( 'NONE', ( #6392, #226 ) ) ;
#8596 = DIRECTION ( 'NONE',  ( -1.000000000000000000, -0.000000000000000000, 0.000000000000000000 ) ) ;
#8597 = ORIENTED_EDGE ( 'NONE', *, *, #9397, .F. ) ;
#8598 = AXIS2_PLACEMENT_3D ( 'NONE', #4322, #6165, #667 ) ;
#8599 = DIRECTION ( 'NONE',  ( 0.000000000000000000, 0.000000000000000000, -1.000000000000000000 ) ) ;
#8600 = CARTESIAN_POINT ( 'NONE',  ( 0.000000000000000000, 2.467573931392907483, 5.069504796178980754 ) ) ;
#8601 = EDGE_LOOP ( 'NONE', ( #5272, #9767, #6733, #4830 ) ) ;
#8602 = CARTESIAN_POINT ( 'NONE',  ( 1.499999999999999556, -1.562940689591810983, 6.103049762276093304 ) ) ;
#8603 = CARTESIAN_POINT ( 'NONE',  ( 0.7499999999999997780, 1.523282488027554171, -1.445548498552914785 ) ) ;
#8604 = CARTESIAN_POINT ( 'NONE',  ( 0.000000000000000000, 0.000000000000000000, 0.000000000000000000 ) ) ;
#8605 = EDGE_LOOP ( 'NONE', ( #3677, #6149, #1262, #6396 ) ) ;
#8606 = VERTEX_POINT ( 'NONE', #8149 ) ;
#8607 = DIRECTION ( 'NONE',  ( 0.000000000000000000, 0.9510565162951521989, 0.3090169943749515036 ) ) ;
#8608 = DIRECTION ( 'NONE',  ( 0.000000000000000000, 0.000000000000000000, 1.000000000000000000 ) ) ;
#8609 = CYLINDRICAL_SURFACE ( 'NONE', #7454, 5.624000000000004107 ) ;
#8610 = ORIENTED_EDGE ( 'NONE', *, *, #4853, .T. ) ;
#8611 = ADVANCED_FACE ( 'NONE', ( #1987 ), #8872, .T. ) ;
#8612 = CARTESIAN_POINT ( 'NONE',  ( 1.499999999999999556, 4.949647314371483198, 2.670274791727473396 ) ) ;
#8613 = FACE_OUTER_BOUND ( 'NONE', #9005, .T. ) ;
#8614 = CARTESIAN_POINT ( 'NONE',  ( 0.000000000000000000, 3.913365401975939850, -4.058863291118488981 ) ) ;
#8615 = CARTESIAN_POINT ( 'NONE',  ( -12.00000000000000355, 40.00000000000000000, 12.00000000000000178 ) ) ;
#8616 = CARTESIAN_POINT ( 'NONE',  ( 0.000000000000000000, 5.420673833027148447, -3.210341912621576199 ) ) ;
#8617 = FACE_OUTER_BOUND ( 'NONE', #578, .T. ) ;
#8618 = ORIENTED_EDGE ( 'NONE', *, *, #1066, .T. ) ;
#8619 = VECTOR ( 'NONE', #2947, 1000.000000000000000 ) ;
#8620 = ORIENTED_EDGE ( 'NONE', *, *, #2194, .T. ) ;
#8621 = DIRECTION ( 'NONE',  ( -1.000000000000000000, 0.000000000000000000, -0.000000000000000000 ) ) ;
#8622 = CARTESIAN_POINT ( 'NONE',  ( 1.499999999999999556, -0.04718953385303057552, -1.690788321043817710 ) ) ;
#8623 = AXIS2_PLACEMENT_3D ( 'NONE', #2521, #6366, #1905 ) ;
#8624 = CARTESIAN_POINT ( 'NONE',  ( 9.593511828441991796, 23.99999999999999645, 20.14180375945003121 ) ) ;
#8625 = CARTESIAN_POINT ( 'NONE',  ( 1.499999999999999556, 5.573896935634622629, -0.7490320092779839678 ) ) ;
#8626 = AXIS2_PLACEMENT_3D ( 'NONE', #4879, #7999, #982 ) ;
#8627 = ORIENTED_EDGE ( 'NONE', *, *, #4065, .F. ) ;
#8628 = CIRCLE ( 'NONE', #5519, 2.399999999999999911 ) ;
#8629 = EDGE_CURVE ( 'NONE', #3513, #7951, #7279, .T. ) ;
#8630 = CARTESIAN_POINT ( 'NONE',  ( 1.499999999999999556, 0.000000000000000000, 0.000000000000000000 ) ) ;
#8631 = LINE ( 'NONE', #7643, #80 ) ;
#8633 = DIRECTION ( 'NONE',  ( 0.000000000000000000, -0.9510565162951564178, 0.3090169943749384029 ) ) ;
#8632 = DIRECTION ( 'NONE',  ( 0.000000000000000000, -0.8660254037844432595, 0.4999999999999918954 ) ) ;
#8634 = ORIENTED_EDGE ( 'NONE', *, *, #2833, .F. ) ;
#8635 = CARTESIAN_POINT ( 'NONE',  ( 1.499999999999999556, 0.04718953385306602633, -1.690788321043816600 ) ) ;
#8636 = VERTEX_POINT ( 'NONE', #291 ) ;
#8637 = ORIENTED_EDGE ( 'NONE', *, *, #9621, .T. ) ;
#8638 = EDGE_CURVE ( 'NONE', #3101, #5529, #8245, .T. ) ;
#8639 = DIRECTION ( 'NONE',  ( -0.000000000000000000, -1.000000000000000000, -0.000000000000000000 ) ) ;
#8640 = AXIS2_PLACEMENT_3D ( 'NONE', #3525, #4459, #7582 ) ;
#8641 = ORIENTED_EDGE ( 'NONE', *, *, #9466, .T. ) ;
#8642 = CARTESIAN_POINT ( 'NONE',  ( 0.000000000000000000, 0.000000000000000000, 0.000000000000000000 ) ) ;
#8643 = APPLICATION_PROTOCOL_DEFINITION ( 'draft international standard', 'automotive_design', 1998, #6313 ) ;
#8644 = EDGE_CURVE ( 'NONE', #940, #6398, #1174, .T. ) ;
#8645 = ORIENTED_EDGE ( 'NONE', *, *, #734, .T. ) ;
#8646 = DIRECTION ( 'NONE',  ( -0.000000000000000000, -1.000000000000000000, -0.000000000000000000 ) ) ;
#8647 = CARTESIAN_POINT ( 'NONE',  ( 0.7499999999999997780, -4.851728223352796299, -4.018797487647508326 ) ) ;
#8648 = EDGE_LOOP ( 'NONE', ( #9374, #9124, #2214, #7487 ) ) ;
#8649 = CARTESIAN_POINT ( 'NONE',  ( 0.000000000000000000, 2.650911967359969257, 4.976089400993437550 ) ) ;
#8650 = VECTOR ( 'NONE', #2491, 1000.000000000000000 ) ;
#8651 = EDGE_CURVE ( 'NONE', #8350, #9170, #6413, .T. ) ;
#8652 = DIRECTION ( 'NONE',  ( -1.000000000000000000, 0.000000000000000000, -0.000000000000000000 ) ) ;
#8653 = DIRECTION ( 'NONE',  ( 0.000000000000000000, 0.000000000000000000, 1.000000000000000000 ) ) ;
#8654 = EDGE_LOOP ( 'NONE', ( #3975, #7364, #2195, #4061 ) ) ;
#8655 = CIRCLE ( 'NONE', #4726, 5.624000000000004107 ) ;
#8656 = VERTEX_POINT ( 'NONE', #1226 ) ;
#8657 = PLANE ( 'NONE',  #6602 ) ;
#8658 = CARTESIAN_POINT ( 'NONE',  ( 0.000000000000000000, 0.000000000000000000, 0.000000000000000000 ) ) ;
#8659 =( GEOMETRIC_REPRESENTATION_CONTEXT ( 3 ) GLOBAL_UNCERTAINTY_ASSIGNED_CONTEXT ( ( #990 ) ) GLOBAL_UNIT_ASSIGNED_CONTEXT ( ( #4116, #7901, #1592 ) ) REPRESENTATION_CONTEXT ( 'NONE', 'WORKASPACE' ) );
#8660 = AXIS2_PLACEMENT_3D ( 'NONE', #4376, #2672, #464 ) ;
#8661 = EDGE_CURVE ( 'NONE', #5066, #4209, #4299, .T. ) ;
#8662 = EDGE_LOOP ( 'NONE', ( #6453, #4090, #5034, #2880 ) ) ;
#8663 = AXIS2_PLACEMENT_3D ( 'NONE', #4720, #5382, #100 ) ;
#8664 = ORIENTED_EDGE ( 'NONE', *, *, #2983, .T. ) ;
#8665 = CARTESIAN_POINT ( 'NONE',  ( 1.499999999999999556, 2.498425620827165350, -5.783413301606101342 ) ) ;
#8666 = DIRECTION ( 'NONE',  ( 0.000000000000000000, 0.000000000000000000, 1.000000000000000000 ) ) ;
#8667 = CARTESIAN_POINT ( 'NONE',  ( 15.99999999999999645, 0.000000000000000000, -0.000000000000000000 ) ) ;
#8668 = AXIS2_PLACEMENT_3D ( 'NONE', #5333, #6202, #4671 ) ;
#8669 = FACE_OUTER_BOUND ( 'NONE', #4910, .T. ) ;
#8670 = CARTESIAN_POINT ( 'NONE',  ( 9.593511828441991796, 23.99999999999999645, 19.14180375945003121 ) ) ;
#8671 = DIRECTION ( 'NONE',  ( 0.000000000000000000, 0.4999999999999950040, 0.8660254037844415942 ) ) ;
#8672 = AXIS2_PLACEMENT_3D ( 'NONE', #6713, #8933, #5079 ) ;
#8673 = EDGE_LOOP ( 'NONE', ( #2787, #1530, #1201, #5961 ) ) ;
#8674 = DIRECTION ( 'NONE',  ( -1.000000000000000000, 0.000000000000000000, -0.000000000000000000 ) ) ;
#8675 = CIRCLE ( 'NONE', #5555, 5.624000000000004107 ) ;
#8676 = EDGE_CURVE ( 'NONE', #6708, #9888, #2949, .T. ) ;
#8677 = ORIENTED_EDGE ( 'NONE', *, *, #9844, .F. ) ;
#8678 = CARTESIAN_POINT ( 'NONE',  ( 0.000000000000000000, 2.322837065193183115, -5.856144462747201018 ) ) ;
#8679 = FACE_OUTER_BOUND ( 'NONE', #8654, .T. ) ;
#8680 = EDGE_CURVE ( 'NONE', #8838, #3101, #4940, .T. ) ;
#8681 = CARTESIAN_POINT ( 'NONE',  ( 1.499999999999999556, -1.690788321043816822, -0.04718953385306016990 ) ) ;
#8682 = LINE ( 'NONE', #6269, #906 ) ;
#8683 = VECTOR ( 'NONE', #457, 1000.000000000000000 ) ;
#8684 = ORIENTED_EDGE ( 'NONE', *, *, #8705, .T. ) ;
#8685 = EDGE_CURVE ( 'NONE', #6421, #870, #2084, .T. ) ;
#8686 = VECTOR ( 'NONE', #1645, 1000.000000000000000 ) ;
#8687 = LINE ( 'NONE', #4129, #9643 ) ;
#8688 = EDGE_LOOP ( 'NONE', ( #5314, #7501, #2347, #4485 ) ) ;
#8690 = FACE_OUTER_BOUND ( 'NONE', #4900, .T. ) ;
#8689 = DIRECTION ( 'NONE',  ( 0.000000000000000000, 0.5877852522924685852, 0.8090169943749507819 ) ) ;
#8691 = ORIENTED_EDGE ( 'NONE', *, *, #1858, .T. ) ;
#8692 = ADVANCED_FACE ( 'NONE', ( #7728 ), #541, .T. ) ;
#8693 = ORIENTED_EDGE ( 'NONE', *, *, #8080, .F. ) ;
#8694 = ORIENTED_EDGE ( 'NONE', *, *, #3343, .T. ) ;
#8695 = CARTESIAN_POINT ( 'NONE',  ( 1.499999999999999556, 5.783413301606127099, 2.498425620827104954 ) ) ;
#8696 = ORIENTED_EDGE ( 'NONE', *, *, #2348, .T. ) ;
#8697 = AXIS2_PLACEMENT_3D ( 'NONE', #1983, #2080, #4345 ) ;
#8698 = CYLINDRICAL_SURFACE ( 'NONE', #1122, 6.299999999999999822 ) ;
#8699 = EDGE_LOOP ( 'NONE', ( #1790, #5001, #2544, #9636 ) ) ;
#8700 = CARTESIAN_POINT ( 'NONE',  ( 1.499999999999999556, 0.000000000000000000, 0.000000000000000000 ) ) ;
#8701 = CARTESIAN_POINT ( 'NONE',  ( 1.499999999999999556, 4.470985933908492527, -3.411694707735796861 ) ) ;
#8702 = VERTEX_POINT ( 'NONE', #9214 ) ;
#8703 = CARTESIAN_POINT ( 'NONE',  ( 1.499999999999999556, 0.000000000000000000, 0.000000000000000000 ) ) ;
#8704 = CARTESIAN_POINT ( 'NONE',  ( -10.00000000000000000, 0.000000000000000000, 0.000000000000000000 ) ) ;
#8705 = EDGE_CURVE ( 'NONE', #9715, #415, #8218, .T. ) ;
#8706 = CIRCLE ( 'NONE', #9530, 1.000000000000000000 ) ;
#8707 = ORIENTED_EDGE ( 'NONE', *, *, #5388, .F. ) ;
#8708 = ORIENTED_EDGE ( 'NONE', *, *, #7650, .F. ) ;
#8709 = DIRECTION ( 'NONE',  ( 0.000000000000000000, 0.8090169943749486725, -0.5877852522924713607 ) ) ;
#8710 = DIRECTION ( 'NONE',  ( 0.000000000000000000, -1.000000000000000000, -1.048062100069321005E-14 ) ) ;
#8711 = ADVANCED_FACE ( 'NONE', ( #8398 ), #5217, .T. ) ;
#8712 = STYLED_ITEM ( 'NONE', ( #122 ), #3616 ) ;
#8713 = VECTOR ( 'NONE', #5673, 1000.000000000000000 ) ;
#8714 = ORIENTED_EDGE ( 'NONE', *, *, #9621, .F. ) ;
#8715 = ADVANCED_FACE ( 'NONE', ( #3624 ), #1424, .F. ) ;
#8716 = ORIENTED_EDGE ( 'NONE', *, *, #8312, .F. ) ;
#8717 = CARTESIAN_POINT ( 'NONE',  ( 1.499999999999999556, 0.000000000000000000, 0.000000000000000000 ) ) ;
#8718 = DIRECTION ( 'NONE',  ( -1.000000000000000000, 0.000000000000000000, 0.000000000000000000 ) ) ;
#8719 = DIRECTION ( 'NONE',  ( -1.000000000000000000, 0.000000000000000000, 0.000000000000000000 ) ) ;
#8720 = DIRECTION ( 'NONE',  ( 0.000000000000000000, -0.5877852522924624790, -0.8090169943749551118 ) ) ;
#8721 = DIRECTION ( 'NONE',  ( -0.000000000000000000, -1.000000000000000000, 0.000000000000000000 ) ) ;
#8722 = VERTEX_POINT ( 'NONE', #9164 ) ;
#8723 = AXIS2_PLACEMENT_3D ( 'NONE', #9178, #6200, #10054 ) ;
#8724 = CIRCLE ( 'NONE', #9372, 0.7200000000000005285 ) ;
#8725 = DIRECTION ( 'NONE',  ( -1.000000000000000000, -0.000000000000000000, 0.000000000000000000 ) ) ;
#8726 = SHAPE_REPRESENTATION_RELATIONSHIP ( 'NONE' , 'NONE' ,  #7146, #8570 ) ;
#8727 = VERTEX_POINT ( 'NONE', #6040 ) ;
#8728 = CARTESIAN_POINT ( 'NONE',  ( 1.499999999999999556, 2.467573931392972764, -5.069504796178946116 ) ) ;
#8729 = DIRECTION ( 'NONE',  ( 0.000000000000000000, 0.1564344650402310632, -0.9876883405951375483 ) ) ;
#8730 = CARTESIAN_POINT ( 'NONE',  ( 0.000000000000000000, 1.010057104667975159, 5.532554621990622756 ) ) ;
#8731 = DIRECTION ( 'NONE',  ( -1.000000000000000000, 0.000000000000000000, 0.000000000000000000 ) ) ;
#8732 = ORIENTED_EDGE ( 'NONE', *, *, #4127, .T. ) ;
#8733 = ORIENTED_EDGE ( 'NONE', *, *, #9457, .F. ) ;
#8734 = CARTESIAN_POINT ( 'NONE',  ( 0.000000000000000000, -4.470985933908468546, 3.411694707735830168 ) ) ;
#8735 = CARTESIAN_POINT ( 'NONE',  ( 14.99999999999999645, -30.00000000000000000, 0.000000000000000000 ) ) ;
#8737 = DIRECTION ( 'NONE',  ( 0.000000000000000000, 0.000000000000000000, 1.000000000000000000 ) ) ;
#8736 = LINE ( 'NONE', #4742, #2537 ) ;
#8738 = EDGE_CURVE ( 'NONE', #6350, #3586, #7394, .T. ) ;
#8739 = ORIENTED_EDGE ( 'NONE', *, *, #1701, .F. ) ;
#8740 = SURFACE_STYLE_USAGE ( .BOTH. , #10125 ) ;
#8741 = PRESENTATION_LAYER_ASSIGNMENT (  '', '', ( #1069 ) ) ;
#8742 = ORIENTED_EDGE ( 'NONE', *, *, #7826, .F. ) ;
#8743 = VERTEX_POINT ( 'NONE', #9887 ) ;
#8744 = CARTESIAN_POINT ( 'NONE',  ( 17.54825565829598588, 23.99999999999999645, 19.14180375945003121 ) ) ;
#8745 = ITEM_DEFINED_TRANSFORMATION ( 'NONE', 'NONE', #8330,  #6402 ) ;
#8746 = AXIS2_PLACEMENT_3D ( 'NONE', #1404, #4431, #2015 ) ;
#8747 = ORIENTED_EDGE ( 'NONE', *, *, #9908, .F. ) ;
#8748 = AXIS2_PLACEMENT_3D ( 'NONE', #1520, #6998, #4603 ) ;
#8749 = DIRECTION ( 'NONE',  ( -1.000000000000000000, -0.000000000000000000, -0.000000000000000000 ) ) ;
#8750 = VERTEX_POINT ( 'NONE', #6856 ) ;
#8751 = CARTESIAN_POINT ( 'NONE',  ( 1.499999999999999556, 0.000000000000000000, 0.000000000000000000 ) ) ;
#8752 = CYLINDRICAL_SURFACE ( 'NONE', #4130, 1.000000000000000888 ) ;
#8753 = EDGE_LOOP ( 'NONE', ( #4374, #4741 ) ) ;
#8754 = CIRCLE ( 'NONE', #5964, 2.399999999999999911 ) ;
#8755 = DIRECTION ( 'NONE',  ( 0.000000000000000000, 0.9876883405951369932, 0.1564344650402347547 ) ) ;
#8756 = SURFACE_SIDE_STYLE ('',( #5627 ) ) ;
#8757 = ORIENTED_EDGE ( 'NONE', *, *, #7606, .F. ) ;
#8758 = ORIENTED_EDGE ( 'NONE', *, *, #5958, .T. ) ;
#8759 = CARTESIAN_POINT ( 'NONE',  ( 0.000000000000000000, -4.626325118590943752, 3.197888662398134851 ) ) ;
#8760 = PLANE ( 'NONE',  #5411 ) ;
#8762 = CIRCLE ( 'NONE', #7441, 2.100000000000000089 ) ;
#8761 = PRODUCT_RELATED_PRODUCT_CATEGORY ( 'part', '', ( #8078 ) ) ;
#8763 = EDGE_CURVE ( 'NONE', #7664, #8869, #8706, .T. ) ;
#8764 = ORIENTED_EDGE ( 'NONE', *, *, #9336, .T. ) ;
#8765 = ORIENTED_EDGE ( 'NONE', *, *, #5247, .T. ) ;
#8766 = DIRECTION ( 'NONE',  ( -1.000000000000000000, -0.000000000000000000, -0.000000000000000000 ) ) ;
#8767 = VECTOR ( 'NONE', #1232, 1000.000000000000000 ) ;
#8768 = FACE_OUTER_BOUND ( 'NONE', #3391, .T. ) ;
#8769 = CARTESIAN_POINT ( 'NONE',  ( 0.000000000000000000, -1.378136260165237603, -6.147417380365333806 ) ) ;
#8770 = CARTESIAN_POINT ( 'NONE',  ( 0.000000000000000000, 4.470985933908492527, -3.411694707735796861 ) ) ;
#8771 = FACE_OUTER_BOUND ( 'NONE', #5788, .T. ) ;
#8772 = VECTOR ( 'NONE', #6459, 1000.000000000000000 ) ;
#8773 = ORIENTED_EDGE ( 'NONE', *, *, #4766, .F. ) ;
#8774 = AXIS2_PLACEMENT_3D ( 'NONE', #7, #7754, #10116 ) ;
#8775 = AXIS2_PLACEMENT_3D ( 'NONE', #2251, #3891, #3170 ) ;
#8776 = FACE_OUTER_BOUND ( 'NONE', #9318, .T. ) ;
#8777 = EDGE_CURVE ( 'NONE', #3821, #5674, #9848, .T. ) ;
#8778 =( NAMED_UNIT ( * ) PLANE_ANGLE_UNIT ( ) SI_UNIT ( $, .RADIAN. ) );
#8779 = EDGE_CURVE ( 'NONE', #5874, #7290, #6082, .T. ) ;
#8780 = EDGE_LOOP ( 'NONE', ( #8451, #8009, #4103, #9497 ) ) ;
#8781 = CARTESIAN_POINT ( 'NONE',  ( 0.000000000000000000, 5.637216970057038701, 0.1028825440610903336 ) ) ;
#8782 = DIRECTION ( 'NONE',  ( -1.000000000000000000, 0.000000000000000000, -0.000000000000000000 ) ) ;
#8783 = EDGE_CURVE ( 'NONE', #2373, #8492, #2313, .T. ) ;
#8784 = DIRECTION ( 'NONE',  ( 0.000000000000000000, 0.5877852522924686962, 0.8090169943749507819 ) ) ;
#8785 = CARTESIAN_POINT ( 'NONE',  ( -12.00000000000000355, 40.00000000000000000, 12.00000000000000178 ) ) ;
#8786 = AXIS2_PLACEMENT_3D ( 'NONE', #9113, #2083, #9015 ) ;
#8787 = EDGE_CURVE ( 'NONE', #9710, #692, #4283, .T. ) ;
#8788 = ORIENTED_EDGE ( 'NONE', *, *, #6523, .F. ) ;
#8789 = UNCERTAINTY_MEASURE_WITH_UNIT (LENGTH_MEASURE( 1.000000000000000082E-05 ), #1870, 'distance_accuracy_value', 'NONE');
#8790 = AXIS2_PLACEMENT_3D ( 'NONE', #3437, #109, #3238 ) ;
#8791 = EDGE_CURVE ( 'NONE', #2077, #2020, #2793, .T. ) ;
#8792 = ORIENTED_EDGE ( 'NONE', *, *, #4580, .T. ) ;
#8793 = LINE ( 'NONE', #119, #5374 ) ;
#8794 = LINE ( 'NONE', #216, #1092 ) ;
#8796 = CARTESIAN_POINT ( 'NONE',  ( 1.499999999999999556, -4.626325118590943752, 3.197888662398134851 ) ) ;
#8795 = PLANE ( 'NONE',  #7452 ) ;
#8797 = CIRCLE ( 'NONE', #3542, 5.624000000000004107 ) ;
#8798 = VERTEX_POINT ( 'NONE', #1325 ) ;
#8799 = FILL_AREA_STYLE_COLOUR ( '', #781 ) ;
#8800 = EDGE_CURVE ( 'NONE', #3524, #7368, #8500, .T. ) ;
#8801 = CIRCLE ( 'NONE', #7315, 6.300000000000000711 ) ;
#8802 = VERTEX_POINT ( 'NONE', #3676 ) ;
#8803 = CARTESIAN_POINT ( 'NONE',  ( 0.000000000000000000, 0.000000000000000000, 0.000000000000000000 ) ) ;
#8804 = ITEM_DEFINED_TRANSFORMATION ( 'NONE', 'NONE', #2432,  #6402 ) ;
#8805 = ORIENTED_EDGE ( 'NONE', *, *, #5448, .T. ) ;
#8806 = VECTOR ( 'NONE', #10051, 1000.000000000000000 ) ;
#8807 = EDGE_CURVE ( 'NONE', #1932, #8087, #591, .T. ) ;
#8808 = DIRECTION ( 'NONE',  ( 1.000000000000000000, -0.000000000000000000, -0.000000000000000000 ) ) ;
#8809 = CIRCLE ( 'NONE', #10111, 6.300000000000000711 ) ;
#8810 = EDGE_LOOP ( 'NONE', ( #7407, #5192, #6211, #5888 ) ) ;
#8811 = CARTESIAN_POINT ( 'NONE',  ( 0.000000000000000000, 3.396706725542392835, -4.500131487637513139 ) ) ;
#8812 = CARTESIAN_POINT ( 'NONE',  ( 0.000000000000000000, 4.626325118590925989, 3.197888662398161053 ) ) ;
#8813 = ORIENTED_EDGE ( 'NONE', *, *, #5263, .T. ) ;
#8814 = PRODUCT_DEFINITION_SHAPE ( 'NONE', 'NONE',  #10157 ) ;
#8815 = EDGE_CURVE ( 'NONE', #8656, #6549, #3054, .T. ) ;
#8816 = CARTESIAN_POINT ( 'NONE',  ( -15.00000000000000355, 30.00000000000000000, -97.00000000000000000 ) ) ;
#8817 = CYLINDRICAL_SURFACE ( 'NONE', #7226, 2.100000000000000089 ) ;
#8818 = ORIENTED_EDGE ( 'NONE', *, *, #2371, .F. ) ;
#8819 = VERTEX_POINT ( 'NONE', #9423 ) ;
#8820 = CARTESIAN_POINT ( 'NONE',  ( 0.000000000000000000, 0.1667481397910098306, 1.414203329750088223 ) ) ;
#8821 = CARTESIAN_POINT ( 'NONE',  ( 0.000000000000000000, 5.329519478602983362, -1.839842958668731043 ) ) ;
#8822 = CIRCLE ( 'NONE', #3738, 5.624000000000004995 ) ;
#8823 = ORIENTED_EDGE ( 'NONE', *, *, #7392, .T. ) ;
#8824 = VERTEX_POINT ( 'NONE', #5569 ) ;
#8825 = LINE ( 'NONE', #973, #1844 ) ;
#8826 = CARTESIAN_POINT ( 'NONE',  ( 0.000000000000000000, -5.306431951017040127, -1.863103848212852354 ) ) ;
#8827 = DIRECTION ( 'NONE',  ( -1.000000000000000000, 0.000000000000000000, -0.000000000000000000 ) ) ;
#8828 = CYLINDRICAL_SURFACE ( 'NONE', #10132, 5.624000000000004107 ) ;
#8829 = DIRECTION ( 'NONE',  ( 0.000000000000000000, 0.000000000000000000, 1.000000000000000000 ) ) ;
#8830 = VECTOR ( 'NONE', #726, 1000.000000000000000 ) ;
#8831 = ORIENTED_EDGE ( 'NONE', *, *, #7463, .T. ) ;
#8833 = EDGE_CURVE ( 'NONE', #6221, #3821, #33, .T. ) ;
#8832 =( GEOMETRIC_REPRESENTATION_CONTEXT ( 3 ) GLOBAL_UNCERTAINTY_ASSIGNED_CONTEXT ( ( #772 ) ) GLOBAL_UNIT_ASSIGNED_CONTEXT ( ( #7810, #124, #3251 ) ) REPRESENTATION_CONTEXT ( 'NONE', 'WORKASPACE' ) );
#8834 = AXIS2_PLACEMENT_3D ( 'NONE', #8849, #1812, #7300 ) ;
#8835 = DIRECTION ( 'NONE',  ( 0.000000000000000000, 0.000000000000000000, -1.000000000000000000 ) ) ;
#8836 = AXIS2_PLACEMENT_3D ( 'NONE', #4927, #8050, #7328 ) ;
#8837 = SURFACE_STYLE_FILL_AREA ( #160 ) ;
#8838 = VERTEX_POINT ( 'NONE', #7167 ) ;
#8839 = CARTESIAN_POINT ( 'NONE',  ( 0.000000000000000000, -0.8045268254124090523, -1.487860405372516404 ) ) ;
#8840 = CARTESIAN_POINT ( 'NONE',  ( 0.000000000000000000, 4.058863291118582239, -3.913365401975845259 ) ) ;
#8841 = VECTOR ( 'NONE', #2316, 1000.000000000000000 ) ;
#8842 = FACE_OUTER_BOUND ( 'NONE', #3463, .T. ) ;
#8843 = CYLINDRICAL_SURFACE ( 'NONE', #2361, 1.000000000000000000 ) ;
#8844 = VECTOR ( 'NONE', #4407, 1000.000000000000000 ) ;
#8845 = ORIENTED_EDGE ( 'NONE', *, *, #5124, .F. ) ;
#8846 = AXIS2_PLACEMENT_3D ( 'NONE', #1859, #9852, #5952 ) ;
#8847 = EDGE_CURVE ( 'NONE', #7515, #5360, #828, .T. ) ;
#8848 = ORIENTED_EDGE ( 'NONE', *, *, #566, .F. ) ;
#8849 = CARTESIAN_POINT ( 'NONE',  ( 0.000000000000000000, 0.000000000000000000, 0.000000000000000000 ) ) ;
#8850 = CARTESIAN_POINT ( 'NONE',  ( 1.499999999999999556, 2.322837065193106287, 5.856144462747233881 ) ) ;
#8851 = EDGE_CURVE ( 'NONE', #6570, #5824, #9028, .T. ) ;
#8852 = VERTEX_POINT ( 'NONE', #7113 ) ;
#8853 =( NAMED_UNIT ( * ) PLANE_ANGLE_UNIT ( ) SI_UNIT ( $, .RADIAN. ) );
#8854 = EDGE_LOOP ( 'NONE', ( #9387, #4451 ) ) ;
#8855 = EDGE_CURVE ( 'NONE', #6699, #7838, #6567, .T. ) ;
#8856 = DIRECTION ( 'NONE',  ( -1.000000000000000000, -0.000000000000000000, 0.000000000000000000 ) ) ;
#8857 = ORIENTED_EDGE ( 'NONE', *, *, #1750, .F. ) ;
#8858 = CIRCLE ( 'NONE', #7211, 0.7200000000000004174 ) ;
#8859 = CYLINDRICAL_SURFACE ( 'NONE', #5540, 2.400000000000000355 ) ;
#8860 = EDGE_LOOP ( 'NONE', ( #5612, #313, #1924, #6479 ) ) ;
#8861 = DIRECTION ( 'NONE',  ( 0.000000000000000000, 0.000000000000000000, 1.000000000000000000 ) ) ;
#8862 = DIRECTION ( 'NONE',  ( -1.000000000000000000, 0.000000000000000000, -0.000000000000000000 ) ) ;
#8863 = ORIENTED_EDGE ( 'NONE', *, *, #7084, .F. ) ;
#8864 = DIRECTION ( 'NONE',  ( 0.000000000000000000, 0.000000000000000000, 1.000000000000000000 ) ) ;
#8865 = PRESENTATION_LAYER_ASSIGNMENT (  '', '', ( #992 ) ) ;
#8866 = ORIENTED_EDGE ( 'NONE', *, *, #129, .T. ) ;
#8867 = ORIENTED_EDGE ( 'NONE', *, *, #7711, .F. ) ;
#8868 = DIRECTION ( 'NONE',  ( -1.000000000000000000, 0.000000000000000000, 0.000000000000000000 ) ) ;
#8869 = VERTEX_POINT ( 'NONE', #3264 ) ;
#8870 = CARTESIAN_POINT ( 'NONE',  ( 1.224646799147353207E-16, 14.00000000000000000, 1.000000000000000000 ) ) ;
#8871 = ORIENTED_EDGE ( 'NONE', *, *, #4853, .F. ) ;
#8872 = CYLINDRICAL_SURFACE ( 'NONE', #1826, 2.399999999999999467 ) ;
#8873 = CARTESIAN_POINT ( 'NONE',  ( -0.06137469101172798175, 0.000000000000000000, -0.9454937898344801805 ) ) ;
#8874 = AXIS2_PLACEMENT_3D ( 'NONE', #1570, #7928, #1625 ) ;
#8875 = DIRECTION ( 'NONE',  ( 0.000000000000000000, -0.9876883405951358830, -0.1564344650402420545 ) ) ;
#8876 = DIRECTION ( 'NONE',  ( 1.000000000000000000, 0.000000000000000000, -0.000000000000000000 ) ) ;
#8877 = EDGE_CURVE ( 'NONE', #5145, #9058, #2150, .T. ) ;
#8878 = ORIENTED_EDGE ( 'NONE', *, *, #9872, .T. ) ;
#8879 = COLOUR_RGB ( '',0.000000000000000000, 0.7019607843137254388, 0.09019607843137254777 ) ;
#8880 = CARTESIAN_POINT ( 'NONE',  ( 14.99999999999999645, -30.00000000000000000, -97.00000000000000000 ) ) ;
#8881 = CIRCLE ( 'NONE', #5759, 2.100000000000000089 ) ;
#8882 = DIRECTION ( 'NONE',  ( 3.914203967084565097E-16, -1.435201193192493176E-16, 1.000000000000000000 ) ) ;
#8883 = VERTEX_POINT ( 'NONE', #8701 ) ;
#8884 = CLOSED_SHELL ( 'NONE', ( #1959, #4295, #6322, #3725 ) ) ;
#8885 = CARTESIAN_POINT ( 'NONE',  ( 1.499999999999999556, -1.644148730784095402, -5.393104387681791678 ) ) ;
#8886 = DIRECTION ( 'NONE',  ( 0.000000000000000000, 1.000000000000000000, -0.000000000000000000 ) ) ;
#8887 = DIRECTION ( 'NONE',  ( 0.000000000000000000, 0.000000000000000000, 1.000000000000000000 ) ) ;
#8888 =( NAMED_UNIT ( * ) PLANE_ANGLE_UNIT ( ) SI_UNIT ( $, .RADIAN. ) );
#8889 = AXIS2_PLACEMENT_3D ( 'NONE', #8209, #2760, #2708 ) ;
#8890 = CIRCLE ( 'NONE', #1816, 5.624000000000004995 ) ;
#8891 = ORIENTED_EDGE ( 'NONE', *, *, #1630, .T. ) ;
#8892 = PRODUCT_DEFINITION_CONTEXT ( 'detailed design', #6833, 'design' ) ;
#8893 = PRODUCT_DEFINITION_SHAPE ( 'NONE', 'NONE',  #10145 ) ;
#8894 = ORIENTED_EDGE ( 'NONE', *, *, #5543, .T. ) ;
#8895 = ADVANCED_FACE ( 'NONE', ( #10137 ), #8550, .T. ) ;
#8896 = CARTESIAN_POINT ( 'NONE',  ( 0.7499999999999997780, -4.163316962856820957, 4.728296930903204576 ) ) ;
#8898 = SURFACE_STYLE_FILL_AREA ( #1915 ) ;
#8897 = FACE_OUTER_BOUND ( 'NONE', #483, .T. ) ;
#8899 = EDGE_LOOP ( 'NONE', ( #8238, #1633, #1028, #9969 ) ) ;
#8900 = PRODUCT_CONTEXT ( 'NONE', #1022, 'mechanical' ) ;
#8901 = ORIENTED_EDGE ( 'NONE', *, *, #7418, .T. ) ;
#8902 = ADVANCED_FACE ( 'NONE', ( #2394 ), #7978, .F. ) ;
#8903 = CARTESIAN_POINT ( 'NONE',  ( 1.499999999999999556, 0.7490320092780434758, 5.573896935634614636 ) ) ;
#8904 = ORIENTED_EDGE ( 'NONE', *, *, #9394, .F. ) ;
#8905 = EDGE_CURVE ( 'NONE', #7254, #4716, #6287, .T. ) ;
#8906 = CYLINDRICAL_SURFACE ( 'NONE', #3564, 6.299999999999999822 ) ;
#8907 = ORIENTED_EDGE ( 'NONE', *, *, #6373, .F. ) ;
#8908 = EDGE_CURVE ( 'NONE', #6095, #3879, #3127, .T. ) ;
#8909 = FACE_OUTER_BOUND ( 'NONE', #8899, .T. ) ;
#8910 = ORIENTED_EDGE ( 'NONE', *, *, #5827, .F. ) ;
#8911 = DIRECTION ( 'NONE',  ( -0.000000000000000000, -1.000000000000000000, -0.000000000000000000 ) ) ;
#8912 = CARTESIAN_POINT ( 'NONE',  ( -7.850000000000007638, 1.040834085586084257E-14, -1.499999999999999556 ) ) ;
#8913 = VERTEX_POINT ( 'NONE', #4702 ) ;
#8914 = EDGE_CURVE ( 'NONE', #9539, #8750, #12, .T. ) ;
#8915 = EDGE_LOOP ( 'NONE', ( #7585, #260, #6425, #9569 ) ) ;
#8916 = CARTESIAN_POINT ( 'NONE',  ( -10.00000000000000000, 0.000000000000000000, 0.000000000000000000 ) ) ;
#8917 = ORIENTED_EDGE ( 'NONE', *, *, #5141, .F. ) ;
#8918 = AXIS2_PLACEMENT_3D ( 'NONE', #4865, #8868, #1070 ) ;
#8919 = DIRECTION ( 'NONE',  ( 0.000000000000000000, 0.000000000000000000, 1.000000000000000000 ) ) ;
#8920 = MECHANICAL_DESIGN_GEOMETRIC_PRESENTATION_REPRESENTATION (  '', ( #8580 ), #6452 ) ;
#8921 = ORIENTED_EDGE ( 'NONE', *, *, #7081, .T. ) ;
#8922 = DIRECTION ( 'NONE',  ( -1.000000000000000000, 0.000000000000000000, 0.000000000000000000 ) ) ;
#8923 = DIRECTION ( 'NONE',  ( 0.000000000000000000, 0.000000000000000000, -1.000000000000000000 ) ) ;
#8924 = FACE_OUTER_BOUND ( 'NONE', #7419, .T. ) ;
#8925 = DIRECTION ( 'NONE',  ( 0.000000000000000000, 0.000000000000000000, 1.000000000000000000 ) ) ;
#8926 = DIRECTION ( 'NONE',  ( 1.000000000000000000, 0.000000000000000000, 0.000000000000000000 ) ) ;
#8927 = ORIENTED_EDGE ( 'NONE', *, *, #6046, .F. ) ;
#8928 = EDGE_CURVE ( 'NONE', #8852, #410, #1337, .T. ) ;
#8929 = VECTOR ( 'NONE', #7259, 1000.000000000000000 ) ;
#8930 = CARTESIAN_POINT ( 'NONE',  ( 1.499999999999999556, 4.626325118590926877, 3.197888662398161497 ) ) ;
#8931 = EDGE_CURVE ( 'NONE', #999, #8966, #2634, .T. ) ;
#8932 = AXIS2_PLACEMENT_3D ( 'NONE', #3480, #6050, #1901 ) ;
#8933 = DIRECTION ( 'NONE',  ( 0.1226313847378353306, -0.9924522877586010594, -6.106226635438360972E-16 ) ) ;
#8934 = CIRCLE ( 'NONE', #7449, 0.7200000000000004174 ) ;
#8935 = ORIENTED_EDGE ( 'NONE', *, *, #1097, .T. ) ;
#8936 = CARTESIAN_POINT ( 'NONE',  ( 1.499999999999999556, 2.650911967360038091, -4.976089400993402023 ) ) ;
#8937 = DIRECTION ( 'NONE',  ( -1.000000000000000000, 0.000000000000000000, 0.000000000000000000 ) ) ;
#8939 = AXIS2_PLACEMENT_3D ( 'NONE', #9865, #6015, #3757 ) ;
#8938 = DIRECTION ( 'NONE',  ( 0.000000000000000000, 0.000000000000000000, -1.000000000000000000 ) ) ;
#8940 = DIRECTION ( 'NONE',  ( -1.000000000000000000, 0.000000000000000000, -0.000000000000000000 ) ) ;
#8941 = VERTEX_POINT ( 'NONE', #6440 ) ;
#8942 = ADVANCED_BREP_SHAPE_REPRESENTATION ( '', ( #3616, #6402 ), #2923 ) ;
#8943 = VERTEX_POINT ( 'NONE', #4805 ) ;
#8944 = DIRECTION ( 'NONE',  ( -0.000000000000000000, -1.000000000000000000, -0.000000000000000000 ) ) ;
#8946 = PRESENTATION_STYLE_ASSIGNMENT (( #1868 ) ) ;
#8945 = DIRECTION ( 'NONE',  ( 0.000000000000000000, -0.3090169943749548342, 0.9510565162951511997 ) ) ;
#8947 = ORIENTED_EDGE ( 'NONE', *, *, #2170, .F. ) ;
#8948 = ORIENTED_EDGE ( 'NONE', *, *, #7589, .T. ) ;
#8949 = ADVANCED_FACE ( 'NONE', ( #908 ), #7821, .T. ) ;
#8951 = CARTESIAN_POINT ( 'NONE',  ( 0.000000000000000000, 0.000000000000000000, 0.000000000000000000 ) ) ;
#8950 = CIRCLE ( 'NONE', #3368, 6.299999999999999822 ) ;
#8952 = CIRCLE ( 'NONE', #8298, 1.423999999999999488 ) ;
#8953 = ORIENTED_EDGE ( 'NONE', *, *, #6679, .T. ) ;
#8954 = CARTESIAN_POINT ( 'NONE',  ( -10.00000000000000000, 0.000000000000000000, 0.000000000000000000 ) ) ;
#8955 = VERTEX_POINT ( 'NONE', #7776 ) ;
#8956 = CIRCLE ( 'NONE', #7799, 0.7200000000000004174 ) ;
#8957 = DIRECTION ( 'NONE',  ( 1.000000000000000000, 0.000000000000000000, 0.000000000000000000 ) ) ;
#8958 = ADVANCED_FACE ( 'NONE', ( #7873 ), #2494, .T. ) ;
#8959 = ORIENTED_EDGE ( 'NONE', *, *, #1075, .T. ) ;
#8960 = AXIS2_PLACEMENT_3D ( 'NONE', #8251, #1234, #4360 ) ;
#8961 = DIRECTION ( 'NONE',  ( -1.000000000000000000, 0.000000000000000000, 0.000000000000000000 ) ) ;
#8962 = ORIENTED_EDGE ( 'NONE', *, *, #671, .F. ) ;
#8963 = DIRECTION ( 'NONE',  ( 0.000000000000000000, 0.000000000000000000, 1.000000000000000000 ) ) ;
#8964 = AXIS2_PLACEMENT_3D ( 'NONE', #3173, #6971, #755 ) ;
#8965 = ADVANCED_FACE ( 'NONE', ( #5623 ), #8752, .F. ) ;
#8966 = VERTEX_POINT ( 'NONE', #2060 ) ;
#8967 = DIRECTION ( 'NONE',  ( -1.000000000000000000, 0.000000000000000000, 0.000000000000000000 ) ) ;
#8968 = LINE ( 'NONE', #8293, #4147 ) ;
#8969 = CARTESIAN_POINT ( 'NONE',  ( 1.499999999999999556, -5.069627381595134707, -2.434800651343124400 ) ) ;
#8970 = DIRECTION ( 'NONE',  ( 0.000000000000000000, 0.7071067811865486830, -0.7071067811865464625 ) ) ;
#8971 = DIRECTION ( 'NONE',  ( -0.000000000000000000, -1.000000000000000000, -0.000000000000000000 ) ) ;
#8972 = ORIENTED_EDGE ( 'NONE', *, *, #6512, .F. ) ;
#8973 = LINE ( 'NONE', #2957, #79 ) ;
#8974 = EDGE_CURVE ( 'NONE', #4077, #870, #1346, .T. ) ;
#8975 = DIRECTION ( 'NONE',  ( -1.000000000000000000, 0.000000000000000000, 0.000000000000000000 ) ) ;
#8976 = DIRECTION ( 'NONE',  ( -0.4624027906891191586, -0.8866699832310300788, -1.104985719707862094E-16 ) ) ;
#8977 = CYLINDRICAL_SURFACE ( 'NONE', #4023, 2.399999999999999467 ) ;
#8978 = VERTEX_POINT ( 'NONE', #6829 ) ;
#8979 = DIRECTION ( 'NONE',  ( -1.000000000000000000, -0.000000000000000000, 0.000000000000000000 ) ) ;
#8980 = FACE_OUTER_BOUND ( 'NONE', #2709, .T. ) ;
#8981 = FACE_OUTER_BOUND ( 'NONE', #2188, .T. ) ;
#8982 = DIRECTION ( 'NONE',  ( -1.000000000000000000, -0.000000000000000000, 0.000000000000000000 ) ) ;
#8983 = CARTESIAN_POINT ( 'NONE',  ( 1.499999999999999556, -1.690788321043817488, 0.04718953385303653603 ) ) ;
#8984 = VECTOR ( 'NONE', #6437, 1000.000000000000000 ) ;
#8985 = EDGE_LOOP ( 'NONE', ( #10130, #7432, #9109, #3533 ) ) ;
#8986 = VECTOR ( 'NONE', #3293, 1000.000000000000000 ) ;
#8987 = VERTEX_POINT ( 'NONE', #8133 ) ;
#8988 = DIRECTION ( 'NONE',  ( 0.000000000000000000, 0.000000000000000000, 1.000000000000000000 ) ) ;
#8989 = DIRECTION ( 'NONE',  ( 0.000000000000000000, -0.8910065241883722287, 0.4539904997395382558 ) ) ;
#8990 = CARTESIAN_POINT ( 'NONE',  ( 2.404357727003020528, 3.919999999999999041, 1.000000000000000000 ) ) ;
#8991 = VECTOR ( 'NONE', #6923, 1000.000000000000000 ) ;
#8992 = EDGE_LOOP ( 'NONE', ( #3953, #6243, #9874, #9679 ) ) ;
#8993 = DIRECTION ( 'NONE',  ( 0.000000000000000000, 0.000000000000000000, 1.000000000000000000 ) ) ;
#8994 = EDGE_CURVE ( 'NONE', #753, #1659, #4947, .T. ) ;
#8995 = ORIENTED_EDGE ( 'NONE', *, *, #4682, .T. ) ;
#8996 = CIRCLE ( 'NONE', #969, 2.399999999999999911 ) ;
#8997 = UNCERTAINTY_MEASURE_WITH_UNIT (LENGTH_MEASURE( 1.000000000000000082E-05 ), #5572, 'distance_accuracy_value', 'NONE');
#8998 = DIRECTION ( 'NONE',  ( 0.000000000000000000, 0.000000000000000000, 1.000000000000000000 ) ) ;
#8999 = AXIS2_PLACEMENT_3D ( 'NONE', #6651, #5990, #9785 ) ;
#9000 = CARTESIAN_POINT ( 'NONE',  ( 0.000000000000000000, 0.000000000000000000, 0.000000000000000000 ) ) ;
#9001 = ORIENTED_EDGE ( 'NONE', *, *, #4384, .F. ) ;
#9002 = ORIENTED_EDGE ( 'NONE', *, *, #5706, .F. ) ;
#9004 = LINE ( 'NONE', #5825, #8548 ) ;
#9003 = DIRECTION ( 'NONE',  ( 0.000000000000000000, 0.000000000000000000, 1.000000000000000000 ) ) ;
#9005 = EDGE_LOOP ( 'NONE', ( #2555, #833, #107, #284 ) ) ;
#9006 = FACE_OUTER_BOUND ( 'NONE', #5138, .T. ) ;
#9007 =( LENGTH_UNIT ( ) NAMED_UNIT ( * ) SI_UNIT ( .MILLI., .METRE. ) );
#9008 = VERTEX_POINT ( 'NONE', #229 ) ;
#9009 = CIRCLE ( 'NONE', #3107, 6.299999999999999822 ) ;
#9010 = CYLINDRICAL_SURFACE ( 'NONE', #552, 5.624000000000004107 ) ;
#9011 = ORIENTED_EDGE ( 'NONE', *, *, #735, .T. ) ;
#9012 = CARTESIAN_POINT ( 'NONE',  ( 1.499999999999999556, 3.210341912621704985, -5.420673833027073840 ) ) ;
#9013 = EDGE_LOOP ( 'NONE', ( #304, #9501, #1411, #8498 ) ) ;
#9014 = EDGE_CURVE ( 'NONE', #46, #8471, #352, .T. ) ;
#9015 = DIRECTION ( 'NONE',  ( 0.000000000000000000, 0.000000000000000000, 1.000000000000000000 ) ) ;
#9016 = AXIS2_PLACEMENT_3D ( 'NONE', #9592, #2561, #5691 ) ;
#9017 = CARTESIAN_POINT ( 'NONE',  ( 1.499999999999999556, -6.287320479970236242, 0.3995011666401461214 ) ) ;
#9018 = ORIENTED_EDGE ( 'NONE', *, *, #2325, .F. ) ;
#9019 = CARTESIAN_POINT ( 'NONE',  ( 0.000000000000000000, -4.976089400993445544, 2.650911967359951493 ) ) ;
#9020 = CARTESIAN_POINT ( 'NONE',  ( 0.000000000000000000, 1.690788321043817044, 0.6728104661469520575 ) ) ;
#9021 = DIRECTION ( 'NONE',  ( -1.000000000000000000, -0.000000000000000000, -0.000000000000000000 ) ) ;
#9022 = ORIENTED_EDGE ( 'NONE', *, *, #3320, .F. ) ;
#9023 = DIRECTION ( 'NONE',  ( -1.000000000000000000, -0.000000000000000000, -0.000000000000000000 ) ) ;
#9024 = EDGE_CURVE ( 'NONE', #477, #2613, #4145, .T. ) ;
#9025 = DIRECTION ( 'NONE',  ( -1.000000000000000000, -0.000000000000000000, -0.000000000000000000 ) ) ;
#9026 = ADVANCED_FACE ( 'NONE', ( #1354 ), #1062, .T. ) ;
#9028 = CIRCLE ( 'NONE', #4613, 2.399999999999999911 ) ;
#9027 = SHAPE_REPRESENTATION_RELATIONSHIP ( 'NONE' , 'NONE' ,  #9508, #8942 ) ;
#9029 = CYLINDRICAL_SURFACE ( 'NONE', #6966, 6.299999999999999822 ) ;
#9030 = CIRCLE ( 'NONE', #8536, 2.100000000000000089 ) ;
#9031 = VERTEX_POINT ( 'NONE', #5189 ) ;
#9032 = CARTESIAN_POINT ( 'NONE',  ( 1.499999999999999556, 0.000000000000000000, 0.000000000000000000 ) ) ;
#9033 = CARTESIAN_POINT ( 'NONE',  ( 1.499999999999999556, 1.690788321043817044, -0.04718953385304835296 ) ) ;
#9034 = CARTESIAN_POINT ( 'NONE',  ( 1.499999999999999556, -0.8045268254124090523, -1.487860405372516404 ) ) ;
#9035 = CYLINDRICAL_SURFACE ( 'NONE', #9506, 1.000000000000000000 ) ;
#9036 = EDGE_CURVE ( 'NONE', #2829, #5800, #7731, .T. ) ;
#9037 = CARTESIAN_POINT ( 'NONE',  ( 0.000000000000000000, -1.141361939784603097, -0.8515097899678707449 ) ) ;
#9038 = COLOUR_RGB ( '',1.000000000000000000, 1.000000000000000000, 0.000000000000000000 ) ;
#9039 = ORIENTED_EDGE ( 'NONE', *, *, #3339, .T. ) ;
#9040 = AXIS2_PLACEMENT_3D ( 'NONE', #2655, #5790, #6596 ) ;
#9041 = MECHANICAL_DESIGN_GEOMETRIC_PRESENTATION_REPRESENTATION (  '', ( #3801 ), #672 ) ;
#9042 = ORIENTED_EDGE ( 'NONE', *, *, #3193, .F. ) ;
#9043 = CARTESIAN_POINT ( 'NONE',  ( 0.000000000000000000, 0.3995011666402506489, -6.287320479970229137 ) ) ;
#9044 = CYLINDRICAL_SURFACE ( 'NONE', #4049, 2.399999999999999467 ) ;
#9045 = AXIS2_PLACEMENT_3D ( 'NONE', #2878, #3357, #8086 ) ;
#9046 = DIRECTION ( 'NONE',  ( 0.000000000000000000, 0.4539904997395476927, -0.8910065241883674547 ) ) ;
#9047 = ORIENTED_EDGE ( 'NONE', *, *, #4156, .T. ) ;
#9048 = ORIENTED_EDGE ( 'NONE', *, *, #4012, .T. ) ;
#9049 = DIRECTION ( 'NONE',  ( 0.000000000000000000, -1.000000000000000000, -1.054085445472017376E-14 ) ) ;
#9050 = CIRCLE ( 'NONE', #6100, 2.399999999999999467 ) ;
#9051 = ADVANCED_FACE ( 'NONE', ( #7604 ), #5965, .T. ) ;
#9052 = FILL_AREA_STYLE_COLOUR ( '', #1284 ) ;
#9053 = VERTEX_POINT ( 'NONE', #3597 ) ;
#9055 = CARTESIAN_POINT ( 'NONE',  ( 0.7499999999999997780, -6.287320479970230913, -0.3995011666402289996 ) ) ;
#9054 = DIRECTION ( 'NONE',  ( -1.000000000000000000, -0.000000000000000000, -0.000000000000000000 ) ) ;
#9056 = ORIENTED_EDGE ( 'NONE', *, *, #3635, .T. ) ;
#9057 = CARTESIAN_POINT ( 'NONE',  ( -10.00000000000000000, 0.000000000000000000, 0.000000000000000000 ) ) ;
#9058 = VERTEX_POINT ( 'NONE', #8812 ) ;
#9059 = DIRECTION ( 'NONE',  ( 0.000000000000000000, -0.8090169943749401238, -0.5877852522924831291 ) ) ;
#9060 = ORIENTED_EDGE ( 'NONE', *, *, #5894, .T. ) ;
#9061 = CARTESIAN_POINT ( 'NONE',  ( 1.499999999999999556, -5.420673833027125355, 3.210341912621613947 ) ) ;
#9062 = PRODUCT ( 'Motor', 'Motor', '', ( #9122 ) ) ;
#9063 = EDGE_LOOP ( 'NONE', ( #5754, #1777, #4976, #6948 ) ) ;
#9064 = DIRECTION ( 'NONE',  ( 0.000000000000000000, 0.000000000000000000, 1.000000000000000000 ) ) ;
#9065 = CARTESIAN_POINT ( 'NONE',  ( 1.499999999999999556, -4.058863291118503192, -3.913365401975925195 ) ) ;
#9066 = ORIENTED_EDGE ( 'NONE', *, *, #5543, .F. ) ;
#9067 = DIRECTION ( 'NONE',  ( 1.000000000000000000, 0.000000000000000000, 0.000000000000000000 ) ) ;
#9068 = FILL_AREA_STYLE ('',( #7424 ) ) ;
#9069 = CARTESIAN_POINT ( 'NONE',  ( 1.499999999999999556, -3.411694707735870136, 4.470985933908436571 ) ) ;
#9070 = ORIENTED_EDGE ( 'NONE', *, *, #4732, .F. ) ;
#9071 = AXIS2_PLACEMENT_3D ( 'NONE', #3356, #9573, #8861 ) ;
#9072 = DIRECTION ( 'NONE',  ( 0.000000000000000000, 1.000000000000000000, 3.491481338843132961E-15 ) ) ;
#9073 = EDGE_CURVE ( 'NONE', #2633, #4838, #1301, .T. ) ;
#9074 = CARTESIAN_POINT ( 'NONE',  ( -10.00000000000000000, 0.000000000000000000, 0.000000000000000000 ) ) ;
#9075 = EDGE_CURVE ( 'NONE', #1863, #7000, #278, .T. ) ;
#9076 = COLOUR_RGB ( '',1.000000000000000000, 0.4745098039215686070, 0.2470588235294117752 ) ;
#9077 = SURFACE_STYLE_FILL_AREA ( #302 ) ;
#9078 = CARTESIAN_POINT ( 'NONE',  ( 0.7499999999999997780, 6.287320479970232689, -0.3995011666401903638 ) ) ;
#9079 = ORIENTED_EDGE ( 'NONE', *, *, #7304, .F. ) ;
#9080 = DIRECTION ( 'NONE',  ( 0.000000000000000000, 0.000000000000000000, 1.000000000000000000 ) ) ;
#9081 = CARTESIAN_POINT ( 'NONE',  ( 0.000000000000000000, 0.000000000000000000, 0.000000000000000000 ) ) ;
#9082 = CARTESIAN_POINT ( 'NONE',  ( 0.000000000000000000, 0.8045268254124403606, -1.487860405372499528 ) ) ;
#9083 = CARTESIAN_POINT ( 'NONE',  ( 1.499999999999999556, 0.000000000000000000, 0.000000000000000000 ) ) ;
#9084 = AXIS2_PLACEMENT_3D ( 'NONE', #4230, #323, #3456 ) ;
#9085 = ADVANCED_FACE ( 'NONE', ( #521 ), #6777, .T. ) ;
#9086 = ADVANCED_FACE ( 'NONE', ( #1110, #4191 ), #4912, .F. ) ;
#9087 = ADVANCED_FACE ( 'NONE', ( #5242 ), #9093, .T. ) ;
#9088 = CIRCLE ( 'NONE', #5155, 2.399999999999999023 ) ;
#9089 = EDGE_LOOP ( 'NONE', ( #8488, #7266, #1746, #1679 ) ) ;
#9090 = DIRECTION ( 'NONE',  ( -1.000000000000000000, -0.000000000000000000, 0.000000000000000000 ) ) ;
#9091 = CARTESIAN_POINT ( 'NONE',  ( 1.499999999999999556, 0.04718953385304239245, 1.690788321043817710 ) ) ;
#9092 = EDGE_CURVE ( 'NONE', #410, #1857, #7885, .T. ) ;
#9093 = CYLINDRICAL_SURFACE ( 'NONE', #1998, 0.7200000000000004174 ) ;
#9094 = CARTESIAN_POINT ( 'NONE',  ( 1.499999999999999556, 2.013522966163060701, 0.5964270824953460393 ) ) ;
#9095 = VERTEX_POINT ( 'NONE', #7312 ) ;
#9096 = EDGE_LOOP ( 'NONE', ( #2169, #1483 ) ) ;
#9097 = DIRECTION ( 'NONE',  ( -1.000000000000000000, 0.000000000000000000, 0.000000000000000000 ) ) ;
#9098 = ADVANCED_FACE ( 'NONE', ( #8909 ), #7363, .T. ) ;
#9099 = DIRECTION ( 'NONE',  ( 0.000000000000000000, 0.9510565162951545304, -0.3090169943749447312 ) ) ;
#9100 = ORIENTED_EDGE ( 'NONE', *, *, #6085, .F. ) ;
#9102 = CARTESIAN_POINT ( 'NONE',  ( 0.06137469101172795399, 19.99999999999999645, -0.9981147966557828433 ) ) ;
#9101 = DIRECTION ( 'NONE',  ( 0.000000000000000000, 0.000000000000000000, 1.000000000000000000 ) ) ;
#9103 = ORIENTED_EDGE ( 'NONE', *, *, #6329, .F. ) ;
#9104 = DIRECTION ( 'NONE',  ( 0.000000000000000000, 0.000000000000000000, -1.000000000000000000 ) ) ;
#9105 = CIRCLE ( 'NONE', #3540, 0.7200000000000004174 ) ;
#9106 = EDGE_LOOP ( 'NONE', ( #8693, #7895, #876, #3279 ) ) ;
#9107 = EDGE_CURVE ( 'NONE', #9141, #8978, #9197, .T. ) ;
#9108 = DIRECTION ( 'NONE',  ( 0.000000000000000000, 0.000000000000000000, 1.000000000000000000 ) ) ;
#9109 = ORIENTED_EDGE ( 'NONE', *, *, #3053, .T. ) ;
#9110 = DIRECTION ( 'NONE',  ( 0.000000000000000000, 0.1564344650402244019, 0.9876883405951387696 ) ) ;
#9111 = ADVANCED_FACE ( 'NONE', ( #4533 ), #3960, .T. ) ;
#9112 = ORIENTED_EDGE ( 'NONE', *, *, #1473, .F. ) ;
#9113 = CARTESIAN_POINT ( 'NONE',  ( 1.499999999999999556, 0.8045268254124194884, 1.487860405372510852 ) ) ;
#9114 = DIRECTION ( 'NONE',  ( -1.000000000000000000, -0.000000000000000000, -0.000000000000000000 ) ) ;
#9115 = EDGE_LOOP ( 'NONE', ( #7098, #2291, #126, #7902 ) ) ;
#9116 = FACE_OUTER_BOUND ( 'NONE', #3600, .T. ) ;
#9117 = CARTESIAN_POINT ( 'NONE',  ( 1.499999999999999556, 5.637216970057038701, 0.1028825440610903336 ) ) ;
#9118 = ORIENTED_EDGE ( 'NONE', *, *, #1997, .F. ) ;
#9119 = VECTOR ( 'NONE', #5902, 1000.000000000000000 ) ;
#9120 = DIRECTION ( 'NONE',  ( -0.000000000000000000, 1.000000000000000000, -0.000000000000000000 ) ) ;
#9121 = CARTESIAN_POINT ( 'NONE',  ( 0.7499999999999997780, 5.783413301606126211, 2.498425620827105398 ) ) ;
#9122 = PRODUCT_CONTEXT ( 'NONE', #1082, 'mechanical' ) ;
#9123 = CARTESIAN_POINT ( 'NONE',  ( 14.99999999999999645, 30.00000000000000000, -97.00000000000000000 ) ) ;
#9124 = ORIENTED_EDGE ( 'NONE', *, *, #5448, .F. ) ;
#9125 = CARTESIAN_POINT ( 'NONE',  ( 1.499999999999999556, 3.411694707735903442, -4.470985933908411702 ) ) ;
#9126 = FACE_OUTER_BOUND ( 'NONE', #9106, .T. ) ;
#9127 = CYLINDRICAL_SURFACE ( 'NONE', #2212, 2.399999999999999467 ) ;
#9128 = DIRECTION ( 'NONE',  ( -1.000000000000000000, -0.000000000000000000, -0.000000000000000000 ) ) ;
#9129 = FACE_OUTER_BOUND ( 'NONE', #3265, .T. ) ;
#9130 = EDGE_CURVE ( 'NONE', #5794, #8211, #8881, .T. ) ;
#9131 = CIRCLE ( 'NONE', #6836, 2.399999999999999911 ) ;
#9132 = VERTEX_POINT ( 'NONE', #7800 ) ;
#9133 = CARTESIAN_POINT ( 'NONE',  ( 1.404357727003020306, 3.919999999999999041, 0.000000000000000000 ) ) ;
#9134 = DIRECTION ( 'NONE',  ( -1.000000000000000000, 0.000000000000000000, 0.000000000000000000 ) ) ;
#9135 = VECTOR ( 'NONE', #225, 1000.000000000000000 ) ;
#9137 = EDGE_CURVE ( 'NONE', #9429, #7350, #9189, .T. ) ;
#9136 = DIRECTION ( 'NONE',  ( -1.000000000000000000, 0.000000000000000000, 0.000000000000000000 ) ) ;
#9138 = DIRECTION ( 'NONE',  ( -1.000000000000000000, -0.000000000000000000, 0.000000000000000000 ) ) ;
#9139 = ORIENTED_EDGE ( 'NONE', *, *, #2814, .F. ) ;
#9140 = CIRCLE ( 'NONE', #2430, 2.399999999999999911 ) ;
#9141 = VERTEX_POINT ( 'NONE', #618 ) ;
#9142 = FACE_OUTER_BOUND ( 'NONE', #890, .T. ) ;
#9143 = AXIS2_PLACEMENT_3D ( 'NONE', #5298, #720, #4542 ) ;
#9144 = EDGE_CURVE ( 'NONE', #182, #3366, #6929, .T. ) ;
#9145 = ADVANCED_FACE ( 'NONE', ( #9243 ), #3756, .T. ) ;
#9146 = CIRCLE ( 'NONE', #6208, 6.300000000000000711 ) ;
#9147 = AXIS2_PLACEMENT_3D ( 'NONE', #7020, #4719, #1586 ) ;
#9148 = ORIENTED_EDGE ( 'NONE', *, *, #1322, .F. ) ;
#9150 = FILL_AREA_STYLE ('',( #7564 ) ) ;
#9149 = DIRECTION ( 'NONE',  ( 0.000000000000000000, 0.5000000000000007772, -0.8660254037844381525 ) ) ;
#9151 = DIRECTION ( 'NONE',  ( 0.000000000000000000, -0.1564344650402381964, 0.9876883405951365491 ) ) ;
#9152 = ORIENTED_EDGE ( 'NONE', *, *, #4387, .F. ) ;
#9153 = AXIS2_PLACEMENT_3D ( 'NONE', #9502, #3285, #2470 ) ;
#9154 = EDGE_CURVE ( 'NONE', #745, #783, #10019, .T. ) ;
#9155 = CARTESIAN_POINT ( 'NONE',  ( 1.499999999999999556, -1.414203329750088667, 0.1667481397910048901 ) ) ;
#9156 =( NAMED_UNIT ( * ) SI_UNIT ( $, .STERADIAN. ) SOLID_ANGLE_UNIT ( ) );
#9157 = ORIENTED_EDGE ( 'NONE', *, *, #8851, .T. ) ;
#9158 = AXIS2_PLACEMENT_3D ( 'NONE', #6291, #6859, #9269 ) ;
#9159 = LINE ( 'NONE', #3773, #2843 ) ;
#9160 = ORIENTED_EDGE ( 'NONE', *, *, #4639, .T. ) ;
#9161 = FACE_OUTER_BOUND ( 'NONE', #4393, .T. ) ;
#9162 = ORIENTED_EDGE ( 'NONE', *, *, #4094, .T. ) ;
#9163 = DIRECTION ( 'NONE',  ( -1.000000000000000000, 0.000000000000000000, 0.000000000000000000 ) ) ;
#9164 = CARTESIAN_POINT ( 'NONE',  ( 1.499999999999999556, -5.321370011402328792, 3.372391021478379436 ) ) ;
#9165 = ORIENTED_EDGE ( 'NONE', *, *, #3329, .T. ) ;
#9166 = CARTESIAN_POINT ( 'NONE',  ( 1.499999999999999556, 2.670274791727524022, -4.949647314371456552 ) ) ;
#9167 = CARTESIAN_POINT ( 'NONE',  ( 1.499999999999999556, 0.000000000000000000, 0.000000000000000000 ) ) ;
#9168 = DIRECTION ( 'NONE',  ( 1.000000000000000000, 0.000000000000000000, 0.000000000000000000 ) ) ;
#9169 = VECTOR ( 'NONE', #6719, 1000.000000000000000 ) ;
#9170 = VERTEX_POINT ( 'NONE', #3907 ) ;
#9171 = DIRECTION ( 'NONE',  ( 0.000000000000000000, 0.000000000000000000, 1.000000000000000000 ) ) ;
#9172 = DIRECTION ( 'NONE',  ( -1.000000000000000000, -0.000000000000000000, 0.000000000000000000 ) ) ;
#9173 = VECTOR ( 'NONE', #7425, 1000.000000000000000 ) ;
#9174 = CONTEXT_DEPENDENT_SHAPE_REPRESENTATION ( #6448, #7898 ) ;
#9175 = DIRECTION ( 'NONE',  ( -1.000000000000000000, -0.000000000000000000, -0.000000000000000000 ) ) ;
#9176 = ORIENTED_EDGE ( 'NONE', *, *, #2810, .F. ) ;
#9177 = EDGE_CURVE ( 'NONE', #7692, #7556, #196, .T. ) ;
#9178 = CARTESIAN_POINT ( 'NONE',  ( 0.000000000000000000, 49.99999999999999289, 0.000000000000000000 ) ) ;
#9179 = DIRECTION ( 'NONE',  ( -1.000000000000000000, 0.000000000000000000, -0.000000000000000000 ) ) ;
#9180 = CARTESIAN_POINT ( 'NONE',  ( 1.499999999999999556, 0.000000000000000000, 0.000000000000000000 ) ) ;
#9181 = CARTESIAN_POINT ( 'NONE',  ( 1.499999999999999556, -1.487860405372513961, 0.8045268254124144924 ) ) ;
#9182 = CARTESIAN_POINT ( 'NONE',  ( 0.000000000000000000, 1.690788321043816378, 0.04718953385307199377 ) ) ;
#9183 = CARTESIAN_POINT ( 'NONE',  ( 1.499999999999999556, -1.863103848212767755, -5.306431951017069437 ) ) ;
#9184 = AXIS2_PLACEMENT_3D ( 'NONE', #8035, #3311, #3213 ) ;
#9185 = VECTOR ( 'NONE', #3318, 1000.000000000000000 ) ;
#9186 = EDGE_LOOP ( 'NONE', ( #1652, #2415, #9267, #7370 ) ) ;
#9187 = CARTESIAN_POINT ( 'NONE',  ( 1.499999999999999556, -5.321370011402282607, -3.372391021478451822 ) ) ;
#9188 = DIRECTION ( 'NONE',  ( 0.000000000000000000, 0.000000000000000000, 1.000000000000000000 ) ) ;
#9189 = LINE ( 'NONE', #6115, #9360 ) ;
#9190 = DIRECTION ( 'NONE',  ( 0.000000000000000000, 0.8090169943749486725, -0.5877852522924713607 ) ) ;
#9191 = VECTOR ( 'NONE', #3780, 1000.000000000000000 ) ;
#9192 = ORIENTED_EDGE ( 'NONE', *, *, #2682, .F. ) ;
#9193 = DIRECTION ( 'NONE',  ( 0.000000000000000000, -0.8090169943749402348, -0.5877852522924830181 ) ) ;
#9194 = PRODUCT_RELATED_PRODUCT_CATEGORY ( 'part', '', ( #3399 ) ) ;
#9195 =( GEOMETRIC_REPRESENTATION_CONTEXT ( 3 ) GLOBAL_UNCERTAINTY_ASSIGNED_CONTEXT ( ( #8276 ) ) GLOBAL_UNIT_ASSIGNED_CONTEXT ( ( #831, #7914, #7807 ) ) REPRESENTATION_CONTEXT ( 'NONE', 'WORKASPACE' ) );
#9196 = EDGE_CURVE ( 'NONE', #5628, #3766, #7070, .T. ) ;
#9197 = CIRCLE ( 'NONE', #1504, 0.7200000000000004174 ) ;
#9198 = DIRECTION ( 'NONE',  ( 1.000000000000000000, 0.000000000000000000, -0.000000000000000000 ) ) ;
#9199 = VERTEX_POINT ( 'NONE', #5444 ) ;
#9201 =( NAMED_UNIT ( * ) SI_UNIT ( $, .STERADIAN. ) SOLID_ANGLE_UNIT ( ) );
#9200 = DIRECTION ( 'NONE',  ( 0.000000000000000000, 0.000000000000000000, 1.000000000000000000 ) ) ;
#9202 = ORIENTED_EDGE ( 'NONE', *, *, #6270, .F. ) ;
#9203 = CARTESIAN_POINT ( 'NONE',  ( 1.499999999999999556, 0.8515097899678746307, -1.141361939784599988 ) ) ;
#9204 = AXIS2_PLACEMENT_3D ( 'NONE', #703, #2864, #7641 ) ;
#9205 = ORIENTED_EDGE ( 'NONE', *, *, #3137, .T. ) ;
#9206 = CIRCLE ( 'NONE', #8066, 2.399999999999999023 ) ;
#9207 = EDGE_CURVE ( 'NONE', #2584, #8722, #9858, .T. ) ;
#9208 = LINE ( 'NONE', #686, #8581 ) ;
#9209 = VERTEX_POINT ( 'NONE', #6 ) ;
#9210 = CARTESIAN_POINT ( 'NONE',  ( 1.499999999999999556, 0.000000000000000000, 0.000000000000000000 ) ) ;
#9211 = ADVANCED_FACE ( 'NONE', ( #2218 ), #4634, .F. ) ;
#9212 = ORIENTED_EDGE ( 'NONE', *, *, #9550, .F. ) ;
#9213 = DIRECTION ( 'NONE',  ( 0.000000000000000000, 0.000000000000000000, -1.000000000000000000 ) ) ;
#9214 = CARTESIAN_POINT ( 'NONE',  ( 1.499999999999999556, 5.637216970057038701, 2.502882544061089565 ) ) ;
#9215 = EDGE_LOOP ( 'NONE', ( #3446, #9079, #8217, #7249, #1418, #9752, #8871, #1287, #905, #6578, #2500, #1564, #7156, #2484, #6520, #6626, #6962, #1155, #481, #837, #2439, #5684, #6285, #909, #9018, #7551, #6030, #6931, #4501, #9771, #1515, #6314, #4009, #1231, #6251, #3516, #7416, #4520, #2598, #1736, #6555, #2514, #6633, #981, #4597, #3209, #9581, #9395, #6288, #1887, #6278, #7158, #6182, #9355, #8716, #3200, #3332, #4913, #5447, #5463, #2486, #3777, #8430, #6257, #8141, #4153, #4849, #6854, #4124, #9931, #3563, #7670, #7366, #9481, #4736, #7379, #2600, #3865, #7859, #9002, #6893, #6496, #4464, #9978, #795, #8818, #7336, #156, #5784, #9364, #9514, #5595, #203, #2569, #5534, #10144, #4571, #7003, #2693, #5602, #7322, #8203, #5830, #8380, #5354, #7979, #8742, #6747, #2423, #9070, #2956, #274, #4799, #1313, #1917, #8757, #4085, #4809, #453, #7918, #8733, #543, #9509, #538, #8294, #6018, #8367, #3858, #4036, #7469, #4141, #6813, #9673, #5859, #2152, #4297, #8848, #5244, #5203, #4382, #1774, #1177, #9999, #9238, #4763, #9294, #2816, #9559, #437, #847, #6832, #139, #3560, #6623, #662, #6226, #7058, #2899, #4617, #3109, #8707, #5100, #2063, #8243, #4390 ) ) ;
#9216 = CLOSED_SHELL ( 'NONE', ( #8054, #5711, #6574, #1395, #10035, #3113, #2054, #9779, #7438, #6081, #6006, #7239, #7013, #2997, #8195, #8965 ) ) ;
#9217 = DIRECTION ( 'NONE',  ( -1.000000000000000000, 0.000000000000000000, -0.000000000000000000 ) ) ;
#9218 = EDGE_CURVE ( 'NONE', #7357, #7787, #2368, .T. ) ;
#9219 = LINE ( 'NONE', #3835, #800 ) ;
#9220 = FACE_OUTER_BOUND ( 'NONE', #8915, .T. ) ;
#9221 = ORIENTED_EDGE ( 'NONE', *, *, #449, .F. ) ;
#9222 = ORIENTED_EDGE ( 'NONE', *, *, #950, .F. ) ;
#9223 = CARTESIAN_POINT ( 'NONE',  ( 1.500000000000001332, 0.000000000000000000, 0.000000000000000000 ) ) ;
#9224 = LINE ( 'NONE', #7784, #114 ) ;
#9225 = DIRECTION ( 'NONE',  ( 0.000000000000000000, 0.8090169943749445647, 0.5877852522924770229 ) ) ;
#9226 = ORIENTED_EDGE ( 'NONE', *, *, #2436, .T. ) ;
#9227 = LINE ( 'NONE', #7593, #1517 ) ;
#9228 = CYLINDRICAL_SURFACE ( 'NONE', #9456, 1.423999999999999488 ) ;
#9229 = DIRECTION ( 'NONE',  ( 1.000000000000000000, 0.000000000000000000, 0.000000000000000000 ) ) ;
#9230 = CARTESIAN_POINT ( 'NONE',  ( 1.499999999999999556, -1.445548498552940986, 1.523282488027528858 ) ) ;
#9231 = DIRECTION ( 'NONE',  ( 1.000000000000000000, -0.000000000000000000, -0.000000000000000000 ) ) ;
#9232 = PRODUCT_DEFINITION_SHAPE ( 'NONE', 'NONE',  #10158 ) ;
#9233 = ADVANCED_FACE ( 'NONE', ( #1803 ), #3335, .T. ) ;
#9234 = FILL_AREA_STYLE ('',( #8569 ) ) ;
#9235 = CIRCLE ( 'NONE', #9418, 2.399999999999999911 ) ;
#9236 = CIRCLE ( 'NONE', #1877, 0.7200000000000004174 ) ;
#9237 = EDGE_CURVE ( 'NONE', #4716, #9435, #6317, .T. ) ;
#9238 = ORIENTED_EDGE ( 'NONE', *, *, #7508, .F. ) ;
#9239 = DIRECTION ( 'NONE',  ( 0.000000000000000000, 0.000000000000000000, 1.000000000000000000 ) ) ;
#9240 = DIRECTION ( 'NONE',  ( 0.000000000000000000, -0.9876883405951358830, -0.1564344650402419434 ) ) ;
#9241 = AXIS2_PLACEMENT_3D ( 'NONE', #1045, #6419, #359 ) ;
#9242 = ADVANCED_FACE ( 'NONE', ( #8842 ), #4064, .T. ) ;
#9243 = FACE_OUTER_BOUND ( 'NONE', #469, .T. ) ;
#9244 = DIRECTION ( 'NONE',  ( -1.000000000000000000, -0.000000000000000000, -0.000000000000000000 ) ) ;
#9245 = ORIENTED_EDGE ( 'NONE', *, *, #2250, .F. ) ;
#9246 = DIRECTION ( 'NONE',  ( 0.000000000000000000, -1.000000000000000000, -1.047444401652940007E-14 ) ) ;
#9247 = AXIS2_PLACEMENT_3D ( 'NONE', #6075, #5351, #9101 ) ;
#9248 = VECTOR ( 'NONE', #7633, 1000.000000000000000 ) ;
#9249 = CARTESIAN_POINT ( 'NONE',  ( 1.499999999999999556, 0.7490320092781167505, -5.573896935634604866 ) ) ;
#9250 = EDGE_LOOP ( 'NONE', ( #3753, #949, #3161, #7782 ) ) ;
#9251 = DIRECTION ( 'NONE',  ( 0.000000000000000000, 0.4999999999999948930, 0.8660254037844415942 ) ) ;
#9252 = ORIENTED_EDGE ( 'NONE', *, *, #3995, .T. ) ;
#9253 = AXIS2_PLACEMENT_3D ( 'NONE', #3426, #6552, #9689 ) ;
#9254 = CARTESIAN_POINT ( 'NONE',  ( 1.499999999999999556, 0.7802391318067337656, -5.583907850472551893 ) ) ;
#9255 = CARTESIAN_POINT ( 'NONE',  ( 0.000000000000000000, 0.000000000000000000, 0.000000000000000000 ) ) ;
#9256 = AXIS2_PLACEMENT_3D ( 'NONE', #9454, #1453, #715 ) ;
#9257 = ADVANCED_FACE ( 'NONE', ( #6368 ), #1655, .T. ) ;
#9258 = AXIS2_PLACEMENT_3D ( 'NONE', #7742, #1386, #10052 ) ;
#9259 = ORIENTED_EDGE ( 'NONE', *, *, #8905, .F. ) ;
#9260 = DIRECTION ( 'NONE',  ( 0.000000000000000000, -0.8660254037844327124, -0.5000000000000099920 ) ) ;
#9261 = ORIENTED_EDGE ( 'NONE', *, *, #8456, .T. ) ;
#9262 = DIRECTION ( 'NONE',  ( 0.000000000000000000, 1.000000000000000000, 3.491481338843132961E-15 ) ) ;
#9263 = ORIENTED_EDGE ( 'NONE', *, *, #8327, .T. ) ;
#9264 = DIRECTION ( 'NONE',  ( 0.000000000000000000, -0.1564344650402169912, -0.9876883405951399908 ) ) ;
#9265 = EDGE_CURVE ( 'NONE', #5301, #3972, #209, .T. ) ;
#9266 = DIRECTION ( 'NONE',  ( 0.000000000000000000, -0.8910065241883627918, -0.4539904997395570185 ) ) ;
#9267 = ORIENTED_EDGE ( 'NONE', *, *, #8629, .F. ) ;
#9268 = CARTESIAN_POINT ( 'NONE',  ( 0.000000000000000000, 2.013522966163061145, 0.5964270824953459282 ) ) ;
#9269 = DIRECTION ( 'NONE',  ( 0.000000000000000000, 0.5877852522924685852, 0.8090169943749507819 ) ) ;
#9270 = CYLINDRICAL_SURFACE ( 'NONE', #1657, 5.624000000000004107 ) ;
#9271 = ORIENTED_EDGE ( 'NONE', *, *, #5141, .T. ) ;
#9272 = EDGE_LOOP ( 'NONE', ( #7687, #3268, #4336, #9060 ) ) ;
#9273 = DIRECTION ( 'NONE',  ( 0.000000000000000000, 0.000000000000000000, 1.000000000000000000 ) ) ;
#9274 = DIRECTION ( 'NONE',  ( -0.000000000000000000, -1.000000000000000000, -0.000000000000000000 ) ) ;
#9275 = CIRCLE ( 'NONE', #258, 2.100000000000000089 ) ;
#9276 = EDGE_CURVE ( 'NONE', #8556, #784, #1707, .T. ) ;
#9277 = DIRECTION ( 'NONE',  ( 0.000000000000000000, 0.000000000000000000, 1.000000000000000000 ) ) ;
#9278 = CIRCLE ( 'NONE', #5679, 2.399999999999999467 ) ;
#9279 = EDGE_CURVE ( 'NONE', #8722, #3556, #1481, .T. ) ;
#9280 = ORIENTED_EDGE ( 'NONE', *, *, #58, .T. ) ;
#9281 = CARTESIAN_POINT ( 'NONE',  ( 1.499999999999999556, 0.000000000000000000, 0.000000000000000000 ) ) ;
#9282 = LINE ( 'NONE', #8462, #2414 ) ;
#9283 = DIRECTION ( 'NONE',  ( 0.000000000000000000, 0.000000000000000000, -1.000000000000000000 ) ) ;
#9284 = DIRECTION ( 'NONE',  ( 0.000000000000000000, 0.000000000000000000, 1.000000000000000000 ) ) ;
#9285 = CARTESIAN_POINT ( 'NONE',  ( 0.000000000000000000, -0.1028825440611115805, 5.637216970057038701 ) ) ;
#9286 = AXIS2_PLACEMENT_3D ( 'NONE', #4063, #7242, #3286 ) ;
#9287 = EDGE_CURVE ( 'NONE', #5551, #8434, #8349, .T. ) ;
#9288 = CIRCLE ( 'NONE', #4379, 6.299999999999999822 ) ;
#9289 = CIRCLE ( 'NONE', #4876, 2.399999999999999467 ) ;
#9290 = EDGE_LOOP ( 'NONE', ( #5207, #5637, #9259, #5716 ) ) ;
#9291 = LINE ( 'NONE', #9964, #4413 ) ;
#9292 = CYLINDRICAL_SURFACE ( 'NONE', #9608, 5.624000000000004107 ) ;
#9293 = CYLINDRICAL_SURFACE ( 'NONE', #9896, 2.399999999999999467 ) ;
#9294 = ORIENTED_EDGE ( 'NONE', *, *, #6654, .F. ) ;
#9295 = CIRCLE ( 'NONE', #2586, 5.624000000000004107 ) ;
#9296 = CARTESIAN_POINT ( 'NONE',  ( 1.499999999999999556, 0.000000000000000000, 0.000000000000000000 ) ) ;
#9297 = ORIENTED_EDGE ( 'NONE', *, *, #5605, .F. ) ;
#9298 = DIRECTION ( 'NONE',  ( 0.000000000000000000, 1.000000000000000000, 3.614007241618346010E-15 ) ) ;
#9299 = CIRCLE ( 'NONE', #5052, 2.399999999999999911 ) ;
#9300 = EDGE_CURVE ( 'NONE', #4744, #7909, #2420, .T. ) ;
#9301 = ORIENTED_EDGE ( 'NONE', *, *, #1805, .T. ) ;
#9302 = CARTESIAN_POINT ( 'NONE',  ( 1.499999999999999556, 4.163316962856790759, 4.728296930903230333 ) ) ;
#9303 = ORIENTED_EDGE ( 'NONE', *, *, #6884, .F. ) ;
#9304 = CARTESIAN_POINT ( 'NONE',  ( 15.99999999999999645, 0.000000000000000000, -97.00000000000000000 ) ) ;
#9305 = ORIENTED_EDGE ( 'NONE', *, *, #9701, .F. ) ;
#9306 = CYLINDRICAL_SURFACE ( 'NONE', #1847, 0.7200000000000004174 ) ;
#9307 = PRODUCT_DEFINITION_SHAPE ( 'NONE', 'NONE',  #10148 ) ;
#9308 = MECHANICAL_DESIGN_GEOMETRIC_PRESENTATION_REPRESENTATION (  '', ( #1942 ), #10126 ) ;
#9309 = AXIS2_PLACEMENT_3D ( 'NONE', #1041, #5494, #6365 ) ;
#9310 = VERTEX_POINT ( 'NONE', #8730 ) ;
#9311 = DIRECTION ( 'NONE',  ( 0.000000000000000000, -0.5877852522924802425, 0.8090169943749422332 ) ) ;
#9312 = DIRECTION ( 'NONE',  ( 0.000000000000000000, 0.000000000000000000, 1.000000000000000000 ) ) ;
#9313 = ORIENTED_EDGE ( 'NONE', *, *, #9092, .T. ) ;
#9314 = DIRECTION ( 'NONE',  ( 0.000000000000000000, 0.000000000000000000, 1.000000000000000000 ) ) ;
#9315 = DIRECTION ( 'NONE',  ( -0.000000000000000000, -0.000000000000000000, -1.000000000000000000 ) ) ;
#9316 = CARTESIAN_POINT ( 'NONE',  ( 1.499999999999999556, -5.420673833027081834, -3.210341912621688554 ) ) ;
#9317 = VECTOR ( 'NONE', #9315, 1000.000000000000000 ) ;
#9318 = EDGE_LOOP ( 'NONE', ( #2939, #1034, #9918, #3706 ) ) ;
#9319 = AXIS2_PLACEMENT_3D ( 'NONE', #2044, #5125, #1039 ) ;
#9320 = ORIENTED_EDGE ( 'NONE', *, *, #5489, .T. ) ;
#9321 = CARTESIAN_POINT ( 'NONE',  ( -10.00000000000000000, 0.000000000000000000, 0.000000000000000000 ) ) ;
#9322 = AXIS2_PLACEMENT_3D ( 'NONE', #9032, #3640, #9080 ) ;
#9323 = CARTESIAN_POINT ( 'NONE',  ( 1.499999999999999556, 5.637216970057038701, 0.1028825440610903336 ) ) ;
#9324 = EDGE_CURVE ( 'NONE', #4777, #8134, #4426, .T. ) ;
#9325 = AXIS2_PLACEMENT_3D ( 'NONE', #5929, #8283, #1925 ) ;
#9326 = EDGE_CURVE ( 'NONE', #7256, #4723, #5548, .T. ) ;
#9327 = CARTESIAN_POINT ( 'NONE',  ( -15.00000000000000355, -30.00000000000000000, -97.00000000000000000 ) ) ;
#9328 = ORIENTED_EDGE ( 'NONE', *, *, #3438, .T. ) ;
#9329 = DIRECTION ( 'NONE',  ( 0.000000000000000000, 0.000000000000000000, 1.000000000000000000 ) ) ;
#9330 = CARTESIAN_POINT ( 'NONE',  ( 1.499999999999999556, 2.650911967360038091, -4.976089400993402023 ) ) ;
#9331 = DIRECTION ( 'NONE',  ( -1.000000000000000000, 0.000000000000000000, -0.000000000000000000 ) ) ;
#9332 = FACE_OUTER_BOUND ( 'NONE', #1865, .T. ) ;
#9333 = PLANE ( 'NONE',  #7374 ) ;
#9334 = CARTESIAN_POINT ( 'NONE',  ( 0.000000000000000000, -0.1321394030188414448, -5.622447436674697485 ) ) ;
#9335 = ADVANCED_FACE ( 'NONE', ( #256 ), #6517, .T. ) ;
#9336 = EDGE_CURVE ( 'NONE', #4277, #5551, #7538, .T. ) ;
#9337 = AXIS2_PLACEMENT_3D ( 'NONE', #7955, #987, #7243 ) ;
#9338 = ADVANCED_FACE ( 'NONE', ( #9604 ), #5750, .T. ) ;
#9339 = VERTEX_POINT ( 'NONE', #2616 ) ;
#9340 = LINE ( 'NONE', #8524, #8841 ) ;
#9341 = DIRECTION ( 'NONE',  ( 0.000000000000000000, 0.8090169943749445647, 0.5877852522924770229 ) ) ;
#9342 = DIRECTION ( 'NONE',  ( -1.000000000000000000, 0.000000000000000000, 0.000000000000000000 ) ) ;
#9343 = CARTESIAN_POINT ( 'NONE',  ( 0.000000000000000000, 4.621077171872475908, -3.230239272402376738 ) ) ;
#9344 = COLOUR_RGB ( '',0.000000000000000000, 0.000000000000000000, 1.000000000000000000 ) ;
#9345 = EDGE_CURVE ( 'NONE', #8606, #4675, #4013, .T. ) ;
#9346 = ORIENTED_EDGE ( 'NONE', *, *, #8582, .T. ) ;
#9347 = AXIS2_PLACEMENT_3D ( 'NONE', #7122, #5735, #5682 ) ;
#9348 = AXIS2_PLACEMENT_3D ( 'NONE', #744, #1330, #8504 ) ;
#9349 = DIRECTION ( 'NONE',  ( 0.000000000000000000, 0.000000000000000000, 1.000000000000000000 ) ) ;
#9350 = AXIS2_PLACEMENT_3D ( 'NONE', #3930, #7002, #9474 ) ;
#9351 = VERTEX_POINT ( 'NONE', #9504 ) ;
#9352 = VECTOR ( 'NONE', #6337, 1000.000000000000000 ) ;
#9354 = DIRECTION ( 'NONE',  ( 0.000000000000000000, 0.000000000000000000, 1.000000000000000000 ) ) ;
#9353 = FACE_OUTER_BOUND ( 'NONE', #7781, .T. ) ;
#9355 = ORIENTED_EDGE ( 'NONE', *, *, #2689, .F. ) ;
#9356 = DIRECTION ( 'NONE',  ( 0.000000000000000000, 0.000000000000000000, 1.000000000000000000 ) ) ;
#9357 = ORIENTED_EDGE ( 'NONE', *, *, #4465, .T. ) ;
#9358 = PRESENTATION_LAYER_ASSIGNMENT (  '', '', ( #4786 ) ) ;
#9359 = PLANE ( 'NONE',  #5297 ) ;
#9360 = VECTOR ( 'NONE', #7656, 1000.000000000000000 ) ;
#9361 = ORIENTED_EDGE ( 'NONE', *, *, #892, .F. ) ;
#9362 = CARTESIAN_POINT ( 'NONE',  ( 1.499999999999999556, 1.308110079575623974, 0.5626935397822278029 ) ) ;
#9363 = EDGE_CURVE ( 'NONE', #9429, #8743, #4595, .T. ) ;
#9364 = ORIENTED_EDGE ( 'NONE', *, *, #7268, .F. ) ;
#9365 = AXIS2_PLACEMENT_3D ( 'NONE', #5454, #8538, #5352 ) ;
#9366 = CARTESIAN_POINT ( 'NONE',  ( 1.499999999999999556, 0.000000000000000000, 0.000000000000000000 ) ) ;
#9367 = CARTESIAN_POINT ( 'NONE',  ( 1.499999999999999556, 0.000000000000000000, 0.000000000000000000 ) ) ;
#9368 = ORIENTED_EDGE ( 'NONE', *, *, #1748, .F. ) ;
#9369 = CARTESIAN_POINT ( 'NONE',  ( 9.593511828441991796, 19.99999999999999645, 20.14180375945003121 ) ) ;
#9370 = CARTESIAN_POINT ( 'NONE',  ( 1.499999999999999556, -4.069107377274220561, 3.882234041400976832 ) ) ;
#9372 = AXIS2_PLACEMENT_3D ( 'NONE', #7778, #1377, #2344 ) ;
#9371 = FACE_OUTER_BOUND ( 'NONE', #3720, .T. ) ;
#9373 = CIRCLE ( 'NONE', #4959, 5.624000000000003219 ) ;
#9374 = ORIENTED_EDGE ( 'NONE', *, *, #7442, .T. ) ;
#9375 = ORIENTED_EDGE ( 'NONE', *, *, #9336, .F. ) ;
#9376 = CARTESIAN_POINT ( 'NONE',  ( 1.499999999999999556, -5.637216970057037813, 0.1028825440610547787 ) ) ;
#9377 = CARTESIAN_POINT ( 'NONE',  ( 0.7499999999999997780, -6.272408882937926755, -0.5889709714760062997 ) ) ;
#9378 = AXIS2_PLACEMENT_3D ( 'NONE', #2605, #7375, #439 ) ;
#9379 = DIRECTION ( 'NONE',  ( 0.000000000000000000, 0.000000000000000000, 1.000000000000000000 ) ) ;
#9380 = ORIENTED_EDGE ( 'NONE', *, *, #5450, .F. ) ;
#9381 = CARTESIAN_POINT ( 'NONE',  ( 1.499999999999999556, 1.611759767611926408, -5.388098593335834074 ) ) ;
#9382 = CARTESIAN_POINT ( 'NONE',  ( 4.209999999999998188, 40.00000000000000000, -13.99999999999999822 ) ) ;
#9383 = CYLINDRICAL_SURFACE ( 'NONE', #9147, 2.399999999999999911 ) ;
#9384 = DIRECTION ( 'NONE',  ( -1.000000000000000000, 0.000000000000000000, 0.000000000000000000 ) ) ;
#9385 = CARTESIAN_POINT ( 'NONE',  ( 1.499999999999999556, 0.000000000000000000, 0.000000000000000000 ) ) ;
#9386 = SURFACE_SIDE_STYLE ('',( #5336 ) ) ;
#9387 = ORIENTED_EDGE ( 'NONE', *, *, #3387, .T. ) ;
#9388 = EDGE_CURVE ( 'NONE', #8305, #10139, #9009, .T. ) ;
#9389 = ORIENTED_EDGE ( 'NONE', *, *, #6247, .F. ) ;
#9390 = DIRECTION ( 'NONE',  ( 0.000000000000000000, 0.000000000000000000, 1.000000000000000000 ) ) ;
#9391 = DIRECTION ( 'NONE',  ( 0.000000000000000000, -6.926847213101830115E-15, 1.000000000000000000 ) ) ;
#9392 = DIRECTION ( 'NONE',  ( -1.000000000000000000, -0.000000000000000000, -0.000000000000000000 ) ) ;
#9393 = LINE ( 'NONE', #2473, #3027 ) ;
#9394 = EDGE_CURVE ( 'NONE', #7440, #182, #1344, .T. ) ;
#9395 = ORIENTED_EDGE ( 'NONE', *, *, #734, .F. ) ;
#9396 = CIRCLE ( 'NONE', #1209, 6.299999999999999822 ) ;
#9397 = EDGE_CURVE ( 'NONE', #7263, #5576, #8858, .T. ) ;
#9398 = EDGE_CURVE ( 'NONE', #4592, #4630, #2775, .T. ) ;
#9399 = AXIS2_PLACEMENT_3D ( 'NONE', #2051, #5285, #5086 ) ;
#9400 = CIRCLE ( 'NONE', #2193, 2.399999999999999467 ) ;
#9401 = DIRECTION ( 'NONE',  ( -1.000000000000000000, 0.000000000000000000, -0.000000000000000000 ) ) ;
#9402 = CARTESIAN_POINT ( 'NONE',  ( 0.000000000000000000, -5.420673833027125355, 3.210341912621613059 ) ) ;
#9404 = DIRECTION ( 'NONE',  ( -0.000000000000000000, -1.000000000000000000, -0.000000000000000000 ) ) ;
#9403 = DIRECTION ( 'NONE',  ( -1.000000000000000000, -0.000000000000000000, -0.000000000000000000 ) ) ;
#9405 = ORIENTED_EDGE ( 'NONE', *, *, #6845, .T. ) ;
#9406 = CARTESIAN_POINT ( 'NONE',  ( 7.500000000000000000, 7.500000000000000000, 0.000000000000000000 ) ) ;
#9407 = SHAPE_REPRESENTATION_RELATIONSHIP ( 'NONE' , 'NONE' ,  #6804, #1108 ) ;
#9408 = AXIS2_PLACEMENT_3D ( 'NONE', #8658, #1533, #6297 ) ;
#9409 = ORIENTED_EDGE ( 'NONE', *, *, #6478, .T. ) ;
#9410 = EDGE_LOOP ( 'NONE', ( #5532, #1482, #2534, #5998 ) ) ;
#9411 = ADVANCED_FACE ( 'NONE', ( #3644 ), #9035, .F. ) ;
#9413 = CIRCLE ( 'NONE', #7936, 0.7200000000000004174 ) ;
#9412 = UNCERTAINTY_MEASURE_WITH_UNIT (LENGTH_MEASURE( 1.000000000000000082E-05 ), #3413, 'distance_accuracy_value', 'NONE');
#9414 = DIRECTION ( 'NONE',  ( 0.000000000000000000, 0.000000000000000000, 1.000000000000000000 ) ) ;
#9415 = CONTEXT_DEPENDENT_SHAPE_REPRESENTATION ( #2260, #9232 ) ;
#9416 = ORIENTED_EDGE ( 'NONE', *, *, #4106, .T. ) ;
#9417 = CARTESIAN_POINT ( 'NONE',  ( 1.499999999999999556, 5.637216970057037813, -0.1028825440610153102 ) ) ;
#9418 = AXIS2_PLACEMENT_3D ( 'NONE', #5273, #3839, #42 ) ;
#9419 = ITEM_DEFINED_TRANSFORMATION ( 'NONE', 'NONE', #9495,  #5589 ) ;
#9420 = ORIENTED_EDGE ( 'NONE', *, *, #5312, .F. ) ;
#9421 = VECTOR ( 'NONE', #2268, 1000.000000000000000 ) ;
#9422 = DIRECTION ( 'NONE',  ( -1.000000000000000000, -0.000000000000000000, -0.000000000000000000 ) ) ;
#9423 = CARTESIAN_POINT ( 'NONE',  ( 0.000000000000000000, -4.069107377274171711, -3.882234041401027458 ) ) ;
#9424 = ORIENTED_EDGE ( 'NONE', *, *, #5286, .F. ) ;
#9425 = CARTESIAN_POINT ( 'NONE',  ( 0.000000000000000000, 3.372391021478469586, -5.321370011402270173 ) ) ;
#9426 = DIRECTION ( 'NONE',  ( -1.000000000000000000, -0.000000000000000000, 0.000000000000000000 ) ) ;
#9427 = FACE_OUTER_BOUND ( 'NONE', #6281, .T. ) ;
#9428 = ADVANCED_FACE ( 'NONE', ( #2767 ), #5037, .T. ) ;
#9429 = VERTEX_POINT ( 'NONE', #6769 ) ;
#9430 = ORIENTED_EDGE ( 'NONE', *, *, #7268, .T. ) ;
#9431 =( NAMED_UNIT ( * ) SI_UNIT ( $, .STERADIAN. ) SOLID_ANGLE_UNIT ( ) );
#9432 = CARTESIAN_POINT ( 'NONE',  ( 0.7499999999999997780, 0.5889709714760309467, -6.272408882937924091 ) ) ;
#9433 = CIRCLE ( 'NONE', #4348, 0.7200000000000004174 ) ;
#9434 = EDGE_CURVE ( 'NONE', #4863, #7440, #9797, .T. ) ;
#9435 = VERTEX_POINT ( 'NONE', #358 ) ;
#9436 = VERTEX_POINT ( 'NONE', #1146 ) ;
#9437 = DIRECTION ( 'NONE',  ( 0.000000000000000000, 0.000000000000000000, 1.000000000000000000 ) ) ;
#9438 = FACE_OUTER_BOUND ( 'NONE', #1912, .T. ) ;
#9439 = DIRECTION ( 'NONE',  ( 1.000000000000000000, 0.000000000000000000, 0.000000000000000000 ) ) ;
#9440 = FACE_OUTER_BOUND ( 'NONE', #6086, .T. ) ;
#9441 = CARTESIAN_POINT ( 'NONE',  ( 0.000000000000000000, 0.000000000000000000, 0.000000000000000000 ) ) ;
#9442 = CARTESIAN_POINT ( 'NONE',  ( 1.499999999999999556, 0.000000000000000000, 0.000000000000000000 ) ) ;
#9443 = EDGE_CURVE ( 'NONE', #7353, #4058, #645, .T. ) ;
#9444 = VERTEX_POINT ( 'NONE', #6612 ) ;
#9445 = CIRCLE ( 'NONE', #4859, 1.000000000000000888 ) ;
#9446 = CARTESIAN_POINT ( 'NONE',  ( 1.499999999999999556, 1.445548498552951422, -1.523282488027518866 ) ) ;
#9447 = CIRCLE ( 'NONE', #1259, 1.423999999999999488 ) ;
#9448 = VERTEX_POINT ( 'NONE', #2050 ) ;
#9449 = EDGE_CURVE ( 'NONE', #6359, #899, #8522, .T. ) ;
#9450 = DIRECTION ( 'NONE',  ( 0.000000000000000000, 0.000000000000000000, -1.000000000000000000 ) ) ;
#9451 = DIRECTION ( 'NONE',  ( 0.000000000000000000, 0.4539904997395478592, -0.8910065241883672327 ) ) ;
#9452 = AXIS2_PLACEMENT_3D ( 'NONE', #10066, #3030, #4677 ) ;
#9453 = CARTESIAN_POINT ( 'NONE',  ( 1.499999999999999556, -5.393104387681760592, -1.644148730784186441 ) ) ;
#9454 = CARTESIAN_POINT ( 'NONE',  ( 0.000000000000000000, 0.000000000000000000, 0.000000000000000000 ) ) ;
#9455 = ORIENTED_EDGE ( 'NONE', *, *, #4384, .T. ) ;
#9456 = AXIS2_PLACEMENT_3D ( 'NONE', #10055, #7694, #7745 ) ;
#9457 = EDGE_CURVE ( 'NONE', #6708, #7822, #5730, .T. ) ;
#9458 = DIRECTION ( 'NONE',  ( -1.000000000000000000, 0.000000000000000000, -0.000000000000000000 ) ) ;
#9459 = CARTESIAN_POINT ( 'NONE',  ( 1.499999999999999556, 1.141361939784609092, 0.8515097899678625293 ) ) ;
#9461 = CYLINDRICAL_SURFACE ( 'NONE', #7726, 0.7200000000000001954 ) ;
#9460 = CYLINDRICAL_SURFACE ( 'NONE', #6139, 2.399999999999999911 ) ;
#9462 = ORIENTED_EDGE ( 'NONE', *, *, #2325, .T. ) ;
#9463 =( REPRESENTATION_RELATIONSHIP ('NONE','NONE', #65, #6093 ) REPRESENTATION_RELATIONSHIP_WITH_TRANSFORMATION ( #7260 )SHAPE_REPRESENTATION_RELATIONSHIP( ) );
#9464 = VERTEX_POINT ( 'NONE', #2713 ) ;
#9465 = ORIENTED_EDGE ( 'NONE', *, *, #8490, .F. ) ;
#9466 = EDGE_CURVE ( 'NONE', #1167, #4071, #309, .T. ) ;
#9467 = CARTESIAN_POINT ( 'NONE',  ( 0.000000000000000000, -0.8515097899678667481, 1.141361939784606205 ) ) ;
#9468 = AXIS2_PLACEMENT_3D ( 'NONE', #1127, #1228, #8247 ) ;
#9469 = ORIENTED_EDGE ( 'NONE', *, *, #1724, .F. ) ;
#9470 = ADVANCED_FACE ( 'NONE', ( #7545 ), #5855, .T. ) ;
#9471 = EDGE_CURVE ( 'NONE', #1780, #3972, #3433, .T. ) ;
#9472 = ORIENTED_EDGE ( 'NONE', *, *, #9154, .F. ) ;
#9473 = FACE_OUTER_BOUND ( 'NONE', #10127, .T. ) ;
#9474 = DIRECTION ( 'NONE',  ( 0.000000000000000000, 0.000000000000000000, 1.000000000000000000 ) ) ;
#9475 = ORIENTED_EDGE ( 'NONE', *, *, #4526, .T. ) ;
#9476 = DIRECTION ( 'NONE',  ( -1.000000000000000000, 0.000000000000000000, 0.000000000000000000 ) ) ;
#9477 = DIRECTION ( 'NONE',  ( 0.000000000000000000, 0.000000000000000000, 1.000000000000000000 ) ) ;
#9478 = CARTESIAN_POINT ( 'NONE',  ( 0.000000000000000000, 0.000000000000000000, 0.000000000000000000 ) ) ;
#9479 = EDGE_LOOP ( 'NONE', ( #6112, #9192, #9245, #8953 ) ) ;
#9480 = AXIS2_PLACEMENT_3D ( 'NONE', #10031, #10077, #6077 ) ;
#9481 = ORIENTED_EDGE ( 'NONE', *, *, #63, .F. ) ;
#9482 = FACE_OUTER_BOUND ( 'NONE', #4825, .T. ) ;
#9483 = DIRECTION ( 'NONE',  ( 0.000000000000000000, 0.000000000000000000, 1.000000000000000000 ) ) ;
#9484 = CIRCLE ( 'NONE', #2595, 6.299999999999999822 ) ;
#9485 = ORIENTED_EDGE ( 'NONE', *, *, #2129, .F. ) ;
#9486 = VECTOR ( 'NONE', #4874, 1000.000000000000000 ) ;
#9487 = ORIENTED_EDGE ( 'NONE', *, *, #6361, .T. ) ;
#9488 = DIRECTION ( 'NONE',  ( 0.000000000000000000, 0.000000000000000000, -1.000000000000000000 ) ) ;
#9489 = DIRECTION ( 'NONE',  ( -1.000000000000000000, 0.000000000000000000, 0.000000000000000000 ) ) ;
#9490 = DIRECTION ( 'NONE',  ( -1.000000000000000000, 0.000000000000000000, 0.000000000000000000 ) ) ;
#9491 = CIRCLE ( 'NONE', #8668, 2.399999999999999023 ) ;
#9492 = FACE_OUTER_BOUND ( 'NONE', #6328, .T. ) ;
#9493 = SURFACE_SIDE_STYLE ('',( #2464 ) ) ;
#9494 = CARTESIAN_POINT ( 'NONE',  ( 0.000000000000000000, -3.882234041401013691, 4.069107377274185033 ) ) ;
#9495 = AXIS2_PLACEMENT_3D ( 'NONE', #9741, #1085, #5745 ) ;
#9496 = AXIS2_PLACEMENT_3D ( 'NONE', #8572, #2264, #663 ) ;
#9497 = ORIENTED_EDGE ( 'NONE', *, *, #2627, .F. ) ;
#9498 = CARTESIAN_POINT ( 'NONE',  ( 1.499999999999999556, 4.626325118590967733, -3.197888662398100212 ) ) ;
#9499 = CIRCLE ( 'NONE', #5721, 2.399999999999999023 ) ;
#9500 = EDGE_CURVE ( 'NONE', #9199, #8987, #2612, .T. ) ;
#9501 = ORIENTED_EDGE ( 'NONE', *, *, #2630, .T. ) ;
#9502 = CARTESIAN_POINT ( 'NONE',  ( 1.499999999999999556, -4.500131487637524685, -3.396706725542377292 ) ) ;
#9503 = CARTESIAN_POINT ( 'NONE',  ( 0.000000000000000000, 3.396706725542331107, 4.500131487637556660 ) ) ;
#9504 = CARTESIAN_POINT ( 'NONE',  ( 0.000000000000000000, -2.498425620827048999, -5.783413301606152856 ) ) ;
#9505 = DIRECTION ( 'NONE',  ( -1.000000000000000000, -0.000000000000000000, 0.000000000000000000 ) ) ;
#9506 = AXIS2_PLACEMENT_3D ( 'NONE', #4266, #1906, #3439 ) ;
#9507 = VERTEX_POINT ( 'NONE', #7436 ) ;
#9508 = SHAPE_REPRESENTATION ( 'PCB', ( #6402 ), #2923 ) ;
#9509 = ORIENTED_EDGE ( 'NONE', *, *, #5835, .F. ) ;
#9510 = DIRECTION ( 'NONE',  ( -0.000000000000000000, -1.000000000000000000, -0.000000000000000000 ) ) ;
#9511 = DIRECTION ( 'NONE',  ( -1.000000000000000000, -0.000000000000000000, -0.000000000000000000 ) ) ;
#9513 = DIRECTION ( 'NONE',  ( -0.000000000000000000, 1.000000000000000000, -0.000000000000000000 ) ) ;
#9512 = CARTESIAN_POINT ( 'NONE',  ( 0.000000000000000000, 0.000000000000000000, 0.000000000000000000 ) ) ;
#9514 = ORIENTED_EDGE ( 'NONE', *, *, #3202, .F. ) ;
#9515 = ORIENTED_EDGE ( 'NONE', *, *, #5520, .T. ) ;
#9516 = ORIENTED_EDGE ( 'NONE', *, *, #5410, .F. ) ;
#9517 = EDGE_CURVE ( 'NONE', #74, #7205, #4923, .T. ) ;
#9518 = EDGE_CURVE ( 'NONE', #7440, #6076, #1242, .T. ) ;
#9519 = CARTESIAN_POINT ( 'NONE',  ( 1.499999999999999556, -2.650911967359931509, -4.976089400993457090 ) ) ;
#9520 = ORIENTED_EDGE ( 'NONE', *, *, #5196, .T. ) ;
#9521 = AXIS2_PLACEMENT_3D ( 'NONE', #3724, #6136, #7816 ) ;
#9522 = FACE_OUTER_BOUND ( 'NONE', #2725, .T. ) ;
#9523 = ORIENTED_EDGE ( 'NONE', *, *, #5797, .F. ) ;
#9524 = CARTESIAN_POINT ( 'NONE',  ( -7.500000000000000000, 7.500000000000000000, 1.000000000000000000 ) ) ;
#9525 = CARTESIAN_POINT ( 'NONE',  ( 1.499999999999999556, 0.000000000000000000, 0.000000000000000000 ) ) ;
#9526 = VERTEX_POINT ( 'NONE', #9855 ) ;
#9527 = CARTESIAN_POINT ( 'NONE',  ( 1.499999999999999556, 0.8862614956313908943, 1.440670871519462715 ) ) ;
#9528 = DIRECTION ( 'NONE',  ( 0.000000000000000000, -0.8090169943749531134, 0.5877852522924653655 ) ) ;
#9529 = ADVANCED_FACE ( 'NONE', ( #2820 ), #5955, .T. ) ;
#9530 = AXIS2_PLACEMENT_3D ( 'NONE', #4557, #2851, #7679 ) ;
#9531 = ORIENTED_EDGE ( 'NONE', *, *, #1764, .F. ) ;
#9532 = ORIENTED_EDGE ( 'NONE', *, *, #2403, .F. ) ;
#9533 = CARTESIAN_POINT ( 'NONE',  ( -16.00000000000000355, 0.000000000000000000, -97.00000000000000000 ) ) ;
#9534 = EDGE_CURVE ( 'NONE', #2660, #9053, #6712, .T. ) ;
#9535 = CARTESIAN_POINT ( 'NONE',  ( 1.499999999999999556, 0.000000000000000000, 0.000000000000000000 ) ) ;
#9536 = AXIS2_PLACEMENT_3D ( 'NONE', #9864, #466, #6727 ) ;
#9537 = EDGE_CURVE ( 'NONE', #8434, #1985, #10058, .T. ) ;
#9538 = VERTEX_POINT ( 'NONE', #5335 ) ;
#9539 = VERTEX_POINT ( 'NONE', #3019 ) ;
#9540 = CARTESIAN_POINT ( 'NONE',  ( 1.499999999999999556, -1.863103848212834146, 5.306431951017047233 ) ) ;
#9541 = DIRECTION ( 'NONE',  ( -1.000000000000000000, 0.000000000000000000, -0.000000000000000000 ) ) ;
#9542 = DIRECTION ( 'NONE',  ( 0.000000000000000000, 0.000000000000000000, 1.000000000000000000 ) ) ;
#9543 = FACE_OUTER_BOUND ( 'NONE', #1011, .T. ) ;
#9544 = DIRECTION ( 'NONE',  ( -1.000000000000000000, 0.000000000000000000, 0.000000000000000000 ) ) ;
#9545 = EDGE_LOOP ( 'NONE', ( #6898, #212 ) ) ;
#9546 = CIRCLE ( 'NONE', #5112, 0.7200000000000005285 ) ;
#9547 = EDGE_CURVE ( 'NONE', #8606, #5261, #3273, .T. ) ;
#9548 = AXIS2_PLACEMENT_3D ( 'NONE', #5942, #5167, #1278 ) ;
#9549 = CARTESIAN_POINT ( 'NONE',  ( 0.000000000000000000, 3.197888662398150839, 4.626325118590933094 ) ) ;
#9550 = EDGE_CURVE ( 'NONE', #4146, #3714, #2121, .T. ) ;
#9551 = ORIENTED_EDGE ( 'NONE', *, *, #8091, .T. ) ;
#9552 = CYLINDRICAL_SURFACE ( 'NONE', #9309, 6.299999999999999822 ) ;
#9553 = CARTESIAN_POINT ( 'NONE',  ( -12.00000000000000355, 0.000000000000000000, -11.99999999999999822 ) ) ;
#9554 = CARTESIAN_POINT ( 'NONE',  ( 0.000000000000000000, 0.000000000000000000, 0.000000000000000000 ) ) ;
#9555 = SURFACE_STYLE_FILL_AREA ( #5701 ) ;
#9556 = EDGE_CURVE ( 'NONE', #8211, #8750, #5283, .T. ) ;
#9557 = ORIENTED_EDGE ( 'NONE', *, *, #7652, .T. ) ;
#9558 = EDGE_CURVE ( 'NONE', #7422, #7796, #809, .T. ) ;
#9559 = ORIENTED_EDGE ( 'NONE', *, *, #6361, .F. ) ;
#9560 = CARTESIAN_POINT ( 'NONE',  ( 25.00000000000000355, 19.99999999999999645, -24.99999999999999289 ) ) ;
#9561 = LINE ( 'NONE', #7201, #5501 ) ;
#9562 = CYLINDRICAL_SURFACE ( 'NONE', #9750, 2.399999999999999467 ) ;
#9563 = ORIENTED_EDGE ( 'NONE', *, *, #4848, .T. ) ;
#9564 =( LENGTH_UNIT ( ) NAMED_UNIT ( * ) SI_UNIT ( .MILLI., .METRE. ) );
#9565 = CIRCLE ( 'NONE', #8918, 1.423999999999999488 ) ;
#9566 = ORIENTED_EDGE ( 'NONE', *, *, #53, .T. ) ;
#9567 = DIRECTION ( 'NONE',  ( 0.000000000000000000, -0.9510565162951500895, -0.3090169943749581649 ) ) ;
#9568 = CIRCLE ( 'NONE', #1056, 2.399999999999999911 ) ;
#9569 = ORIENTED_EDGE ( 'NONE', *, *, #5410, .T. ) ;
#9570 = AXIS2_PLACEMENT_3D ( 'NONE', #9775, #2738, #5879 ) ;
#9571 = CARTESIAN_POINT ( 'NONE',  ( 1.499999999999999556, -3.882234041400962621, -4.069107377274232995 ) ) ;
#9572 = ORIENTED_EDGE ( 'NONE', *, *, #9326, .T. ) ;
#9573 = DIRECTION ( 'NONE',  ( -1.000000000000000000, -0.000000000000000000, -0.000000000000000000 ) ) ;
#9574 = AXIS2_PLACEMENT_3D ( 'NONE', #1873, #4955, #8227 ) ;
#9576 = ADVANCED_FACE ( 'NONE', ( #10107 ), #8520, .T. ) ;
#9575 = DIRECTION ( 'NONE',  ( 1.000000000000000000, 0.000000000000000000, -0.000000000000000000 ) ) ;
#9577 = ORIENTED_EDGE ( 'NONE', *, *, #331, .F. ) ;
#9578 = CARTESIAN_POINT ( 'NONE',  ( 17.54825565829598588, 19.99999999999999645, 19.14180375945003121 ) ) ;
#9579 = LINE ( 'NONE', #2547, #1335 ) ;
#9580 = EDGE_LOOP ( 'NONE', ( #4881, #739, #62, #6276 ) ) ;
#9581 = ORIENTED_EDGE ( 'NONE', *, *, #6679, .F. ) ;
#9582 = CARTESIAN_POINT ( 'NONE',  ( 1.499999999999999556, -5.637216970057037813, -0.1028825440611315367 ) ) ;
#9583 = DIRECTION ( 'NONE',  ( -1.000000000000000000, -0.000000000000000000, -0.000000000000000000 ) ) ;
#9584 = VECTOR ( 'NONE', #8585, 1000.000000000000000 ) ;
#9585 = EDGE_CURVE ( 'NONE', #1985, #1765, #4752, .T. ) ;
#9586 = ORIENTED_EDGE ( 'NONE', *, *, #4045, .T. ) ;
#9587 = ORIENTED_EDGE ( 'NONE', *, *, #1111, .T. ) ;
#9588 = DIRECTION ( 'NONE',  ( 0.000000000000000000, -0.7071067811865388020, -0.7071067811865561215 ) ) ;
#9589 = CARTESIAN_POINT ( 'NONE',  ( 1.499999999999999556, -0.7490320092780754502, 5.573896935634611083 ) ) ;
#9590 = LINE ( 'NONE', #244, #7134 ) ;
#9591 = CARTESIAN_POINT ( 'NONE',  ( 1.499999999999999556, 5.783413301606160850, -2.498425620827028570 ) ) ;
#9592 = CARTESIAN_POINT ( 'NONE',  ( 1.499999999999999556, -5.551719098988215251, 0.9834709102464556096 ) ) ;
#9593 = ORIENTED_EDGE ( 'NONE', *, *, #10081, .F. ) ;
#9594 = AXIS2_PLACEMENT_3D ( 'NONE', #652, #3014, #8562 ) ;
#9595 = EDGE_CURVE ( 'NONE', #1982, #3524, #8191, .T. ) ;
#9596 = DIRECTION ( 'NONE',  ( -0.000000000000000000, -1.000000000000000000, -0.000000000000000000 ) ) ;
#9597 = EDGE_CURVE ( 'NONE', #8075, #4192, #4602, .T. ) ;
#9598 =( NAMED_UNIT ( * ) PLANE_ANGLE_UNIT ( ) SI_UNIT ( $, .RADIAN. ) );
#9599 = APPLICATION_CONTEXT ( 'automotive_design' ) ;
#9600 = ORIENTED_EDGE ( 'NONE', *, *, #157, .T. ) ;
#9601 = DIRECTION ( 'NONE',  ( -1.000000000000000000, 0.000000000000000000, -0.000000000000000000 ) ) ;
#9602 = CARTESIAN_POINT ( 'NONE',  ( 0.7499999999999997780, -5.783413301606110224, -2.498425620827147586 ) ) ;
#9603 = EDGE_CURVE ( 'NONE', #3723, #9008, #7706, .T. ) ;
#9604 = FACE_OUTER_BOUND ( 'NONE', #4034, .T. ) ;
#9605 = FILL_AREA_STYLE_COLOUR ( '', #9076 ) ;
#9606 = CIRCLE ( 'NONE', #5836, 6.299999999999999822 ) ;
#9607 = VERTEX_POINT ( 'NONE', #8616 ) ;
#9608 = AXIS2_PLACEMENT_3D ( 'NONE', #766, #57, #3958 ) ;
#9609 = ORIENTED_EDGE ( 'NONE', *, *, #6556, .T. ) ;
#9610 = CARTESIAN_POINT ( 'NONE',  ( 50.00005079999999680, 0.000000000000000000, 0.000000000000000000 ) ) ;
#9611 = CARTESIAN_POINT ( 'NONE',  ( 0.000000000000000000, 0.000000000000000000, 0.000000000000000000 ) ) ;
#9613 = FACE_OUTER_BOUND ( 'NONE', #6168, .T. ) ;
#9612 = CARTESIAN_POINT ( 'NONE',  ( 0.000000000000000000, 14.00000000000000000, 0.000000000000000000 ) ) ;
#9614 = AXIS2_PLACEMENT_3D ( 'NONE', #9921, #576, #2933 ) ;
#9615 = ORIENTED_EDGE ( 'NONE', *, *, #8117, .F. ) ;
#9616 = VECTOR ( 'NONE', #2048, 1000.000000000000000 ) ;
#9617 = ORIENTED_EDGE ( 'NONE', *, *, #8589, .T. ) ;
#9618 = UNCERTAINTY_MEASURE_WITH_UNIT (LENGTH_MEASURE( 1.000000000000000082E-05 ), #5303, 'distance_accuracy_value', 'NONE');
#9619 = DIRECTION ( 'NONE',  ( 0.000000000000000000, 0.000000000000000000, 1.000000000000000000 ) ) ;
#9620 = ORIENTED_EDGE ( 'NONE', *, *, #3977, .T. ) ;
#9621 = EDGE_CURVE ( 'NONE', #5330, #1611, #1443, .T. ) ;
#9622 = CYLINDRICAL_SURFACE ( 'NONE', #1451, 5.624000000000004107 ) ;
#9623 = AXIS2_PLACEMENT_3D ( 'NONE', #7230, #5102, #4054 ) ;
#9624 = VERTEX_POINT ( 'NONE', #561 ) ;
#9625 = FACE_OUTER_BOUND ( 'NONE', #4402, .T. ) ;
#9626 = CARTESIAN_POINT ( 'NONE',  ( 1.499999999999999556, 0.000000000000000000, 0.000000000000000000 ) ) ;
#9627 = ORIENTED_EDGE ( 'NONE', *, *, #3156, .F. ) ;
#9628 = DIRECTION ( 'NONE',  ( -1.000000000000000000, 0.000000000000000000, 0.000000000000000000 ) ) ;
#9629 =( LENGTH_UNIT ( ) NAMED_UNIT ( * ) SI_UNIT ( .MILLI., .METRE. ) );
#9630 = ORIENTED_EDGE ( 'NONE', *, *, #6654, .T. ) ;
#9631 = ORIENTED_EDGE ( 'NONE', *, *, #4176, .F. ) ;
#9632 = SURFACE_STYLE_FILL_AREA ( #4919 ) ;
#9633 = ORIENTED_EDGE ( 'NONE', *, *, #8267, .T. ) ;
#9634 = FACE_OUTER_BOUND ( 'NONE', #6456, .T. ) ;
#9635 = AXIS2_PLACEMENT_3D ( 'NONE', #4854, #3304, #7262 ) ;
#9636 = ORIENTED_EDGE ( 'NONE', *, *, #8928, .T. ) ;
#9637 = DIRECTION ( 'NONE',  ( -1.000000000000000000, 0.000000000000000000, 0.000000000000000000 ) ) ;
#9638 = CARTESIAN_POINT ( 'NONE',  ( 1.499999999999999556, -5.622447436674694821, -0.1321394030189314006 ) ) ;
#9639 = CARTESIAN_POINT ( 'NONE',  ( 0.000000000000000000, -2.322837065193066319, -5.856144462747248980 ) ) ;
#9640 = DIRECTION ( 'NONE',  ( 0.000000000000000000, -0.8090169943749531134, 0.5877852522924652545 ) ) ;
#9641 = AXIS2_PLACEMENT_3D ( 'NONE', #5404, #4548, #2989 ) ;
#9642 = VERTEX_POINT ( 'NONE', #707 ) ;
#9643 = VECTOR ( 'NONE', #9510, 1000.000000000000000 ) ;
#9644 = CARTESIAN_POINT ( 'NONE',  ( 1.499999999999999556, 1.440670871519459606, -0.1662614956313955283 ) ) ;
#9645 = EDGE_CURVE ( 'NONE', #9132, #10102, #6886, .T. ) ;
#9646 = SURFACE_SIDE_STYLE ('',( #9077 ) ) ;
#9647 = VECTOR ( 'NONE', #3797, 1000.000000000000000 ) ;
#9648 = ORIENTED_EDGE ( 'NONE', *, *, #251, .T. ) ;
#9649 = EDGE_LOOP ( 'NONE', ( #2343, #9727, #9531, #4662 ) ) ;
#9650 = DIRECTION ( 'NONE',  ( 0.000000000000000000, 0.4539904997395478592, -0.8910065241883672327 ) ) ;
#9651 = LINE ( 'NONE', #5597, #9937 ) ;
#9652 = AXIS2_PLACEMENT_3D ( 'NONE', #7952, #4119, #3957 ) ;
#9653 = ADVANCED_FACE ( 'NONE', ( #4576, #6060, #6203 ), #9333, .F. ) ;
#9654 = DIRECTION ( 'NONE',  ( 0.000000000000000000, 0.000000000000000000, 1.000000000000000000 ) ) ;
#9655 =( LENGTH_UNIT ( ) NAMED_UNIT ( * ) SI_UNIT ( .MILLI., .METRE. ) );
#9656 = ADVANCED_FACE ( 'NONE', ( #2309 ), #1541, .F. ) ;
#9657 = AXIS2_PLACEMENT_3D ( 'NONE', #8401, #2901, #1378 ) ;
#9658 = ORIENTED_EDGE ( 'NONE', *, *, #4970, .T. ) ;
#9659 = EDGE_CURVE ( 'NONE', #2385, #6969, #2943, .T. ) ;
#9660 = APPLICATION_CONTEXT ( 'automotive_design' ) ;
#9661 = ORIENTED_EDGE ( 'NONE', *, *, #1554, .F. ) ;
#9662 = LINE ( 'NONE', #3194, #3082 ) ;
#9663 = EDGE_CURVE ( 'NONE', #3443, #5117, #4525, .T. ) ;
#9665 =( NAMED_UNIT ( * ) PLANE_ANGLE_UNIT ( ) SI_UNIT ( $, .RADIAN. ) );
#9664 = DIRECTION ( 'NONE',  ( -1.000000000000000000, 0.000000000000000000, -0.000000000000000000 ) ) ;
#9666 = VECTOR ( 'NONE', #9231, 1000.000000000000000 ) ;
#9667 = ORIENTED_EDGE ( 'NONE', *, *, #7813, .F. ) ;
#9668 = ORIENTED_EDGE ( 'NONE', *, *, #7532, .F. ) ;
#9669 = DIRECTION ( 'NONE',  ( 0.000000000000000000, 0.000000000000000000, 1.000000000000000000 ) ) ;
#9670 = ORIENTED_EDGE ( 'NONE', *, *, #2062, .F. ) ;
#9671 = AXIS2_PLACEMENT_3D ( 'NONE', #3086, #7596, #8464 ) ;
#9672 = DIRECTION ( 'NONE',  ( -1.000000000000000000, -0.000000000000000000, -0.000000000000000000 ) ) ;
#9673 = ORIENTED_EDGE ( 'NONE', *, *, #1195, .F. ) ;
#9674 = DIRECTION ( 'NONE',  ( 0.000000000000000000, 1.000000000000000000, 0.000000000000000000 ) ) ;
#9675 = CARTESIAN_POINT ( 'NONE',  ( 1.499999999999999556, 0.000000000000000000, 0.000000000000000000 ) ) ;
#9676 = ORIENTED_EDGE ( 'NONE', *, *, #8033, .F. ) ;
#9677 = CARTESIAN_POINT ( 'NONE',  ( 0.000000000000000000, 0.5889709714760305026, -6.272408882937924091 ) ) ;
#9678 = CIRCLE ( 'NONE', #2137, 2.399999999999999467 ) ;
#9679 = ORIENTED_EDGE ( 'NONE', *, *, #3785, .T. ) ;
#9680 = ADVANCED_FACE ( 'NONE', ( #8771 ), #7132, .T. ) ;
#9681 = ORIENTED_EDGE ( 'NONE', *, *, #6534, .T. ) ;
#9682 = CARTESIAN_POINT ( 'NONE',  ( 0.000000000000000000, 1.611759767611926408, -5.388098593335834074 ) ) ;
#9683 = CIRCLE ( 'NONE', #1000, 5.624000000000004107 ) ;
#9684 = ORIENTED_EDGE ( 'NONE', *, *, #1635, .F. ) ;
#9685 = DIRECTION ( 'NONE',  ( 0.000000000000000000, 0.000000000000000000, 1.000000000000000000 ) ) ;
#9686 =( GEOMETRIC_REPRESENTATION_CONTEXT ( 3 ) GLOBAL_UNCERTAINTY_ASSIGNED_CONTEXT ( ( #5616 ) ) GLOBAL_UNIT_ASSIGNED_CONTEXT ( ( #9629, #2789, #3820 ) ) REPRESENTATION_CONTEXT ( 'NONE', 'WORKASPACE' ) );
#9687 = ORIENTED_EDGE ( 'NONE', *, *, #4435, .F. ) ;
#9688 = PLANE ( 'NONE',  #2335 ) ;
#9689 = DIRECTION ( 'NONE',  ( 0.000000000000000000, 0.000000000000000000, -1.000000000000000000 ) ) ;
#9690 = VECTOR ( 'NONE', #3831, 1000.000000000000000 ) ;
#9691 = DIRECTION ( 'NONE',  ( 0.000000000000000000, 0.000000000000000000, 1.000000000000000000 ) ) ;
#9692 = FACE_OUTER_BOUND ( 'NONE', #6653, .T. ) ;
#9693 = EDGE_LOOP ( 'NONE', ( #6433, #3472, #525, #592 ) ) ;
#9694 = PRESENTATION_LAYER_ASSIGNMENT (  '', '', ( #3801 ) ) ;
#9695 = DIRECTION ( 'NONE',  ( -1.000000000000000000, 0.000000000000000000, 0.000000000000000000 ) ) ;
#9696 = ORIENTED_EDGE ( 'NONE', *, *, #7569, .F. ) ;
#9697 = DIRECTION ( 'NONE',  ( -1.000000000000000000, -0.000000000000000000, 0.000000000000000000 ) ) ;
#9698 = DIRECTION ( 'NONE',  ( 0.000000000000000000, 0.000000000000000000, 1.000000000000000000 ) ) ;
#9699 = DIRECTION ( 'NONE',  ( -1.000000000000000000, 0.000000000000000000, 0.000000000000000000 ) ) ;
#9700 = DIRECTION ( 'NONE',  ( 0.000000000000000000, -1.000000000000000000, 0.000000000000000000 ) ) ;
#9701 = EDGE_CURVE ( 'NONE', #4005, #9351, #5737, .T. ) ;
#9702 = AXIS2_PLACEMENT_3D ( 'NONE', #654, #2253, #5379 ) ;
#9703 = EDGE_LOOP ( 'NONE', ( #8286, #9963, #2950, #1691 ) ) ;
#9704 = PRODUCT_DEFINITION_CONTEXT ( 'detailed design', #1593, 'design' ) ;
#9705 = EDGE_CURVE ( 'NONE', #2417, #6162, #3772, .T. ) ;
#9706 = EDGE_LOOP ( 'NONE', ( #9157, #4175, #10094, #8125, #2670, #2541, #9516, #9880, #9557, #1819, #7228, #4168, #5560, #5726, #8506, #9681, #34, #4930, #2845, #7661, #7887, #9924, #7847, #7147, #7997, #6382, #5400, #9409, #6233, #8044, #9263, #5625, #1131, #3350, #429, #253, #70, #4999, #6693, #7938, #1247, #6472, #3305, #1372, #1685, #6941, #7619, #5015, #5655, #1979, #148, #9011, #1081, #1471, #7725, #5648, #2431, #6190, #3236, #6033, #8539, #6758, #9600, #7929, #7875, #7209, #197, #3363, #371, #2405, #6404, #6494, #337, #2173, #7245, #5176, #118, #857, #6527, #5979, #6403, #1237, #1298, #4184, #2675, #4093, #1212, #1076, #1972, #3884, #4187, #9913, #3060, #9877, #5671, #8891, #1960, #3983, #5194, #4446, #2286, #9831, #440, #6386, #5668, #3786, #123, #2012, #2434, #4222, #4513, #6566, #4326, #8894, #5561, #4694, #388, #3451, #6661, #5474, #1369, #8076, #9764, #6438, #8232, #8311, #1046, #6754, #5900, #9783, #2579, #4263, #1170, #8857, #9892, #178, #4905, #7937, #6677, #9609, #5907, #185, #716, #223, #7009, #5564, #5089, #5473, #8764, #5421, #3601, #946, #463, #7862, #5257, #1720, #4143, #8336, #4487, #8948, #2528, #6684, #7199, #5492, #506 ) ) ;
#9707 = CARTESIAN_POINT ( 'NONE',  ( 0.000000000000000000, -2.467573931392937681, 5.069504796178963879 ) ) ;
#9709 = DIRECTION ( 'NONE',  ( 0.000000000000000000, -1.000000000000000000, 0.000000000000000000 ) ) ;
#9708 = DIRECTION ( 'NONE',  ( 0.000000000000000000, 0.000000000000000000, 1.000000000000000000 ) ) ;
#9710 = VERTEX_POINT ( 'NONE', #1033 ) ;
#9711 = ORIENTED_EDGE ( 'NONE', *, *, #9036, .F. ) ;
#9712 = DIRECTION ( 'NONE',  ( -1.000000000000000000, 0.000000000000000000, 0.000000000000000000 ) ) ;
#9713 = ADVANCED_FACE ( 'NONE', ( #4163 ), #3375, .T. ) ;
#9714 = CARTESIAN_POINT ( 'NONE',  ( 1.499999999999999556, 0.000000000000000000, 0.000000000000000000 ) ) ;
#9715 = VERTEX_POINT ( 'NONE', #246 ) ;
#9716 = FACE_OUTER_BOUND ( 'NONE', #6532, .T. ) ;
#9717 = ORIENTED_EDGE ( 'NONE', *, *, #9705, .T. ) ;
#9718 = EDGE_CURVE ( 'NONE', #3467, #2660, #10003, .T. ) ;
#9719 = DIRECTION ( 'NONE',  ( 0.000000000000000000, 0.8910065241883656784, 0.4539904997395510233 ) ) ;
#9720 = CARTESIAN_POINT ( 'NONE',  ( 0.000000000000000000, 0.000000000000000000, 0.000000000000000000 ) ) ;
#9721 = ORIENTED_EDGE ( 'NONE', *, *, #8847, .T. ) ;
#9722 = CIRCLE ( 'NONE', #4815, 5.624000000000004107 ) ;
#9723 = DIRECTION ( 'NONE',  ( 0.000000000000000000, 0.000000000000000000, 1.000000000000000000 ) ) ;
#9724 = VERTEX_POINT ( 'NONE', #6357 ) ;
#9725 = CARTESIAN_POINT ( 'NONE',  ( 1.499999999999999556, 1.611759767611858019, 5.388098593335855391 ) ) ;
#9726 = MECHANICAL_DESIGN_GEOMETRIC_PRESENTATION_REPRESENTATION (  '', ( #2524 ), #3337 ) ;
#9727 = ORIENTED_EDGE ( 'NONE', *, *, #9449, .T. ) ;
#9728 = CARTESIAN_POINT ( 'NONE',  ( 1.499999999999999556, -0.3995011666402072947, 6.287320479970232689 ) ) ;
#9729 = EDGE_CURVE ( 'NONE', #745, #214, #4932, .T. ) ;
#9730 = CARTESIAN_POINT ( 'NONE',  ( 0.06137469101172798175, 0.000000000000000000, 0.000000000000000000 ) ) ;
#9731 = CARTESIAN_POINT ( 'NONE',  ( 1.499999999999999556, 0.1028825440610755954, 5.637216970057036036 ) ) ;
#9732 = DIRECTION ( 'NONE',  ( -1.000000000000000000, -0.000000000000000000, 0.000000000000000000 ) ) ;
#9733 = CYLINDRICAL_SURFACE ( 'NONE', #3603, 2.399999999999999467 ) ;
#9734 = ORIENTED_EDGE ( 'NONE', *, *, #5039, .T. ) ;
#9735 = CIRCLE ( 'NONE', #8426, 2.399999999999999911 ) ;
#9736 = PRESENTATION_STYLE_ASSIGNMENT (( #8351 ) ) ;
#9737 = EDGE_CURVE ( 'NONE', #1879, #2562, #5574, .T. ) ;
#9738 = CIRCLE ( 'NONE', #5310, 2.399999999999999023 ) ;
#9739 = DIRECTION ( 'NONE',  ( -1.000000000000000000, 0.000000000000000000, 0.000000000000000000 ) ) ;
#9740 = CIRCLE ( 'NONE', #901, 5.624000000000004107 ) ;
#9741 = CARTESIAN_POINT ( 'NONE',  ( 4.072835700667011061, 9.040373503540253708, 17.11913962260837252 ) ) ;
#9742 = AXIS2_PLACEMENT_3D ( 'NONE', #5854, #5084, #6058 ) ;
#9743 = DIRECTION ( 'NONE',  ( -1.000000000000000000, -0.000000000000000000, -0.000000000000000000 ) ) ;
#9744 = ORIENTED_EDGE ( 'NONE', *, *, #1248, .T. ) ;
#9745 = ADVANCED_FACE ( 'NONE', ( #4928 ), #1588, .T. ) ;
#9746 = DIRECTION ( 'NONE',  ( 0.000000000000000000, -1.000000000000000000, 0.000000000000000000 ) ) ;
#9747 = CYLINDRICAL_SURFACE ( 'NONE', #4057, 2.399999999999999467 ) ;
#9748 = CIRCLE ( 'NONE', #9253, 2.399999999999999467 ) ;
#9750 = AXIS2_PLACEMENT_3D ( 'NONE', #5661, #7446, #3705 ) ;
#9749 = CARTESIAN_POINT ( 'NONE',  ( 1.499999999999999556, 0.000000000000000000, 0.000000000000000000 ) ) ;
#9751 = ORIENTED_EDGE ( 'NONE', *, *, #7456, .T. ) ;
#9752 = ORIENTED_EDGE ( 'NONE', *, *, #5190, .F. ) ;
#9753 = DIRECTION ( 'NONE',  ( -1.000000000000000000, -0.000000000000000000, -0.000000000000000000 ) ) ;
#9754 = CARTESIAN_POINT ( 'NONE',  ( 1.499999999999999556, -0.5626935397822324658, 1.308110079575622198 ) ) ;
#9755 = CYLINDRICAL_SURFACE ( 'NONE', #5479, 2.399999999999999467 ) ;
#9756 = VERTEX_POINT ( 'NONE', #814 ) ;
#9757 = ORIENTED_EDGE ( 'NONE', *, *, #4768, .T. ) ;
#9759 = CARTESIAN_POINT ( 'NONE',  ( 1.499999999999999556, -2.670274791727491603, 4.949647314371474316 ) ) ;
#9758 = VECTOR ( 'NONE', #5311, 1000.000000000000000 ) ;
#9760 = EDGE_CURVE ( 'NONE', #8425, #1277, #977, .T. ) ;
#9761 = CIRCLE ( 'NONE', #420, 1.000000000000000888 ) ;
#9762 = CARTESIAN_POINT ( 'NONE',  ( 1.499999999999999556, 1.010057104667975159, 5.532554621990622756 ) ) ;
#9763 = ORIENTED_EDGE ( 'NONE', *, *, #7959, .T. ) ;
#9764 = ORIENTED_EDGE ( 'NONE', *, *, #8787, .T. ) ;
#9766 = CARTESIAN_POINT ( 'NONE',  ( 0.000000000000000000, 0.000000000000000000, 0.000000000000000000 ) ) ;
#9765 = CARTESIAN_POINT ( 'NONE',  ( -15.00000000000000355, 30.00000000000000000, 0.000000000000000000 ) ) ;
#9767 = ORIENTED_EDGE ( 'NONE', *, *, #9936, .F. ) ;
#9768 = CIRCLE ( 'NONE', #3050, 2.399999999999999023 ) ;
#9769 = EDGE_CURVE ( 'NONE', #3551, #5747, #51, .T. ) ;
#9770 = LINE ( 'NONE', #7464, #2284 ) ;
#9771 = ORIENTED_EDGE ( 'NONE', *, *, #5520, .F. ) ;
#9772 =( REPRESENTATION_RELATIONSHIP ('NONE','NONE', #4714, #5760 ) REPRESENTATION_RELATIONSHIP_WITH_TRANSFORMATION ( #7865 )SHAPE_REPRESENTATION_RELATIONSHIP( ) );
#9773 = CIRCLE ( 'NONE', #2244, 1.000000000000000888 ) ;
#9774 = ADVANCED_FACE ( 'NONE', ( #4111 ), #7234, .T. ) ;
#9775 = CARTESIAN_POINT ( 'NONE',  ( -12.00000000000000355, 40.00000000000000000, -11.99999999999999822 ) ) ;
#9776 = ORIENTED_EDGE ( 'NONE', *, *, #9024, .T. ) ;
#9777 = FACE_OUTER_BOUND ( 'NONE', #5101, .T. ) ;
#9778 = AXIS2_PLACEMENT_3D ( 'NONE', #9081, #6057, #4421 ) ;
#9779 = ADVANCED_FACE ( 'NONE', ( #1938, #443 ), #4208, .F. ) ;
#9780 = ORIENTED_EDGE ( 'NONE', *, *, #5797, .T. ) ;
#9781 = DIRECTION ( 'NONE',  ( -1.000000000000000000, 0.000000000000000000, -0.000000000000000000 ) ) ;
#9782 = CYLINDRICAL_SURFACE ( 'NONE', #9871, 2.399999999999999911 ) ;
#9783 = ORIENTED_EDGE ( 'NONE', *, *, #8170, .F. ) ;
#9784 = FACE_OUTER_BOUND ( 'NONE', #1249, .T. ) ;
#9785 = DIRECTION ( 'NONE',  ( 0.000000000000000000, 0.8660254037844398178, -0.4999999999999980571 ) ) ;
#9786 = DIRECTION ( 'NONE',  ( 0.000000000000000000, 0.3090169943749481729, -0.9510565162951534202 ) ) ;
#9787 = ORIENTED_EDGE ( 'NONE', *, *, #460, .T. ) ;
#9788 = APPLICATION_CONTEXT ( 'automotive_design' ) ;
#9789 = DIRECTION ( 'NONE',  ( 1.000000000000000000, 0.000000000000000000, 0.000000000000000000 ) ) ;
#9790 = FACE_OUTER_BOUND ( 'NONE', #1350, .T. ) ;
#9791 =( GEOMETRIC_REPRESENTATION_CONTEXT ( 3 ) GLOBAL_UNCERTAINTY_ASSIGNED_CONTEXT ( ( #5919 ) ) GLOBAL_UNIT_ASSIGNED_CONTEXT ( ( #7561, #9923, #6024 ) ) REPRESENTATION_CONTEXT ( 'NONE', 'WORKASPACE' ) );
#9792 = DIRECTION ( 'NONE',  ( 0.000000000000000000, 0.000000000000000000, 1.000000000000000000 ) ) ;
#9793 = EDGE_LOOP ( 'NONE', ( #7722, #7966, #7496, #4858 ) ) ;
#9794 = CARTESIAN_POINT ( 'NONE',  ( 0.000000000000000000, 5.388098593335871378, -1.611759767611802507 ) ) ;
#9795 = CARTESIAN_POINT ( 'NONE',  ( 1.499999999999999556, -0.5964270824953534778, 2.013522966163058481 ) ) ;
#9796 = DIRECTION ( 'NONE',  ( -1.000000000000000000, 0.000000000000000000, 0.000000000000000000 ) ) ;
#9797 = LINE ( 'NONE', #2868, #6528 ) ;
#9798 = CARTESIAN_POINT ( 'NONE',  ( 0.000000000000000000, 31.00000000000000000, -97.00000000000000000 ) ) ;
#9799 = AXIS2_PLACEMENT_3D ( 'NONE', #7911, #9458, #4843 ) ;
#9800 = ORIENTED_EDGE ( 'NONE', *, *, #8406, .T. ) ;
#9801 =( GEOMETRIC_REPRESENTATION_CONTEXT ( 3 ) GLOBAL_UNCERTAINTY_ASSIGNED_CONTEXT ( ( #1614 ) ) GLOBAL_UNIT_ASSIGNED_CONTEXT ( ( #5270, #9890, #2141 ) ) REPRESENTATION_CONTEXT ( 'NONE', 'WORKASPACE' ) );
#9802 = EDGE_CURVE ( 'NONE', #6186, #6570, #5120, .T. ) ;
#9803 = STYLED_ITEM ( 'NONE', ( #1560 ), #1108 ) ;
#9804 = CIRCLE ( 'NONE', #298, 6.300000000000000711 ) ;
#9805 = ORIENTED_EDGE ( 'NONE', *, *, #3763, .T. ) ;
#9806 = DIRECTION ( 'NONE',  ( 0.000000000000000000, 0.3090169943749411785, 0.9510565162951556406 ) ) ;
#9807 = CARTESIAN_POINT ( 'NONE',  ( 0.7499999999999997780, -6.103049762276108403, 1.562940689591749477 ) ) ;
#9808 = CARTESIAN_POINT ( 'NONE',  ( 0.000000000000000000, -1.440670871519453389, -0.8862614956314059933 ) ) ;
#9809 = AXIS2_PLACEMENT_3D ( 'NONE', #9578, #1681, #2497 ) ;
#9810 = ORIENTED_EDGE ( 'NONE', *, *, #9936, .T. ) ;
#9811 = ORIENTED_EDGE ( 'NONE', *, *, #2110, .T. ) ;
#9812 = ORIENTED_EDGE ( 'NONE', *, *, #8337, .T. ) ;
#9813 = CIRCLE ( 'NONE', #1621, 6.300000000000000711 ) ;
#9814 = UNCERTAINTY_MEASURE_WITH_UNIT (LENGTH_MEASURE( 1.000000000000000082E-05 ), #4627, 'distance_accuracy_value', 'NONE');
#9815 = CARTESIAN_POINT ( 'NONE',  ( 1.499999999999999556, 5.583907850472561663, 1.619760868193317771 ) ) ;
#9816 = AXIS2_PLACEMENT_3D ( 'NONE', #8334, #3666, #9104 ) ;
#9817 = CARTESIAN_POINT ( 'NONE',  ( 0.000000000000000000, -1.690788321043817488, 0.04718953385303653603 ) ) ;
#9818 = ORIENTED_EDGE ( 'NONE', *, *, #6267, .T. ) ;
#9819 = VERTEX_POINT ( 'NONE', #5891 ) ;
#9821 = DIRECTION ( 'NONE',  ( -1.000000000000000000, -0.000000000000000000, -0.000000000000000000 ) ) ;
#9820 = CARTESIAN_POINT ( 'NONE',  ( 1.499999999999999556, -1.378136260165237381, -6.147417380365332917 ) ) ;
#9822 = ORIENTED_EDGE ( 'NONE', *, *, #3075, .F. ) ;
#9823 = DIRECTION ( 'NONE',  ( 0.000000000000000000, 0.000000000000000000, 1.000000000000000000 ) ) ;
#9824 = PRODUCT_DEFINITION ( 'UNKNOWN', '', #6371, #2717 ) ;
#9825 = EDGE_CURVE ( 'NONE', #8492, #7736, #6228, .T. ) ;
#9826 = VERTEX_POINT ( 'NONE', #4303 ) ;
#9827 = AXIS2_PLACEMENT_3D ( 'NONE', #8005, #3186, #6469 ) ;
#9828 = DIRECTION ( 'NONE',  ( 0.000000000000000000, 0.4999999999999948930, 0.8660254037844415942 ) ) ;
#9829 = ORIENTED_EDGE ( 'NONE', *, *, #7508, .T. ) ;
#9830 = LINE ( 'NONE', #4294, #3949 ) ;
#9831 = ORIENTED_EDGE ( 'NONE', *, *, #8157, .T. ) ;
#9832 = CARTESIAN_POINT ( 'NONE',  ( 11.99999999999999645, 0.000000000000000000, -11.99999999999999822 ) ) ;
#9833 = EDGE_CURVE ( 'NONE', #2360, #433, #7547, .T. ) ;
#9834 =( GEOMETRIC_REPRESENTATION_CONTEXT ( 3 ) GLOBAL_UNCERTAINTY_ASSIGNED_CONTEXT ( ( #7161 ) ) GLOBAL_UNIT_ASSIGNED_CONTEXT ( ( #4875, #4823, #5741 ) ) REPRESENTATION_CONTEXT ( 'NONE', 'WORKASPACE' ) );
#9835 = DIRECTION ( 'NONE',  ( -0.000000000000000000, 1.000000000000000000, -0.000000000000000000 ) ) ;
#9836 = EDGE_LOOP ( 'NONE', ( #1406, #9687, #4727, #2 ) ) ;
#9837 = DIRECTION ( 'NONE',  ( 0.000000000000000000, 0.3090169943749411785, 0.9510565162951556406 ) ) ;
#9838 = CARTESIAN_POINT ( 'NONE',  ( 1.499999999999999556, 0.000000000000000000, 0.000000000000000000 ) ) ;
#9839 = DIRECTION ( 'NONE',  ( -1.000000000000000000, 0.000000000000000000, 0.000000000000000000 ) ) ;
#9840 = ORIENTED_EDGE ( 'NONE', *, *, #900, .T. ) ;
#9841 = AXIS2_PLACEMENT_3D ( 'NONE', #6547, #3367, #8919 ) ;
#9842 = EDGE_CURVE ( 'NONE', #3376, #4419, #2701, .T. ) ;
#9843 = FACE_OUTER_BOUND ( 'NONE', #383, .T. ) ;
#9844 = EDGE_CURVE ( 'NONE', #4549, #4847, #8248, .T. ) ;
#9845 = CARTESIAN_POINT ( 'NONE',  ( 1.499999999999999556, -0.1667481397909999496, -1.414203329750089333 ) ) ;
#9846 = CIRCLE ( 'NONE', #5414, 6.299999999999999822 ) ;
#9847 = EDGE_CURVE ( 'NONE', #5338, #2829, #2855, .T. ) ;
#9848 = CIRCLE ( 'NONE', #7557, 2.399999999999999911 ) ;
#9849 = CARTESIAN_POINT ( 'NONE',  ( 0.000000000000000000, 49.99999999999999289, 0.000000000000000000 ) ) ;
#9850 = AXIS2_PLACEMENT_3D ( 'NONE', #9417, #5361, #5262 ) ;
#9851 = ORIENTED_EDGE ( 'NONE', *, *, #2659, .T. ) ;
#9852 = DIRECTION ( 'NONE',  ( -1.000000000000000000, -0.000000000000000000, 0.000000000000000000 ) ) ;
#9853 = CARTESIAN_POINT ( 'NONE',  ( 0.000000000000000000, -0.5964270824953248340, -2.013522966163067363 ) ) ;
#9854 = CARTESIAN_POINT ( 'NONE',  ( 1.499999999999999556, 0.000000000000000000, 0.000000000000000000 ) ) ;
#9855 = CARTESIAN_POINT ( 'NONE',  ( 0.000000000000000000, -1.562940689591731047, -6.103049762276112844 ) ) ;
#9856 = EDGE_CURVE ( 'NONE', #6264, #1304, #5087, .T. ) ;
#9857 = COLOUR_RGB ( '',0.7921568627450980005, 0.8196078431372548767, 0.9333333333333333481 ) ;
#9858 = CIRCLE ( 'NONE', #8378, 6.300000000000000711 ) ;
#9859 = COLOUR_RGB ( '',0.000000000000000000, 0.7019607843137254388, 0.09019607843137254777 ) ;
#9860 = EDGE_LOOP ( 'NONE', ( #5663, #279, #8691, #4031 ) ) ;
#9861 = DIRECTION ( 'NONE',  ( -1.000000000000000000, 0.000000000000000000, 0.000000000000000000 ) ) ;
#9862 = DIRECTION ( 'NONE',  ( -1.000000000000000000, 0.000000000000000000, 0.000000000000000000 ) ) ;
#9863 = AXIS2_PLACEMENT_3D ( 'NONE', #9281, #8357, #9329 ) ;
#9864 = CARTESIAN_POINT ( 'NONE',  ( -10.00000000000000000, 0.000000000000000000, 0.000000000000000000 ) ) ;
#9865 = CARTESIAN_POINT ( 'NONE',  ( 0.000000000000000000, 0.000000000000000000, 0.000000000000000000 ) ) ;
#9866 = AXIS2_PLACEMENT_3D ( 'NONE', #6644, #434, #3568 ) ;
#9867 = EDGE_CURVE ( 'NONE', #7213, #1417, #4762, .T. ) ;
#9868 = ORIENTED_EDGE ( 'NONE', *, *, #1910, .T. ) ;
#9869 = ORIENTED_EDGE ( 'NONE', *, *, #7610, .F. ) ;
#9870 = LINE ( 'NONE', #7356, #4328 ) ;
#9871 = AXIS2_PLACEMENT_3D ( 'NONE', #9065, #4351, #1126 ) ;
#9872 = EDGE_CURVE ( 'NONE', #1690, #6708, #3112, .T. ) ;
#9873 = CARTESIAN_POINT ( 'NONE',  ( 1.499999999999999556, 4.069107377274199244, 3.882234041400999480 ) ) ;
#9874 = ORIENTED_EDGE ( 'NONE', *, *, #8931, .T. ) ;
#9876 = DIRECTION ( 'NONE',  ( 0.000000000000000000, 0.000000000000000000, -1.000000000000000000 ) ) ;
#9875 = CARTESIAN_POINT ( 'NONE',  ( 0.000000000000000000, 1.690788321043817044, -0.04718953385304835296 ) ) ;
#9877 = ORIENTED_EDGE ( 'NONE', *, *, #5133, .T. ) ;
#9878 = CARTESIAN_POINT ( 'NONE',  ( 1.499999999999999556, -5.393104387681760592, -1.644148730784186441 ) ) ;
#9879 = DIRECTION ( 'NONE',  ( 1.000000000000000000, 0.000000000000000000, 0.000000000000000000 ) ) ;
#9880 = ORIENTED_EDGE ( 'NONE', *, *, #7272, .T. ) ;
#9881 = DIRECTION ( 'NONE',  ( -1.000000000000000000, -0.000000000000000000, -0.000000000000000000 ) ) ;
#9882 = ORIENTED_EDGE ( 'NONE', *, *, #53, .F. ) ;
#9883 = DIRECTION ( 'NONE',  ( -1.000000000000000000, 0.000000000000000000, 0.000000000000000000 ) ) ;
#9884 = ADVANCED_FACE ( 'NONE', ( #3428 ), #8104, .T. ) ;
#9885 = ORIENTED_EDGE ( 'NONE', *, *, #8738, .T. ) ;
#9886 = LINE ( 'NONE', #6595, #5370 ) ;
#9887 = CARTESIAN_POINT ( 'NONE',  ( 1.499999999999999556, 0.8515097899678587545, 1.141361939784611979 ) ) ;
#9888 = VERTEX_POINT ( 'NONE', #1280 ) ;
#9889 = DIRECTION ( 'NONE',  ( 1.000000000000000000, 0.000000000000000000, 0.000000000000000000 ) ) ;
#9890 =( NAMED_UNIT ( * ) PLANE_ANGLE_UNIT ( ) SI_UNIT ( $, .RADIAN. ) );
#9891 = CARTESIAN_POINT ( 'NONE',  ( -6.415642272996979756, 4.549999999999999822, 1.000000000000000000 ) ) ;
#9892 = ORIENTED_EDGE ( 'NONE', *, *, #1946, .F. ) ;
#9893 = VECTOR ( 'NONE', #2445, 1000.000000000000000 ) ;
#9894 = FACE_BOUND ( 'NONE', #9096, .T. ) ;
#9895 = CARTESIAN_POINT ( 'NONE',  ( 0.000000000000000000, 0.000000000000000000, 0.000000000000000000 ) ) ;
#9896 = AXIS2_PLACEMENT_3D ( 'NONE', #1656, #6930, #1598 ) ;
#9897 = EDGE_CURVE ( 'NONE', #7276, #3257, #325, .T. ) ;
#9898 = AXIS2_PLACEMENT_3D ( 'NONE', #1721, #5719, #3302 ) ;
#9899 = APPLICATION_PROTOCOL_DEFINITION ( 'draft international standard', 'automotive_design', 1998, #3168 ) ;
#9900 = CYLINDRICAL_SURFACE ( 'NONE', #4841, 6.299999999999999822 ) ;
#9901 = ORIENTED_EDGE ( 'NONE', *, *, #3931, .T. ) ;
#9902 = DIRECTION ( 'NONE',  ( -1.000000000000000000, -0.000000000000000000, 0.000000000000000000 ) ) ;
#9903 = CARTESIAN_POINT ( 'NONE',  ( 0.000000000000000000, 1.445548498552951644, -1.523282488027518866 ) ) ;
#9904 = CARTESIAN_POINT ( 'NONE',  ( 0.000000000000000000, -5.573896935634607530, -0.7490320092780949901 ) ) ;
#9905 = DIRECTION ( 'NONE',  ( 0.000000000000000000, 0.000000000000000000, -1.000000000000000000 ) ) ;
#9906 = DIRECTION ( 'NONE',  ( 0.000000000000000000, 0.000000000000000000, 1.000000000000000000 ) ) ;
#9907 = VECTOR ( 'NONE', #1772, 1000.000000000000000 ) ;
#9908 = EDGE_CURVE ( 'NONE', #8941, #9436, #3281, .T. ) ;
#9909 = AXIS2_PLACEMENT_3D ( 'NONE', #9875, #5974, #9149 ) ;
#9910 = ADVANCED_FACE ( 'NONE', ( #8202 ), #9733, .T. ) ;
#9911 = ADVANCED_FACE ( 'NONE', ( #9692 ), #1899, .F. ) ;
#9912 = CIRCLE ( 'NONE', #2213, 5.624000000000004107 ) ;
#9913 = ORIENTED_EDGE ( 'NONE', *, *, #9701, .T. ) ;
#9914 = CARTESIAN_POINT ( 'NONE',  ( -0.06137469101172798175, 0.000000000000000000, 0.000000000000000000 ) ) ;
#9915 = LINE ( 'NONE', #4320, #7471 ) ;
#9916 = DIRECTION ( 'NONE',  ( -0.000000000000000000, -1.000000000000000000, -0.000000000000000000 ) ) ;
#9917 = DIRECTION ( 'NONE',  ( -1.000000000000000000, 0.000000000000000000, 0.000000000000000000 ) ) ;
#9918 = ORIENTED_EDGE ( 'NONE', *, *, #553, .T. ) ;
#9919 = ORIENTED_EDGE ( 'NONE', *, *, #3032, .F. ) ;
#9920 = UNCERTAINTY_MEASURE_WITH_UNIT (LENGTH_MEASURE( 1.000000000000000082E-05 ), #1650, 'distance_accuracy_value', 'NONE');
#9921 = CARTESIAN_POINT ( 'NONE',  ( 1.499999999999999556, -0.9834709102464335162, -5.551719098988219692 ) ) ;
#9922 = CIRCLE ( 'NONE', #3855, 5.624000000000004107 ) ;
#9923 =( NAMED_UNIT ( * ) PLANE_ANGLE_UNIT ( ) SI_UNIT ( $, .RADIAN. ) );
#9924 = ORIENTED_EDGE ( 'NONE', *, *, #3509, .T. ) ;
#9926 = CARTESIAN_POINT ( 'NONE',  ( 1.499999999999999556, -4.470985933908468546, 3.411694707735830168 ) ) ;
#9925 = CARTESIAN_POINT ( 'NONE',  ( 0.000000000000000000, -0.5889709714759849835, 6.272408882937928531 ) ) ;
#9927 = ORIENTED_EDGE ( 'NONE', *, *, #8157, .F. ) ;
#9928 = CARTESIAN_POINT ( 'NONE',  ( 0.7499999999999997780, 4.163316962856790759, 4.728296930903230333 ) ) ;
#9929 =( NAMED_UNIT ( * ) PLANE_ANGLE_UNIT ( ) SI_UNIT ( $, .RADIAN. ) );
#9930 = AXIS2_PLACEMENT_3D ( 'NONE', #3596, #9134, #9188 ) ;
#9931 = ORIENTED_EDGE ( 'NONE', *, *, #8507, .F. ) ;
#9932 = AXIS2_PLACEMENT_3D ( 'NONE', #4894, #6427, #5609 ) ;
#9933 = PLANE ( 'NONE',  #8100 ) ;
#9934 = ORIENTED_EDGE ( 'NONE', *, *, #7813, .T. ) ;
#9935 = DIRECTION ( 'NONE',  ( 1.000000000000000000, 0.000000000000000000, 0.000000000000000000 ) ) ;
#9936 = EDGE_CURVE ( 'NONE', #4279, #2487, #2312, .T. ) ;
#9937 = VECTOR ( 'NONE', #4883, 1000.000000000000000 ) ;
#9938 = ORIENTED_EDGE ( 'NONE', *, *, #4202, .F. ) ;
#9939 = CARTESIAN_POINT ( 'NONE',  ( 1.499999999999999556, 1.644148730784208423, -5.393104387681756151 ) ) ;
#9940 = DIRECTION ( 'NONE',  ( -1.000000000000000000, -0.000000000000000000, 0.000000000000000000 ) ) ;
#9941 = ORIENTED_EDGE ( 'NONE', *, *, #925, .T. ) ;
#9942 = DIRECTION ( 'NONE',  ( -1.000000000000000000, -0.000000000000000000, -0.000000000000000000 ) ) ;
#9943 = DIRECTION ( 'NONE',  ( -1.000000000000000000, 0.000000000000000000, 0.000000000000000000 ) ) ;
#9944 = VECTOR ( 'NONE', #9739, 1000.000000000000000 ) ;
#9945 = VERTEX_POINT ( 'NONE', #5944 ) ;
#9946 = AXIS2_PLACEMENT_3D ( 'NONE', #401, #455, #508 ) ;
#9947 = DIRECTION ( 'NONE',  ( -1.000000000000000000, 0.000000000000000000, 0.000000000000000000 ) ) ;
#9948 = DIRECTION ( 'NONE',  ( -1.000000000000000000, 0.000000000000000000, 0.000000000000000000 ) ) ;
#9949 = APPLICATION_PROTOCOL_DEFINITION ( 'draft international standard', 'automotive_design', 1998, #4880 ) ;
#9950 = CARTESIAN_POINT ( 'NONE',  ( 1.499999999999999556, 6.272408882937931196, 0.5889709714759624459 ) ) ;
#9951 = VERTEX_POINT ( 'NONE', #9069 ) ;
#9952 = FACE_OUTER_BOUND ( 'NONE', #5635, .T. ) ;
#9953 = DIRECTION ( 'NONE',  ( -1.000000000000000000, 0.000000000000000000, 0.000000000000000000 ) ) ;
#9954 = CARTESIAN_POINT ( 'NONE',  ( 0.000000000000000000, 0.5626935397822414586, -1.308110079575617979 ) ) ;
#9955 = DIRECTION ( 'NONE',  ( 0.000000000000000000, 0.000000000000000000, 1.000000000000000000 ) ) ;
#9956 = CARTESIAN_POINT ( 'NONE',  ( -7.500000000000000000, -7.500000000000000000, 1.000000000000000000 ) ) ;
#9957 = FILL_AREA_STYLE_COLOUR ( '', #2678 ) ;
#9958 = EDGE_CURVE ( 'NONE', #2373, #6131, #2039, .T. ) ;
#9959 = ADVANCED_FACE ( 'NONE', ( #7630 ), #9270, .T. ) ;
#9960 = SHAPE_REPRESENTATION ( 'Gear Assembley13', ( #623, #144, #2432 ), #462 ) ;
#9961 = CIRCLE ( 'NONE', #3733, 2.399999999999999911 ) ;
#9962 = EDGE_CURVE ( 'NONE', #984, #1838, #1978, .T. ) ;
#9963 = ORIENTED_EDGE ( 'NONE', *, *, #8994, .T. ) ;
#9964 = CARTESIAN_POINT ( 'NONE',  ( -2.950000000000001066, 40.00000000000000000, -22.79000000000000625 ) ) ;
#9965 = FACE_OUTER_BOUND ( 'NONE', #4179, .T. ) ;
#9966 = DIRECTION ( 'NONE',  ( -1.000000000000000000, 0.000000000000000000, 0.000000000000000000 ) ) ;
#9967 = DIRECTION ( 'NONE',  ( 0.000000000000000000, 0.000000000000000000, 1.000000000000000000 ) ) ;
#9968 = EDGE_CURVE ( 'NONE', #7263, #230, #5752, .T. ) ;
#9969 = ORIENTED_EDGE ( 'NONE', *, *, #6455, .F. ) ;
#9970 = AXIS2_PLACEMENT_3D ( 'NONE', #779, #3769, #581 ) ;
#9971 = VERTEX_POINT ( 'NONE', #4659 ) ;
#9972 = EDGE_CURVE ( 'NONE', #7692, #7667, #3125, .T. ) ;
#9973 = CARTESIAN_POINT ( 'NONE',  ( 1.499999999999999556, 1.839842958668786332, 5.329519478602963822 ) ) ;
#9974 = ADVANCED_FACE ( 'NONE', ( #5221 ), #3784, .T. ) ;
#9975 = AXIS2_PLACEMENT_3D ( 'NONE', #3798, #706, #3847 ) ;
#9976 = CARTESIAN_POINT ( 'NONE',  ( 0.000000000000000000, 0.5626935397822234730, 1.308110079575625972 ) ) ;
#9977 = AXIS2_PLACEMENT_3D ( 'NONE', #1643, #1539, #6107 ) ;
#9978 = ORIENTED_EDGE ( 'NONE', *, *, #7959, .F. ) ;
#9980 = DIRECTION ( 'NONE',  ( -1.000000000000000000, 0.000000000000000000, 0.000000000000000000 ) ) ;
#9979 = CARTESIAN_POINT ( 'NONE',  ( 15.99999999999999645, -31.00000000000000000, -97.00000000000000000 ) ) ;
#9981 = ORIENTED_EDGE ( 'NONE', *, *, #7442, .F. ) ;
#9982 = DIRECTION ( 'NONE',  ( -1.000000000000000000, 0.000000000000000000, 0.000000000000000000 ) ) ;
#9983 = ORIENTED_EDGE ( 'NONE', *, *, #1630, .F. ) ;
#9984 = AXIS2_PLACEMENT_3D ( 'NONE', #4560, #7682, #643 ) ;
#9985 = SURFACE_STYLE_FILL_AREA ( #7620 ) ;
#9986 = ORIENTED_EDGE ( 'NONE', *, *, #6935, .T. ) ;
#9987 = CYLINDRICAL_SURFACE ( 'NONE', #9850, 2.399999999999999911 ) ;
#9988 = ADVANCED_FACE ( 'NONE', ( #9220 ), #6910, .T. ) ;
#9989 = ORIENTED_EDGE ( 'NONE', *, *, #9073, .T. ) ;
#9990 = CARTESIAN_POINT ( 'NONE',  ( 0.7499999999999997780, -1.445548498552941208, 1.523282488027528858 ) ) ;
#9991 = CARTESIAN_POINT ( 'NONE',  ( 1.499999999999999556, -2.650911967359931509, -4.976089400993457090 ) ) ;
#9992 = VERTEX_POINT ( 'NONE', #8348 ) ;
#9993 = PLANE ( 'NONE',  #4469 ) ;
#9994 = CARTESIAN_POINT ( 'NONE',  ( 7.500000000000000000, -7.500000000000000000, 0.000000000000000000 ) ) ;
#9995 = DIRECTION ( 'NONE',  ( 0.000000000000000000, 0.000000000000000000, 1.000000000000000000 ) ) ;
#9996 = AXIS2_PLACEMENT_3D ( 'NONE', #7192, #5652, #8784 ) ;
#9997 = ADVANCED_FACE ( 'NONE', ( #5368 ), #4510, .T. ) ;
#9998 = ORIENTED_EDGE ( 'NONE', *, *, #2476, .T. ) ;
#9999 = ORIENTED_EDGE ( 'NONE', *, *, #1547, .F. ) ;
#10000 = CYLINDRICAL_SURFACE ( 'NONE', #2372, 1.000000000000000888 ) ;
#10001 = CYLINDRICAL_SURFACE ( 'NONE', #4540, 2.100000000000000089 ) ;
#10002 = EDGE_CURVE ( 'NONE', #5786, #6025, #7550, .T. ) ;
#10003 = CIRCLE ( 'NONE', #3936, 1.423999999999999710 ) ;
#10004 = SHAPE_DEFINITION_REPRESENTATION ( #5956, #514 ) ;
#10005 = DIRECTION ( 'NONE',  ( 0.000000000000000000, 0.000000000000000000, 1.000000000000000000 ) ) ;
#10006 = ORIENTED_EDGE ( 'NONE', *, *, #9300, .F. ) ;
#10007 = DIRECTION ( 'NONE',  ( -1.000000000000000000, 0.000000000000000000, 0.000000000000000000 ) ) ;
#10008 = CARTESIAN_POINT ( 'NONE',  ( 1.499999999999999556, 4.621077171872429723, 3.230239272402438022 ) ) ;
#10009 = DIRECTION ( 'NONE',  ( 1.000000000000000000, 0.000000000000000000, 0.000000000000000000 ) ) ;
#10010 = CARTESIAN_POINT ( 'NONE',  ( 1.499999999999999556, 3.913365401975887892, 4.058863291118543160 ) ) ;
#10011 = DIRECTION ( 'NONE',  ( -1.000000000000000000, 0.000000000000000000, 0.000000000000000000 ) ) ;
#10012 =( NAMED_UNIT ( * ) SI_UNIT ( $, .STERADIAN. ) SOLID_ANGLE_UNIT ( ) );
#10013 = AXIS2_PLACEMENT_3D ( 'NONE', #7225, #2602, #193 ) ;
#10014 =( GEOMETRIC_REPRESENTATION_CONTEXT ( 3 ) GLOBAL_UNCERTAINTY_ASSIGNED_CONTEXT ( ( #9412 ) ) GLOBAL_UNIT_ASSIGNED_CONTEXT ( ( #3413, #5106, #8237 ) ) REPRESENTATION_CONTEXT ( 'NONE', 'WORKASPACE' ) );
#10015 = ORIENTED_EDGE ( 'NONE', *, *, #4078, .F. ) ;
#10016 = EDGE_CURVE ( 'NONE', #628, #1577, #6145, .T. ) ;
#10017 = CARTESIAN_POINT ( 'NONE',  ( 1.499999999999999556, 0.000000000000000000, 0.000000000000000000 ) ) ;
#10018 = DIRECTION ( 'NONE',  ( 0.000000000000000000, 0.000000000000000000, 1.000000000000000000 ) ) ;
#10019 = LINE ( 'NONE', #8624, #673 ) ;
#10020 = LINE ( 'NONE', #7657, #1399 ) ;
#10021 = VECTOR ( 'NONE', #5070, 1000.000000000000000 ) ;
#10022 = VERTEX_POINT ( 'NONE', #5991 ) ;
#10023 = CARTESIAN_POINT ( 'NONE',  ( 0.000000000000000000, 0.000000000000000000, 0.000000000000000000 ) ) ;
#10024 = EDGE_CURVE ( 'NONE', #5800, #2829, #824, .T. ) ;
#10025 = AXIS2_PLACEMENT_3D ( 'NONE', #5725, #9966, #7554 ) ;
#10026 = DIRECTION ( 'NONE',  ( -1.000000000000000000, -0.000000000000000000, -0.000000000000000000 ) ) ;
#10027 = EDGE_LOOP ( 'NONE', ( #3484, #3138, #5765, #2457 ) ) ;
#10029 = FILL_AREA_STYLE_COLOUR ( '', #9859 ) ;
#10028 = CYLINDRICAL_SURFACE ( 'NONE', #9247, 0.7200000000000004174 ) ;
#10030 = EDGE_LOOP ( 'NONE', ( #9472, #5575, #9056, #3923 ) ) ;
#10031 = CARTESIAN_POINT ( 'NONE',  ( 0.000000000000000000, 0.000000000000000000, 0.000000000000000000 ) ) ;
#10032 = DIRECTION ( 'NONE',  ( -0.5692474381025202090, 0.8221662570391207181, 1.531035399978543886E-16 ) ) ;
#10033 = CIRCLE ( 'NONE', #5604, 2.399999999999999467 ) ;
#10034 = ORIENTED_EDGE ( 'NONE', *, *, #7334, .T. ) ;
#10035 = ADVANCED_FACE ( 'NONE', ( #5271 ), #695, .T. ) ;
#10036 = AXIS2_PLACEMENT_3D ( 'NONE', #8649, #1627, #5525 ) ;
#10037 = ORIENTED_EDGE ( 'NONE', *, *, #1750, .T. ) ;
#10038 = DIRECTION ( 'NONE',  ( 0.000000000000000000, -0.3090169943749551118, 0.9510565162951510887 ) ) ;
#10039 = EDGE_CURVE ( 'NONE', #8636, #8702, #4938, .T. ) ;
#10040 = ADVANCED_FACE ( 'NONE', ( #4462 ), #3680, .T. ) ;
#10041 = ORIENTED_EDGE ( 'NONE', *, *, #5753, .T. ) ;
#10042 = CYLINDRICAL_SURFACE ( 'NONE', #3210, 1.000000000000000000 ) ;
#10043 = CARTESIAN_POINT ( 'NONE',  ( -10.00000000000000000, 0.000000000000000000, 0.000000000000000000 ) ) ;
#10044 = ORIENTED_EDGE ( 'NONE', *, *, #2610, .T. ) ;
#10045 = DIRECTION ( 'NONE',  ( -0.000000000000000000, -1.000000000000000000, -0.000000000000000000 ) ) ;
#10046 = CARTESIAN_POINT ( 'NONE',  ( 1.499999999999999556, -2.041975581048281363, 0.4902404781355114149 ) ) ;
#10047 = CARTESIAN_POINT ( 'NONE',  ( 1.499999999999999556, -0.7802391318066960180, 5.583907850472558110 ) ) ;
#10048 = VERTEX_POINT ( 'NONE', #6094 ) ;
#10049 = ORIENTED_EDGE ( 'NONE', *, *, #8395, .F. ) ;
#10050 = DIRECTION ( 'NONE',  ( 0.000000000000000000, 0.4539904997395413089, 0.8910065241883706744 ) ) ;
#10051 = DIRECTION ( 'NONE',  ( -1.000000000000000000, 0.000000000000000000, -0.000000000000000000 ) ) ;
#10052 = DIRECTION ( 'NONE',  ( 0.000000000000000000, 0.000000000000000000, 1.000000000000000000 ) ) ;
#10053 = ORIENTED_EDGE ( 'NONE', *, *, #8815, .F. ) ;
#10054 = DIRECTION ( 'NONE',  ( 0.000000000000000000, 0.000000000000000000, 1.000000000000000000 ) ) ;
#10055 = CARTESIAN_POINT ( 'NONE',  ( 1.499999999999999556, 0.000000000000000000, 0.000000000000000000 ) ) ;
#10056 = CARTESIAN_POINT ( 'NONE',  ( 1.499999999999999556, -0.1321394030189117774, 5.622447436674694821 ) ) ;
#10057 = DIRECTION ( 'NONE',  ( -0.000000000000000000, -0.000000000000000000, -1.000000000000000000 ) ) ;
#10058 = LINE ( 'NONE', #4626, #2459 ) ;
#10059 = PRODUCT_DEFINITION_SHAPE ( 'NONE', 'NONE',  #10156 ) ;
#10060 = CIRCLE ( 'NONE', #3492, 2.399999999999999911 ) ;
#10061 = AXIS2_PLACEMENT_3D ( 'NONE', #880, #8527, #3240 ) ;
#10062 = PRESENTATION_LAYER_ASSIGNMENT (  '', '', ( #4323 ) ) ;
#10063 = ADVANCED_FACE ( 'NONE', ( #2192 ), #3058, .T. ) ;
#10064 = VERTEX_POINT ( 'NONE', #9316 ) ;
#10065 = DIRECTION ( 'NONE',  ( 0.000000000000000000, -1.000000000000000000, 0.000000000000000000 ) ) ;
#10066 = CARTESIAN_POINT ( 'NONE',  ( 0.000000000000000000, -4.621077171872451039, 3.230239272402410933 ) ) ;
#10067 = AXIS2_PLACEMENT_3D ( 'NONE', #9343, #9505, #769 ) ;
#10068 = DIRECTION ( 'NONE',  ( 0.000000000000000000, 0.000000000000000000, 1.000000000000000000 ) ) ;
#10069 = LINE ( 'NONE', #3034, #6613 ) ;
#10070 = ORIENTED_EDGE ( 'NONE', *, *, #5624, .T. ) ;
#10071 = AXIS2_PLACEMENT_3D ( 'NONE', #3063, #1578, #8607 ) ;
#10072 = CARTESIAN_POINT ( 'NONE',  ( -3.590000000000002967, 40.00000000000000000, -16.96000000000000441 ) ) ;
#10073 = ORIENTED_EDGE ( 'NONE', *, *, #6951, .F. ) ;
#10074 = CARTESIAN_POINT ( 'NONE',  ( 1.499999999999999556, -0.8862614956314008863, 1.440670871519456719 ) ) ;
#10075 = ORIENTED_EDGE ( 'NONE', *, *, #3189, .T. ) ;
#10076 = AXIS2_PLACEMENT_3D ( 'NONE', #4574, #5381, #8518 ) ;
#10077 = DIRECTION ( 'NONE',  ( -1.000000000000000000, -0.000000000000000000, -0.000000000000000000 ) ) ;
#10078 = DIRECTION ( 'NONE',  ( 0.9788576785335325603, -0.2045425265707435658, 1.402230945930407585E-16 ) ) ;
#10079 = ORIENTED_EDGE ( 'NONE', *, *, #5204, .T. ) ;
#10080 = EDGE_CURVE ( 'NONE', #6549, #2303, #8532, .T. ) ;
#10081 = EDGE_CURVE ( 'NONE', #9756, #3369, #9579, .T. ) ;
#10082 = ORIENTED_EDGE ( 'NONE', *, *, #1946, .T. ) ;
#10083 = CARTESIAN_POINT ( 'NONE',  ( 0.7499999999999997780, -5.783413301606144863, 2.498425620827069427 ) ) ;
#10084 = EDGE_CURVE ( 'NONE', #5014, #1167, #501, .T. ) ;
#10085 = ORIENTED_EDGE ( 'NONE', *, *, #10016, .F. ) ;
#10086 = DIRECTION ( 'NONE',  ( 1.000000000000000000, 0.000000000000000000, 0.000000000000000000 ) ) ;
#10087 = DIRECTION ( 'NONE',  ( 0.000000000000000000, -6.866613759074863256E-15, 1.000000000000000000 ) ) ;
#10088 = ORIENTED_EDGE ( 'NONE', *, *, #625, .T. ) ;
#10089 = CIRCLE ( 'NONE', #1738, 5.624000000000004107 ) ;
#10090 = DIRECTION ( 'NONE',  ( 1.000000000000000000, -0.000000000000000000, 0.000000000000000000 ) ) ;
#10091 = CARTESIAN_POINT ( 'NONE',  ( 1.499999999999999556, -0.1028825440611115805, 5.637216970057038701 ) ) ;
#10092 = CARTESIAN_POINT ( 'NONE',  ( -5.415642272996979756, 4.549999999999999822, 0.000000000000000000 ) ) ;
#10093 = EDGE_CURVE ( 'NONE', #9607, #8556, #9846, .T. ) ;
#10094 = ORIENTED_EDGE ( 'NONE', *, *, #4860, .F. ) ;
#10095 = ORIENTED_EDGE ( 'NONE', *, *, #2065, .T. ) ;
#10096 = CARTESIAN_POINT ( 'NONE',  ( 1.499999999999999556, 0.1667481397910293983, -1.414203329750086002 ) ) ;
#10097 = ADVANCED_FACE ( 'NONE', ( #5677 ), #7981, .T. ) ;
#10098 = DIRECTION ( 'NONE',  ( -1.000000000000000000, 0.000000000000000000, 0.000000000000000000 ) ) ;
#10099 = CIRCLE ( 'NONE', #3044, 2.399999999999999911 ) ;
#10100 = DIRECTION ( 'NONE',  ( -1.000000000000000000, 0.000000000000000000, 0.000000000000000000 ) ) ;
#10101 = AXIS2_PLACEMENT_3D ( 'NONE', #5195, #6465, #250 ) ;
#10102 = VERTEX_POINT ( 'NONE', #5527 ) ;
#10103 = DIRECTION ( 'NONE',  ( 1.000000000000000000, -0.000000000000000000, 0.000000000000000000 ) ) ;
#10104 = CARTESIAN_POINT ( 'NONE',  ( 1.499999999999999556, -3.230239272402392725, -4.621077171872464362 ) ) ;
#10105 = DIRECTION ( 'NONE',  ( -1.000000000000000000, -0.000000000000000000, 0.000000000000000000 ) ) ;
#10106 = LINE ( 'NONE', #1540, #6682 ) ;
#10107 = FACE_OUTER_BOUND ( 'NONE', #6062, .T. ) ;
#10108 = CARTESIAN_POINT ( 'NONE',  ( 0.000000000000000000, 2.013522966163069139, -0.5964270824953179506 ) ) ;
#10109 = CIRCLE ( 'NONE', #4698, 0.7200000000000003064 ) ;
#10110 = AXIS2_PLACEMENT_3D ( 'NONE', #3889, #5531, #8993 ) ;
#10111 = AXIS2_PLACEMENT_3D ( 'NONE', #974, #8047, #243 ) ;
#10112 = ORIENTED_EDGE ( 'NONE', *, *, #2919, .F. ) ;
#10113 = FACE_OUTER_BOUND ( 'NONE', #8780, .T. ) ;
#10114 = CARTESIAN_POINT ( 'NONE',  ( 0.7499999999999997780, -6.103049762276087087, -1.562940689591832077 ) ) ;
#10115 = DIRECTION ( 'NONE',  ( 0.000000000000000000, 0.000000000000000000, -1.000000000000000000 ) ) ;
#10116 = DIRECTION ( 'NONE',  ( 0.000000000000000000, 0.000000000000000000, 1.000000000000000000 ) ) ;
#10117 = ADVANCED_FACE ( 'NONE', ( #9371 ), #89, .T. ) ;
#10118 = ORIENTED_EDGE ( 'NONE', *, *, #2170, .T. ) ;
#10119 = FACE_BOUND ( 'NONE', #5678, .T. ) ;
#10120 = ORIENTED_EDGE ( 'NONE', *, *, #3776, .T. ) ;
#10121 = CARTESIAN_POINT ( 'NONE',  ( 0.000000000000000000, 2.498425620827090743, 5.783413301606134205 ) ) ;
#10122 = AXIS2_PLACEMENT_3D ( 'NONE', #4600, #7665, #6942 ) ;
#10123 = ORIENTED_EDGE ( 'NONE', *, *, #7325, .F. ) ;
#10124 = DIRECTION ( 'NONE',  ( -1.000000000000000000, 0.000000000000000000, -0.000000000000000000 ) ) ;
#10125 = SURFACE_SIDE_STYLE ('',( #5613 ) ) ;
#10126 =( GEOMETRIC_REPRESENTATION_CONTEXT ( 3 ) GLOBAL_UNCERTAINTY_ASSIGNED_CONTEXT ( ( #2526 ) ) GLOBAL_UNIT_ASSIGNED_CONTEXT ( ( #727, #780, #3974 ) ) REPRESENTATION_CONTEXT ( 'NONE', 'WORKASPACE' ) );
#10127 = EDGE_LOOP ( 'NONE', ( #5723, #320, #2096, #2797 ) ) ;
#10128 = CIRCLE ( 'NONE', #2755, 1.423999999999999488 ) ;
#10129 = DIRECTION ( 'NONE',  ( 0.000000000000000000, 0.000000000000000000, -1.000000000000000000 ) ) ;
#10130 = ORIENTED_EDGE ( 'NONE', *, *, #5133, .F. ) ;
#10131 = DIRECTION ( 'NONE',  ( 0.000000000000000000, 1.000000000000000000, 0.000000000000000000 ) ) ;
#10132 = AXIS2_PLACEMENT_3D ( 'NONE', #1744, #1032, #8925 ) ;
#10133 = MECHANICAL_DESIGN_GEOMETRIC_PRESENTATION_REPRESENTATION (  '', ( #6863 ), #470 ) ;
#10134 = CIRCLE ( 'NONE', #5227, 6.300000000000000711 ) ;
#10135 = ORIENTED_EDGE ( 'NONE', *, *, #10016, .T. ) ;
#10136 = DIRECTION ( 'NONE',  ( 0.000000000000000000, 0.000000000000000000, 1.000000000000000000 ) ) ;
#10138 = ADVANCED_FACE ( 'NONE', ( #9427 ), #798, .T. ) ;
#10137 = FACE_OUTER_BOUND ( 'NONE', #2684, .T. ) ;
#10139 = VERTEX_POINT ( 'NONE', #963 ) ;
#10140 = CYLINDRICAL_SURFACE ( 'NONE', #520, 2.399999999999999467 ) ;
#10141 = LINE ( 'NONE', #4611, #9317 ) ;
#10142 = DIRECTION ( 'NONE',  ( 0.000000000000000000, -1.000000000000000000, 0.000000000000000000 ) ) ;
#10143 = VECTOR ( 'NONE', #7779, 1000.000000000000000 ) ;
#10144 = ORIENTED_EDGE ( 'NONE', *, *, #8783, .F. ) ;
#10145 = NEXT_ASSEMBLY_USAGE_OCCURRENCE ( 'NAUO1', ' ', ' ', #6750, #2982, $ ) ;
#10146 = NEXT_ASSEMBLY_USAGE_OCCURRENCE ( 'NAUO2', ' ', ' ', #6750, #9824, $ ) ;
#10147 = NEXT_ASSEMBLY_USAGE_OCCURRENCE ( 'NAUO3', ' ', ' ', #6750, #5435, $ ) ;
#10148 = NEXT_ASSEMBLY_USAGE_OCCURRENCE ( 'NAUO4', ' ', ' ', #6750, #861, $ ) ;
#10149 = NEXT_ASSEMBLY_USAGE_OCCURRENCE ( 'NAUO5', ' ', ' ', #6750, #5122, $ ) ;
#10150 = NEXT_ASSEMBLY_USAGE_OCCURRENCE ( 'NAUO6', ' ', ' ', #6750, #8137, $ ) ;
#10151 = NEXT_ASSEMBLY_USAGE_OCCURRENCE ( 'NAUO7', ' ', ' ', #6750, #8137, $ ) ;
#10152 = NEXT_ASSEMBLY_USAGE_OCCURRENCE ( 'NAUO8', ' ', ' ', #6750, #1613, $ ) ;
#10153 = NEXT_ASSEMBLY_USAGE_OCCURRENCE ( 'NAUO9', ' ', ' ', #6750, #7380, $ ) ;
#10154 = NEXT_ASSEMBLY_USAGE_OCCURRENCE ( 'NAUO10', ' ', ' ', #6750, #2552, $ ) ;
#10155 = NEXT_ASSEMBLY_USAGE_OCCURRENCE ( 'NAUO11', ' ', ' ', #5435, #3430, $ ) ;
#10156 = NEXT_ASSEMBLY_USAGE_OCCURRENCE ( 'NAUO12', ' ', ' ', #5435, #7812, $ ) ;
#10157 = NEXT_ASSEMBLY_USAGE_OCCURRENCE ( 'NAUO13', ' ', ' ', #9824, #3430, $ ) ;
#10158 = NEXT_ASSEMBLY_USAGE_OCCURRENCE ( 'NAUO14', ' ', ' ', #9824, #7812, $ ) ;
#10159 = NEXT_ASSEMBLY_USAGE_OCCURRENCE ( 'NAUO15', ' ', ' ', #2982, #3430, $ ) ;
#10160 = NEXT_ASSEMBLY_USAGE_OCCURRENCE ( 'NAUO16', ' ', ' ', #2982, #7812, $ ) ;
ENDSEC;
END-ISO-10303-21;
